{
  "parent":"item/handheld","textures":
  {
    "layer0":"item/diamond_hoe"
  },
  
  "overrides":[
    
	{"predicate":{"custom_model_data":1},"model":"item/hats/fenrir_hat"},
	{"predicate":{"custom_model_data":2},"model":"item/hats/axe_in_head"},
	{"predicate":{"custom_model_data":3},"model":"item/hats/viking_helmet"},
	{"predicate":{"custom_model_data":4},"model":"item/hats/halloween_horns"},
	{"predicate":{"custom_model_data":5},"model":"item/hats/golden_chicken"},
	{"predicate":{"custom_model_data":6},"model":"item/hats/sombrero"},
	{"predicate":{"custom_model_data":7},"model":"item/hats/pilgrim_hat"},
	{"predicate":{"custom_model_data":8},"model":"item/hats/racoon_hat"},
	{"predicate":{"custom_model_data":9},"model":"item/hats/stapelhoed/hat_addict_1"},
	{"predicate":{"custom_model_data":10},"model":"item/hats/stapelhoed/hat_addict_2"},
	{"predicate":{"custom_model_data":11},"model":"item/hats/stapelhoed/hat_addict_3"},
	{"predicate":{"custom_model_data":12},"model":"item/balloons/snowglobe"},
	{"predicate":{"custom_model_data":13},"model":"item/hats/stapelhoed/hat_addict_4"},
	{"predicate":{"custom_model_data":14},"model":"item/hats/gopro"},
	{"predicate":{"custom_model_data":15},"model":"item/hats/propeller_hat"},
	{"predicate":{"custom_model_data":16},"model":"item/hats/plunger"},
	{"predicate":{"custom_model_data":17},"model":"item/hats/magicarp"},
	{"predicate":{"custom_model_data":18},"model":"item/hats/flowers/allium_hat"},
	{"predicate":{"custom_model_data":19},"model":"item/hats/flowers/bluet_hat"},
	{"predicate":{"custom_model_data":20},"model":"item/hats/flowers/daisy_hat"},
	{"predicate":{"custom_model_data":21},"model":"item/hats/flowers/dandelion_hat"},
	{"predicate":{"custom_model_data":22},"model":"item/hats/flowers/dark_oak_hat"},
	{"predicate":{"custom_model_data":23},"model":"item/hats/flowers/dead_bush_hat"},
	{"predicate":{"custom_model_data":24},"model":"item/hats/flowers/orchid_hat"},
	{"predicate":{"custom_model_data":25},"model":"item/hats/flowers/rose_hat"},
	{"predicate":{"custom_model_data":26},"model":"item/hats/flowers/tulip_orange"},
	{"predicate":{"custom_model_data":27},"model":"item/misc/casino_arrow"},
	{"predicate":{"custom_model_data":28},"model":"item/hats/flowers/tulip_pink"},
	{"predicate":{"custom_model_data":29},"model":"item/hats/flowers/tulip_red"},
	{"predicate":{"custom_model_data":30},"model":"item/hats/flowers/tulip_white"},
	{"predicate":{"custom_model_data":31},"model":"item/hats/cookie_hat"},
	{"predicate":{"custom_model_data":32},"model":"item/hats/5year_hat"},
	{"predicate":{"custom_model_data":33},"model":"item/hats/astro_helmet"},
	{"predicate":{"custom_model_data":34},"model":"item/hats/box_hat"},
	{"predicate":{"custom_model_data":35},"model":"item/hats/pirate_hat"},
	{"predicate":{"custom_model_data":36},"model":"item/hats/blikjeshoed"},
	{"predicate":{"custom_model_data":37},"model":"item/hats/patriot"},
	{"predicate":{"custom_model_data":38},"model":"item/hats/creeper_hat"},
	{"predicate":{"custom_model_data":39},"model":"item/hats/devilhorns"},
	{"predicate":{"custom_model_data":40},"model":"item/hats/spider_hat"},
	{"predicate":{"custom_model_data":41},"model":"item/hats/tombstone"},
	{"predicate":{"custom_model_data":42},"model":"item/hats/snowman_hat"},
	{"predicate":{"custom_model_data":43},"model":"item/hats/small_christmastree"},
	{"predicate":{"custom_model_data":44},"model":"item/hats/santa_hat"},
	{"predicate":{"custom_model_data":45},"model":"item/hats/elf_hat"},
	{"predicate":{"custom_model_data":46},"model":"item/hats/antlers"},
	{"predicate":{"custom_model_data":47},"model":"item/hats/gonbao_lever"},
	{"predicate":{"custom_model_data":48},"model":"item/hats/newyear2018"},
	{"predicate":{"custom_model_data":49},"model":"item/hats/bananahat"},
	{"predicate":{"custom_model_data":50},"model":"item/hats/sharkfin"},
	{"predicate":{"custom_model_data":51},"model":"item/hats/spongebob"},
	{"predicate":{"custom_model_data":52},"model":"item/hats/stapelhoed/hat_addict_5"},
	{"predicate":{"custom_model_data":53},"model":"item/hats/pancakehat/1"},
	{"predicate":{"custom_model_data":54},"model":"item/hats/pancakehat/2"},
	{"predicate":{"custom_model_data":55},"model":"item/hats/pancakehat/3"},
	{"predicate":{"custom_model_data":56},"model":"item/hats/pancakehat/4"},
	{"predicate":{"custom_model_data":57},"model":"item/hats/pancakehat/5"},
	{"predicate":{"custom_model_data":58},"model":"item/hats/pancakehat/6"},
	{"predicate":{"custom_model_data":59},"model":"item/hats/pancakehat/7"},
	{"predicate":{"custom_model_data":60},"model":"item/hats/pancakehat/8"},
	{"predicate":{"custom_model_data":61},"model":"item/hats/pancakehat/9"},
	{"predicate":{"custom_model_data":62},"model":"item/hats/pancakehat/10"},
	{"predicate":{"custom_model_data":63},"model":"item/balloons/cookie_balloon"},
	{"predicate":{"custom_model_data":64},"model":"item/hats/crown"},
	{"predicate":{"custom_model_data":65},"model":"item/hats/kaashoed"},
	{"predicate":{"custom_model_data":66},"model":"item/hats/mushroom_hat"},
	{"predicate":{"custom_model_data":67},"model":"item/hats/toverhoed"},
	{"predicate":{"custom_model_data":68},"model":"item/hats/koekhengel"},
	{"predicate":{"custom_model_data":69},"model":"item/hats/ghastbag"},
	{"predicate":{"custom_model_data":70},"model":"item/hats/stalin_lever"},
	{"predicate":{"custom_model_data":71},"model":"item/hats/sateliet"},
	{"predicate":{"custom_model_data":72},"model":"item/hats/russian_hat"},
	{"predicate":{"custom_model_data":73},"model":"item/hats/beanie/1"},
	{"predicate":{"custom_model_data":74},"model":"item/hats/gloriole"},
	{"predicate":{"custom_model_data":75},"model":"item/hats/snowman"},
	{"predicate":{"custom_model_data":76},"model":"item/hats/turkey"},
	{"predicate":{"custom_model_data":77},"model":"item/hats/wellwisher"},
	{"predicate":{"custom_model_data":78},"model":"item/hats/newyear2019"},
	{"predicate":{"custom_model_data":79},"model":"item/hats/soarin"},
	{"predicate":{"custom_model_data":80},"model":"item/hats/beerbrawl/1"},
	{"predicate":{"custom_model_data":81},"model":"item/hats/beerbrawl/2"},
	{"predicate":{"custom_model_data":82},"model":"item/hats/beerbrawl/3"},
	{"predicate":{"custom_model_data":83},"model":"item/hats/beerbrawl/4"},
	{"predicate":{"custom_model_data":84},"model":"item/hats/beerbrawl/5"},
	{"predicate":{"custom_model_data":85},"model":"item/hats/reward/buildcontest2019"},
	{"predicate":{"custom_model_data":86},"model":"item/hats/anchor_hat"},
	{"predicate":{"custom_model_data":87},"model":"item/hats/chest"},
	{"predicate":{"custom_model_data":88},"model":"item/hats/chest_closed"},
	{"predicate":{"custom_model_data":89},"model":"item/hats/lucky_chicken"},
	{"predicate":{"custom_model_data":90},"model":"item/hats/anglerfish"},
	{"predicate":{"custom_model_data":91},"model":"item/hats/steeringwheel"},
	{"predicate":{"custom_model_data":92},"model":"item/hats/dive_helmet"},
	{"predicate":{"custom_model_data":93},"model":"item/hats/wig"},
	{"predicate":{"custom_model_data":94},"model":"item/hats/barrel"},
	{"predicate":{"custom_model_data":95},"model":"item/hats/cooling_tower"},
	{"predicate":{"custom_model_data":96},"model":"item/hats/kgb_bucket"},
	{"predicate":{"custom_model_data":97},"model":"item/hats/robbie"},
	{"predicate":{"custom_model_data":98},"model":"item/hats/gorba_switch"},
	{"predicate":{"custom_model_data":99},"model":"item/hats/russ_helmet"},
	{"predicate":{"custom_model_data":100},"model":"item/hats/lifting_hat_skeleton"},
	{"predicate":{"custom_model_data":101},"model":"item/hats/hazmat"},
	{"predicate":{"custom_model_data":102},"model":"item/hats/hazmat_headset"},
	{"predicate":{"custom_model_data":103},"model":"item/hats/cw_fight"},
	{"predicate":{"custom_model_data":104},"model":"item/misc/placeholder"},
	{"predicate":{"custom_model_data":105},"model":"item/hats/advertwreath/1"},
	{"predicate":{"custom_model_data":106},"model":"item/hats/advertwreath/2"},
	{"predicate":{"custom_model_data":107},"model":"item/hats/advertwreath/3"},
	{"predicate":{"custom_model_data":108},"model":"item/hats/advertwreath/4"},
	{"predicate":{"custom_model_data":109},"model":"item/misc/placeholder"},
	{"predicate":{"custom_model_data":110},"model":"item/hats/beanie/2"},
	{"predicate":{"custom_model_data":111},"model":"item/hats/beanie/3"},
	{"predicate":{"custom_model_data":112},"model":"item/hats/beanie/4"},
	{"predicate":{"custom_model_data":113},"model":"item/hats/sleighhat"},
	{"predicate":{"custom_model_data":114},"model":"item/hats/weihnachtspyramid"},
	{"predicate":{"custom_model_data":115},"model":"item/hats/newyear2020"},
	{"predicate":{"custom_model_data":116},"model":"item/misc/placeholder"}
	
  ]
}