{"textures":{"12":"block/dark_oak_planks","13":"block/anvil","15":"block/furnace_side","1_0":"block/bierglas"},"elements":[{"name":"bierout","from":[7.875,15.9,8.875],"to":[12.125,21.15,13.125],"faces":{"north":{"uv":[8,2,10,4],"texture":"#1_0"},"east":{"uv":[14,2,16,4],"texture":"#1_0"},"south":{"uv":[10,2,12,4],"texture":"#1_0"},"west":{"uv":[12,2,14,4],"texture":"#1_0"},"up":{"uv":[10,0,12,2],"texture":"#1_0"},"down":{"uv":[12,0,14,2],"texture":"#1_0"}}},{"name":"bierin","from":[8,15.9,9],"to":[12,20.9,13],"faces":{"north":{"uv":[0,2,2,4],"texture":"#1_0"},"east":{"uv":[6,2,8,4],"texture":"#1_0"},"south":{"uv":[2,2,4,4],"texture":"#1_0"},"west":{"uv":[4,2,6,4],"texture":"#1_0"},"up":{"uv":[2,0,4,2],"texture":"#1_0"},"down":{"uv":[4,0,6,2],"texture":"#1_0"}}},{"from":[7.875,15.9,1.875],"to":[12.125,21.15,6.125],"rotation":{"angle":22.5,"axis":"y","origin":[12,19,4]},"faces":{"north":{"uv":[12,2,14,4],"texture":"#1_0"},"east":{"uv":[8,2,10,4],"texture":"#1_0"},"south":{"uv":[14,2,16,4],"texture":"#1_0"},"west":{"uv":[10,2,12,4],"texture":"#1_0"},"up":{"uv":[10,0,12,2],"rotation":90,"texture":"#1_0"},"down":{"uv":[12,0,14,2],"rotation":270,"texture":"#1_0"}}},{"name":"bierin","from":[8,15.9,2],"to":[12,20.9,6],"rotation":{"angle":22.5,"axis":"y","origin":[12,19,4]},"faces":{"north":{"uv":[4,2,6,4],"texture":"#1_0"},"east":{"uv":[0,2,2,4],"texture":"#1_0"},"south":{"uv":[6,2,8,4],"texture":"#1_0"},"west":{"uv":[2,2,4,4],"texture":"#1_0"},"up":{"uv":[2,0,4,2],"rotation":90,"texture":"#1_0"},"down":{"uv":[4,0,6,2],"rotation":270,"texture":"#1_0"}}},{"name":"bierin","from":[2,15.9,0],"to":[6,20.9,4],"rotation":{"angle":45,"axis":"y","origin":[12,19,4]},"faces":{"north":{"uv":[4,2,6,4],"texture":"#1_0"},"east":{"uv":[0,2,2,4],"texture":"#1_0"},"south":{"uv":[6,2,8,4],"texture":"#1_0"},"west":{"uv":[2,2,4,4],"texture":"#1_0"},"up":{"uv":[2,0,4,2],"rotation":90,"texture":"#1_0"},"down":{"uv":[4,0,6,2],"rotation":270,"texture":"#1_0"}}},{"name":"bierout","from":[1.875,15.9,-0.125],"to":[6.125,21.15,4.125],"rotation":{"angle":45,"axis":"y","origin":[12,19,4]},"faces":{"north":{"uv":[12,2,14,4],"texture":"#1_0"},"east":{"uv":[8,2,10,4],"texture":"#1_0"},"south":{"uv":[14,2,16,4],"texture":"#1_0"},"west":{"uv":[10,2,12,4],"texture":"#1_0"},"up":{"uv":[10,0,12,2],"rotation":90,"texture":"#1_0"},"down":{"uv":[12,0,14,2],"rotation":270,"texture":"#1_0"}}},{"name":"bierin","from":[8,20.9,7],"to":[12,25.9,11],"rotation":{"angle":-22.5,"axis":"y","origin":[12,19,4]},"faces":{"north":{"uv":[0,2,2,4],"texture":"#1_0"},"east":{"uv":[6,2,8,4],"texture":"#1_0"},"south":{"uv":[2,2,4,4],"texture":"#1_0"},"west":{"uv":[4,2,6,4],"texture":"#1_0"},"up":{"uv":[2,0,4,2],"texture":"#1_0"},"down":{"uv":[4,0,6,2],"texture":"#1_0"}}},{"name":"bierout","from":[7.875,20.9,6.875],"to":[12.125,26.15,11.125],"rotation":{"angle":-22.5,"axis":"y","origin":[12,19,4]},"faces":{"north":{"uv":[8,2,10,4],"texture":"#1_0"},"east":{"uv":[14,2,16,4],"texture":"#1_0"},"south":{"uv":[10,2,12,4],"texture":"#1_0"},"west":{"uv":[12,2,14,4],"texture":"#1_0"},"up":{"uv":[10,0,12,2],"texture":"#1_0"},"down":{"uv":[12,0,14,2],"texture":"#1_0"}}},{"name":"RAND","from":[5,10,15.75],"to":[11,11,16.25],"faces":{"north":{"uv":[0,0,6,1],"texture":"#13"},"east":{"uv":[0,0,0.5,1],"texture":"#13"},"south":{"uv":[0,0,6,1],"texture":"#13"},"west":{"uv":[0,0,0.5,1],"texture":"#13"},"up":{"uv":[0,0,0.5,6],"rotation":270,"texture":"#13"},"down":{"uv":[0,0,0.5,6],"rotation":90,"texture":"#13"}}},{"name":"RAND","from":[15.75,10,5],"to":[16.25,11,11],"faces":{"north":{"uv":[0,0,0.5,1],"texture":"#13"},"east":{"uv":[0,0,6,1],"texture":"#13"},"south":{"uv":[0,0,0.5,1],"texture":"#13"},"west":{"uv":[0,0,6,1],"texture":"#13"},"up":{"uv":[0,0,0.5,6],"rotation":180,"texture":"#13"},"down":{"uv":[0,0,0.5,6],"rotation":180,"texture":"#13"}}},{"name":"RAND","from":[5.00032,10,1.17116],"to":[12.45032,11,1.67116],"rotation":{"angle":45,"axis":"y","origin":[7.00032,1.99577,9.42116]},"faces":{"north":{"uv":[6,0,13.44954,1.5],"texture":"#13"},"east":{"uv":[0,0,0.5,1.5],"texture":"#13"},"south":{"uv":[8,0,15.44954,1.5],"texture":"#13"},"west":{"uv":[0,0,0.5,1.5],"texture":"#13"},"up":{"uv":[0,0,7.45,0.5],"rotation":90,"texture":"#13"},"down":{"uv":[0,0,7.45,0.5],"rotation":270,"texture":"#13"}}},{"name":"RAND","from":[1.18403,10,3.57222],"to":[1.68403,11,11.02222],"rotation":{"angle":45,"axis":"y","origin":[9.43403,2.00122,9.02222]},"faces":{"north":{"uv":[0,0,0.5,1.5],"texture":"#13"},"east":{"uv":[8,0,15.44954,1.5],"texture":"#13"},"south":{"uv":[0,0,0.5,1.5],"texture":"#13"},"west":{"uv":[6,0,13.44954,1.5],"texture":"#13"},"up":{"uv":[0,0,7.45,0.5],"texture":"#13"},"down":{"uv":[0,0,7.45,0.5],"texture":"#13"}}},{"name":"RAND","from":[12.04507,10,-7.33053],"to":[12.54507,11,0.11947],"rotation":{"angle":45,"axis":"y","origin":[20.29507,2.043,-1.88053]},"faces":{"north":{"uv":[0,0,0.5,1.5],"texture":"#13"},"east":{"uv":[8,0,15.44954,1.5],"texture":"#13"},"south":{"uv":[0,0,0.5,1.5],"texture":"#13"},"west":{"uv":[6,0,13.44954,1.5],"texture":"#13"},"up":{"uv":[0,0,7.45,0.5],"texture":"#13"},"down":{"uv":[0,0,7.45,0.5],"texture":"#13"}}},{"name":"RAND","from":[15.89368,10,12.06648],"to":[23.34368,11,12.56648],"rotation":{"angle":45,"axis":"y","origin":[17.89368,1.99999,20.31648]},"faces":{"north":{"uv":[6,0,13.44954,1.5],"texture":"#13"},"east":{"uv":[0,0,0.5,1.5],"texture":"#13"},"south":{"uv":[8,0,15.44954,1.5],"texture":"#13"},"west":{"uv":[0,0,0.5,1.5],"texture":"#13"},"up":{"uv":[0,0,7.45,0.5],"rotation":90,"texture":"#13"},"down":{"uv":[0,0,7.45,0.5],"rotation":270,"texture":"#13"}}},{"name":"RAND","from":[5,10,-0.25],"to":[11,11,0.25],"faces":{"north":{"uv":[0,0,6,1],"texture":"#13"},"east":{"uv":[0,0,0.5,1],"texture":"#13"},"south":{"uv":[0,0,6,1],"texture":"#13"},"west":{"uv":[0,0,0.5,1],"texture":"#13"},"up":{"uv":[0,0,0.5,6],"rotation":90,"texture":"#13"},"down":{"uv":[0,0,0.5,6],"rotation":270,"texture":"#13"}}},{"name":"RAND","from":[-0.25,10,5],"to":[0.25,11,11],"faces":{"north":{"uv":[0,0,0.5,1],"texture":"#13"},"east":{"uv":[0,0,6,1],"texture":"#13"},"south":{"uv":[0,0,0.5,1],"texture":"#13"},"west":{"uv":[0,0,6,1],"texture":"#13"},"up":{"uv":[0,0,0.5,6],"texture":"#13"},"down":{"uv":[0,0,0.5,6],"texture":"#13"}}},{"name":"RAND","from":[5,15,15.75],"to":[11,16.5,16.25],"faces":{"north":{"uv":[0,0,6,1.5],"texture":"#13"},"east":{"uv":[0,0,0.5,1.5],"texture":"#13"},"south":{"uv":[0,0,6,1.5],"texture":"#13"},"west":{"uv":[0,0,0.5,1.5],"texture":"#13"},"up":{"uv":[0,0,0.5,6],"rotation":270,"texture":"#13"},"down":{"uv":[0,0,0.5,6],"rotation":90,"texture":"#13"}}},{"name":"RAND","from":[15.75,15,5],"to":[16.25,16.5,11],"faces":{"north":{"uv":[0,0,0.5,1.5],"texture":"#13"},"east":{"uv":[0,0,6,1.5],"texture":"#13"},"south":{"uv":[0,0,0.5,1.5],"texture":"#13"},"west":{"uv":[0,0,6,1.5],"texture":"#13"},"up":{"uv":[0,0,0.5,6],"rotation":180,"texture":"#13"},"down":{"uv":[0,0,0.5,6],"rotation":180,"texture":"#13"}}},{"name":"RAND","from":[5.00032,14.99577,1.17116],"to":[12.45032,16.49577,1.67116],"rotation":{"angle":45,"axis":"y","origin":[7.00032,7.99577,9.42116]},"faces":{"north":{"uv":[6,0,13.44954,1.5],"texture":"#13"},"east":{"uv":[0,0,0.5,1.5],"texture":"#13"},"south":{"uv":[8,0,15.44954,1.5],"texture":"#13"},"west":{"uv":[0,0,0.5,1.5],"texture":"#13"},"up":{"uv":[0,0,7.45,0.5],"rotation":90,"texture":"#13"},"down":{"uv":[0,0,7.45,0.5],"rotation":270,"texture":"#13"}}},{"name":"RAND","from":[1.18403,15.00122,3.57222],"to":[1.68403,16.50122,11.02222],"rotation":{"angle":45,"axis":"y","origin":[9.43403,8.00122,9.02222]},"faces":{"north":{"uv":[0,0,0.5,1.5],"texture":"#13"},"east":{"uv":[8,0,15.44954,1.5],"texture":"#13"},"south":{"uv":[0,0,0.5,1.5],"texture":"#13"},"west":{"uv":[6,0,13.44954,1.5],"texture":"#13"},"up":{"uv":[0,0,7.45,0.5],"texture":"#13"},"down":{"uv":[0,0,7.45,0.5],"texture":"#13"}}},{"name":"RAND","from":[12.04507,15.043,-7.33053],"to":[12.54507,16.543,0.11947],"rotation":{"angle":45,"axis":"y","origin":[20.29507,8.043,-1.88053]},"faces":{"north":{"uv":[0,0,0.5,1.5],"texture":"#13"},"east":{"uv":[8,0,15.44954,1.5],"texture":"#13"},"south":{"uv":[0,0,0.5,1.5],"texture":"#13"},"west":{"uv":[6,0,13.44954,1.5],"texture":"#13"},"up":{"uv":[0,0,7.45,0.5],"texture":"#13"},"down":{"uv":[0,0,7.45,0.5],"texture":"#13"}}},{"name":"RAND","from":[15.89368,14.99999,12.06648],"to":[23.34368,16.49999,12.56648],"rotation":{"angle":45,"axis":"y","origin":[17.89368,7.99999,20.31648]},"faces":{"north":{"uv":[6,0,13.44954,1.5],"texture":"#13"},"east":{"uv":[0,0,0.5,1.5],"texture":"#13"},"south":{"uv":[8,0,15.44954,1.5],"texture":"#13"},"west":{"uv":[0,0,0.5,1.5],"texture":"#13"},"up":{"uv":[0,0,7.45,0.5],"rotation":90,"texture":"#13"},"down":{"uv":[0,0,7.45,0.5],"rotation":270,"texture":"#13"}}},{"name":"RAND","from":[5,15,-0.25],"to":[11,16.5,0.25],"faces":{"north":{"uv":[0,0,6,1.5],"texture":"#13"},"east":{"uv":[0,0,0.5,1.5],"texture":"#13"},"south":{"uv":[0,0,6,1.5],"texture":"#13"},"west":{"uv":[0,0,0.5,1.5],"texture":"#13"},"up":{"uv":[0,0,0.5,6],"rotation":90,"texture":"#13"},"down":{"uv":[0,0,0.5,6],"rotation":270,"texture":"#13"}}},{"name":"RAND","from":[-0.25,15,5],"to":[0.25,16.5,11],"faces":{"north":{"uv":[0,0,0.5,1.5],"texture":"#13"},"east":{"uv":[0,0,6,1.5],"texture":"#13"},"south":{"uv":[0,0,0.5,1.5],"texture":"#13"},"west":{"uv":[0,0,6,1.5],"texture":"#13"},"up":{"uv":[0,0,0.5,6],"texture":"#13"},"down":{"uv":[0,0,0.5,6],"texture":"#13"}}},{"name":"RAND","from":[5,0.5,15.75],"to":[11,2,16.25],"faces":{"north":{"uv":[0,0,6,1.5],"texture":"#13"},"east":{"uv":[0,0,0.5,1.5],"texture":"#13"},"south":{"uv":[0,0,6,1.5],"texture":"#13"},"west":{"uv":[0,0,0.5,1.5],"texture":"#13"},"up":{"uv":[0,0,0.5,6],"rotation":270,"texture":"#13"},"down":{"uv":[0,0,0.5,6],"rotation":90,"texture":"#13"}}},{"name":"RAND","from":[15.75,0.5,5],"to":[16.25,2,11],"faces":{"north":{"uv":[0,0,0.5,1.5],"texture":"#13"},"east":{"uv":[0,0,6,1.5],"texture":"#13"},"south":{"uv":[0,0,0.5,1.5],"texture":"#13"},"west":{"uv":[0,0,6,1.5],"texture":"#13"},"up":{"uv":[0,0,0.5,6],"rotation":180,"texture":"#13"},"down":{"uv":[0,0,0.5,6],"rotation":180,"texture":"#13"}}},{"name":"RAND","from":[5.00032,0.5,1.17116],"to":[12.45032,2,1.67116],"rotation":{"angle":45,"axis":"y","origin":[7.00032,-7.00423,9.42116]},"faces":{"north":{"uv":[6,0,13.44954,1.5],"texture":"#13"},"east":{"uv":[0,0,0.5,1.5],"texture":"#13"},"south":{"uv":[8,0,15.44954,1.5],"texture":"#13"},"west":{"uv":[0,0,0.5,1.5],"texture":"#13"},"up":{"uv":[0,0,7.45,0.5],"rotation":90,"texture":"#13"},"down":{"uv":[0,0,7.45,0.5],"rotation":270,"texture":"#13"}}},{"name":"RAND","from":[1.18403,0.5,3.57222],"to":[1.68403,2,11.02222],"rotation":{"angle":45,"axis":"y","origin":[9.43403,-6.99878,9.02222]},"faces":{"north":{"uv":[0,0,0.5,1.5],"texture":"#13"},"east":{"uv":[8,0,15.44954,1.5],"texture":"#13"},"south":{"uv":[0,0,0.5,1.5],"texture":"#13"},"west":{"uv":[6,0,13.44954,1.5],"texture":"#13"},"up":{"uv":[0,0,7.45,0.5],"texture":"#13"},"down":{"uv":[0,0,7.45,0.5],"texture":"#13"}}},{"name":"RAND","from":[12.04507,0.5,-7.33053],"to":[12.54507,2,0.11947],"rotation":{"angle":45,"axis":"y","origin":[20.29507,-6.957,-1.88053]},"faces":{"north":{"uv":[0,0,0.5,1.5],"texture":"#13"},"east":{"uv":[8,0,15.44954,1.5],"texture":"#13"},"south":{"uv":[0,0,0.5,1.5],"texture":"#13"},"west":{"uv":[6,0,13.44954,1.5],"texture":"#13"},"up":{"uv":[0,0,7.45,0.5],"texture":"#13"},"down":{"uv":[0,0,7.45,0.5],"texture":"#13"}}},{"name":"RAND","from":[15.89368,0.5,12.06648],"to":[23.34368,2,12.56648],"rotation":{"angle":45,"axis":"y","origin":[17.89368,-7.00001,20.31648]},"faces":{"north":{"uv":[6,0,13.44954,1.5],"texture":"#13"},"east":{"uv":[0,0,0.5,1.5],"texture":"#13"},"south":{"uv":[8,0,15.44954,1.5],"texture":"#13"},"west":{"uv":[0,0,0.5,1.5],"texture":"#13"},"up":{"uv":[0,0,7.45,0.5],"rotation":90,"texture":"#13"},"down":{"uv":[0,0,7.45,0.5],"rotation":270,"texture":"#13"}}},{"name":"RAND","from":[5,0.5,-0.25],"to":[11,2,0.25],"faces":{"north":{"uv":[0,0,6,1.5],"texture":"#13"},"east":{"uv":[0,0,0.5,1.5],"texture":"#13"},"south":{"uv":[0,0,6,1.5],"texture":"#13"},"west":{"uv":[0,0,0.5,1.5],"texture":"#13"},"up":{"uv":[0,0,0.5,6],"rotation":90,"texture":"#13"},"down":{"uv":[0,0,0.5,6],"rotation":270,"texture":"#13"}}},{"name":"RAND","from":[-0.25,0.5,5],"to":[0.25,2,11],"faces":{"north":{"uv":[0,0,0.5,1.5],"texture":"#13"},"east":{"uv":[0,0,6,1.5],"texture":"#13"},"south":{"uv":[0,0,0.5,1.5],"texture":"#13"},"west":{"uv":[0,0,6,1.5],"texture":"#13"},"up":{"uv":[0,0,0.5,6],"texture":"#13"},"down":{"uv":[0,0,0.5,6],"texture":"#13"}}},{"name":"RAND","from":[5,6,15.75],"to":[11,7,16.25],"faces":{"north":{"uv":[0,0,6,1],"texture":"#13"},"east":{"uv":[0,0,0.5,1],"texture":"#13"},"south":{"uv":[0,0,6,1],"texture":"#13"},"west":{"uv":[0,0,0.5,1],"texture":"#13"},"up":{"uv":[0,0,0.5,6],"rotation":270,"texture":"#13"},"down":{"uv":[0,0,0.5,6],"rotation":90,"texture":"#13"}}},{"name":"RAND","from":[15.75,6,5],"to":[16.25,7,11],"faces":{"north":{"uv":[0,0,0.5,1],"texture":"#13"},"east":{"uv":[0,0,6,1],"texture":"#13"},"south":{"uv":[0,0,0.5,1],"texture":"#13"},"west":{"uv":[0,0,6,1],"texture":"#13"},"up":{"uv":[0,0,0.5,6],"rotation":180,"texture":"#13"},"down":{"uv":[0,0,0.5,6],"rotation":180,"texture":"#13"}}},{"name":"RAND","from":[5.00032,6,1.17116],"to":[12.45032,7,1.67116],"rotation":{"angle":45,"axis":"y","origin":[7.00032,-2.00423,9.42116]},"faces":{"north":{"uv":[6,0,13.44954,1.5],"texture":"#13"},"east":{"uv":[0,0,0.5,1.5],"texture":"#13"},"south":{"uv":[8,0,15.44954,1.5],"texture":"#13"},"west":{"uv":[0,0,0.5,1.5],"texture":"#13"},"up":{"uv":[0,0,7.45,0.5],"rotation":90,"texture":"#13"},"down":{"uv":[0,0,7.45,0.5],"rotation":270,"texture":"#13"}}},{"name":"RAND","from":[1.18403,6,3.57222],"to":[1.68403,7,11.02222],"rotation":{"angle":45,"axis":"y","origin":[9.43403,-1.99878,9.02222]},"faces":{"north":{"uv":[0,0,0.5,1.5],"texture":"#13"},"east":{"uv":[8,0,15.44954,1.5],"texture":"#13"},"south":{"uv":[0,0,0.5,1.5],"texture":"#13"},"west":{"uv":[6,0,13.44954,1.5],"texture":"#13"},"up":{"uv":[0,0,7.45,0.5],"texture":"#13"},"down":{"uv":[0,0,7.45,0.5],"texture":"#13"}}},{"name":"RAND","from":[12.04507,6,-7.33053],"to":[12.54507,7,0.11947],"rotation":{"angle":45,"axis":"y","origin":[20.29507,-1.957,-1.88053]},"faces":{"north":{"uv":[0,0,0.5,1.5],"texture":"#13"},"east":{"uv":[8,0,15.44954,1.5],"texture":"#13"},"south":{"uv":[0,0,0.5,1.5],"texture":"#13"},"west":{"uv":[6,0,13.44954,1.5],"texture":"#13"},"up":{"uv":[0,0,7.45,0.5],"texture":"#13"},"down":{"uv":[0,0,7.45,0.5],"texture":"#13"}}},{"name":"RAND","from":[15.89368,6,12.06648],"to":[23.34368,7,12.56648],"rotation":{"angle":45,"axis":"y","origin":[17.89368,-2.00001,20.31648]},"faces":{"north":{"uv":[6,0,13.44954,1.5],"texture":"#13"},"east":{"uv":[0,0,0.5,1.5],"texture":"#13"},"south":{"uv":[8,0,15.44954,1.5],"texture":"#13"},"west":{"uv":[0,0,0.5,1.5],"texture":"#13"},"up":{"uv":[0,0,7.45,0.5],"rotation":90,"texture":"#13"},"down":{"uv":[0,0,7.45,0.5],"rotation":270,"texture":"#13"}}},{"name":"RAND","from":[5,6,-0.25],"to":[11,7,0.25],"faces":{"north":{"uv":[0,0,6,1],"texture":"#13"},"east":{"uv":[0,0,0.5,1],"texture":"#13"},"south":{"uv":[0,0,6,1],"texture":"#13"},"west":{"uv":[0,0,0.5,1],"texture":"#13"},"up":{"uv":[0,0,0.5,6],"rotation":90,"texture":"#13"},"down":{"uv":[0,0,0.5,6],"rotation":270,"texture":"#13"}}},{"name":"RAND","from":[-0.25,6,5],"to":[0.25,7,11],"faces":{"north":{"uv":[0,0,0.5,1],"texture":"#13"},"east":{"uv":[0,0,6,1],"texture":"#13"},"south":{"uv":[0,0,0.5,1],"texture":"#13"},"west":{"uv":[0,0,6,1],"texture":"#13"},"up":{"uv":[0,0,0.5,6],"texture":"#13"},"down":{"uv":[0,0,0.5,6],"texture":"#13"}}},{"from":[15.22237,0.00078,4.43422],"to":[16.22237,17.00078,11.53422],"rotation":{"angle":45,"axis":"y","origin":[8.22237,0.00078,8.53422]},"faces":{"north":{"uv":[0,6,16,7],"rotation":90,"texture":"#12"},"east":{"uv":[0,6,16,12],"rotation":90,"texture":"#12"},"south":{"uv":[0,6,16,7],"rotation":90,"texture":"#12"},"west":{"uv":[0,7,16,13],"rotation":90,"texture":"#12"},"up":{"uv":[0,7,1.09976,13],"rotation":180,"texture":"#12"},"down":{"uv":[0,6,1.09976,12],"rotation":180,"texture":"#12"}}},{"from":[4.46579,-0.00187,15.22236],"to":[11.56579,16.99813,16.22236],"rotation":{"angle":45,"axis":"y","origin":[7.46579,-0.00187,8.22236]},"faces":{"north":{"uv":[0,7,16,13],"rotation":90,"texture":"#12"},"east":{"uv":[0,6,16,7],"rotation":90,"texture":"#12"},"south":{"uv":[0,6,16,12],"rotation":90,"texture":"#12"},"west":{"uv":[0,6,16,7],"rotation":90,"texture":"#12"},"up":{"uv":[0,7,1.09976,13],"rotation":270,"texture":"#12"},"down":{"uv":[0,6,1.09976,12],"rotation":90,"texture":"#12"}}},{"from":[-0.22237,-0.00078,4.46579],"to":[0.77763,16.99922,11.56579],"rotation":{"angle":45,"axis":"y","origin":[7.77763,-0.00078,7.46579]},"faces":{"north":{"uv":[0,6,16,7],"rotation":90,"texture":"#12"},"east":{"uv":[0,7,16,13],"rotation":90,"texture":"#12"},"south":{"uv":[0,6,16,7],"rotation":90,"texture":"#12"},"west":{"uv":[0,6,16,12],"rotation":90,"texture":"#12"},"up":{"uv":[0,7,1.09976,13],"texture":"#12"},"down":{"uv":[0,6,1.09976,12],"texture":"#12"}}},{"from":[0.53545,0.00017,4.77808],"to":[1.53545,17.00017,11.87808],"rotation":{"angle":-45,"axis":"y","origin":[8.53545,0.00017,7.77808]},"faces":{"north":{"uv":[0,6,16,7],"rotation":90,"texture":"#12"},"east":{"uv":[0,6,16,12],"rotation":90,"texture":"#12"},"south":{"uv":[0,6,16,7],"rotation":90,"texture":"#12"},"west":{"uv":[0,6,16,12],"rotation":90,"texture":"#12"},"up":{"uv":[0,7,1.09976,13],"texture":"#12"},"down":{"uv":[0,6,1.09976,12],"texture":"#12"}}},{"from":[5.00132,-0.00187,15.00054],"to":[11.00132,16.99813,16.00054],"faces":{"north":{"uv":[0,1,16,7],"rotation":90,"texture":"#12"},"east":{"uv":[0,0,16,1],"rotation":90,"texture":"#12"},"south":{"uv":[0,0,16,6],"rotation":90,"texture":"#12"},"west":{"uv":[0,0,16,1],"rotation":90,"texture":"#12"},"up":{"uv":[0,1,1,7],"rotation":270,"texture":"#12"},"down":{"uv":[0,1,1,7],"rotation":270,"texture":"#12"}}},{"from":[15,0,5],"to":[16,17,11],"faces":{"north":{"uv":[0,0,16,1],"rotation":90,"texture":"#12"},"east":{"uv":[0,0,16,6],"rotation":90,"texture":"#12"},"south":{"uv":[0,0,16,1],"rotation":90,"texture":"#12"},"west":{"uv":[0,1,16,7],"rotation":90,"texture":"#12"},"up":{"uv":[0,1,1,7],"rotation":180,"texture":"#12"},"down":{"uv":[0,1,1,7],"texture":"#12"}}},{"from":[5,0,0],"to":[11,17,1],"faces":{"north":{"uv":[0,0,16,6],"rotation":90,"texture":"#12"},"east":{"uv":[0,0,16,1],"rotation":90,"texture":"#12"},"south":{"uv":[0,1,16,7],"rotation":90,"texture":"#12"},"west":{"uv":[0,0,16,1],"rotation":90,"texture":"#12"},"up":{"uv":[0,1,1,7],"rotation":90,"texture":"#12"},"down":{"uv":[0,1,1,7],"rotation":90,"texture":"#12"}}},{"from":[0,0,5],"to":[1,17,11],"faces":{"north":{"uv":[0,0,16,1],"rotation":90,"texture":"#12"},"east":{"uv":[0,1,16,7],"rotation":90,"texture":"#12"},"south":{"uv":[0,0,16,1],"rotation":90,"texture":"#12"},"west":{"uv":[0,0,16,6],"rotation":90,"texture":"#12"},"up":{"uv":[0,1,1,7],"texture":"#12"},"down":{"uv":[0,1,1,7],"rotation":180,"texture":"#12"}}},{"name":"knop","from":[-0.5,1,9.5],"to":[0,1.5,10],"faces":{"north":{"uv":[0,0,0.5,0.5],"texture":"#15"},"east":{"uv":[0,0,0.5,0.5],"texture":"#15"},"south":{"uv":[0,0,0.5,0.5],"texture":"#15"},"west":{"uv":[0,0,0.5,0.5],"texture":"#15"},"up":{"uv":[0,0,0.5,0.5],"rotation":180,"texture":"#15"},"down":{"uv":[0,0,0.5,0.5],"rotation":180,"texture":"#15"}}},{"name":"knop","from":[6,1,16],"to":[6.5,1.5,16.5],"faces":{"north":{"uv":[0,0,0.5,0.5],"texture":"#15"},"east":{"uv":[0,0,0.5,0.5],"texture":"#15"},"south":{"uv":[0,0,0.5,0.5],"texture":"#15"},"west":{"uv":[0,0,0.5,0.5],"texture":"#15"},"up":{"uv":[0,0,0.5,0.5],"rotation":90,"texture":"#15"},"down":{"uv":[0,0,0.5,0.5],"rotation":270,"texture":"#15"}}},{"name":"knop","from":[6,1,-0.5],"to":[6.5,1.5,0],"faces":{"north":{"uv":[0,0,0.5,0.5],"texture":"#15"},"east":{"uv":[0,0,0.5,0.5],"texture":"#15"},"south":{"uv":[0,0,0.5,0.5],"texture":"#15"},"west":{"uv":[0,0,0.5,0.5],"texture":"#15"},"up":{"uv":[0,0,0.5,0.5],"rotation":270,"texture":"#15"},"down":{"uv":[0,0,0.5,0.5],"rotation":90,"texture":"#15"}}},{"name":"knop","from":[9.5,1,-0.5],"to":[10,1.5,0],"faces":{"north":{"uv":[0,0,0.5,0.5],"texture":"#15"},"east":{"uv":[0,0,0.5,0.5],"texture":"#15"},"south":{"uv":[0,0,0.5,0.5],"texture":"#15"},"west":{"uv":[0,0,0.5,0.5],"texture":"#15"},"up":{"uv":[0,0,0.5,0.5],"rotation":270,"texture":"#15"},"down":{"uv":[0,0,0.5,0.5],"rotation":90,"texture":"#15"}}},{"name":"knop","from":[16,1,6],"to":[16.5,1.5,6.5],"faces":{"north":{"uv":[0,0,0.5,0.5],"texture":"#15"},"east":{"uv":[0,0,0.5,0.5],"texture":"#15"},"south":{"uv":[0,0,0.5,0.5],"texture":"#15"},"west":{"uv":[0,0,0.5,0.5],"texture":"#15"},"up":{"uv":[0,0,0.5,0.5],"texture":"#15"},"down":{"uv":[0,0,0.5,0.5],"texture":"#15"}}},{"name":"knop","from":[16,1,9.5],"to":[16.5,1.5,10],"faces":{"north":{"uv":[0,0,0.5,0.5],"texture":"#15"},"east":{"uv":[0,0,0.5,0.5],"texture":"#15"},"south":{"uv":[0,0,0.5,0.5],"texture":"#15"},"west":{"uv":[0,0,0.5,0.5],"texture":"#15"},"up":{"uv":[0,0,0.5,0.5],"texture":"#15"},"down":{"uv":[0,0,0.5,0.5],"texture":"#15"}}},{"name":"knop","from":[9.5,1,16],"to":[10,1.5,16.5],"faces":{"north":{"uv":[0,0,0.5,0.5],"texture":"#15"},"east":{"uv":[0,0,0.5,0.5],"texture":"#15"},"south":{"uv":[0,0,0.5,0.5],"texture":"#15"},"west":{"uv":[0,0,0.5,0.5],"texture":"#15"},"up":{"uv":[0,0,0.5,0.5],"rotation":90,"texture":"#15"},"down":{"uv":[0,0,0.5,0.5],"rotation":270,"texture":"#15"}}},{"name":"knop","from":[-0.5,1,6],"to":[0,1.5,6.5],"faces":{"north":{"uv":[0,0,0.5,0.5],"texture":"#15"},"east":{"uv":[0,0,0.5,0.5],"texture":"#15"},"south":{"uv":[0,0,0.5,0.5],"texture":"#15"},"west":{"uv":[0,0,0.5,0.5],"texture":"#15"},"up":{"uv":[0,0,0.5,0.5],"rotation":180,"texture":"#15"},"down":{"uv":[0,0,0.5,0.5],"rotation":180,"texture":"#15"}}},{"name":"zijikant","from":[-0.2,1,10],"to":[0.3,1.5,10.5],"rotation":{"angle":45,"axis":"y","origin":[8,2,8]},"faces":{"north":{"uv":[0,0,0.5,0.5],"texture":"#15"},"east":{"uv":[0,0,0.5,0.5],"texture":"#15"},"south":{"uv":[0,0,0.5,0.5],"texture":"#15"},"west":{"uv":[0,0,0.5,0.5],"texture":"#15"},"up":{"uv":[0,0,0.5,0.5],"rotation":180,"texture":"#15"},"down":{"uv":[0,0,0.5,0.5],"rotation":180,"texture":"#15"}}},{"name":"zijikant","from":[10,1,-0.2],"to":[10.5,1.5,0.3],"rotation":{"angle":45,"axis":"y","origin":[8,2,8]},"faces":{"north":{"uv":[0,0,0.5,0.5],"texture":"#15"},"east":{"uv":[0,0,0.5,0.5],"texture":"#15"},"south":{"uv":[0,0,0.5,0.5],"texture":"#15"},"west":{"uv":[0,0,0.5,0.5],"texture":"#15"},"up":{"uv":[0,0,0.5,0.5],"rotation":270,"texture":"#15"},"down":{"uv":[0,0,0.5,0.5],"rotation":90,"texture":"#15"}}},{"name":"zijikant","from":[5.5,1,-0.2],"to":[6,1.5,0.3],"rotation":{"angle":45,"axis":"y","origin":[8,2,8]},"faces":{"north":{"uv":[0,0,0.5,0.5],"texture":"#15"},"east":{"uv":[0,0,0.5,0.5],"texture":"#15"},"south":{"uv":[0,0,0.5,0.5],"texture":"#15"},"west":{"uv":[0,0,0.5,0.5],"texture":"#15"},"up":{"uv":[0,0,0.5,0.5],"rotation":270,"texture":"#15"},"down":{"uv":[0,0,0.5,0.5],"rotation":90,"texture":"#15"}}},{"name":"zijikant","from":[15.7,1,10],"to":[16.2,1.5,10.5],"rotation":{"angle":45,"axis":"y","origin":[8,2,8]},"faces":{"north":{"uv":[0,0,0.5,0.5],"texture":"#15"},"east":{"uv":[0,0,0.5,0.5],"texture":"#15"},"south":{"uv":[0,0,0.5,0.5],"texture":"#15"},"west":{"uv":[0,0,0.5,0.5],"texture":"#15"},"up":{"uv":[0,0,0.5,0.5],"texture":"#15"},"down":{"uv":[0,0,0.5,0.5],"texture":"#15"}}},{"name":"zijikant","from":[15.7,1,5.5],"to":[16.2,1.5,6],"rotation":{"angle":45,"axis":"y","origin":[8,2,8]},"faces":{"north":{"uv":[0,0,0.5,0.5],"texture":"#15"},"east":{"uv":[0,0,0.5,0.5],"texture":"#15"},"south":{"uv":[0,0,0.5,0.5],"texture":"#15"},"west":{"uv":[0,0,0.5,0.5],"texture":"#15"},"up":{"uv":[0,0,0.5,0.5],"texture":"#15"},"down":{"uv":[0,0,0.5,0.5],"texture":"#15"}}},{"name":"zijikant","from":[5.5,1,15.7],"to":[6,1.5,16.2],"rotation":{"angle":45,"axis":"y","origin":[8,2,8]},"faces":{"north":{"uv":[0,0,0.5,0.5],"texture":"#15"},"east":{"uv":[0,0,0.5,0.5],"texture":"#15"},"south":{"uv":[0,0,0.5,0.5],"texture":"#15"},"west":{"uv":[0,0,0.5,0.5],"texture":"#15"},"up":{"uv":[0,0,0.5,0.5],"rotation":90,"texture":"#15"},"down":{"uv":[0,0,0.5,0.5],"rotation":270,"texture":"#15"}}},{"name":"zijikant","from":[10,1,15.7],"to":[10.5,1.5,16.2],"rotation":{"angle":45,"axis":"y","origin":[8,2,8]},"faces":{"north":{"uv":[0,0,0.5,0.5],"texture":"#15"},"east":{"uv":[0,0,0.5,0.5],"texture":"#15"},"south":{"uv":[0,0,0.5,0.5],"texture":"#15"},"west":{"uv":[0,0,0.5,0.5],"texture":"#15"},"up":{"uv":[0,0,0.5,0.5],"rotation":90,"texture":"#15"},"down":{"uv":[0,0,0.5,0.5],"rotation":270,"texture":"#15"}}},{"name":"zijikant","from":[-0.2,1,5.5],"to":[0.3,1.5,6],"rotation":{"angle":45,"axis":"y","origin":[8,2,8]},"faces":{"north":{"uv":[0,0,0.5,0.5],"texture":"#15"},"east":{"uv":[0,0,0.5,0.5],"texture":"#15"},"south":{"uv":[0,0,0.5,0.5],"texture":"#15"},"west":{"uv":[0,0,0.5,0.5],"texture":"#15"},"up":{"uv":[0,0,0.5,0.5],"rotation":180,"texture":"#15"},"down":{"uv":[0,0,0.5,0.5],"rotation":180,"texture":"#15"}}},{"name":"knop","from":[-0.5,6.25,9.5],"to":[0,6.75,10],"faces":{"north":{"uv":[0,0,0.5,0.5],"texture":"#15"},"east":{"uv":[0,0,0.5,0.5],"texture":"#15"},"south":{"uv":[0,0,0.5,0.5],"texture":"#15"},"west":{"uv":[0,0,0.5,0.5],"texture":"#15"},"up":{"uv":[0,0,0.5,0.5],"rotation":180,"texture":"#15"},"down":{"uv":[0,0,0.5,0.5],"rotation":180,"texture":"#15"}}},{"name":"knop","from":[6,6.25,16],"to":[6.5,6.75,16.5],"faces":{"north":{"uv":[0,0,0.5,0.5],"texture":"#15"},"east":{"uv":[0,0,0.5,0.5],"texture":"#15"},"south":{"uv":[0,0,0.5,0.5],"texture":"#15"},"west":{"uv":[0,0,0.5,0.5],"texture":"#15"},"up":{"uv":[0,0,0.5,0.5],"rotation":90,"texture":"#15"},"down":{"uv":[0,0,0.5,0.5],"rotation":270,"texture":"#15"}}},{"name":"knop","from":[6,6.25,-0.5],"to":[6.5,6.75,0],"faces":{"north":{"uv":[0,0,0.5,0.5],"texture":"#15"},"east":{"uv":[0,0,0.5,0.5],"texture":"#15"},"south":{"uv":[0,0,0.5,0.5],"texture":"#15"},"west":{"uv":[0,0,0.5,0.5],"texture":"#15"},"up":{"uv":[0,0,0.5,0.5],"rotation":270,"texture":"#15"},"down":{"uv":[0,0,0.5,0.5],"rotation":90,"texture":"#15"}}},{"name":"knop","from":[9.5,6.25,-0.5],"to":[10,6.75,0],"faces":{"north":{"uv":[0,0,0.5,0.5],"texture":"#15"},"east":{"uv":[0,0,0.5,0.5],"texture":"#15"},"south":{"uv":[0,0,0.5,0.5],"texture":"#15"},"west":{"uv":[0,0,0.5,0.5],"texture":"#15"},"up":{"uv":[0,0,0.5,0.5],"rotation":270,"texture":"#15"},"down":{"uv":[0,0,0.5,0.5],"rotation":90,"texture":"#15"}}},{"name":"knop","from":[16,6.25,6],"to":[16.5,6.75,6.5],"faces":{"north":{"uv":[0,0,0.5,0.5],"texture":"#15"},"east":{"uv":[0,0,0.5,0.5],"texture":"#15"},"south":{"uv":[0,0,0.5,0.5],"texture":"#15"},"west":{"uv":[0,0,0.5,0.5],"texture":"#15"},"up":{"uv":[0,0,0.5,0.5],"texture":"#15"},"down":{"uv":[0,0,0.5,0.5],"texture":"#15"}}},{"name":"knop","from":[16,6.25,9.5],"to":[16.5,6.75,10],"faces":{"north":{"uv":[0,0,0.5,0.5],"texture":"#15"},"east":{"uv":[0,0,0.5,0.5],"texture":"#15"},"south":{"uv":[0,0,0.5,0.5],"texture":"#15"},"west":{"uv":[0,0,0.5,0.5],"texture":"#15"},"up":{"uv":[0,0,0.5,0.5],"texture":"#15"},"down":{"uv":[0,0,0.5,0.5],"texture":"#15"}}},{"name":"knop","from":[9.5,6.25,16],"to":[10,6.75,16.5],"faces":{"north":{"uv":[0,0,0.5,0.5],"texture":"#15"},"east":{"uv":[0,0,0.5,0.5],"texture":"#15"},"south":{"uv":[0,0,0.5,0.5],"texture":"#15"},"west":{"uv":[0,0,0.5,0.5],"texture":"#15"},"up":{"uv":[0,0,0.5,0.5],"rotation":90,"texture":"#15"},"down":{"uv":[0,0,0.5,0.5],"rotation":270,"texture":"#15"}}},{"name":"knop","from":[-0.5,6.25,6],"to":[0,6.75,6.5],"faces":{"north":{"uv":[0,0,0.5,0.5],"texture":"#15"},"east":{"uv":[0,0,0.5,0.5],"texture":"#15"},"south":{"uv":[0,0,0.5,0.5],"texture":"#15"},"west":{"uv":[0,0,0.5,0.5],"texture":"#15"},"up":{"uv":[0,0,0.5,0.5],"rotation":180,"texture":"#15"},"down":{"uv":[0,0,0.5,0.5],"rotation":180,"texture":"#15"}}},{"name":"zijikant","from":[-0.2,6.25,10],"to":[0.3,6.75,10.5],"rotation":{"angle":45,"axis":"y","origin":[8,8,8]},"faces":{"north":{"uv":[0,0,0.5,0.5],"texture":"#15"},"east":{"uv":[0,0,0.5,0.5],"texture":"#15"},"south":{"uv":[0,0,0.5,0.5],"texture":"#15"},"west":{"uv":[0,0,0.5,0.5],"texture":"#15"},"up":{"uv":[0,0,0.5,0.5],"rotation":180,"texture":"#15"},"down":{"uv":[0,0,0.5,0.5],"rotation":180,"texture":"#15"}}},{"name":"zijikant","from":[10,6.25,-0.2],"to":[10.5,6.75,0.3],"rotation":{"angle":45,"axis":"y","origin":[8,8,8]},"faces":{"north":{"uv":[0,0,0.5,0.5],"texture":"#15"},"east":{"uv":[0,0,0.5,0.5],"texture":"#15"},"south":{"uv":[0,0,0.5,0.5],"texture":"#15"},"west":{"uv":[0,0,0.5,0.5],"texture":"#15"},"up":{"uv":[0,0,0.5,0.5],"rotation":270,"texture":"#15"},"down":{"uv":[0,0,0.5,0.5],"rotation":90,"texture":"#15"}}},{"name":"zijikant","from":[5.5,6.25,-0.2],"to":[6,6.75,0.3],"rotation":{"angle":45,"axis":"y","origin":[8,8,8]},"faces":{"north":{"uv":[0,0,0.5,0.5],"texture":"#15"},"east":{"uv":[0,0,0.5,0.5],"texture":"#15"},"south":{"uv":[0,0,0.5,0.5],"texture":"#15"},"west":{"uv":[0,0,0.5,0.5],"texture":"#15"},"up":{"uv":[0,0,0.5,0.5],"rotation":270,"texture":"#15"},"down":{"uv":[0,0,0.5,0.5],"rotation":90,"texture":"#15"}}},{"name":"zijikant","from":[15.7,6.25,10],"to":[16.2,6.75,10.5],"rotation":{"angle":45,"axis":"y","origin":[8,8,8]},"faces":{"north":{"uv":[0,0,0.5,0.5],"texture":"#15"},"east":{"uv":[0,0,0.5,0.5],"texture":"#15"},"south":{"uv":[0,0,0.5,0.5],"texture":"#15"},"west":{"uv":[0,0,0.5,0.5],"texture":"#15"},"up":{"uv":[0,0,0.5,0.5],"texture":"#15"},"down":{"uv":[0,0,0.5,0.5],"texture":"#15"}}},{"name":"zijikant","from":[15.7,6.25,5.5],"to":[16.2,6.75,6],"rotation":{"angle":45,"axis":"y","origin":[8,8,8]},"faces":{"north":{"uv":[0,0,0.5,0.5],"texture":"#15"},"east":{"uv":[0,0,0.5,0.5],"texture":"#15"},"south":{"uv":[0,0,0.5,0.5],"texture":"#15"},"west":{"uv":[0,0,0.5,0.5],"texture":"#15"},"up":{"uv":[0,0,0.5,0.5],"texture":"#15"},"down":{"uv":[0,0,0.5,0.5],"texture":"#15"}}},{"name":"zijikant","from":[5.5,6.25,15.7],"to":[6,6.75,16.2],"rotation":{"angle":45,"axis":"y","origin":[8,8,8]},"faces":{"north":{"uv":[0,0,0.5,0.5],"texture":"#15"},"east":{"uv":[0,0,0.5,0.5],"texture":"#15"},"south":{"uv":[0,0,0.5,0.5],"texture":"#15"},"west":{"uv":[0,0,0.5,0.5],"texture":"#15"},"up":{"uv":[0,0,0.5,0.5],"rotation":90,"texture":"#15"},"down":{"uv":[0,0,0.5,0.5],"rotation":270,"texture":"#15"}}},{"name":"zijikant","from":[10,6.25,15.7],"to":[10.5,6.75,16.2],"rotation":{"angle":45,"axis":"y","origin":[8,8,8]},"faces":{"north":{"uv":[0,0,0.5,0.5],"texture":"#15"},"east":{"uv":[0,0,0.5,0.5],"texture":"#15"},"south":{"uv":[0,0,0.5,0.5],"texture":"#15"},"west":{"uv":[0,0,0.5,0.5],"texture":"#15"},"up":{"uv":[0,0,0.5,0.5],"rotation":90,"texture":"#15"},"down":{"uv":[0,0,0.5,0.5],"rotation":270,"texture":"#15"}}},{"name":"zijikant","from":[-0.2,6.25,5.5],"to":[0.3,6.75,6],"rotation":{"angle":45,"axis":"y","origin":[8,8,8]},"faces":{"north":{"uv":[0,0,0.5,0.5],"texture":"#15"},"east":{"uv":[0,0,0.5,0.5],"texture":"#15"},"south":{"uv":[0,0,0.5,0.5],"texture":"#15"},"west":{"uv":[0,0,0.5,0.5],"texture":"#15"},"up":{"uv":[0,0,0.5,0.5],"rotation":180,"texture":"#15"},"down":{"uv":[0,0,0.5,0.5],"rotation":180,"texture":"#15"}}},{"name":"knop","from":[-0.5,10.25,9.5],"to":[0,10.75,10],"faces":{"north":{"uv":[0,0,0.5,0.5],"texture":"#15"},"east":{"uv":[0,0,0.5,0.5],"texture":"#15"},"south":{"uv":[0,0,0.5,0.5],"texture":"#15"},"west":{"uv":[0,0,0.5,0.5],"texture":"#15"},"up":{"uv":[0,0,0.5,0.5],"rotation":180,"texture":"#15"},"down":{"uv":[0,0,0.5,0.5],"rotation":180,"texture":"#15"}}},{"name":"knop","from":[6,10.25,16],"to":[6.5,10.75,16.5],"faces":{"north":{"uv":[0,0,0.5,0.5],"texture":"#15"},"east":{"uv":[0,0,0.5,0.5],"texture":"#15"},"south":{"uv":[0,0,0.5,0.5],"texture":"#15"},"west":{"uv":[0,0,0.5,0.5],"texture":"#15"},"up":{"uv":[0,0,0.5,0.5],"rotation":90,"texture":"#15"},"down":{"uv":[0,0,0.5,0.5],"rotation":270,"texture":"#15"}}},{"name":"knop","from":[6,10.25,-0.5],"to":[6.5,10.75,0],"faces":{"north":{"uv":[0,0,0.5,0.5],"texture":"#15"},"east":{"uv":[0,0,0.5,0.5],"texture":"#15"},"south":{"uv":[0,0,0.5,0.5],"texture":"#15"},"west":{"uv":[0,0,0.5,0.5],"texture":"#15"},"up":{"uv":[0,0,0.5,0.5],"rotation":270,"texture":"#15"},"down":{"uv":[0,0,0.5,0.5],"rotation":90,"texture":"#15"}}},{"name":"knop","from":[9.5,10.25,-0.5],"to":[10,10.75,0],"faces":{"north":{"uv":[0,0,0.5,0.5],"texture":"#15"},"east":{"uv":[0,0,0.5,0.5],"texture":"#15"},"south":{"uv":[0,0,0.5,0.5],"texture":"#15"},"west":{"uv":[0,0,0.5,0.5],"texture":"#15"},"up":{"uv":[0,0,0.5,0.5],"rotation":270,"texture":"#15"},"down":{"uv":[0,0,0.5,0.5],"rotation":90,"texture":"#15"}}},{"name":"knop","from":[16,10.25,6],"to":[16.5,10.75,6.5],"faces":{"north":{"uv":[0,0,0.5,0.5],"texture":"#15"},"east":{"uv":[0,0,0.5,0.5],"texture":"#15"},"south":{"uv":[0,0,0.5,0.5],"texture":"#15"},"west":{"uv":[0,0,0.5,0.5],"texture":"#15"},"up":{"uv":[0,0,0.5,0.5],"texture":"#15"},"down":{"uv":[0,0,0.5,0.5],"texture":"#15"}}},{"name":"knop","from":[16,10.25,9.5],"to":[16.5,10.75,10],"faces":{"north":{"uv":[0,0,0.5,0.5],"texture":"#15"},"east":{"uv":[0,0,0.5,0.5],"texture":"#15"},"south":{"uv":[0,0,0.5,0.5],"texture":"#15"},"west":{"uv":[0,0,0.5,0.5],"texture":"#15"},"up":{"uv":[0,0,0.5,0.5],"texture":"#15"},"down":{"uv":[0,0,0.5,0.5],"texture":"#15"}}},{"name":"knop","from":[9.5,10.25,16],"to":[10,10.75,16.5],"faces":{"north":{"uv":[0,0,0.5,0.5],"texture":"#15"},"east":{"uv":[0,0,0.5,0.5],"texture":"#15"},"south":{"uv":[0,0,0.5,0.5],"texture":"#15"},"west":{"uv":[0,0,0.5,0.5],"texture":"#15"},"up":{"uv":[0,0,0.5,0.5],"rotation":90,"texture":"#15"},"down":{"uv":[0,0,0.5,0.5],"rotation":270,"texture":"#15"}}},{"name":"knop","from":[-0.5,10.25,6],"to":[0,10.75,6.5],"faces":{"north":{"uv":[0,0,0.5,0.5],"texture":"#15"},"east":{"uv":[0,0,0.5,0.5],"texture":"#15"},"south":{"uv":[0,0,0.5,0.5],"texture":"#15"},"west":{"uv":[0,0,0.5,0.5],"texture":"#15"},"up":{"uv":[0,0,0.5,0.5],"rotation":180,"texture":"#15"},"down":{"uv":[0,0,0.5,0.5],"rotation":180,"texture":"#15"}}},{"name":"zijikant","from":[-0.2,10.25,10],"to":[0.3,10.75,10.5],"rotation":{"angle":45,"axis":"y","origin":[8,12,8]},"faces":{"north":{"uv":[0,0,0.5,0.5],"texture":"#15"},"east":{"uv":[0,0,0.5,0.5],"texture":"#15"},"south":{"uv":[0,0,0.5,0.5],"texture":"#15"},"west":{"uv":[0,0,0.5,0.5],"texture":"#15"},"up":{"uv":[0,0,0.5,0.5],"rotation":180,"texture":"#15"},"down":{"uv":[0,0,0.5,0.5],"rotation":180,"texture":"#15"}}},{"name":"zijikant","from":[10,10.25,-0.2],"to":[10.5,10.75,0.3],"rotation":{"angle":45,"axis":"y","origin":[8,12,8]},"faces":{"north":{"uv":[0,0,0.5,0.5],"texture":"#15"},"east":{"uv":[0,0,0.5,0.5],"texture":"#15"},"south":{"uv":[0,0,0.5,0.5],"texture":"#15"},"west":{"uv":[0,0,0.5,0.5],"texture":"#15"},"up":{"uv":[0,0,0.5,0.5],"rotation":270,"texture":"#15"},"down":{"uv":[0,0,0.5,0.5],"rotation":90,"texture":"#15"}}},{"name":"zijikant","from":[5.5,10.25,-0.2],"to":[6,10.75,0.3],"rotation":{"angle":45,"axis":"y","origin":[8,12,8]},"faces":{"north":{"uv":[0,0,0.5,0.5],"texture":"#15"},"east":{"uv":[0,0,0.5,0.5],"texture":"#15"},"south":{"uv":[0,0,0.5,0.5],"texture":"#15"},"west":{"uv":[0,0,0.5,0.5],"texture":"#15"},"up":{"uv":[0,0,0.5,0.5],"rotation":270,"texture":"#15"},"down":{"uv":[0,0,0.5,0.5],"rotation":90,"texture":"#15"}}},{"name":"zijikant","from":[15.7,10.25,10],"to":[16.2,10.75,10.5],"rotation":{"angle":45,"axis":"y","origin":[8,12,8]},"faces":{"north":{"uv":[0,0,0.5,0.5],"texture":"#15"},"east":{"uv":[0,0,0.5,0.5],"texture":"#15"},"south":{"uv":[0,0,0.5,0.5],"texture":"#15"},"west":{"uv":[0,0,0.5,0.5],"texture":"#15"},"up":{"uv":[0,0,0.5,0.5],"texture":"#15"},"down":{"uv":[0,0,0.5,0.5],"texture":"#15"}}},{"name":"zijikant","from":[15.7,10.25,5.5],"to":[16.2,10.75,6],"rotation":{"angle":45,"axis":"y","origin":[8,12,8]},"faces":{"north":{"uv":[0,0,0.5,0.5],"texture":"#15"},"east":{"uv":[0,0,0.5,0.5],"texture":"#15"},"south":{"uv":[0,0,0.5,0.5],"texture":"#15"},"west":{"uv":[0,0,0.5,0.5],"texture":"#15"},"up":{"uv":[0,0,0.5,0.5],"texture":"#15"},"down":{"uv":[0,0,0.5,0.5],"texture":"#15"}}},{"name":"zijikant","from":[5.5,10.25,15.7],"to":[6,10.75,16.2],"rotation":{"angle":45,"axis":"y","origin":[8,12,8]},"faces":{"north":{"uv":[0,0,0.5,0.5],"texture":"#15"},"east":{"uv":[0,0,0.5,0.5],"texture":"#15"},"south":{"uv":[0,0,0.5,0.5],"texture":"#15"},"west":{"uv":[0,0,0.5,0.5],"texture":"#15"},"up":{"uv":[0,0,0.5,0.5],"rotation":90,"texture":"#15"},"down":{"uv":[0,0,0.5,0.5],"rotation":270,"texture":"#15"}}},{"name":"zijikant","from":[10,10.25,15.7],"to":[10.5,10.75,16.2],"rotation":{"angle":45,"axis":"y","origin":[8,12,8]},"faces":{"north":{"uv":[0,0,0.5,0.5],"texture":"#15"},"east":{"uv":[0,0,0.5,0.5],"texture":"#15"},"south":{"uv":[0,0,0.5,0.5],"texture":"#15"},"west":{"uv":[0,0,0.5,0.5],"texture":"#15"},"up":{"uv":[0,0,0.5,0.5],"rotation":90,"texture":"#15"},"down":{"uv":[0,0,0.5,0.5],"rotation":270,"texture":"#15"}}},{"name":"zijikant","from":[-0.2,10.25,5.5],"to":[0.3,10.75,6],"rotation":{"angle":45,"axis":"y","origin":[8,12,8]},"faces":{"north":{"uv":[0,0,0.5,0.5],"texture":"#15"},"east":{"uv":[0,0,0.5,0.5],"texture":"#15"},"south":{"uv":[0,0,0.5,0.5],"texture":"#15"},"west":{"uv":[0,0,0.5,0.5],"texture":"#15"},"up":{"uv":[0,0,0.5,0.5],"rotation":180,"texture":"#15"},"down":{"uv":[0,0,0.5,0.5],"rotation":180,"texture":"#15"}}},{"name":"knop","from":[-0.5,15.5,9.5],"to":[0,16,10],"faces":{"north":{"uv":[0,0,0.5,0.5],"texture":"#15"},"east":{"uv":[0,0,0.5,0.5],"texture":"#15"},"south":{"uv":[0,0,0.5,0.5],"texture":"#15"},"west":{"uv":[0,0,0.5,0.5],"texture":"#15"},"up":{"uv":[0,0,0.5,0.5],"rotation":180,"texture":"#15"},"down":{"uv":[0,0,0.5,0.5],"rotation":180,"texture":"#15"}}},{"name":"knop","from":[6,15.5,16],"to":[6.5,16,16.5],"faces":{"north":{"uv":[0,0,0.5,0.5],"texture":"#15"},"east":{"uv":[0,0,0.5,0.5],"texture":"#15"},"south":{"uv":[0,0,0.5,0.5],"texture":"#15"},"west":{"uv":[0,0,0.5,0.5],"texture":"#15"},"up":{"uv":[0,0,0.5,0.5],"rotation":90,"texture":"#15"},"down":{"uv":[0,0,0.5,0.5],"rotation":270,"texture":"#15"}}},{"name":"knop","from":[6,15.5,-0.5],"to":[6.5,16,0],"faces":{"north":{"uv":[0,0,0.5,0.5],"texture":"#15"},"east":{"uv":[0,0,0.5,0.5],"texture":"#15"},"south":{"uv":[0,0,0.5,0.5],"texture":"#15"},"west":{"uv":[0,0,0.5,0.5],"texture":"#15"},"up":{"uv":[0,0,0.5,0.5],"rotation":270,"texture":"#15"},"down":{"uv":[0,0,0.5,0.5],"rotation":90,"texture":"#15"}}},{"name":"knop","from":[9.5,15.5,-0.5],"to":[10,16,0],"faces":{"north":{"uv":[0,0,0.5,0.5],"texture":"#15"},"east":{"uv":[0,0,0.5,0.5],"texture":"#15"},"south":{"uv":[0,0,0.5,0.5],"texture":"#15"},"west":{"uv":[0,0,0.5,0.5],"texture":"#15"},"up":{"uv":[0,0,0.5,0.5],"rotation":270,"texture":"#15"},"down":{"uv":[0,0,0.5,0.5],"rotation":90,"texture":"#15"}}},{"name":"knop","from":[16,15.5,6],"to":[16.5,16,6.5],"faces":{"north":{"uv":[0,0,0.5,0.5],"texture":"#15"},"east":{"uv":[0,0,0.5,0.5],"texture":"#15"},"south":{"uv":[0,0,0.5,0.5],"texture":"#15"},"west":{"uv":[0,0,0.5,0.5],"texture":"#15"},"up":{"uv":[0,0,0.5,0.5],"texture":"#15"},"down":{"uv":[0,0,0.5,0.5],"texture":"#15"}}},{"name":"knop","from":[16,15.5,9.5],"to":[16.5,16,10],"faces":{"north":{"uv":[0,0,0.5,0.5],"texture":"#15"},"east":{"uv":[0,0,0.5,0.5],"texture":"#15"},"south":{"uv":[0,0,0.5,0.5],"texture":"#15"},"west":{"uv":[0,0,0.5,0.5],"texture":"#15"},"up":{"uv":[0,0,0.5,0.5],"texture":"#15"},"down":{"uv":[0,0,0.5,0.5],"texture":"#15"}}},{"name":"knop","from":[9.5,15.5,16],"to":[10,16,16.5],"faces":{"north":{"uv":[0,0,0.5,0.5],"texture":"#15"},"east":{"uv":[0,0,0.5,0.5],"texture":"#15"},"south":{"uv":[0,0,0.5,0.5],"texture":"#15"},"west":{"uv":[0,0,0.5,0.5],"texture":"#15"},"up":{"uv":[0,0,0.5,0.5],"rotation":90,"texture":"#15"},"down":{"uv":[0,0,0.5,0.5],"rotation":270,"texture":"#15"}}},{"name":"knop","from":[-0.5,15.5,6],"to":[0,16,6.5],"faces":{"north":{"uv":[0,0,0.5,0.5],"texture":"#15"},"east":{"uv":[0,0,0.5,0.5],"texture":"#15"},"south":{"uv":[0,0,0.5,0.5],"texture":"#15"},"west":{"uv":[0,0,0.5,0.5],"texture":"#15"},"up":{"uv":[0,0,0.5,0.5],"rotation":180,"texture":"#15"},"down":{"uv":[0,0,0.5,0.5],"rotation":180,"texture":"#15"}}},{"name":"zijikant","from":[-0.2,15.5,10],"to":[0.3,16,10.5],"rotation":{"angle":45,"axis":"y","origin":[8,17,8]},"faces":{"north":{"uv":[0,0,0.5,0.5],"texture":"#15"},"east":{"uv":[0,0,0.5,0.5],"texture":"#15"},"south":{"uv":[0,0,0.5,0.5],"texture":"#15"},"west":{"uv":[0,0,0.5,0.5],"texture":"#15"},"up":{"uv":[0,0,0.5,0.5],"rotation":180,"texture":"#15"},"down":{"uv":[0,0,0.5,0.5],"rotation":180,"texture":"#15"}}},{"name":"zijikant","from":[10,15.5,-0.2],"to":[10.5,16,0.3],"rotation":{"angle":45,"axis":"y","origin":[8,17,8]},"faces":{"north":{"uv":[0,0,0.5,0.5],"texture":"#15"},"east":{"uv":[0,0,0.5,0.5],"texture":"#15"},"south":{"uv":[0,0,0.5,0.5],"texture":"#15"},"west":{"uv":[0,0,0.5,0.5],"texture":"#15"},"up":{"uv":[0,0,0.5,0.5],"rotation":270,"texture":"#15"},"down":{"uv":[0,0,0.5,0.5],"rotation":90,"texture":"#15"}}},{"name":"zijikant","from":[5.5,15.5,-0.2],"to":[6,16,0.3],"rotation":{"angle":45,"axis":"y","origin":[8,17,8]},"faces":{"north":{"uv":[0,0,0.5,0.5],"texture":"#15"},"east":{"uv":[0,0,0.5,0.5],"texture":"#15"},"south":{"uv":[0,0,0.5,0.5],"texture":"#15"},"west":{"uv":[0,0,0.5,0.5],"texture":"#15"},"up":{"uv":[0,0,0.5,0.5],"rotation":270,"texture":"#15"},"down":{"uv":[0,0,0.5,0.5],"rotation":90,"texture":"#15"}}},{"name":"zijikant","from":[15.7,15.5,10],"to":[16.2,16,10.5],"rotation":{"angle":45,"axis":"y","origin":[8,17,8]},"faces":{"north":{"uv":[0,0,0.5,0.5],"texture":"#15"},"east":{"uv":[0,0,0.5,0.5],"texture":"#15"},"south":{"uv":[0,0,0.5,0.5],"texture":"#15"},"west":{"uv":[0,0,0.5,0.5],"texture":"#15"},"up":{"uv":[0,0,0.5,0.5],"texture":"#15"},"down":{"uv":[0,0,0.5,0.5],"texture":"#15"}}},{"name":"zijikant","from":[15.7,15.5,5.5],"to":[16.2,16,6],"rotation":{"angle":45,"axis":"y","origin":[8,17,8]},"faces":{"north":{"uv":[0,0,0.5,0.5],"texture":"#15"},"east":{"uv":[0,0,0.5,0.5],"texture":"#15"},"south":{"uv":[0,0,0.5,0.5],"texture":"#15"},"west":{"uv":[0,0,0.5,0.5],"texture":"#15"},"up":{"uv":[0,0,0.5,0.5],"texture":"#15"},"down":{"uv":[0,0,0.5,0.5],"texture":"#15"}}},{"name":"zijikant","from":[5.5,15.5,15.7],"to":[6,16,16.2],"rotation":{"angle":45,"axis":"y","origin":[8,17,8]},"faces":{"north":{"uv":[0,0,0.5,0.5],"texture":"#15"},"east":{"uv":[0,0,0.5,0.5],"texture":"#15"},"south":{"uv":[0,0,0.5,0.5],"texture":"#15"},"west":{"uv":[0,0,0.5,0.5],"texture":"#15"},"up":{"uv":[0,0,0.5,0.5],"rotation":90,"texture":"#15"},"down":{"uv":[0,0,0.5,0.5],"rotation":270,"texture":"#15"}}},{"name":"zijikant","from":[10,15.5,15.7],"to":[10.5,16,16.2],"rotation":{"angle":45,"axis":"y","origin":[8,17,8]},"faces":{"north":{"uv":[0,0,0.5,0.5],"texture":"#15"},"east":{"uv":[0,0,0.5,0.5],"texture":"#15"},"south":{"uv":[0,0,0.5,0.5],"texture":"#15"},"west":{"uv":[0,0,0.5,0.5],"texture":"#15"},"up":{"uv":[0,0,0.5,0.5],"rotation":90,"texture":"#15"},"down":{"uv":[0,0,0.5,0.5],"rotation":270,"texture":"#15"}}},{"name":"zijikant","from":[-0.2,15.5,5.5],"to":[0.3,16,6],"rotation":{"angle":45,"axis":"y","origin":[8,17,8]},"faces":{"north":{"uv":[0,0,0.5,0.5],"texture":"#15"},"east":{"uv":[0,0,0.5,0.5],"texture":"#15"},"south":{"uv":[0,0,0.5,0.5],"texture":"#15"},"west":{"uv":[0,0,0.5,0.5],"texture":"#15"},"up":{"uv":[0,0,0.5,0.5],"rotation":180,"texture":"#15"},"down":{"uv":[0,0,0.5,0.5],"rotation":180,"texture":"#15"}}},{"from":[1,15,4],"to":[15,16,12],"faces":{"north":{"uv":[0,0,14,1],"texture":"#12"},"east":{"uv":[0,0,8,1],"texture":"#12"},"south":{"uv":[0,0,14,1],"texture":"#12"},"west":{"uv":[0,0,8,1],"texture":"#12"},"up":{"uv":[1,4,15,12],"texture":"#12"},"down":{"uv":[0,0,14,8],"texture":"#12"}}},{"from":[2,15,3],"to":[14,16,4],"faces":{"north":{"uv":[0,0,10,1],"texture":"#12"},"east":{"uv":[0,0,1,1],"texture":"#12"},"south":{"uv":[0,0,10,1],"texture":"#12"},"west":{"uv":[0,0,1,1],"texture":"#12"},"up":{"uv":[2,3,14,4],"texture":"#12"},"down":{"uv":[0,0,10,1],"texture":"#12"}}},{"from":[4,15,14],"to":[12,16,15],"faces":{"north":{"uv":[0,0,10,1],"texture":"#12"},"east":{"uv":[0,0,1,1],"texture":"#12"},"south":{"uv":[0,0,10,1],"texture":"#12"},"west":{"uv":[0,0,1,1],"texture":"#12"},"up":{"uv":[4,14,12,15],"texture":"#12"},"down":{"uv":[0,0,10,1],"texture":"#12"}}},{"from":[3,15,13],"to":[13,16,14],"faces":{"north":{"uv":[0,0,10,1],"texture":"#12"},"east":{"uv":[0,0,1,1],"texture":"#12"},"south":{"uv":[0,0,10,1],"texture":"#12"},"west":{"uv":[0,0,1,1],"texture":"#12"},"up":{"uv":[3,13,13,14],"texture":"#12"},"down":{"uv":[0,0,10,1],"texture":"#12"}}},{"from":[2,15,12],"to":[14,16,13],"faces":{"north":{"uv":[0,0,10,1],"texture":"#12"},"east":{"uv":[0,0,1,1],"texture":"#12"},"south":{"uv":[0,0,10,1],"texture":"#12"},"west":{"uv":[0,0,1,1],"texture":"#12"},"up":{"uv":[2,12,14,13],"texture":"#12"},"down":{"uv":[0,0,10,1],"texture":"#12"}}},{"from":[3,15,2],"to":[13,16,3],"faces":{"north":{"uv":[0,0,10,1],"texture":"#12"},"east":{"uv":[0,0,1,1],"texture":"#12"},"south":{"uv":[0,0,10,1],"texture":"#12"},"west":{"uv":[0,0,1,1],"texture":"#12"},"up":{"uv":[3,2,13,3],"texture":"#12"},"down":{"uv":[0,0,10,1],"texture":"#12"}}},{"from":[4,15,1],"to":[12,16,2],"faces":{"north":{"uv":[0,0,10,1],"texture":"#12"},"east":{"uv":[0,0,1,1],"texture":"#12"},"south":{"uv":[0,0,10,1],"texture":"#12"},"west":{"uv":[0,0,1,1],"texture":"#12"},"up":{"uv":[4,1,12,2],"texture":"#12"},"down":{"uv":[0,0,10,1],"texture":"#12"}}},{"from":[3,1,2],"to":[13,2,3],"faces":{"north":{"uv":[0,0,10,1],"texture":"#12"},"east":{"uv":[0,0,1,1],"texture":"#12"},"south":{"uv":[0,0,10,1],"texture":"#12"},"west":{"uv":[0,0,1,1],"texture":"#12"},"up":{"uv":[3,2,13,3],"texture":"#12"},"down":{"uv":[3,13,13,14],"texture":"#12"}}},{"from":[2,1,12],"to":[14,2,13],"faces":{"north":{"uv":[0,0,10,1],"texture":"#12"},"east":{"uv":[0,0,1,1],"texture":"#12"},"south":{"uv":[0,0,10,1],"texture":"#12"},"west":{"uv":[0,0,1,1],"texture":"#12"},"up":{"uv":[2,12,14,13],"texture":"#12"},"down":{"uv":[2,3,14,4],"texture":"#12"}}},{"from":[3,1,13],"to":[13,2,14],"faces":{"north":{"uv":[0,0,10,1],"texture":"#12"},"east":{"uv":[0,0,1,1],"texture":"#12"},"south":{"uv":[0,0,10,1],"texture":"#12"},"west":{"uv":[0,0,1,1],"texture":"#12"},"up":{"uv":[3,13,13,14],"texture":"#12"},"down":{"uv":[3,2,13,3],"texture":"#12"}}},{"from":[4,1,14],"to":[12,2,15],"faces":{"north":{"uv":[0,0,10,1],"texture":"#12"},"east":{"uv":[0,0,1,1],"texture":"#12"},"south":{"uv":[0,0,10,1],"texture":"#12"},"west":{"uv":[0,0,1,1],"texture":"#12"},"up":{"uv":[4,14,12,15],"texture":"#12"},"down":{"uv":[4,1,12,2],"texture":"#12"}}},{"from":[2,1,3],"to":[14,2,4],"faces":{"north":{"uv":[0,0,10,1],"texture":"#12"},"east":{"uv":[0,0,1,1],"texture":"#12"},"south":{"uv":[0,0,10,1],"texture":"#12"},"west":{"uv":[0,0,1,1],"texture":"#12"},"up":{"uv":[2,3,14,4],"texture":"#12"},"down":{"uv":[2,12,14,13],"texture":"#12"}}},{"from":[1,1,4],"to":[15,2,12],"faces":{"north":{"uv":[0,0,14,1],"texture":"#12"},"east":{"uv":[0,0,8,1],"texture":"#12"},"south":{"uv":[0,0,14,1],"texture":"#12"},"west":{"uv":[0,0,8,1],"texture":"#12"},"up":{"uv":[1,4,15,12],"texture":"#12"},"down":{"uv":[1,4,15,12],"texture":"#12"}}},{"from":[4,1,1],"to":[12,2,2],"faces":{"north":{"uv":[0,0,10,1],"texture":"#12"},"east":{"uv":[0,0,1,1],"texture":"#12"},"south":{"uv":[0,0,10,1],"texture":"#12"},"west":{"uv":[0,0,1,1],"texture":"#12"},"up":{"uv":[4,1,12,2],"texture":"#12"},"down":{"uv":[4,14,12,15],"texture":"#12"}}},{"from":[7,2.5,-0.5],"to":[9,4.5,0],"faces":{"north":{"uv":[9,7,11,9],"texture":"#13"},"east":{"uv":[0,0,0.5,2],"texture":"#13"},"south":{"uv":[0,0,2,2],"texture":"#13"},"west":{"uv":[0,0,0.5,2],"texture":"#13"},"up":{"uv":[0,0,2,0.5],"texture":"#13"},"down":{"uv":[0,0,2,0.5],"texture":"#13"}}},{"from":[7.75,2.25,-1.5],"to":[8.25,4.25,-1],"faces":{"north":{"uv":[8,10,8.5,10.5],"texture":"#15"},"east":{"uv":[8,10,8.5,10.5],"texture":"#15"},"south":{"uv":[8,10,8.5,10.5],"texture":"#15"},"west":{"uv":[8,10,8.5,10.5],"texture":"#15"},"up":{"uv":[8,10,8.5,10.5],"texture":"#15"},"down":{"uv":[8,10,8.5,10.5],"texture":"#15"}}},{"from":[7.75,3.25,-1],"to":[8.25,3.75,-0.5],"faces":{"north":{"uv":[8,10,8.5,10.5],"texture":"#15"},"east":{"uv":[8,10,8.5,10.5],"texture":"#15"},"south":{"uv":[8,10,8.5,10.5],"texture":"#15"},"west":{"uv":[8,10,8.5,10.5],"texture":"#15"},"up":{"uv":[8,10,8.5,10.5],"texture":"#15"},"down":{"uv":[8,10,8.5,10.5],"texture":"#15"}}}],"display":{"gui":{"rotation":[8,17,0],"translation":[0,-2.75,0],"scale":[0.5,0.5,0.5]},"head":{"rotation":[0,-17,0],"translation":[0,13.5,0],"scale":[1.1,1.1,1.1]}},"groups":[{"name":"madhouse_tafel_midden","children":[0,1,2,3,4,5,6,7]},{"name":"RAND","children":[8,9,10,11,12,13,14,15,{"name":"RAND2","children":[]},{"name":"RAND5","children":[]}]},{"name":"RAND3","children":[16,17,18,19,20,21,22,23,{"name":"RAND2","children":[]}]},{"name":"RAND4","children":[24,25,26,27,28,29,30,31,{"name":"RAND2","children":[]}]},{"name":"RAND6","children":[32,33,34,35,36,37,38,39,{"name":"RAND2","children":[]},{"name":"RAND5","children":[]}]},{"name":"hout","children":[40,41,42,43,44,45,46,47]},{"name":"knop","children":[48,49,50,51,52,53,54,55,56,57,58,59,60,61,62,63,{"name":"knop3","children":[]},{"name":"knop4","children":[]}]},{"name":"knop2","children":[64,65,66,67,68,69,70,71,72,73,74,75,76,77,78,79]},{"name":"knop5","children":[80,81,82,83,84,85,86,87,88,89,90,91,92,93,94,95,{"name":"knop3","children":[]},{"name":"knop4","children":[]}]},{"name":"knop6","children":[96,97,98,99,100,101,102,103,104,105,106,107,108,109,110,111,{"name":"knop3","children":[]},{"name":"knop4","children":[]}]},{"name":"group","children":[112,113,114,115,116,117,118,119,120,121,122,123,124,125]},126,127,128],"credit":"Model by Craftventure"}