{"textures":{"0":"block/bricks","particle":"block/bricks"},"elements":[{"from":[4.5,6.5,6.5],"to":[11.5,9.5,9.5],"rotation":{"angle":0,"axis":"y","origin":[8,8,8]},"faces":{"north":{"uv":[8,4,15,7],"texture":"#0"},"east":{"uv":[8,12,11,15],"texture":"#0"},"south":{"uv":[4,8,11,11],"texture":"#0"},"west":{"uv":[0,0,3,3],"texture":"#0"},"up":{"uv":[0,12,7,15],"texture":"#0"},"down":{"uv":[0,12,7,15],"texture":"#0"}}}],"display":{"thirdperson_righthand":{"rotation":[-11.25,-90,0]},"thirdperson_lefthand":{"rotation":[-11.25,-90,0]},"firstperson_righthand":{"rotation":[22.5,-67.5,0],"translation":[1,3,0],"scale":[0.8,0.8,0.8]},"firstperson_lefthand":{"rotation":[22.5,-67.5,0],"translation":[1,3,0],"scale":[0.8,0.8,0.8]},"ground":{"scale":[1.5,1.5,1.5]},"gui":{"rotation":[22.5,45,0],"scale":[2,2,2]},"head":{"rotation":[0,90,0],"translation":[0,8.5,0],"scale":[1.5,1.5,1.5]},"fixed":{"translation":[0,0,-1.25],"scale":[1.5,1.5,1.5]}},"credit":"Model by Craftventure"}