{"textures":{"0":"block/cardboardbox","1":"block/brown_terracotta","2":"block/brown_terracotta","3":"block/arrow-up-c"},"elements":[{"name":"Element","from":[3,10,1],"to":[13,11,15],"faces":{"north":{"uv":[6,3,10,7],"texture":"#0"},"east":{"uv":[6,4,9,9],"texture":"#0"},"south":{"uv":[6,3,10,9],"texture":"#0"},"west":{"uv":[6,2,11,7],"texture":"#0"},"up":{"uv":[6,1,10,15],"texture":"#0"},"down":{"uv":[6,1,10,15],"texture":"#0"}}},{"name":"Element","from":[3,4,14],"to":[13,10,15],"faces":{"north":{"uv":[6,3,10,9],"texture":"#0"},"east":{"uv":[9,2,10,8],"texture":"#0"},"south":{"uv":[7,4,10,10],"texture":"#0"},"west":{"uv":[8,3,9,9],"texture":"#0"},"up":{"uv":[7,4,10,7],"texture":"#0"},"down":{"uv":[7,4,10,7],"texture":"#0"}}},{"name":"Element","from":[3,4,1],"to":[13,10,2],"faces":{"north":{"uv":[7,4,11,11],"texture":"#0"},"east":{"uv":[8,4,9,10],"texture":"#0"},"south":{"uv":[7,3,11,9],"texture":"#0"},"west":{"uv":[8,2,9,8],"texture":"#0"},"up":{"uv":[7,5,10,9],"texture":"#0"},"down":{"uv":[7,5,10,10],"texture":"#0"}}},{"name":"Element","from":[3,4,2],"to":[4,10,14],"faces":{"north":{"uv":[8,7,9,13],"texture":"#0"},"east":{"uv":[6,2,10,8],"texture":"#0"},"south":{"uv":[8,7,9,13],"texture":"#0"},"west":{"uv":[6,4,11,10],"texture":"#0"},"up":{"uv":[8,2,9,14],"texture":"#0"},"down":{"uv":[8,2,9,14],"texture":"#0"}}},{"name":"Element","from":[12,4,2],"to":[13,10,14],"faces":{"north":{"uv":[9,7,10,13],"texture":"#0"},"east":{"uv":[6,2,11,8],"texture":"#0"},"south":{"uv":[8,7,9,13],"texture":"#0"},"west":{"uv":[7,3,11,10],"texture":"#0"},"up":{"uv":[9,1,10,13],"texture":"#0"},"down":{"uv":[9,2,10,14],"texture":"#0"}}},{"name":"Element","from":[-2.2,0,1],"to":[2.8,1,15],"rotation":{"angle":-45,"axis":"z","origin":[7,2,8]},"faces":{"north":{"uv":[6,2,11,3],"texture":"#0"},"east":{"uv":[6,9,10,10],"texture":"#0"},"south":{"uv":[6,4,10,7],"texture":"#0"},"west":{"uv":[6,2,11,6],"texture":"#0"},"up":{"uv":[7,3,10,14],"texture":"#0"},"down":{"uv":[6,1,10,14],"texture":"#0"}}},{"name":"Element","from":[13,0,1],"to":[18,1,15],"rotation":{"angle":45,"axis":"z","origin":[9,2,8]},"faces":{"north":{"uv":[6,4,11,5],"texture":"#0"},"east":{"uv":[6,6,11,7],"texture":"#0"},"south":{"uv":[6,3,11,4],"texture":"#0"},"west":{"uv":[6,4,10,9],"texture":"#0"},"up":{"uv":[6,1,10,15],"texture":"#0"},"down":{"uv":[6,1,10,15],"texture":"#0"}}},{"name":"Cube","from":[7,10.1,0.9],"to":[9,11.1,15.1],"faces":{"north":{"uv":[0,0,2,1],"texture":"#1"},"east":{"uv":[0,0,14.2,1],"texture":"#1"},"south":{"uv":[0,0,2,1],"texture":"#1"},"west":{"uv":[0,0,14.2,1],"texture":"#1"},"up":{"uv":[0,0,2,14.2],"texture":"#1"},"down":{"uv":[0,0,2,14.2],"texture":"#1"}}},{"name":"Cube","from":[-2.15,0.1,1.1],"to":[-1.15,1.1,14.9],"rotation":{"angle":-45,"axis":"z","origin":[7,2,8]},"faces":{"north":{"uv":[6,2,7,3],"texture":"#2"},"east":{"uv":[6,9,10,10],"texture":"#2"},"south":{"uv":[6,4,10,7],"texture":"#2"},"west":{"uv":[6,2,11,6],"texture":"#2"},"up":{"uv":[7,3,10,14],"texture":"#2"},"down":{"uv":[6,1,10,14],"texture":"#2"}}},{"name":"Cube","from":[16.95,0.1,1.1],"to":[17.95,1.1,14.9],"rotation":{"angle":45,"axis":"z","origin":[9,2,8]},"faces":{"north":{"uv":[6,4,7,5],"texture":"#2"},"east":{"uv":[6,6,11,7],"texture":"#2"},"south":{"uv":[6,3,7,4],"texture":"#2"},"west":{"uv":[6,4,10,9],"texture":"#2"},"up":{"uv":[6,1,10,15],"texture":"#2"},"down":{"uv":[6,1,10,15],"texture":"#2"}}},{"name":"Cube","from":[2.95,6,3],"to":[3.95,10,8],"faces":{"north":{"uv":[0,0,1,4],"texture":"#3"},"east":{"uv":[0,0,5,4],"texture":"#3"},"south":{"uv":[0,0,1,4],"texture":"#3"},"west":{"uv":[0,0,16,15],"rotation":180,"texture":"#3"},"up":{"uv":[0,0,1,5],"texture":"#3"},"down":{"uv":[0,0,1,5],"texture":"#3"}}},{"name":"Cube","from":[2.95,6,8],"to":[3.95,10,13],"faces":{"north":{"uv":[0,0,1,4],"rotation":180,"texture":"#3"},"east":{"uv":[0,0,5,4],"rotation":180,"texture":"#3"},"south":{"uv":[0,0,1,4],"texture":"#3"},"west":{"uv":[0,0,16,15],"rotation":180,"texture":"#3"},"up":{"uv":[0,0,1,5],"texture":"#3"},"down":{"uv":[0,0,1,5],"texture":"#3"}}},{"name":"Cube","from":[3,4,1],"to":[13,10,2],"faces":{"north":{"uv":[7,4,11,11],"texture":"#0"},"east":{"uv":[8,4,9,10],"texture":"#0"},"south":{"uv":[7,3,11,9],"texture":"#0"},"west":{"uv":[8,2,9,8],"texture":"#0"},"up":{"uv":[7,5,10,9],"texture":"#0"},"down":{"uv":[7,5,10,10],"texture":"#0"}}},{"name":"Cube","from":[12.1,6,8],"to":[13.1,10,13],"faces":{"north":{"uv":[0,0,1,4],"texture":"#3"},"east":{"uv":[0,0,16,16],"rotation":180,"texture":"#3"},"south":{"uv":[0,0,1,4],"texture":"#3"},"west":{"uv":[0,0,16,15],"texture":"#3"},"up":{"uv":[0,0,1,5],"texture":"#3"},"down":{"uv":[0,0,1,5],"texture":"#3"}}},{"name":"Cube","from":[12.1,6,3],"to":[13.1,10,8],"faces":{"north":{"uv":[0,0,1,4],"texture":"#3"},"east":{"uv":[0,0,16,16],"rotation":180,"texture":"#3"},"south":{"uv":[0,0,1,4],"texture":"#3"},"west":{"uv":[0,0,16,15],"rotation":180,"texture":"#3"},"up":{"uv":[0,0,1,5],"texture":"#3"},"down":{"uv":[0,0,1,5],"texture":"#3"}}}],"display":{"gui":{"rotation":[-149,43,0],"translation":[0,-1,0],"scale":[0.675,0.675,0.675]},"head":{"rotation":[180,0,0],"translation":[0,4,-7],"scale":[2.5,2.3,2.5]}},"credit":"Model by Craftventure"}