{"textures":{"2":"block/cyan_wool","6":"block/sjaal4","7":"block/blue_wool","particle":"block/sjaal4"},"elements":[{"from":[4,10,4],"to":[12,11,12],"faces":{"north":{"uv":[0,3,8,4],"texture":"#6"},"east":{"uv":[0,3,8,4],"texture":"#6"},"south":{"uv":[0,3,8,4],"texture":"#6"},"west":{"uv":[0,3,8,4],"texture":"#6"},"up":{"uv":[0,0,8,8],"texture":"#2"},"down":{"uv":[0,0,8,8],"texture":"#2"}}},{"from":[2,9,2],"to":[14,10,14],"faces":{"north":{"uv":[0,4,12,5],"texture":"#6"},"east":{"uv":[0,4,12,5],"texture":"#6"},"south":{"uv":[0,4,12,5],"texture":"#6"},"west":{"uv":[0,4,12,5],"texture":"#6"},"up":{"uv":[0,0,12,12],"texture":"#2"},"down":{"uv":[0,0,12,12],"texture":"#2"}}},{"from":[1,2,1],"to":[15,9,15],"faces":{"north":{"uv":[0,5,16,14],"texture":"#6"},"east":{"uv":[0,5,16,14],"texture":"#6"},"south":{"uv":[0,5,16,14],"texture":"#6"},"west":{"uv":[0,5,16,14],"texture":"#6"},"up":{"uv":[0,0,12,12],"texture":"#2"},"down":{"uv":[0,0,12,12],"texture":"#2"}}},{"from":[0,-1,0],"to":[16,2,16],"faces":{"north":{"uv":[0,0,16,3],"texture":"#7"},"east":{"uv":[0,0,16,3],"texture":"#7"},"south":{"uv":[0,0,16,3],"texture":"#7"},"west":{"uv":[0,0,16,3],"texture":"#7"},"up":{"uv":[0,0,16,16],"texture":"#7"},"down":{"uv":[0,0,16,16],"texture":"#7"}}}],"display":{"gui":{"rotation":[0,-73,-3],"translation":[0,-1,0],"scale":[0.6,0.6,0.6]},"head":{"translation":[0,11.5,0],"scale":[0.6,0.6,0.6]}},"credit":"Model by Craftventure"}