{"textures":{"texture":"block/piston_bottom","dispenser_front_vertical":"block/dispenser_front_vertical","cyan_terracotta":"block/cyan_terracotta"},"elements":[{"name":"cube","from":[-16,-3,-16],"to":[32,0,32],"faces":{"north":{"uv":[0,0,16,1],"texture":"#texture"},"east":{"uv":[0,0,16,1],"texture":"#texture"},"south":{"uv":[0,0,16,1],"texture":"#texture"},"west":{"uv":[0,0,16,1],"texture":"#texture"},"up":{"uv":[0,0,16,16],"texture":"#cyan_terracotta"},"down":{"uv":[0,0,16,16],"texture":"#cyan_terracotta"}},"type":"cube"},{"name":"cube","from":[-14,0,-14],"to":[-10.5,1,-10.5],"faces":{"north":{"uv":[0,15,3.5,16],"texture":"#texture"},"east":{"uv":[0,15,3.5,16],"texture":"#texture"},"south":{"uv":[0,15,3.5,16],"texture":"#texture"},"west":{"uv":[0,15,3.5,16],"texture":"#texture"},"up":{"uv":[0,0,16,16],"texture":"#dispenser_front_vertical"},"down":{"uv":[0,0,16,16],"texture":"#texture"}},"type":"cube"},{"name":"cube","from":[26.5,0,-14],"to":[30,1,-10.5],"faces":{"north":{"uv":[0,0,3,1],"texture":"#texture"},"east":{"uv":[0,0,3,1],"texture":"#texture"},"south":{"uv":[0,0,3,1],"texture":"#texture"},"west":{"uv":[0,0,3,1],"texture":"#texture"},"up":{"uv":[0,0,16,16],"texture":"#dispenser_front_vertical"},"down":{"uv":[0,0,16,16],"texture":"#texture"}},"type":"cube"},{"name":"cube","from":[26.5,0,26.5],"to":[30,1,30],"faces":{"north":{"uv":[0,0,3,1],"texture":"#texture"},"east":{"uv":[0,0,3,1],"texture":"#texture"},"south":{"uv":[0,0,3,1],"texture":"#texture"},"west":{"uv":[0,0,3,1],"texture":"#texture"},"up":{"uv":[0,0,16,16],"texture":"#dispenser_front_vertical"},"down":{"uv":[0,0,16,16],"texture":"#texture"}},"type":"cube"},{"name":"cube","from":[-14,0,26.5],"to":[-10.5,1,30],"faces":{"north":{"uv":[0,0,3,1],"texture":"#texture"},"east":{"uv":[0,0,3,1],"texture":"#texture"},"south":{"uv":[0,0,3,1],"texture":"#texture"},"west":{"uv":[0,0,3,1],"texture":"#texture"},"up":{"uv":[0,0,16,16],"texture":"#dispenser_front_vertical"},"down":{"uv":[0,0,16,16],"texture":"#texture"}},"type":"cube"}],"display":{"head":{"rotation":[0,0,0],"translation":[0,0,0],"scale":[3.17,3.17,3.17]},"gui":{"scale":[0.19999999999999996,0.19999999999999996,0.19999999999999996],"rotation":[29,-41,0]}},"credit":"Model by Craftventure"}