{
  "parent":"item/handheld","textures":
  {
    "layer0":"item/iron_sword"
  },
  
  "overrides":[
  
    {"predicate":{"custom_model_data":1},"model":"item/swords/viking_horn"},
	{"predicate":{"custom_model_data":2},"model":"item/swords/nightblade"},
	{"predicate":{"custom_model_data":3},"model":"item/swords/lightsaber-blue"},
	{"predicate":{"custom_model_data":4},"model":"item/swords/lightsaber-red"},
	{"predicate":{"custom_model_data":5},"model":"item/misc/candycane"},
	{"predicate":{"custom_model_data":6},"model":"item/misc/kwallenvisnet"},
	{"predicate":{"custom_model_data":7},"model":"item/misc/spatel"},
	{"predicate":{"custom_model_data":8},"model":"item/misc/koekentoorts"},
	{"predicate":{"custom_model_data":9},"model":"item/gui/estop_off"},
	{"predicate":{"custom_model_data":10},"model":"item/gui/estop_on"},
	{"predicate":{"custom_model_data":11},"model":"item/gui/green_blinking"},
	{"predicate":{"custom_model_data":12},"model":"item/gui/green_off"},
	{"predicate":{"custom_model_data":13},"model":"item/gui/green_on"},
	{"predicate":{"custom_model_data":14},"model":"item/gui/section_blinking"},
	{"predicate":{"custom_model_data":15},"model":"item/gui/section_off"},
	{"predicate":{"custom_model_data":16},"model":"item/gui/section_on"},
	{"predicate":{"custom_model_data":17},"model":"item/gui/switch_off"},
	{"predicate":{"custom_model_data":18},"model":"item/gui/switch_on"},
	{"predicate":{"custom_model_data":19},"model":"item/slot/balloon"},
	{"predicate":{"custom_model_data":20},"model":"item/slot/boots"},
	{"predicate":{"custom_model_data":21},"model":"item/slot/chestplate"},
	{"predicate":{"custom_model_data":22},"model":"item/slot/hand"},
	{"predicate":{"custom_model_data":23},"model":"item/slot/helmet"},
	{"predicate":{"custom_model_data":24},"model":"item/slot/leggings"},
	{"predicate":{"custom_model_data":25},"model":"item/slot/shield"},
	{"predicate":{"custom_model_data":26},"model":"item/misc/droeftoeter"},
	{"predicate":{"custom_model_data":27},"model":"item/misc/handcannon"},
	{"predicate":{"custom_model_data":28},"model":"item/swords/tentacle"},
	{"predicate":{"custom_model_data":29},"model":"item/swords/spanish"},
	{"predicate":{"custom_model_data":30},"model":"item/swords/rumbottle"},
	{"predicate":{"custom_model_data":31},"model":"item/swords/hook"},
	{"predicate":{"custom_model_data":32},"model":"item/swords/parrot/blue"},
	{"predicate":{"custom_model_data":33},"model":"item/swords/parrot/darkblue"},
	{"predicate":{"custom_model_data":34},"model":"item/swords/parrot/gold"},
	{"predicate":{"custom_model_data":35},"model":"item/swords/parrot/gray"},
	{"predicate":{"custom_model_data":36},"model":"item/swords/parrot/green"},
	{"predicate":{"custom_model_data":37},"model":"item/swords/parrot/red"},
	{"predicate":{"custom_model_data":38},"model":"item/swords/lucky"},
	{"predicate":{"custom_model_data":39},"model":"item/swords/capnt_pat_old"},
	{"predicate":{"custom_model_data":40},"model":"item/misc/jar_of_dirt"},
	{"predicate":{"custom_model_data":41},"model":"item/swords/guardian_mace"},
	{"predicate":{"custom_model_data":42},"model":"item/misc/placeholder"},
	{"predicate":{"custom_model_data":43},"model":"item/swords/snake_sword"},
	{"predicate":{"custom_model_data":44},"model":"item/misc/slurpee"},
	{"predicate":{"custom_model_data":45},"model":"item/misc/candycane_green"},
	{"predicate":{"custom_model_data":46},"model":"item/misc/gluhwein"},
	{"predicate":{"custom_model_data":47},"model":"item/misc/handheld_sleigh"},
	{"predicate":{"custom_model_data":48},"model":"item/misc/figure_joeywp"},
	{"predicate":{"custom_model_data":49},"model":"item/misc/figure_cookie"},
	{"predicate":{"custom_model_data":50},"model":"item/slot/title"},
	{"predicate":{"custom_model_data":51},"model":"item/slot/costume"},
	{"predicate":{"custom_model_data":52},"model":"item/slot/gun"},
	{"predicate":{"custom_model_data":53},"model":"item/misc/placeholder"},
	{"predicate":{"custom_model_data":54},"model":"item/misc/placeholder"}
	
  ]
}