{"textures":{"0":"block/white_concrete","1":"block/pancake","2":"block/pancake_side","particle":"block/pancake_side"},"elements":[{"name":"bord","from":[6.13432,1.0181,9.93827],"to":[10.38432,1.9981,12.93827],"rotation":{"angle":22.5,"axis":"y","origin":[11.71683,1.5081,7.90852]},"faces":{"north":{"uv":[0,0,4.25,1],"texture":"#0"},"east":{"uv":[0,0,3,1],"texture":"#0"},"south":{"uv":[8.25,0,0,2],"texture":"#2"},"west":{"uv":[0,0,3,1],"texture":"#0"},"up":{"uv":[9,5,16,13.25],"texture":"#1","rotation":90},"down":{"uv":[9,3,16,11.25],"texture":"#1","rotation":270}}},{"name":"bord","from":[12.56436,1.01648,5.03334],"to":[15.56436,1.99648,9.28334],"rotation":{"angle":22.5,"axis":"y","origin":[10.71657,1.50648,10.57889]},"faces":{"north":{"uv":[0,0,3,1],"texture":"#0"},"east":{"uv":[8.25,6,0,4],"texture":"#2"},"south":{"uv":[0,0,3,1],"texture":"#0"},"west":{"uv":[0,0,4.25,1],"texture":"#0"},"up":{"uv":[9,5,16,13.25],"texture":"#1"},"down":{"uv":[9,3,16,11.25],"texture":"#1"}}},{"name":"bord","from":[5.5625,1.02211,3.0607],"to":[9.8125,2.00211,6.0607],"rotation":{"angle":22.5,"axis":"y","origin":[4.26612,1.51211,7.90941]},"faces":{"north":{"uv":[0,0,8.25,2],"texture":"#2"},"east":{"uv":[0,0,3,1],"texture":"#0"},"south":{"uv":[0,0,4.25,1],"texture":"#0"},"west":{"uv":[0,0,3,1],"texture":"#0"},"up":{"uv":[0,4,7,12.25],"texture":"#1","rotation":90},"down":{"uv":[1,3,8,11.25],"texture":"#1","rotation":270}}},{"name":"bord","from":[0.41518,1.02355,6.64675],"to":[3.41518,2.00355,10.89675],"rotation":{"angle":22.5,"axis":"y","origin":[5.44117,1.51355,5.30864]},"faces":{"north":{"uv":[0,0,3,1],"texture":"#0"},"east":{"uv":[0,0,4.25,1],"texture":"#0"},"south":{"uv":[0,0,3,1],"texture":"#0"},"west":{"uv":[0,0,8.25,2],"texture":"#2"},"up":{"uv":[0,1,7,9.25],"texture":"#1"},"down":{"uv":[1,1,8,9.25],"texture":"#1"}}},{"name":"bord","from":[11,1,5],"to":[14,2,11],"rotation":{"angle":-22.5,"axis":"y","origin":[8.00057,1.5,8.01574]},"faces":{"north":{"uv":[0,0,3,1],"texture":"#0"},"east":{"uv":[0,0,10,2],"texture":"#2"},"south":{"uv":[0,0,3,1],"texture":"#0"},"west":{"uv":[0,0,6,1],"texture":"#0"},"up":{"uv":[10,2,16,14],"texture":"#1"},"down":{"uv":[10,2,16,14],"texture":"#1"}}},{"name":"bord","from":[5,1,5],"to":[11,2,11],"rotation":{"angle":-22.5,"axis":"y","origin":[8.00057,1.5,8.01574]},"faces":{"north":{"uv":[0,0,3,1],"texture":"#0"},"east":{"uv":[0,0,6,1],"texture":"#0"},"south":{"uv":[0,0,3,1],"texture":"#0"},"west":{"uv":[0,0,6,1],"texture":"#0"},"up":{"uv":[3,2,15,14],"texture":"#1"},"down":{"uv":[3,2,15,13],"texture":"#1"}}},{"name":"bord","from":[5,1,11],"to":[11,2,14],"rotation":{"angle":-22.5,"axis":"y","origin":[8.00057,1.5,8.01574]},"faces":{"north":{"uv":[0,0,3,1],"texture":"#0"},"east":{"uv":[0,0,6,1],"texture":"#2"},"south":{"uv":[0,0,10,2],"texture":"#2"},"west":{"uv":[0,0,9,2],"texture":"#2"},"up":{"uv":[3,10,15,16],"texture":"#1"},"down":{"uv":[2,0,14,6],"texture":"#1"}}},{"name":"bord","from":[2,1,5],"to":[5,2,11],"rotation":{"angle":-22.5,"axis":"y","origin":[8.00057,1.5,8.01574]},"faces":{"north":{"uv":[0,0,3,1],"texture":"#0"},"east":{"uv":[0,0,9,2],"texture":"#2"},"south":{"uv":[0,0,3,1],"texture":"#0"},"west":{"uv":[0,0,9,2],"texture":"#2"},"up":{"uv":[0,2,6,14],"texture":"#1"},"down":{"uv":[0,2,6,14],"texture":"#1"}}},{"name":"bord","from":[5,1,2],"to":[11,2,5],"rotation":{"angle":-22.5,"axis":"y","origin":[8.00057,1.5,8.01574]},"faces":{"north":{"uv":[0,0,10,2],"texture":"#2"},"east":{"uv":[0,0,3,1],"texture":"#0"},"south":{"uv":[0,0,6,1],"texture":"#2"},"west":{"uv":[0,0,3,1],"texture":"#2"},"up":{"uv":[3,0,15,6],"texture":"#1"},"down":{"uv":[2,10,14,16],"texture":"#1"}}},{"name":"bord","from":[10.03032,0.01,9.34825],"to":[13.03032,0.99,13.59825],"rotation":{"angle":-45,"axis":"y","origin":[11.53032,0.51,11.34825]},"faces":{"north":{"uv":[0,0,3,1],"texture":"#0"},"east":{"uv":[8.25,0,0,2],"texture":"#2"},"south":{"uv":[0,0,3,1],"texture":"#0"},"west":{"uv":[0,0,4.25,1],"texture":"#0"},"up":{"uv":[9,5,16,13.25],"texture":"#1"},"down":{"uv":[9,3,16,11.25],"texture":"#1"}}},{"name":"bord","from":[9.84835,0.01,2.4702],"to":[12.84835,0.99,6.7202],"rotation":{"angle":45,"axis":"y","origin":[11.34835,0.51,4.4702]},"faces":{"north":{"uv":[0,0,3,1],"texture":"#0"},"east":{"uv":[8.25,6,0,4],"texture":"#2"},"south":{"uv":[0,0,3,1],"texture":"#0"},"west":{"uv":[0,0,4.25,1],"texture":"#0"},"up":{"uv":[9,5,16,13.25],"texture":"#1"},"down":{"uv":[9,3,16,11.25],"texture":"#1"}}},{"name":"bord","from":[3.15185,0.01,2.46936],"to":[6.15185,0.99,6.71936],"rotation":{"angle":-45,"axis":"y","origin":[4.65185,0.51,4.46936]},"faces":{"north":{"uv":[0,0,3,1],"texture":"#0"},"east":{"uv":[0,0,4.25,1],"texture":"#0"},"south":{"uv":[0,0,3,1],"texture":"#0"},"west":{"uv":[0,0,8.25,2],"texture":"#2"},"up":{"uv":[0,4,7,12.25],"texture":"#1"},"down":{"uv":[1,3,8,11.25],"texture":"#1"}}},{"name":"bord","from":[2.97457,0.01,9.35385],"to":[5.97457,0.99,13.60385],"rotation":{"angle":45,"axis":"y","origin":[4.47457,0.51,11.35385]},"faces":{"north":{"uv":[0,0,3,1],"texture":"#0"},"east":{"uv":[0,0,4.25,1],"texture":"#0"},"south":{"uv":[0,0,3,1],"texture":"#0"},"west":{"uv":[0,0,8.25,2],"texture":"#2"},"up":{"uv":[0,1,7,9.25],"texture":"#1"},"down":{"uv":[1,1,8,9.25],"texture":"#1"}}},{"name":"bord","from":[11,0,5],"to":[14,1,11],"rotation":{"angle":0,"axis":"y","origin":[17,0.5,8]},"faces":{"north":{"uv":[0,0,3,1],"texture":"#0"},"east":{"uv":[0,0,10,2],"texture":"#2"},"south":{"uv":[0,0,3,1],"texture":"#0"},"west":{"uv":[0,0,6,1],"texture":"#0"},"up":{"uv":[10,2,16,14],"texture":"#1"},"down":{"uv":[10,2,16,14],"texture":"#1"}}},{"name":"bord","from":[5,0,5],"to":[11,1,11],"rotation":{"angle":0,"axis":"y","origin":[11,0.5,8]},"faces":{"north":{"uv":[0,0,3,1],"texture":"#0"},"east":{"uv":[0,0,6,1],"texture":"#0"},"south":{"uv":[0,0,3,1],"texture":"#0"},"west":{"uv":[0,0,6,1],"texture":"#0"},"up":{"uv":[3,2,15,14],"texture":"#1"},"down":{"uv":[3,2,15,13],"texture":"#1"}}},{"name":"bord","from":[5,0,11],"to":[11,1,14],"rotation":{"angle":0,"axis":"y","origin":[11,0.5,11]},"faces":{"north":{"uv":[0,0,3,1],"texture":"#0"},"east":{"uv":[0,0,6,1],"texture":"#2"},"south":{"uv":[0,0,10,2],"texture":"#2"},"west":{"uv":[0,0,9,2],"texture":"#2"},"up":{"uv":[3,10,15,16],"texture":"#1"},"down":{"uv":[2,0,14,6],"texture":"#1"}}},{"name":"bord","from":[2,0,5],"to":[5,1,11],"rotation":{"angle":0,"axis":"y","origin":[8,0.5,8]},"faces":{"north":{"uv":[0,0,3,1],"texture":"#0"},"east":{"uv":[0,0,9,2],"texture":"#2"},"south":{"uv":[0,0,3,1],"texture":"#0"},"west":{"uv":[0,0,9,2],"texture":"#2"},"up":{"uv":[0,2,6,14],"texture":"#1"},"down":{"uv":[0,2,6,14],"texture":"#1"}}},{"name":"bord","from":[5,0,2],"to":[11,1,5],"faces":{"north":{"uv":[0,0,10,2],"texture":"#2"},"east":{"uv":[0,0,3,1],"texture":"#0"},"south":{"uv":[0,0,6,1],"texture":"#2"},"west":{"uv":[0,0,3,1],"texture":"#2"},"up":{"uv":[3,0,15,6],"texture":"#1"},"down":{"uv":[2,10,14,16],"texture":"#1"}}}],"display":{"head":{"rotation":[0,69,0],"translation":[0,14.5,0]},"gui":{"rotation":[6,-15,0],"translation":[0.5,0.5,0]}},"groups":[{"name":"pancake","isOpen":true,"shade":true,"display":{"visibility":true,"autouv":true},"children":[0,1,2,3,4,5,6,7,8]},{"name":"pancake","shade":true,"display":{"visibility":true,"autouv":true},"children":[9,10,11,12,13,14,15,16,17]}],"credit":"Model by Craftventure"}