{"textures":{"texture":"block/note_block","crafting_table_top":"block/crafting_table_top","glass":"block/glass2","castle":"block/castle"},"elements":[{"name":"cube","from":[3,0,3],"to":[13,3,13],"faces":{"north":{"uv":[4,1,12,4],"texture":"#texture"},"east":{"uv":[4,1,12,4],"texture":"#texture"},"south":{"uv":[4,1,12,4],"texture":"#texture"},"west":{"uv":[4,1,12,4],"texture":"#texture"},"up":{"uv":[3,3,13,13],"texture":"#crafting_table_top"},"down":{"uv":[3,3,13,13],"texture":"#crafting_table_top"}},"type":"cube"},{"name":"cube","from":[2,2.5,2],"to":[14,14,14],"faces":{"north":{"uv":[0,0,16,16],"texture":"#glass"},"east":{"uv":[0,0,16,16],"texture":"#glass"},"south":{"uv":[0,0,16,16],"texture":"#glass"},"west":{"uv":[0,0,16,16],"texture":"#glass"},"up":{"uv":[0,0,16,16],"texture":"#glass"},"down":{"uv":[0,0,16,16],"texture":"#glass"}},"type":"cube"},{"name":"cube","from":[3.5,3,12.3125],"to":[15.5,13,12.375],"faces":{"north":{"uv":[0,0,16,16],"texture":"#castle"},"east":{"uv":[7.5,0,0,0],"texture":"#castle"},"south":{"uv":[16,0,0,16],"texture":"#castle"},"west":{"uv":[7.5,0,0,0],"texture":"#castle"},"up":{"uv":[0.5,0,14.5,0],"texture":"#castle"},"down":{"uv":[0.5,0,14.5,0],"texture":"#castle"}},"rotation":{"origin":[3.5,3,12.3125],"axis":"y","angle":45},"type":"cube"},{"name":"cube","from":[3.6875,3,3.6875],"to":[15.6875,13,3.75],"faces":{"north":{"uv":[0,0,16,16],"texture":"#castle"},"east":{"uv":[7.5,0,0,0],"texture":"#castle"},"south":{"uv":[16,0,0,16],"texture":"#castle"},"west":{"uv":[7.5,0,0,0],"texture":"#castle"},"up":{"uv":[1,7.5,1,0],"texture":"#castle"},"down":{"uv":[1,7.5,1,0],"texture":"#castle"}},"rotation":{"origin":[3.6875,3,3.6875],"axis":"y","angle":-45},"type":"cube"}],"display":{"head":{"rotation":[0,0,0],"translation":[2,4,0],"scale":[1,1,1]},"gui":{"scale":[1,1,1],"translation":[0,1,0]}},"credit":"Model by Craftventure"}