{
  "parent":"item/handheld","textures":
  {
    "layer0":"item/diamond_sword"
  },
  
  "overrides":[
  
    {"predicate":{"custom_model_data":1},"model":"item/ride/fenrir_front"},
    {"predicate":{"custom_model_data":2},"model":"item/ride/fenrir_normal"},
    {"predicate":{"custom_model_data":3},"model":"item/ride/rapid"},
    {"predicate":{"custom_model_data":4},"model":"item/ride/pinatafiesta"},
    {"predicate":{"custom_model_data":5},"model":"item/ride/logflume"},
    {"predicate":{"custom_model_data":6},"model":"item/ride/tlaloc_arm"},
    {"predicate":{"custom_model_data":7},"model":"item/ride/tlaloc_centerarm"},
    {"predicate":{"custom_model_data":8},"model":"item/ride/tlaloc_side"},
    {"predicate":{"custom_model_data":9},"model":"item/ride/tlaloc_normal"},
    {"predicate":{"custom_model_data":10},"model":"item/ride/mexicoloco"},
    {"predicate":{"custom_model_data":11},"model":"item/nlp/placeholder"},
    {"predicate":{"custom_model_data":12},"model":"item/misc/placeholder"},
    {"predicate":{"custom_model_data":13},"model":"item/ride/boot_midden"},
    {"predicate":{"custom_model_data":14},"model":"item/ride/boot_buiten"},
    {"predicate":{"custom_model_data":15},"model":"item/ride/boot_balk"},
    {"predicate":{"custom_model_data":16},"model":"item/ride/rapid_lift"},
    {"predicate":{"custom_model_data":17},"model":"item/ride/fenrir_normalback"},
    {"predicate":{"custom_model_data":18},"model":"item/ride/fenrir_normalfront"},
    {"predicate":{"custom_model_data":19},"model":"item/ride/pinatafiesta_plaat"},
    {"predicate":{"custom_model_data":20},"model":"item/ride/ccr_cart"},
    {"predicate":{"custom_model_data":21},"model":"item/ride/ccr_loco"},
    {"predicate":{"custom_model_data":22},"model":"item/ride/gonbao"},
    {"predicate":{"custom_model_data":23},"model":"item/ride/eaglefury"},
    {"predicate":{"custom_model_data":24},"model":"item/ride/fenghuang_normal"},
    {"predicate":{"custom_model_data":25},"model":"item/ride/sm_front"},
    {"predicate":{"custom_model_data":26},"model":"item/ride/sm_normal"},
    {"predicate":{"custom_model_data":27},"model":"item/misc/placeholder"},
    {"predicate":{"custom_model_data":28},"model":"item/ride/seasouls_boat"},
    {"predicate":{"custom_model_data":29},"model":"item/ride/fenghuang_rechts"},
    {"predicate":{"custom_model_data":30},"model":"item/ride/fenghuang_links"},
    {"predicate":{"custom_model_data":31},"model":"item/ride/hyperion"},
    {"predicate":{"custom_model_data":32},"model":"item/ride/soarin"},
    {"predicate":{"custom_model_data":33},"model":"item/ride/indy"},
    {"predicate":{"custom_model_data":34},"model":"item/karts/spongebob"},
    {"predicate":{"custom_model_data":35},"model":"item/karts/golfcaddy"},
    {"predicate":{"custom_model_data":36},"model":"item/misc/placeholder"},
    {"predicate":{"custom_model_data":37},"model":"item/karts/wheelchair"},
    {"predicate":{"custom_model_data":38},"model":"item/misc/placeholder"},
    {"predicate":{"custom_model_data":39},"model":"item/misc/placeholder"},
    {"predicate":{"custom_model_data":40},"model":"item/misc/placeholder"},
    {"predicate":{"custom_model_data":41},"model":"item/misc/placeholder"},
    {"predicate":{"custom_model_data":42},"model":"item/misc/placeholder"},
    {"predicate":{"custom_model_data":43},"model":"item/misc/placeholder"},
    {"predicate":{"custom_model_data":44},"model":"item/misc/placeholder"},
    {"predicate":{"custom_model_data":45},"model":"item/misc/placeholder"},
    {"predicate":{"custom_model_data":46},"model":"item/misc/placeholder"},
    {"predicate":{"custom_model_data":47},"model":"item/misc/placeholder"},
    {"predicate":{"custom_model_data":48},"model":"item/misc/placeholder"},
    {"predicate":{"custom_model_data":49},"model":"item/misc/placeholder"},
    {"predicate":{"custom_model_data":50},"model":"item/misc/placeholder"},
    {"predicate":{"custom_model_data":51},"model":"item/misc/placeholder"},
    {"predicate":{"custom_model_data":52},"model":"item/misc/placeholder"},
    {"predicate":{"custom_model_data":53},"model":"item/misc/placeholder"},
    {"predicate":{"custom_model_data":54},"model":"item/misc/placeholder"},
    {"predicate":{"custom_model_data":55},"model":"item/misc/placeholder"},
    {"predicate":{"custom_model_data":56},"model":"item/misc/placeholder"},
    {"predicate":{"custom_model_data":57},"model":"item/misc/placeholder"},
    {"predicate":{"custom_model_data":58},"model":"item/misc/placeholder"},
    {"predicate":{"custom_model_data":59},"model":"item/misc/placeholder"},
    {"predicate":{"custom_model_data":60},"model":"item/misc/placeholder"},
    {"predicate":{"custom_model_data":61},"model":"item/misc/placeholder"},
    {"predicate":{"custom_model_data":62},"model":"item/misc/placeholder"},
    {"predicate":{"custom_model_data":63},"model":"item/misc/placeholder"},
    {"predicate":{"custom_model_data":64},"model":"item/misc/placeholder"},
    {"predicate":{"custom_model_data":65},"model":"item/misc/placeholder"},
    {"predicate":{"custom_model_data":66},"model":"item/misc/placeholder"},
    {"predicate":{"custom_model_data":67},"model":"item/misc/placeholder"},
    {"predicate":{"custom_model_data":68},"model":"item/misc/placeholder"},
    {"predicate":{"custom_model_data":69},"model":"item/misc/placeholder"},
    {"predicate":{"custom_model_data":70},"model":"item/misc/placeholder"},
    {"predicate":{"custom_model_data":71},"model":"item/misc/placeholder"},
    {"predicate":{"custom_model_data":72},"model":"item/ride/eurobat_mid"},
    {"predicate":{"custom_model_data":73},"model":"item/ride/eurobat_front"},
    {"predicate":{"custom_model_data":74},"model":"item/karts/bone_rattler"},
    {"predicate":{"custom_model_data":75},"model":"item/karts/normal_sleigh"},
    {"predicate":{"custom_model_data":76},"model":"item/karts/santa_sleigh"},
    {"predicate":{"custom_model_data":77},"model":"item/props/indy_rock"},
    {"predicate":{"custom_model_data":78},"model":"item/ride/skyfoogle"},
    {"predicate":{"custom_model_data":79},"model":"item/ride/chairswing"},
    {"predicate":{"custom_model_data":80},"model":"item/karts/mm18"},
    {"predicate":{"custom_model_data":81},"model":"item/ride/koeken"},
    {"predicate":{"custom_model_data":82},"model":"item/misc/placeholder"},
    {"predicate":{"custom_model_data":83},"model":"item/misc/placeholder"},
    {"predicate":{"custom_model_data":84},"model":"item/karts/default"},
    {"predicate":{"custom_model_data":85},"model":"item/karts/hyperion/ben"},
    {"predicate":{"custom_model_data":86},"model":"item/ride/madhouse_midden_links"},
    {"predicate":{"custom_model_data":87},"model":"item/ride/madhouse_midden_midden"},
    {"predicate":{"custom_model_data":88},"model":"item/ride/madhouse_midden_rechts"},
    {"predicate":{"custom_model_data":89},"model":"item/ride/madhouse_bank_links"},
    {"predicate":{"custom_model_data":90},"model":"item/ride/madhouse_bank_midden"},
    {"predicate":{"custom_model_data":91},"model":"item/ride/madhouse_bank_rechts"},
    {"predicate":{"custom_model_data":92},"model":"item/misc/koekenwagon"},
    {"predicate":{"custom_model_data":93},"model":"item/arm/monkey"},
    {"predicate":{"custom_model_data":94},"model":"item/arm/joeywp"},
    {"predicate":{"custom_model_data":95},"model":"item/arm/naked"},
    {"predicate":{"custom_model_data":96},"model":"item/arm/nakeddark"},
    {"predicate":{"custom_model_data":97},"model":"item/ride/skyfoogle_summer"},
    {"predicate":{"custom_model_data":98},"model":"item/karts/lowrider"},
    {"predicate":{"custom_model_data":99},"model":"item/ride/vladimir_top"},
    {"predicate":{"custom_model_data":100},"model":"item/ride/vladimir_bottom"},
    {"predicate":{"custom_model_data":101},"model":"item/ride/train_loco"},
    {"predicate":{"custom_model_data":102},"model":"item/ride/train_coal"},
    {"predicate":{"custom_model_data":103},"model":"item/ride/train_wagon"},
    {"predicate":{"custom_model_data":104},"model":"item/karts/cauldron"},
    {"predicate":{"custom_model_data":105},"model":"item/ride/skilift"},
    {"predicate":{"custom_model_data":106},"model":"item/misc/placeholder"},
    {"predicate":{"custom_model_data":107},"model":"item/misc/placeholder"},
    {"predicate":{"custom_model_data":108},"model":"item/ride/winter_slide"},
    {"predicate":{"custom_model_data":109},"model":"item/misc/placeholder"},
    {"predicate":{"custom_model_data":110},"model":"item/misc/placeholder"},
    {"predicate":{"custom_model_data":111},"model":"item/misc/placeholder"},
    {"predicate":{"custom_model_data":112},"model":"item/misc/placeholder"},
    {"predicate":{"custom_model_data":113},"model":"item/misc/placeholder"},
    {"predicate":{"custom_model_data":114},"model":"item/misc/placeholder"},
    {"predicate":{"custom_model_data":115},"model":"item/misc/placeholder"},
    {"predicate":{"custom_model_data":116},"model":"item/misc/placeholder"},
    {"predicate":{"custom_model_data":117},"model":"item/misc/placeholder"},
    {"predicate":{"custom_model_data":118},"model":"item/misc/placeholder"},
    {"predicate":{"custom_model_data":119},"model":"item/misc/placeholder"},
    {"predicate":{"custom_model_data":120},"model":"item/misc/placeholder"},
    {"predicate":{"custom_model_data":121},"model":"item/misc/placeholder"},
    {"predicate":{"custom_model_data":122},"model":"item/misc/placeholder"},
    {"predicate":{"custom_model_data":123},"model":"item/misc/placeholder"},
    {"predicate":{"custom_model_data":124},"model":"item/misc/placeholder"},
    {"predicate":{"custom_model_data":125},"model":"item/misc/placeholder"},
    {"predicate":{"custom_model_data":126},"model":"item/karts/beer_barrel"},
    {"predicate":{"custom_model_data":127},"model":"item/karts/test/chassis"},
    {"predicate":{"custom_model_data":128},"model":"item/karts/test/wheel"},
    {"predicate":{"custom_model_data":129},"model":"item/karts/parrot"},
    {"predicate":{"custom_model_data":130},"model":"item/ride/waffle"},
    {"predicate":{"custom_model_data":131},"model":"item/misc/placeholder"},
    {"predicate":{"custom_model_data":132},"model":"item/misc/placeholder"},
    {"predicate":{"custom_model_data":133},"model":"item/misc/placeholder"},
    {"predicate":{"custom_model_data":134},"model":"item/misc/placeholder"},
    {"predicate":{"custom_model_data":135},"model":"item/ride/minecart"},
    {"predicate":{"custom_model_data":136},"model":"item/ride/chernobular_front"},
    {"predicate":{"custom_model_data":137},"model":"item/ride/chernobular_normal"},
    {"predicate":{"custom_model_data":138},"model":"item/karts/tank/barrel"},
    {"predicate":{"custom_model_data":139},"model":"item/karts/tank/bottom"},
    {"predicate":{"custom_model_data":140},"model":"item/karts/tank/turret"},
    {"predicate":{"custom_model_data":141},"model":"item/karts/tank/full"},
    {"predicate":{"custom_model_data":142},"model":"item/misc/placeholder"},
    {"predicate":{"custom_model_data":143},"model":"item/bikes/tracer"},
    {"predicate":{"custom_model_data":144},"model":"item/misc/placeholder"},
    {"predicate":{"custom_model_data":145},"model":"item/karts/scooter"},
    {"predicate":{"custom_model_data":146},"model":"item/karts/bee"},
    {"predicate":{"custom_model_data":147},"model":"item/misc/placeholder"}
  
  ]
}