{"textures":{"1":"block/brain_coral_block","2":"block/prismarine","4":"block/bubble_coral_block","5":"block/dark_prismarine","6":"block/cyan_concrete_powder","particle":"block/brain_coral_block"},"elements":[{"from":[7.65,-2.03816,7.5],"to":[8.35,0.46184,8.2],"faces":{"north":{"uv":[3,11,15.9,16],"rotation":90,"texture":"#5"},"east":{"uv":[3,11,15.9,16],"rotation":90,"texture":"#5"},"south":{"uv":[3,11,15.9,16],"rotation":90,"texture":"#5"},"west":{"uv":[3,11,15.9,16],"rotation":90,"texture":"#5"},"up":{"uv":[3,11,15.9,16],"rotation":90,"texture":"#5"},"down":{"uv":[3,11,15.9,16],"rotation":90,"texture":"#5"}}},{"from":[7.5,-2.3,7.35],"to":[8.5,-2.05,8.35],"faces":{"north":{"uv":[0,3,0.9,4],"rotation":90,"texture":"#2"},"east":{"uv":[0,3,0.9,4],"rotation":90,"texture":"#2"},"south":{"uv":[0,3,0.9,4],"rotation":90,"texture":"#2"},"west":{"uv":[0,3,0.9,4],"rotation":90,"texture":"#2"},"up":{"uv":[0,3,0.9,4],"rotation":90,"texture":"#2"},"down":{"uv":[0,3,0.9,4],"rotation":90,"texture":"#2"}}},{"from":[7.4,0.4,7.25],"to":[8.6,0.65,8.45],"faces":{"north":{"uv":[0,3,0.9,4],"rotation":90,"texture":"#2"},"east":{"uv":[0,3,0.9,4],"rotation":90,"texture":"#2"},"south":{"uv":[0,3,0.9,4],"rotation":90,"texture":"#2"},"west":{"uv":[0,3,0.9,4],"rotation":90,"texture":"#2"},"up":{"uv":[0,3,0.9,4],"rotation":90,"texture":"#2"},"down":{"uv":[0,3,0.9,4],"rotation":90,"texture":"#2"}}},{"from":[7.6,-2.6,7.45],"to":[8.4,-2.2,8.25],"faces":{"north":{"uv":[13,3,15.9,8],"rotation":90,"texture":"#5"},"east":{"uv":[9,7,11.9,12],"rotation":90,"texture":"#5"},"south":{"uv":[13,7,15.9,12],"rotation":90,"texture":"#5"},"west":{"uv":[9,3,11.9,8],"rotation":90,"texture":"#5"},"up":{"uv":[11,3,15.9,8],"rotation":90,"texture":"#5"},"down":{"uv":[7,3,11.9,8],"rotation":90,"texture":"#5"}}},{"from":[7.5,0.46194,7.40866],"to":[8.5,2.46194,8.30866],"faces":{"north":{"uv":[0,0,2.9,5],"texture":"#4"},"east":{"uv":[3,0,5.9,5],"texture":"#4"},"south":{"uv":[6,0,8.9,5],"texture":"#1"},"west":{"uv":[9,0,11.9,5],"texture":"#4"},"up":{"uv":[0,0,3,2.9],"texture":"#4"},"down":{"uv":[0,0,3,2.9],"texture":"#4"}}},{"from":[7.55,2.46194,7.45866],"to":[8.45,3.46194,8.25866],"faces":{"north":{"uv":[0,5,2.8,8],"texture":"#4"},"east":{"uv":[3,5,5.8,8],"texture":"#4"},"south":{"uv":[6,5,8.8,8],"texture":"#1"},"west":{"uv":[9,5,11.8,8],"texture":"#4"},"up":{"uv":[0,0,2.8,3],"texture":"#4"},"down":{"uv":[0,0,2.8,3],"texture":"#4"}}},{"from":[7.7,6.95668,8.84859],"to":[8.3,7.95668,9.44859],"rotation":{"angle":22.5,"axis":"x","origin":[8.05,12.95668,8.9847]},"faces":{"north":{"uv":[0,4,1.7,7],"texture":"#4"},"east":{"uv":[2,4,3.7,7],"texture":"#4"},"south":{"uv":[4,4,5.7,7],"texture":"#1"},"west":{"uv":[6,4,7.7,7],"texture":"#4"},"up":{"uv":[0,0,1.7,2],"texture":"#4"},"down":{"uv":[0,0,1.7,2],"texture":"#4"}}},{"from":[7.65,5.46549,6.56285],"to":[8.35,7.46549,7.26285],"faces":{"north":{"uv":[0,11,1.7,16],"texture":"#4"},"east":{"uv":[2,11,3.7,16],"texture":"#4"},"south":{"uv":[3,11,4.7,16],"texture":"#1"},"west":{"uv":[5,11,6.7,16],"texture":"#4"},"up":{"uv":[0,0,1.7,2],"texture":"#4"},"down":{"uv":[0,0,1.7,2],"texture":"#4"}}},{"from":[7.75,6.8507,10.35555],"to":[8.25,7.7507,10.85555],"rotation":{"angle":45,"axis":"x","origin":[8.09,11.73629,10.50788]},"faces":{"north":{"uv":[6,6,7.5,8.9],"texture":"#4"},"east":{"uv":[8,6,9.5,8.9],"texture":"#4"},"south":{"uv":[10,6,11.5,8.9],"texture":"#1"},"west":{"uv":[12,6,13.5,8.9],"texture":"#4"},"up":{"uv":[0,0,0.5,0.5],"texture":"#4"},"down":{"uv":[0,0,0.5,0.5],"texture":"#4"}}},{"from":[7.8,10.54731,7.13286],"to":[8.2,10.94731,7.83286],"rotation":{"angle":-22.5,"axis":"x","origin":[8.45,11.11534,12.18753]},"faces":{"north":{"uv":[0,0,1.4,1.4],"rotation":180,"texture":"#4"},"east":{"uv":[0,0,1.4,1.4],"rotation":180,"texture":"#4"},"south":{"uv":[0,0,1.4,1.4],"rotation":180,"texture":"#4"},"west":{"uv":[0,0,1.4,1.4],"rotation":180,"texture":"#4"},"up":{"uv":[0,0,1.4,1.4],"rotation":180,"texture":"#4"},"down":{"uv":[0,0,1.4,1.4],"rotation":180,"texture":"#1"}}},{"from":[7.85,8.99365,8.22864],"to":[8.15,9.29365,8.82864],"faces":{"north":{"uv":[0,0,0.3,0.6],"rotation":180,"texture":"#4"},"east":{"uv":[0,0,0.3,0.6],"rotation":180,"texture":"#4"},"south":{"uv":[0,0,0.3,0.6],"rotation":180,"texture":"#4"},"west":{"uv":[0,0,0.3,0.6],"rotation":180,"texture":"#4"},"up":{"uv":[0,0,0.3,0.6],"rotation":180,"texture":"#4"},"down":{"uv":[0,0,0.3,0.6],"rotation":180,"texture":"#1"}}},{"from":[7.6,3.23791,7.30431],"to":[8.4,5.73791,8.10431],"rotation":{"angle":-22.5,"axis":"x","origin":[8,3.73791,7.61834]},"faces":{"north":{"uv":[0,9,2.8,15.5],"texture":"#4"},"east":{"uv":[3,9,5.8,15.5],"texture":"#4"},"south":{"uv":[6,9,8.8,15.5],"texture":"#1"},"west":{"uv":[9,9,11.8,15.5],"texture":"#4"},"up":{"uv":[0,0,2.8,2.5],"texture":"#4"},"down":{"uv":[0,0,2.8,2.5],"texture":"#4"}}},{"from":[7.9,7.85706,8.70202],"to":[8.1,8.05706,9.20202],"rotation":{"angle":22.5,"axis":"x","origin":[8.65,8.35706,11.87371]},"faces":{"north":{"uv":[0,0,0.2,0.5],"rotation":270,"texture":"#4"},"east":{"uv":[0,0,0.2,0.5],"rotation":270,"texture":"#4"},"south":{"uv":[0,0,0.2,0.5],"rotation":270,"texture":"#1"},"west":{"uv":[0,0,0.2,0.5],"rotation":270,"texture":"#4"},"up":{"uv":[0,0,0.2,0.5],"rotation":270,"texture":"#4"},"down":{"uv":[0,0,0.2,0.5],"rotation":270,"texture":"#1"}}},{"name":"zuig","from":[7.8,2,8.30988],"to":[8.2,2.4,8.40988],"faces":{"north":{"uv":[0,0,0.4,0.4],"texture":"#6"},"east":{"uv":[0,0,0.4,0.4],"texture":"#6"},"south":{"uv":[10,5,12.4,7.4],"texture":"#6"},"west":{"uv":[0,0,0.4,0.4],"texture":"#6"},"up":{"uv":[0,0,0.4,0.4],"texture":"#6"},"down":{"uv":[0,0,0.4,0.4],"texture":"#6"}}},{"name":"zuig","from":[7.8,3,8.25],"to":[8.15,3.35,8.35],"faces":{"north":{"uv":[0,0,0.35,0.35],"texture":"#6"},"east":{"uv":[0,0,0.35,0.35],"texture":"#6"},"south":{"uv":[4,6,6.35,8.35],"texture":"#6"},"west":{"uv":[0,0,0.35,0.35],"texture":"#6"},"up":{"uv":[0,0,0.35,0.35],"texture":"#6"},"down":{"uv":[0,0,0.35,0.35],"texture":"#6"}}},{"name":"zuig","from":[7.85,6,7.25],"to":[8.15,6.3,7.35],"faces":{"north":{"uv":[0,0,0.35,0.35],"texture":"#6"},"east":{"uv":[0,0,0.35,0.35],"texture":"#6"},"south":{"uv":[4,5,6.35,7.35],"texture":"#6"},"west":{"uv":[0,0,0.35,0.35],"texture":"#6"},"up":{"uv":[0,0,0.35,0.35],"texture":"#6"},"down":{"uv":[0,0,0.35,0.35],"texture":"#6"}}},{"name":"zuig","from":[7.9,7,7.25],"to":[8.15,7.25,7.35],"faces":{"north":{"uv":[0,0,0.35,0.35],"texture":"#6"},"east":{"uv":[0,0,0.35,0.35],"texture":"#6"},"south":{"uv":[0,3,2.35,5.35],"texture":"#6"},"west":{"uv":[0,0,0.35,0.35],"texture":"#6"},"up":{"uv":[0,0,0.35,0.35],"texture":"#6"},"down":{"uv":[0,0,0.35,0.35],"texture":"#6"}}},{"name":"zuig","from":[7.9,7.23614,8.51435],"to":[8.1,7.43614,8.56435],"rotation":{"angle":22.5,"axis":"x","origin":[8.349,10.39809,9.57422]},"faces":{"north":{"uv":[0,0,0.35,0.35],"texture":"#6"},"east":{"uv":[0,0,0.35,0.35],"texture":"#6"},"south":{"uv":[8,5,10.35,7.35],"texture":"#6"},"west":{"uv":[0,0,0.35,0.35],"texture":"#6"},"up":{"uv":[0,0,0.35,0.35],"texture":"#6"},"down":{"uv":[0,0,0.35,0.35],"texture":"#6"}}},{"name":"zuig","from":[7.925,6.7,9.71854],"to":[8.075,6.85,9.76854],"rotation":{"angle":45,"axis":"x","origin":[8.50177,10.01534,10.77841]},"faces":{"north":{"uv":[0,0,0.35,0.35],"texture":"#6"},"east":{"uv":[0,0,0.35,0.35],"texture":"#6"},"south":{"uv":[10,1,12.35,3.35],"texture":"#6"},"west":{"uv":[0,0,0.35,0.35],"texture":"#6"},"up":{"uv":[0,0,0.35,0.35],"texture":"#6"},"down":{"uv":[0,0,0.35,0.35],"texture":"#6"}}},{"name":"zuig","from":[7.9125,10.18,8.2],"to":[8.0625,10.23,8.35],"rotation":{"angle":-22.5,"axis":"x","origin":[8.62989,9.15481,11.70998]},"faces":{"north":{"uv":[0,0,0.35,0.35],"rotation":180,"texture":"#6"},"east":{"uv":[0,0,0.35,0.35],"rotation":270,"texture":"#6"},"south":{"uv":[0,0,0.35,0.35],"texture":"#6"},"west":{"uv":[0,0,0.35,0.35],"rotation":90,"texture":"#6"},"up":{"uv":[0,0,0.35,0.35],"rotation":180,"texture":"#6"},"down":{"uv":[0,3,2.35,5.35],"texture":"#6"}}},{"name":"zuig","from":[7.95,8.96373,8.6],"to":[8.05,8.99373,8.7],"faces":{"north":{"uv":[0,0,0.35,0.35],"rotation":180,"texture":"#6"},"east":{"uv":[0,0,0.35,0.35],"rotation":270,"texture":"#6"},"south":{"uv":[0,0,0.35,0.35],"texture":"#6"},"west":{"uv":[0,0,0.35,0.35],"rotation":90,"texture":"#6"},"up":{"uv":[0,0,0.35,0.35],"rotation":180,"texture":"#6"},"down":{"uv":[0,3,2.35,5.35],"texture":"#6"}}},{"name":"zuig","from":[7.8,3.5,5.51106],"to":[8.15,3.85,5.61106],"rotation":{"angle":-22.5,"axis":"x","origin":[8.44584,10.10685,5.57094]},"faces":{"north":{"uv":[0,0,0.35,0.35],"texture":"#6"},"east":{"uv":[0,0,0.35,0.35],"texture":"#6"},"south":{"uv":[8,8,10.35,10.35],"texture":"#6"},"west":{"uv":[0,0,0.35,0.35],"texture":"#6"},"up":{"uv":[0,0,0.35,0.35],"texture":"#6"},"down":{"uv":[0,0,0.35,0.35],"texture":"#6"}}},{"name":"zuig","from":[7.8,4.5,5.51106],"to":[8.15,4.85,5.61106],"rotation":{"angle":-22.5,"axis":"x","origin":[8.44584,10.10685,5.57094]},"faces":{"north":{"uv":[0,0,0.35,0.35],"texture":"#6"},"east":{"uv":[0,0,0.35,0.35],"texture":"#6"},"south":{"uv":[7,4,9.35,6.35],"texture":"#6"},"west":{"uv":[0,0,0.35,0.35],"texture":"#6"},"up":{"uv":[0,0,0.35,0.35],"texture":"#6"},"down":{"uv":[0,0,0.35,0.35],"texture":"#6"}}},{"name":"zuig","from":[7.8,1,8.30988],"to":[8.2,1.4,8.40988],"faces":{"north":{"uv":[0,0,0.4,0.4],"texture":"#6"},"east":{"uv":[0,0,0.4,0.4],"texture":"#6"},"south":{"uv":[8,6,10.4,8.4],"texture":"#6"},"west":{"uv":[0,0,0.4,0.4],"texture":"#6"},"up":{"uv":[0,0,0.4,0.4],"texture":"#6"},"down":{"uv":[0,0,0.4,0.4],"texture":"#6"}}}],"display":{"thirdperson_righthand":{"rotation":[0,20,0],"translation":[0,15.5,2],"scale":[2,2,2]},"thirdperson_lefthand":{"rotation":[0,20,0],"translation":[0,15.5,2],"scale":[2,2,2]},"firstperson_righthand":{"rotation":[-40,15,0],"translation":[-2,8,0],"scale":[2,2,2]},"firstperson_lefthand":{"rotation":[-40,15,0],"translation":[-2,8,0],"scale":[2,2,2]},"gui":{"rotation":[90,45,-90],"translation":[5,4.75,0],"scale":[1.5,1.5,1.5]}},"credit":"Model by Craftventure"}