{"textures":{"0":"block/anvil","1":"block/dark_oak_planks","2":"block/spruce_planks","3":"block/black_concrete","4":"block/clay","6":"block/brown_terracotta","7":"block/cauldron_inner","8":"block/brown_concrete","9":"block/brown_concrete_powder","10":"block/cracked_stone_bricks","14":"block/white_concrete","15":"block/gold_block","17":"item/nether_star","18":"block/piston_inner"},"elements":[{"name":"Cube","from":[-6.6,-0.8,-0.1],"to":[17.1,0.2,16.1],"faces":{"north":{"uv":[0,0,16,1],"texture":"#0"},"east":{"uv":[0,0,16,1],"texture":"#0"},"south":{"uv":[0,0,16,1],"texture":"#0"},"west":{"uv":[0,0,16,1],"texture":"#0"},"up":{"uv":[0,0,16,16],"texture":"#0"},"down":{"uv":[0,0,16,16],"texture":"#0"}}},{"name":"Cube","from":[-6.6,0,0],"to":[16.9,1,16],"faces":{"north":{"uv":[0,0,16,1],"texture":"#1"},"east":{"uv":[0,0,16,1],"texture":"#1"},"south":{"uv":[0,0,16,1],"texture":"#1"},"west":{"uv":[0,0,16,1],"texture":"#1"},"up":{"uv":[0,0,16,16],"texture":"#1"},"down":{"uv":[0,0,16,16],"texture":"#1"}}},{"name":"Cube","from":[-6.2,1,-0.2],"to":[16.8,3.5,1.2],"faces":{"north":{"uv":[0,0,16,3],"texture":"#2"},"east":{"uv":[0,1,2,4],"texture":"#2"},"south":{"uv":[0,0,16,3],"texture":"#2"},"west":{"uv":[0,1,16,4],"texture":"#2"},"up":{"uv":[0,2,16,4],"texture":"#2"},"down":{"uv":[0,2,15,4],"texture":"#2"}}},{"name":"Cube","from":[-6.2,1,14.8],"to":[16.8,3.5,16.2],"faces":{"north":{"uv":[0,0,16,3],"texture":"#2"},"east":{"uv":[1,1,2,4],"texture":"#2"},"south":{"uv":[0,0,16,3],"texture":"#2"},"west":{"uv":[0,0,16,1],"texture":"#2"},"up":{"uv":[0,2,16,4],"texture":"#2"},"down":{"uv":[0,0,15,2],"texture":"#2"}}},{"name":"Cube","from":[-7.835,1,2.15],"to":[-6.435,4.49,3.75],"rotation":{"angle":45,"axis":"y","origin":[8,8,8]},"faces":{"north":{"uv":[0,0,16,1],"texture":"#2"},"east":{"uv":[0,0,16,1],"texture":"#2"},"south":{"uv":[0,0,16,1],"texture":"#2"},"west":{"uv":[0,0,3,2],"texture":"#2"},"up":{"uv":[3,4,7,6],"texture":"#2"},"down":{"uv":[0,0,5,3],"texture":"#2"}}},{"name":"Cube","from":[-8.87,1,4.15],"to":[-7.47,4.5,8.65],"rotation":{"angle":22.5,"axis":"y","origin":[8,8,8]},"faces":{"north":{"uv":[0,0,16,1],"texture":"#2"},"east":{"uv":[0,0,7,4],"texture":"#2"},"south":{"uv":[0,0,16,1],"texture":"#2"},"west":{"uv":[0,0,7,3],"texture":"#2"},"up":{"uv":[3,4,6,3],"texture":"#2"},"down":{"uv":[0,0,4,3],"texture":"#2"}}},{"name":"Cube","from":[-8.87,1,7.35],"to":[-7.47,4.5,11.85],"rotation":{"angle":-22.5,"axis":"y","origin":[8,8,8]},"faces":{"north":{"uv":[0,0,16,1],"texture":"#2"},"east":{"uv":[0,0,7,4],"texture":"#2"},"south":{"uv":[0,0,16,1],"texture":"#2"},"west":{"uv":[0,0,7,3],"texture":"#2"},"up":{"uv":[3,4,7,6],"texture":"#2"},"down":{"uv":[0,0,2,3],"texture":"#2"}}},{"name":"Cube","from":[-7.835,1,12.25],"to":[-6.435,4.49,13.85],"rotation":{"angle":-45,"axis":"y","origin":[8,8,8]},"faces":{"north":{"uv":[0,0,16,1],"texture":"#2"},"east":{"uv":[0,0,16,1],"texture":"#2"},"south":{"uv":[0,0,16,1],"texture":"#2"},"west":{"uv":[0,0,3,3],"texture":"#2"},"up":{"uv":[3,4,7,6],"texture":"#2"},"down":{"uv":[0,0,6,2],"texture":"#2"}}},{"name":"Cube","from":[-9.07,1,5.1],"to":[-7.67,4.49,10.9],"faces":{"north":{"uv":[0,0,16,1],"texture":"#2"},"east":{"uv":[0,0,9,4],"texture":"#2"},"south":{"uv":[0,0,9,4],"texture":"#2"},"west":{"uv":[0,0,7,3],"texture":"#2"},"up":{"uv":[3,4,7,6],"texture":"#2"},"down":{"uv":[2,4,3,8],"texture":"#2"}}},{"name":"Cube","from":[-9.07,-0.9,4.05],"to":[-7.57,1.2,8.65],"rotation":{"angle":22.5,"axis":"y","origin":[8,8,8]},"faces":{"north":{"uv":[0,0,16,1],"texture":"#3"},"east":{"uv":[0,0,16,1],"texture":"#3"},"south":{"uv":[0,0,16,1],"texture":"#3"},"west":{"uv":[0,0,16,1],"texture":"#3"},"up":{"uv":[3,4,6,3],"texture":"#3"},"down":{"uv":[0,0,4,3],"texture":"#3"}}},{"name":"Cube","from":[-9.27,-0.9,5.1],"to":[-7.87,1.19,10.9],"faces":{"north":{"uv":[0,0,16,1],"texture":"#3"},"east":{"uv":[0,0,16,1],"texture":"#3"},"south":{"uv":[0,0,16,1],"texture":"#3"},"west":{"uv":[0,0,16,1],"texture":"#3"},"up":{"uv":[3,4,7,6],"texture":"#3"},"down":{"uv":[2,4,3,8],"texture":"#3"}}},{"name":"Cube","from":[-9.07,-0.9,7.35],"to":[-7.67,1.2,11.95],"rotation":{"angle":-22.5,"axis":"y","origin":[8,8,8]},"faces":{"north":{"uv":[0,0,16,1],"texture":"#3"},"east":{"uv":[0,0,16,1],"texture":"#3"},"south":{"uv":[0,0,16,1],"texture":"#3"},"west":{"uv":[0,0,16,1],"texture":"#3"},"up":{"uv":[3,4,7,6],"texture":"#3"},"down":{"uv":[0,0,2,3],"texture":"#3"}}},{"name":"Cube","from":[-5.7,3.2,14.7],"to":[-1.7,3.6,16.3],"faces":{"north":{"uv":[0,0,8,1],"texture":"#4"},"east":{"uv":[0,0,7,1],"texture":"#4"},"south":{"uv":[0,0,9,1],"texture":"#4"},"west":{"uv":[0,0,8,1],"texture":"#4"},"up":{"uv":[0,4,5,6],"texture":"#4"},"down":{"uv":[0,0,5,2],"texture":"#4"}}},{"name":"Cube","from":[-1.6,1,0.3],"to":[3.8,6.9,1.5],"faces":{"north":{"uv":[0,0,5,8],"texture":"#1"},"east":{"uv":[0,0,7,1],"texture":"#1"},"south":{"uv":[0,0,6,6],"texture":"#1"},"west":{"uv":[0,0,8,1],"texture":"#1"},"up":{"uv":[0,4,5,6],"texture":"#1"},"down":{"uv":[0,0,5,2],"texture":"#1"}}},{"name":"Cube","from":[3.8,1,0.3],"to":[4.5,6.9,15.7],"faces":{"north":{"uv":[0,0,2,4],"texture":"#1"},"east":{"uv":[0,0,13,6],"texture":"#1"},"south":{"uv":[0,0,2,5],"texture":"#1"},"west":{"uv":[0,0,13,6],"texture":"#1"},"up":{"uv":[0,4,2,9],"texture":"#1"},"down":{"uv":[0,0,2,5],"texture":"#1"}}},{"name":"Cube","from":[3.81,4.04,1.3],"to":[4.51,7.44,3.7],"rotation":{"angle":22.5,"axis":"x","origin":[8,8,8]},"faces":{"north":{"uv":[0,0,3,6],"texture":"#1"},"east":{"uv":[0,0,7,1],"texture":"#1"},"south":{"uv":[0,0,9,1],"texture":"#1"},"west":{"uv":[0,0,8,1],"texture":"#1"},"up":{"uv":[0,4,5,6],"texture":"#1"},"down":{"uv":[0,0,5,2],"texture":"#1"}}},{"name":"Cube","from":[-1.6,1,14.5],"to":[3.8,6.9,15.7],"faces":{"north":{"uv":[0,0,5,8],"texture":"#1"},"east":{"uv":[0,0,7,1],"texture":"#1"},"south":{"uv":[0,0,6,6],"texture":"#1"},"west":{"uv":[0,0,8,1],"texture":"#1"},"up":{"uv":[0,4,5,6],"texture":"#1"},"down":{"uv":[0,0,5,2],"texture":"#1"}}},{"name":"Cube","from":[3.81,4.04,12.3],"to":[4.51,7.44,14.7],"rotation":{"angle":-22.5,"axis":"x","origin":[8,8,8]},"faces":{"north":{"uv":[0,0,8,1],"texture":"#1"},"east":{"uv":[0,0,7,1],"texture":"#1"},"south":{"uv":[0,0,2,6],"texture":"#1"},"west":{"uv":[0,0,8,1],"texture":"#1"},"up":{"uv":[0,4,5,6],"texture":"#1"},"down":{"uv":[0,0,5,2],"texture":"#1"}}},{"name":"Cube","from":[3.8,6.9,1.6],"to":[4.5,10.1,14.4],"faces":{"north":{"uv":[0,0,2,4],"texture":"#1"},"east":{"uv":[0,0,13,4],"texture":"#1"},"south":{"uv":[0,0,2,5],"texture":"#1"},"west":{"uv":[0,0,13,4],"texture":"#1"},"up":{"uv":[0,4,2,9],"texture":"#1"},"down":{"uv":[0,0,2,5],"texture":"#1"}}},{"name":"Cube","from":[-1.2,1,0.4],"to":[3.9,4.4,15.6],"faces":{"north":{"uv":[0,0,2,4],"texture":"#6"},"east":{"uv":[0,0,13,6],"texture":"#6"},"south":{"uv":[0,0,2,5],"texture":"#6"},"west":{"uv":[0,0,13,6],"texture":"#6"},"up":{"uv":[0,4,2,9],"texture":"#6"},"down":{"uv":[0,0,2,5],"texture":"#6"}}},{"name":"Cube","from":[-8.035,-0.9,2.05],"to":[-6.635,1.19,3.35],"rotation":{"angle":45,"axis":"y","origin":[8,8,8]},"faces":{"north":{"uv":[0,0,16,1],"texture":"#3"},"east":{"uv":[0,0,16,1],"texture":"#3"},"south":{"uv":[0,0,16,1],"texture":"#3"},"west":{"uv":[0,0,3,2],"texture":"#3"},"up":{"uv":[3,4,7,6],"texture":"#3"},"down":{"uv":[0,0,5,3],"texture":"#3"}}},{"name":"Cube","from":[-8.035,-0.9,12.65],"to":[-6.635,1.19,13.95],"rotation":{"angle":-45,"axis":"y","origin":[8,8,8]},"faces":{"north":{"uv":[0,0,16,1],"texture":"#3"},"east":{"uv":[0,0,16,1],"texture":"#3"},"south":{"uv":[0,0,16,1],"texture":"#3"},"west":{"uv":[0,0,3,2],"texture":"#3"},"up":{"uv":[3,4,7,6],"texture":"#3"},"down":{"uv":[0,0,5,3],"texture":"#3"}}},{"name":"Cube","from":[-1.7,3.4,15],"to":[-0.9,7,15.8],"faces":{"north":{"uv":[0,0,4,6],"texture":"#2"},"east":{"uv":[0,0,4,4],"texture":"#2"},"south":{"uv":[0,0,2,6],"texture":"#2"},"west":{"uv":[0,0,2,6],"texture":"#2"},"up":{"uv":[0,2,2,4],"texture":"#2"},"down":{"uv":[0,0,3,4],"texture":"#2"}}},{"name":"Cube","from":[-0.9,6.2,15],"to":[3.8,7,15.8],"faces":{"north":{"uv":[0,0,4,6],"texture":"#2"},"east":{"uv":[0,0,4,4],"texture":"#2"},"south":{"uv":[0,0,8,2],"texture":"#2"},"west":{"uv":[0,0,6,4],"texture":"#2"},"up":{"uv":[0,2,9,4],"texture":"#2"},"down":{"uv":[0,0,4,4],"texture":"#2"}}},{"name":"Cube","from":[3.8,3.4,15],"to":[4.6,7,15.8],"faces":{"north":{"uv":[0,0,4,6],"texture":"#2"},"east":{"uv":[0,0,1,6],"texture":"#2"},"south":{"uv":[0,0,2,6],"texture":"#2"},"west":{"uv":[0,0,4,6],"texture":"#2"},"up":{"uv":[0,2,2,4],"texture":"#2"},"down":{"uv":[0,0,3,4],"texture":"#2"}}},{"name":"Cube","from":[9.4,1,14.5],"to":[15.8,6.9,15.7],"faces":{"north":{"uv":[0,0,5,8],"texture":"#1"},"east":{"uv":[0,0,7,1],"texture":"#1"},"south":{"uv":[0,0,6,6],"texture":"#1"},"west":{"uv":[0,0,8,1],"texture":"#1"},"up":{"uv":[0,4,5,6],"texture":"#1"},"down":{"uv":[0,0,5,2],"texture":"#1"}}},{"name":"Cube","from":[9.4,1,0.3],"to":[15.8,6.9,1.5],"faces":{"north":{"uv":[0,0,5,8],"texture":"#1"},"east":{"uv":[0,0,7,1],"texture":"#1"},"south":{"uv":[0,0,6,6],"texture":"#1"},"west":{"uv":[0,0,8,1],"texture":"#1"},"up":{"uv":[0,4,5,6],"texture":"#1"},"down":{"uv":[0,0,5,2],"texture":"#1"}}},{"name":"Cube","from":[15.8,1,0.3],"to":[16.5,6.9,15.7],"faces":{"north":{"uv":[0,0,2,4],"texture":"#1"},"east":{"uv":[0,0,13,6],"texture":"#1"},"south":{"uv":[0,0,2,5],"texture":"#1"},"west":{"uv":[0,0,13,6],"texture":"#1"},"up":{"uv":[0,4,2,9],"texture":"#1"},"down":{"uv":[0,0,2,5],"texture":"#1"}}},{"name":"Cube","from":[15.81,4.04,1.3],"to":[16.51,7.44,3.7],"rotation":{"angle":22.5,"axis":"x","origin":[8,8,8]},"faces":{"north":{"uv":[0,0,3,6],"texture":"#1"},"east":{"uv":[0,0,7,1],"texture":"#1"},"south":{"uv":[0,0,9,1],"texture":"#1"},"west":{"uv":[0,0,8,1],"texture":"#1"},"up":{"uv":[0,4,5,6],"texture":"#1"},"down":{"uv":[0,0,5,2],"texture":"#1"}}},{"name":"Cube","from":[15.8,6.9,1.6],"to":[16.5,10.1,14.4],"faces":{"north":{"uv":[0,0,2,4],"texture":"#1"},"east":{"uv":[0,0,13,4],"texture":"#1"},"south":{"uv":[0,0,2,5],"texture":"#1"},"west":{"uv":[0,0,13,4],"texture":"#1"},"up":{"uv":[0,4,2,9],"texture":"#1"},"down":{"uv":[0,0,2,5],"texture":"#1"}}},{"name":"Cube","from":[15.81,4.04,12.3],"to":[16.51,7.44,14.7],"rotation":{"angle":-22.5,"axis":"x","origin":[8,8,8]},"faces":{"north":{"uv":[0,0,8,1],"texture":"#1"},"east":{"uv":[0,0,7,1],"texture":"#1"},"south":{"uv":[0,0,2,6],"texture":"#1"},"west":{"uv":[0,0,8,1],"texture":"#1"},"up":{"uv":[0,4,5,6],"texture":"#1"},"down":{"uv":[0,0,5,2],"texture":"#1"}}},{"name":"Cube","from":[10.1,1,0.4],"to":[16,4.4,15.6],"faces":{"north":{"uv":[0,0,2,4],"texture":"#6"},"east":{"uv":[0,0,13,6],"texture":"#6"},"south":{"uv":[0,0,2,5],"texture":"#6"},"west":{"uv":[0,0,13,6],"texture":"#6"},"up":{"uv":[0,4,2,9],"texture":"#6"},"down":{"uv":[0,0,2,5],"texture":"#6"}}},{"name":"Cube","from":[4.6,3.2,14.7],"to":[9.3,3.6,16.3],"faces":{"north":{"uv":[0,0,8,1],"texture":"#4"},"east":{"uv":[0,0,7,1],"texture":"#4"},"south":{"uv":[0,0,9,1],"texture":"#4"},"west":{"uv":[0,0,8,1],"texture":"#4"},"up":{"uv":[0,4,5,6],"texture":"#4"},"down":{"uv":[0,0,5,2],"texture":"#4"}}},{"name":"Cube","from":[9.3,3.4,15],"to":[10.1,7,15.8],"faces":{"north":{"uv":[0,0,4,6],"texture":"#2"},"east":{"uv":[0,0,4,4],"texture":"#2"},"south":{"uv":[0,0,2,6],"texture":"#2"},"west":{"uv":[0,0,2,6],"texture":"#2"},"up":{"uv":[0,2,2,4],"texture":"#2"},"down":{"uv":[0,0,3,4],"texture":"#2"}}},{"name":"Cube","from":[15.8,3.4,15],"to":[16.6,7,15.8],"faces":{"north":{"uv":[0,0,2,6],"texture":"#2"},"east":{"uv":[0,0,2,6],"texture":"#2"},"south":{"uv":[0,0,2,6],"texture":"#2"},"west":{"uv":[0,0,2,6],"texture":"#2"},"up":{"uv":[0,2,2,4],"texture":"#2"},"down":{"uv":[0,0,3,4],"texture":"#2"}}},{"name":"Cube","from":[3.5,3.9,1.8],"to":[3.9,9.8,14.2],"faces":{"north":{"uv":[0,0,2,4],"texture":"#7"},"east":{"uv":[0,0,13,4],"texture":"#7"},"south":{"uv":[0,0,2,5],"texture":"#7"},"west":{"uv":[0,0,13,4],"texture":"#7"},"up":{"uv":[0,4,2,9],"texture":"#7"},"down":{"uv":[0,0,2,5],"texture":"#7"}}},{"name":"Cube","from":[-1,3.9,1.4],"to":[4,6.8,1.8],"faces":{"north":{"uv":[0,0,2,4],"texture":"#7"},"east":{"uv":[0,0,13,4],"texture":"#7"},"south":{"uv":[0,0,2,5],"texture":"#7"},"west":{"uv":[0,0,2,4],"texture":"#7"},"up":{"uv":[0,4,8,6],"texture":"#7"},"down":{"uv":[0,0,10,2],"texture":"#7"}}},{"name":"Cube","from":[-1,3.9,14.2],"to":[4,6.8,14.6],"faces":{"north":{"uv":[0,0,2,4],"texture":"#7"},"east":{"uv":[0,0,13,4],"texture":"#7"},"south":{"uv":[0,0,2,5],"texture":"#7"},"west":{"uv":[0,0,2,4],"texture":"#7"},"up":{"uv":[0,4,8,6],"texture":"#7"},"down":{"uv":[0,0,10,2],"texture":"#7"}}},{"name":"Cube","from":[15.5,3.9,1.8],"to":[15.9,9.8,14.2],"faces":{"north":{"uv":[0,0,2,4],"texture":"#7"},"east":{"uv":[0,0,13,4],"texture":"#7"},"south":{"uv":[0,0,2,5],"texture":"#7"},"west":{"uv":[0,0,13,4],"texture":"#7"},"up":{"uv":[0,4,2,9],"texture":"#7"},"down":{"uv":[0,0,2,5],"texture":"#7"}}},{"name":"Cube","from":[10.1,6.2,15],"to":[15.8,7,15.8],"faces":{"north":{"uv":[0,0,4,6],"texture":"#2"},"east":{"uv":[0,0,4,4],"texture":"#2"},"south":{"uv":[0,0,8,2],"texture":"#2"},"west":{"uv":[0,0,6,4],"texture":"#2"},"up":{"uv":[0,2,9,4],"texture":"#2"},"down":{"uv":[0,0,4,4],"texture":"#2"}}},{"name":"Cube","from":[10.3,3.9,14.2],"to":[15.8,6.8,14.6],"faces":{"north":{"uv":[0,0,2,4],"texture":"#7"},"east":{"uv":[0,0,13,4],"texture":"#7"},"south":{"uv":[0,0,2,5],"texture":"#7"},"west":{"uv":[0,0,2,4],"texture":"#7"},"up":{"uv":[0,4,8,6],"texture":"#7"},"down":{"uv":[0,0,10,2],"texture":"#7"}}},{"name":"Cube","from":[10.3,3.9,1.4],"to":[15.8,6.8,1.8],"faces":{"north":{"uv":[0,0,2,4],"texture":"#7"},"east":{"uv":[0,0,13,4],"texture":"#7"},"south":{"uv":[0,0,2,5],"texture":"#7"},"west":{"uv":[0,0,2,4],"texture":"#7"},"up":{"uv":[0,4,8,6],"texture":"#7"},"down":{"uv":[0,0,10,2],"texture":"#7"}}},{"name":"Cube","from":[-1.7,3.4,0.2],"to":[-0.9,7,1],"faces":{"north":{"uv":[0,0,2,6],"texture":"#2"},"east":{"uv":[0,0,4,4],"texture":"#2"},"south":{"uv":[0,0,2,6],"texture":"#2"},"west":{"uv":[0,0,2,6],"texture":"#2"},"up":{"uv":[0,2,2,4],"texture":"#2"},"down":{"uv":[0,0,3,4],"texture":"#2"}}},{"name":"Cube","from":[3.8,3.4,0.2],"to":[4.6,7,1],"faces":{"north":{"uv":[0,0,2,6],"texture":"#2"},"east":{"uv":[0,0,2,6],"texture":"#2"},"south":{"uv":[0,0,2,6],"texture":"#2"},"west":{"uv":[0,0,4,6],"texture":"#2"},"up":{"uv":[0,2,2,4],"texture":"#2"},"down":{"uv":[0,0,3,4],"texture":"#2"}}},{"name":"Cube","from":[9.3,3.4,0.2],"to":[10.1,7,1],"faces":{"north":{"uv":[0,0,2,6],"texture":"#2"},"east":{"uv":[0,0,3,6],"texture":"#2"},"south":{"uv":[0,0,2,6],"texture":"#2"},"west":{"uv":[0,0,2,6],"texture":"#2"},"up":{"uv":[0,2,2,4],"texture":"#2"},"down":{"uv":[0,0,3,4],"texture":"#2"}}},{"name":"Cube","from":[15.8,3.4,0.2],"to":[16.6,7,1],"faces":{"north":{"uv":[0,0,2,6],"texture":"#2"},"east":{"uv":[0,0,2,6],"texture":"#2"},"south":{"uv":[0,0,2,6],"texture":"#2"},"west":{"uv":[0,0,4,6],"texture":"#2"},"up":{"uv":[0,2,2,4],"texture":"#2"},"down":{"uv":[0,0,3,4],"texture":"#2"}}},{"name":"Cube","from":[-0.9,6.2,0.2],"to":[3.8,7,1],"faces":{"north":{"uv":[1,1,6,3],"texture":"#2"},"east":{"uv":[0,0,4,4],"texture":"#2"},"south":{"uv":[0,0,8,2],"texture":"#2"},"west":{"uv":[0,0,6,4],"texture":"#2"},"up":{"uv":[0,2,9,4],"texture":"#2"},"down":{"uv":[0,0,4,4],"texture":"#2"}}},{"name":"Cube","from":[10.1,6.2,0.2],"to":[15.8,7,1],"faces":{"north":{"uv":[1,1,6,3],"texture":"#2"},"east":{"uv":[0,0,4,4],"texture":"#2"},"south":{"uv":[0,0,8,2],"texture":"#2"},"west":{"uv":[0,0,6,4],"texture":"#2"},"up":{"uv":[0,2,9,4],"texture":"#2"},"down":{"uv":[0,0,4,4],"texture":"#2"}}},{"name":"Cube","from":[-1.5,6.3,15.5],"to":[-1,6.8,15.9],"faces":{"north":{"uv":[0,0,2,4],"texture":"#7"},"east":{"uv":[0,0,13,4],"texture":"#7"},"south":{"uv":[0,0,2,5],"texture":"#7"},"west":{"uv":[0,0,2,4],"texture":"#7"},"up":{"uv":[0,4,8,6],"texture":"#7"},"down":{"uv":[0,0,10,2],"texture":"#7"}}},{"name":"Cube","from":[3.95,6.3,15.5],"to":[4.45,6.8,15.9],"faces":{"north":{"uv":[0,0,2,4],"texture":"#7"},"east":{"uv":[0,0,13,4],"texture":"#7"},"south":{"uv":[0,0,2,5],"texture":"#7"},"west":{"uv":[0,0,2,4],"texture":"#7"},"up":{"uv":[0,4,8,6],"texture":"#7"},"down":{"uv":[0,0,10,2],"texture":"#7"}}},{"name":"Cube","from":[3.95,6.3,0.1],"to":[4.45,6.8,0.5],"faces":{"north":{"uv":[0,0,2,4],"texture":"#7"},"east":{"uv":[0,0,13,4],"texture":"#7"},"south":{"uv":[0,0,2,5],"texture":"#7"},"west":{"uv":[0,0,2,4],"texture":"#7"},"up":{"uv":[0,4,8,6],"texture":"#7"},"down":{"uv":[0,0,10,2],"texture":"#7"}}},{"name":"Cube","from":[-1.5,6.3,0.1],"to":[-1,6.8,0.5],"faces":{"north":{"uv":[0,0,2,4],"texture":"#7"},"east":{"uv":[0,0,13,4],"texture":"#7"},"south":{"uv":[0,0,2,5],"texture":"#7"},"west":{"uv":[0,0,2,4],"texture":"#7"},"up":{"uv":[0,4,8,6],"texture":"#7"},"down":{"uv":[0,0,10,2],"texture":"#7"}}},{"name":"Cube","from":[9.5,6.3,15.5],"to":[10,6.8,15.9],"faces":{"north":{"uv":[0,0,2,4],"texture":"#7"},"east":{"uv":[0,0,13,4],"texture":"#7"},"south":{"uv":[0,0,2,5],"texture":"#7"},"west":{"uv":[0,0,2,4],"texture":"#7"},"up":{"uv":[0,4,8,6],"texture":"#7"},"down":{"uv":[0,0,10,2],"texture":"#7"}}},{"name":"Cube","from":[15.95,6.3,15.5],"to":[16.45,6.8,15.9],"faces":{"north":{"uv":[0,0,2,4],"texture":"#7"},"east":{"uv":[0,0,13,4],"texture":"#7"},"south":{"uv":[0,0,2,5],"texture":"#7"},"west":{"uv":[0,0,2,4],"texture":"#7"},"up":{"uv":[0,4,8,6],"texture":"#7"},"down":{"uv":[0,0,10,2],"texture":"#7"}}},{"name":"Cube","from":[15.95,6.3,0.1],"to":[16.45,6.8,0.5],"faces":{"north":{"uv":[0,0,2,4],"texture":"#7"},"east":{"uv":[0,0,13,4],"texture":"#7"},"south":{"uv":[0,0,2,5],"texture":"#7"},"west":{"uv":[0,0,2,4],"texture":"#7"},"up":{"uv":[0,4,8,6],"texture":"#7"},"down":{"uv":[0,0,10,2],"texture":"#7"}}},{"name":"Cube","from":[9.5,6.3,0.1],"to":[10,6.8,0.5],"faces":{"north":{"uv":[0,0,2,4],"texture":"#7"},"east":{"uv":[0,0,13,4],"texture":"#7"},"south":{"uv":[0,0,2,5],"texture":"#7"},"west":{"uv":[0,0,2,4],"texture":"#7"},"up":{"uv":[0,4,8,6],"texture":"#7"},"down":{"uv":[0,0,10,2],"texture":"#7"}}},{"name":"Cube","from":[-8.07,5.7,5.1],"to":[-7.57,6.19,10.9],"faces":{"north":{"uv":[0,0,3,2],"texture":"#0"},"east":{"uv":[0,0,4,2],"texture":"#0"},"south":{"uv":[0,0,2,2],"texture":"#0"},"west":{"uv":[0,0,2,2],"texture":"#0"},"up":{"uv":[3,4,4,7],"texture":"#0"},"down":{"uv":[2,4,3,6],"texture":"#0"}}},{"name":"Cube","from":[-5.97,-1.7,5.2],"to":[-5.57,-0.01,5.6],"rotation":{"angle":-22.5,"axis":"z","origin":[8,8,8]},"faces":{"north":{"uv":[0,0,2,2],"texture":"#0"},"east":{"uv":[0,0,1,2],"texture":"#0"},"south":{"uv":[0,0,1,1],"texture":"#0"},"west":{"uv":[0,0,1,1],"texture":"#0"},"up":{"uv":[3,4,4,5],"texture":"#0"},"down":{"uv":[2,4,3,5],"texture":"#0"}}},{"name":"Cube","from":[-5.97,-1.7,10.4],"to":[-5.57,-0.01,10.8],"rotation":{"angle":-22.5,"axis":"z","origin":[8,8,8]},"faces":{"north":{"uv":[0,0,2,2],"texture":"#0"},"east":{"uv":[0,0,1,2],"texture":"#0"},"south":{"uv":[0,0,1,1],"texture":"#0"},"west":{"uv":[0,0,1,1],"texture":"#0"},"up":{"uv":[3,4,4,5],"texture":"#0"},"down":{"uv":[2,4,3,5],"texture":"#0"}}},{"name":"Cube","from":[-7.95,5.7,4.5],"to":[-7.45,6.19,9.2],"rotation":{"angle":22.5,"axis":"y","origin":[8,8,8]},"faces":{"north":{"uv":[0,0,3,2],"texture":"#0"},"east":{"uv":[0,0,4,2],"texture":"#0"},"south":{"uv":[0,0,2,2],"texture":"#0"},"west":{"uv":[0,0,4,2],"texture":"#0"},"up":{"uv":[3,4,4,11],"texture":"#0"},"down":{"uv":[2,4,3,10],"texture":"#0"}}},{"name":"Cube","from":[-4.57,-1.1,14.4],"to":[-4.17,0.59,14.8],"rotation":{"angle":-22.5,"axis":"z","origin":[8,8,8]},"faces":{"north":{"uv":[0,0,2,2],"texture":"#0"},"east":{"uv":[0,0,1,2],"texture":"#0"},"south":{"uv":[0,0,1,1],"texture":"#0"},"west":{"uv":[0,0,1,1],"texture":"#0"},"up":{"uv":[3,4,4,5],"texture":"#0"},"down":{"uv":[2,4,3,5],"texture":"#0"}}},{"name":"Cube","from":[-7.95,5.7,6.8],"to":[-7.45,6.19,11.5],"rotation":{"angle":-22.5,"axis":"y","origin":[8,8,8]},"faces":{"north":{"uv":[0,0,3,2],"texture":"#0"},"east":{"uv":[0,0,4,2],"texture":"#0"},"south":{"uv":[0,0,2,2],"texture":"#0"},"west":{"uv":[0,0,4,2],"texture":"#0"},"up":{"uv":[3,4,4,11],"texture":"#0"},"down":{"uv":[2,4,3,10],"texture":"#0"}}},{"name":"Cube","from":[-4.57,-1.1,1.2],"to":[-4.17,0.59,1.6],"rotation":{"angle":-22.5,"axis":"z","origin":[8,8,8]},"faces":{"north":{"uv":[0,0,2,2],"texture":"#0"},"east":{"uv":[0,0,1,2],"texture":"#0"},"south":{"uv":[0,0,1,1],"texture":"#0"},"west":{"uv":[0,0,1,1],"texture":"#0"},"up":{"uv":[3,4,4,5],"texture":"#0"},"down":{"uv":[2,4,3,5],"texture":"#0"}}},{"name":"Cube","from":[-5.7,3.2,-0.3],"to":[-1.7,3.6,1.3],"faces":{"north":{"uv":[0,0,8,1],"texture":"#4"},"east":{"uv":[0,0,7,1],"texture":"#4"},"south":{"uv":[0,0,9,1],"texture":"#4"},"west":{"uv":[0,0,8,1],"texture":"#4"},"up":{"uv":[0,4,5,6],"texture":"#4"},"down":{"uv":[0,0,5,2],"texture":"#4"}}},{"name":"Cube","from":[4.6,3.2,-0.3],"to":[9.3,3.6,1.3],"faces":{"north":{"uv":[0,0,8,1],"texture":"#4"},"east":{"uv":[0,0,7,1],"texture":"#4"},"south":{"uv":[0,0,9,1],"texture":"#4"},"west":{"uv":[0,0,8,1],"texture":"#4"},"up":{"uv":[0,4,5,6],"texture":"#4"},"down":{"uv":[0,0,5,2],"texture":"#4"}}},{"name":"Cube","from":[-8.1,0,2.8],"to":[-6.6,1,13.2],"faces":{"north":{"uv":[0,0,16,1],"texture":"#1"},"east":{"uv":[0,0,16,1],"texture":"#1"},"south":{"uv":[0,0,16,1],"texture":"#1"},"west":{"uv":[0,0,16,1],"texture":"#1"},"up":{"uv":[1,2.8,2,13.2],"texture":"#1"},"down":{"uv":[3,2,4,13],"texture":"#1"}}},{"name":"Cube","from":[15.83,-0.9,-0.3],"to":[17.23,1.19,16.3],"faces":{"north":{"uv":[0,0,16,1],"texture":"#3"},"east":{"uv":[0,0,16,1],"texture":"#3"},"south":{"uv":[0,0,16,1],"texture":"#3"},"west":{"uv":[0,0,16,1],"texture":"#3"},"up":{"uv":[3,4,7,6],"texture":"#3"},"down":{"uv":[2,4,3,8],"texture":"#3"}}},{"name":"Cube","from":[-8.1,-0.8,2.8],"to":[-6.6,0.2,13.2],"faces":{"north":{"uv":[0,0,16,1],"texture":"#0"},"east":{"uv":[0,0,16,1],"texture":"#0"},"south":{"uv":[0,0,16,1],"texture":"#0"},"west":{"uv":[0,0,16,1],"texture":"#0"},"up":{"uv":[1,2.8,2,13.2],"texture":"#0"},"down":{"uv":[3,2,4,13],"texture":"#0"}}},{"name":"Cube","from":[16.2,1,1.2],"to":[16.8,3.5,14.8],"faces":{"north":{"uv":[0,0,2,6],"texture":"#2"},"east":{"uv":[-1,1,13,4],"texture":"#2"},"south":{"uv":[0,0,2,6],"texture":"#2"},"west":{"uv":[0,0,2,6],"texture":"#2"},"up":{"uv":[0,2,3,12],"texture":"#2"},"down":{"uv":[0,0,3,10],"texture":"#2"}}},{"name":"Cube","from":[12.1,6.7,16.2],"to":[14.1,7.3,16.8],"faces":{"north":{"uv":[0,0,4,3],"texture":"#8"},"east":{"uv":[0,0,4,4],"texture":"#8"},"south":{"uv":[0,0,3,3],"texture":"#8"},"west":{"uv":[0,0,3,4],"texture":"#8"},"up":{"uv":[0,2,5,4],"texture":"#8"},"down":{"uv":[0,0,4,4],"texture":"#8"}}},{"name":"Cube","from":[8.4,4,16.2],"to":[10.4,4.6,16.8],"rotation":{"angle":45,"axis":"z","origin":[8,8,8]},"faces":{"north":{"uv":[0,0,4,3],"texture":"#8"},"east":{"uv":[0,0,4,4],"texture":"#8"},"south":{"uv":[0,0,3,3],"texture":"#8"},"west":{"uv":[0,0,3,4],"texture":"#8"},"up":{"uv":[0,2,5,4],"texture":"#8"},"down":{"uv":[0,0,4,4],"texture":"#8"}}},{"name":"Cube","from":[7,1.2,16.2],"to":[7.6,3.2,16.8],"rotation":{"angle":45,"axis":"z","origin":[8,8,8]},"faces":{"north":{"uv":[0,0,4,3],"texture":"#8"},"east":{"uv":[0,0,4,4],"texture":"#8"},"south":{"uv":[0,0,3,3],"texture":"#8"},"west":{"uv":[0,0,3,4],"texture":"#8"},"up":{"uv":[0,2,5,4],"texture":"#8"},"down":{"uv":[0,0,4,4],"texture":"#8"}}},{"name":"Cube","from":[10.7,3.9,16.2],"to":[11.3,5.9,16.8],"faces":{"north":{"uv":[0,0,4,3],"texture":"#8"},"east":{"uv":[0,0,4,4],"texture":"#8"},"south":{"uv":[0,0,3,3],"texture":"#8"},"west":{"uv":[0,0,3,4],"texture":"#8"},"up":{"uv":[0,2,5,4],"texture":"#8"},"down":{"uv":[0,0,4,4],"texture":"#8"}}},{"name":"Cube","from":[12.1,2.5,16.2],"to":[14.1,3.1,16.8],"faces":{"north":{"uv":[0,0,4,3],"texture":"#8"},"east":{"uv":[0,0,4,4],"texture":"#8"},"south":{"uv":[0,0,3,3],"texture":"#8"},"west":{"uv":[0,0,3,4],"texture":"#8"},"up":{"uv":[0,2,5,4],"texture":"#8"},"down":{"uv":[0,0,4,4],"texture":"#8"}}},{"name":"Cube","from":[8.4,-0.2,16.2],"to":[10.4,0.4,16.8],"rotation":{"angle":45,"axis":"z","origin":[8,8,8]},"faces":{"north":{"uv":[0,0,4,3],"texture":"#8"},"east":{"uv":[0,0,4,4],"texture":"#8"},"south":{"uv":[0,0,3,3],"texture":"#8"},"west":{"uv":[0,0,3,4],"texture":"#8"},"up":{"uv":[0,2,5,4],"texture":"#8"},"down":{"uv":[0,0,4,4],"texture":"#8"}}},{"name":"Cube","from":[14.9,3.9,16.2],"to":[15.5,5.9,16.8],"faces":{"north":{"uv":[0,0,4,3],"texture":"#8"},"east":{"uv":[0,0,4,4],"texture":"#8"},"south":{"uv":[0,0,3,3],"texture":"#8"},"west":{"uv":[0,0,3,4],"texture":"#8"},"up":{"uv":[0,2,5,4],"texture":"#8"},"down":{"uv":[0,0,4,4],"texture":"#8"}}},{"name":"Cube","from":[11.2,1.2,16.2],"to":[11.8,3.2,16.8],"rotation":{"angle":45,"axis":"z","origin":[8,8,8]},"faces":{"north":{"uv":[0,0,4,3],"texture":"#8"},"east":{"uv":[0,0,4,4],"texture":"#8"},"south":{"uv":[0,0,3,3],"texture":"#8"},"west":{"uv":[0,0,3,4],"texture":"#8"},"up":{"uv":[0,2,5,4],"texture":"#8"},"down":{"uv":[0,0,4,4],"texture":"#8"}}},{"name":"Cube","from":[12.9,3.1,16.3],"to":[13.3,6.7,16.7],"faces":{"north":{"uv":[0,0,1,3],"texture":"#9"},"east":{"uv":[0,0,1,4],"texture":"#9"},"south":{"uv":[0,0,1,3],"texture":"#9"},"west":{"uv":[0,0,1,4],"texture":"#9"},"up":{"uv":[0,2,5,4],"texture":"#9"},"down":{"uv":[0,0,4,4],"texture":"#9"}}},{"name":"Cube","from":[10.9,4.7,16.3],"to":[12.9,5.1,16.7],"faces":{"north":{"uv":[0,0,4,2],"texture":"#9"},"east":{"uv":[0,0,4,2],"texture":"#9"},"south":{"uv":[0,0,3,2],"texture":"#9"},"west":{"uv":[0,0,4,2],"texture":"#9"},"up":{"uv":[0,2,4,4],"texture":"#9"},"down":{"uv":[0,0,4,2],"texture":"#9"}}},{"name":"Cube","from":[13.3,4.7,16.3],"to":[15.3,5.1,16.7],"faces":{"north":{"uv":[0,0,3,3],"texture":"#9"},"east":{"uv":[0,0,2,3],"texture":"#9"},"south":{"uv":[0,0,3,2],"texture":"#9"},"west":{"uv":[0,0,3,2],"texture":"#9"},"up":{"uv":[0,2,3,4],"texture":"#9"},"down":{"uv":[0,0,4,4],"texture":"#9"}}},{"name":"Cube","from":[13,4.8,15.5],"to":[13.2,5,16.9],"faces":{"north":{"uv":[0,0,2,4],"texture":"#7"},"east":{"uv":[0,0,13,4],"texture":"#7"},"south":{"uv":[0,0,2,5],"texture":"#7"},"west":{"uv":[0,0,2,4],"texture":"#7"},"up":{"uv":[0,4,8,6],"texture":"#7"},"down":{"uv":[0,0,10,2],"texture":"#7"}}},{"name":"Cube","from":[15,4.4,16],"to":[15.4,4.8,17],"faces":{"north":{"uv":[0,0,2,4],"texture":"#7"},"east":{"uv":[0,0,13,4],"texture":"#7"},"south":{"uv":[0,0,2,5],"texture":"#7"},"west":{"uv":[0,0,2,4],"texture":"#7"},"up":{"uv":[0,4,8,6],"texture":"#7"},"down":{"uv":[0,0,10,2],"texture":"#7"}}},{"name":"Cube","from":[8.8,1.95,17],"to":[13.4,2.25,17.2],"rotation":{"angle":22.5,"axis":"z","origin":[8,8,8]},"faces":{"north":{"uv":[0,0,11,2],"texture":"#10"},"east":{"uv":[0,0,1,1],"texture":"#10"},"south":{"uv":[0,0,11,2],"texture":"#10"},"west":{"uv":[0,0,1,1],"texture":"#10"},"up":{"uv":[0,0,11,2],"texture":"#10"},"down":{"uv":[0,0,11,2],"texture":"#10"}}},{"name":"Cube","from":[4.1,1.7,16.7],"to":[6.1,2.5,17.5],"rotation":{"angle":22.5,"axis":"z","origin":[8,8,8]},"faces":{"north":{"uv":[0,0,4,3],"texture":"#0"},"east":{"uv":[0,0,4,4],"texture":"#0"},"south":{"uv":[0,0,3,3],"texture":"#0"},"west":{"uv":[0,0,3,4],"texture":"#0"},"up":{"uv":[0,2,5,4],"texture":"#0"},"down":{"uv":[0,0,4,4],"texture":"#0"}}},{"name":"Cube","from":[6.1,1.85,16.9],"to":[8.9,2.35,17.3],"rotation":{"angle":22.5,"axis":"z","origin":[8,8,8]},"faces":{"north":{"uv":[0,0,11,2],"texture":"#10"},"east":{"uv":[0,0,1,1],"texture":"#10"},"south":{"uv":[0,0,11,2],"texture":"#10"},"west":{"uv":[0,0,1,1],"texture":"#10"},"up":{"uv":[0,0,11,2],"texture":"#10"},"down":{"uv":[0,0,11,2],"texture":"#10"}}},{"name":"Cube","from":[6.5,0.7,15.9],"to":[7.5,1.7,16.7],"faces":{"north":{"uv":[0,0,4,3],"texture":"#8"},"east":{"uv":[0,0,4,4],"texture":"#8"},"south":{"uv":[0,0,3,3],"texture":"#8"},"west":{"uv":[0,0,3,4],"texture":"#8"},"up":{"uv":[0,2,5,4],"texture":"#8"},"down":{"uv":[0,0,4,4],"texture":"#8"}}},{"name":"Cube","from":[6.9,1.1,16.2],"to":[7.1,1.3,17.6],"faces":{"north":{"uv":[0,0,2,4],"texture":"#3"},"east":{"uv":[0,0,13,4],"texture":"#3"},"south":{"uv":[0,0,2,5],"texture":"#3"},"west":{"uv":[0,0,2,4],"texture":"#3"},"up":{"uv":[0,4,8,6],"texture":"#3"},"down":{"uv":[0,0,10,2],"texture":"#3"}}},{"name":"Cube","from":[-10.07,4.2,6.6],"to":[-8.67,6.49,9.4],"faces":{"north":{"uv":[0,0,16,1],"texture":"#1"},"east":{"uv":[0,0,9,4],"texture":"#1"},"south":{"uv":[0,0,9,4],"texture":"#1"},"west":{"uv":[0,0,7,3],"texture":"#1"},"up":{"uv":[3,4,7,6],"texture":"#1"},"down":{"uv":[2,4,3,8],"texture":"#1"}}},{"name":"Cube","from":[-10.17,7.9,5.2],"to":[-8.57,8.19,8.2],"rotation":{"angle":-45,"axis":"x","origin":[8,8,8]},"faces":{"north":{"uv":[0,0,16,1],"texture":"#8"},"east":{"uv":[0,0,9,4],"texture":"#8"},"south":{"uv":[0,0,9,4],"texture":"#8"},"west":{"uv":[0,0,7,3],"texture":"#8"},"up":{"uv":[3,4,7,6],"texture":"#8"},"down":{"uv":[2,4,3,8],"texture":"#8"}}},{"name":"Cube","from":[-10.17,7.9,8],"to":[-8.57,8.19,10.8],"rotation":{"angle":45,"axis":"x","origin":[8,8,8]},"faces":{"north":{"uv":[0,0,16,1],"texture":"#8"},"east":{"uv":[0,0,9,4],"texture":"#8"},"south":{"uv":[0,0,9,4],"texture":"#8"},"west":{"uv":[0,0,7,3],"texture":"#8"},"up":{"uv":[3,4,7,6],"texture":"#8"},"down":{"uv":[2,4,3,8],"texture":"#8"}}},{"name":"Cube","from":[-10.27,5.3,7.93],"to":[-10.17,5.49,8.53],"faces":{"north":{"uv":[0,0,3,2],"texture":"#0"},"east":{"uv":[0,0,4,2],"texture":"#0"},"south":{"uv":[0,0,2,2],"texture":"#0"},"west":{"uv":[0,0,2,2],"texture":"#0"},"up":{"uv":[3,4,4,7],"texture":"#0"},"down":{"uv":[2,4,3,6],"texture":"#0"}}},{"name":"Cube","from":[-10.17,4.61,7.3],"to":[-8.77,6.14,8.7],"faces":{"north":{"uv":[0,0,16,1],"texture":"#14"},"east":{"uv":[0,0,9,4],"texture":"#14"},"south":{"uv":[0,0,9,4],"texture":"#14"},"west":{"uv":[0,0,7,3],"texture":"#14"},"up":{"uv":[3,4,7,6],"texture":"#14"},"down":{"uv":[2,4,3,8],"texture":"#14"}}},{"name":"Cube","from":[-10.27,6.1,7.3],"to":[-9.27,6.19,8.7],"faces":{"north":{"uv":[0,0,7,1],"texture":"#15"},"east":{"uv":[0,0,9,1],"texture":"#15"},"south":{"uv":[0,0,9,0],"texture":"#15"},"west":{"uv":[0,0,7,1],"texture":"#15"},"up":{"uv":[0,0,4,1],"texture":"#15"},"down":{"uv":[0,0,4,1],"texture":"#15"}}},{"name":"Cube","from":[-10.27,4.6,7.3],"to":[-9.27,4.69,8.7],"faces":{"north":{"uv":[0,0,7,1],"texture":"#15"},"east":{"uv":[0,0,9,1],"texture":"#15"},"south":{"uv":[0,0,9,0],"texture":"#15"},"west":{"uv":[0,0,7,1],"texture":"#15"},"up":{"uv":[0,0,4,1],"texture":"#15"},"down":{"uv":[0,0,4,1],"texture":"#15"}}},{"name":"Cube","from":[-10.27,4.6,8.7],"to":[-9.27,6.19,8.8],"faces":{"north":{"uv":[0,0,7,1],"texture":"#15"},"east":{"uv":[0,0,9,1],"texture":"#15"},"south":{"uv":[0,0,1,10],"texture":"#15"},"west":{"uv":[0,0,1,9],"texture":"#15"},"up":{"uv":[0,0,4,1],"texture":"#15"},"down":{"uv":[0,0,4,1],"texture":"#15"}}},{"name":"Cube","from":[-10.27,4.6,7.2],"to":[-9.27,6.19,7.3],"faces":{"north":{"uv":[0,0,7,1],"texture":"#15"},"east":{"uv":[0,0,9,1],"texture":"#15"},"south":{"uv":[0,0,1,10],"texture":"#15"},"west":{"uv":[0,0,1,9],"texture":"#15"},"up":{"uv":[0,0,4,1],"texture":"#15"},"down":{"uv":[0,0,4,1],"texture":"#15"}}},{"name":"Cube","from":[-10.07,6.49,6.6],"to":[-8.67,6.78,9.4],"faces":{"north":{"uv":[0,0,16,1],"texture":"#1"},"east":{"uv":[0,0,8,0],"texture":"#1"},"south":{"uv":[0,0,9,4],"texture":"#1"},"west":{"uv":[0,0,7,1],"texture":"#1"},"up":{"uv":[3,4,7,6],"texture":"#1"},"down":{"uv":[2,4,3,8],"texture":"#1"}}},{"name":"Cube","from":[-10.07,6.78,6.9],"to":[-8.67,7.07,9.1],"faces":{"north":{"uv":[0,0,16,1],"texture":"#1"},"east":{"uv":[0,0,8,2],"texture":"#1"},"south":{"uv":[0,0,9,4],"texture":"#1"},"west":{"uv":[0.7,0,6.3,1],"texture":"#1"},"up":{"uv":[3,4,7,6],"texture":"#1"},"down":{"uv":[2,4,3,8],"texture":"#1"}}},{"name":"Cube","from":[-10.07,7.07,7.1],"to":[-8.67,7.36,8.9],"faces":{"north":{"uv":[0,0,16,1],"texture":"#1"},"east":{"uv":[0,0,7,1],"texture":"#1"},"south":{"uv":[0,0,9,4],"texture":"#1"},"west":{"uv":[0.6,0,5.9,1],"texture":"#1"},"up":{"uv":[3,4,7,6],"texture":"#1"},"down":{"uv":[2,4,3,8],"texture":"#1"}}},{"name":"Cube","from":[-10.07,7.36,7.4],"to":[-8.67,7.65,8.6],"faces":{"north":{"uv":[0,0,16,1],"texture":"#1"},"east":{"uv":[0,0,5,1],"texture":"#1"},"south":{"uv":[0,0,9,4],"texture":"#1"},"west":{"uv":[0.6,0,5.3,1],"texture":"#1"},"up":{"uv":[3,4,7,6],"texture":"#1"},"down":{"uv":[2,4,3,8],"texture":"#1"}}},{"name":"Cube","from":[-10.07,7.65,7.7],"to":[-8.67,7.94,8.3],"faces":{"north":{"uv":[0,0,16,1],"texture":"#1"},"east":{"uv":[0,0,3,1],"texture":"#1"},"south":{"uv":[0,0,9,4],"texture":"#1"},"west":{"uv":[0,0,6,1],"texture":"#1"},"up":{"uv":[3,4,7,6],"texture":"#1"},"down":{"uv":[2,4,3,8],"texture":"#1"}}},{"name":"Cube","from":[-10.17,7.1,7.8],"to":[-9.27,7.19,8.2],"faces":{"north":{"uv":[0,0,7,1],"texture":"#6"},"east":{"uv":[0,0,9,1],"texture":"#6"},"south":{"uv":[0,0,9,0],"texture":"#6"},"west":{"uv":[0,0,7,1],"texture":"#6"},"up":{"uv":[0,0,4,1],"texture":"#6"},"down":{"uv":[0,0,4,1],"texture":"#6"}}},{"name":"Cube","from":[-10.17,6.7,7.8],"to":[-9.27,6.79,8.2],"faces":{"north":{"uv":[0,0,7,1],"texture":"#6"},"east":{"uv":[0,0,9,1],"texture":"#6"},"south":{"uv":[0,0,9,0],"texture":"#6"},"west":{"uv":[0,0,7,1],"texture":"#6"},"up":{"uv":[0,0,4,1],"texture":"#6"},"down":{"uv":[0,0,4,1],"texture":"#6"}}},{"name":"Cube","from":[-10.17,6.7,7.7],"to":[-9.27,7.19,7.8],"faces":{"north":{"uv":[0,0,7,1],"texture":"#6"},"east":{"uv":[0,0,9,1],"texture":"#6"},"south":{"uv":[0,0,9,0],"texture":"#6"},"west":{"uv":[0,0,7,1],"texture":"#6"},"up":{"uv":[0,0,4,1],"texture":"#6"},"down":{"uv":[0,0,4,1],"texture":"#6"}}},{"name":"Cube","from":[-10.17,6.7,8.2],"to":[-9.27,7.19,8.3],"faces":{"north":{"uv":[0,0,7,1],"texture":"#6"},"east":{"uv":[0,0,9,1],"texture":"#6"},"south":{"uv":[0,0,9,0],"texture":"#6"},"west":{"uv":[0,0,7,1],"texture":"#6"},"up":{"uv":[0,0,4,1],"texture":"#6"},"down":{"uv":[0,0,4,1],"texture":"#6"}}},{"name":"Cube","from":[-10.14,6.76,7.8],"to":[-9.24,7.15,8.2],"faces":{"north":{"uv":[0,0,7,1],"texture":"#3"},"east":{"uv":[0,0,9,1],"texture":"#3"},"south":{"uv":[0,0,9,0],"texture":"#3"},"west":{"uv":[0,0,7,1],"texture":"#3"},"up":{"uv":[0,0,4,1],"texture":"#3"},"down":{"uv":[0,0,4,1],"texture":"#3"}}},{"name":"Cube","from":[-9.17,6.7,1.3],"to":[-8.77,7.19,1.4],"rotation":{"angle":22.5,"axis":"y","origin":[8,8,8]},"faces":{"north":{"uv":[0,0,7,1],"texture":"#6"},"east":{"uv":[0,0,9,1],"texture":"#6"},"south":{"uv":[0,0,9,0],"texture":"#6"},"west":{"uv":[0,0,7,1],"texture":"#6"},"up":{"uv":[0,0,4,1],"texture":"#6"},"down":{"uv":[0,0,4,1],"texture":"#6"}}},{"name":"Cube","from":[-10.27,6.05,9.25],"to":[-10.17,6.24,9.85],"rotation":{"angle":45,"axis":"x","origin":[8,8,8]},"faces":{"north":{"uv":[0,0,3,2],"texture":"#0"},"east":{"uv":[0,0,4,2],"texture":"#0"},"south":{"uv":[0,0,2,2],"texture":"#0"},"west":{"uv":[0,0,2,2],"texture":"#0"},"up":{"uv":[3,4,4,7],"texture":"#0"},"down":{"uv":[2,4,3,6],"texture":"#0"}}},{"name":"Cube","from":[-9.57,3,7.83],"to":[-9.37,4.19,8.23],"faces":{"north":{"uv":[0,0,3,2],"texture":"#0"},"east":{"uv":[0,0,4,2],"texture":"#0"},"south":{"uv":[0,0,2,2],"texture":"#0"},"west":{"uv":[0,0,2,2],"texture":"#0"},"up":{"uv":[3,4,4,7],"texture":"#0"},"down":{"uv":[2,4,3,6],"texture":"#0"}}},{"name":"Cube","from":[-9.57,2.3,7.63],"to":[-9.37,3.09,8.43],"faces":{"north":{"uv":[0,0,3,2],"texture":"#0"},"east":{"uv":[0,0,4,2],"texture":"#0"},"south":{"uv":[0,0,2,2],"texture":"#0"},"west":{"uv":[0,0,2,2],"texture":"#0"},"up":{"uv":[3,4,4,7],"texture":"#0"},"down":{"uv":[2,4,3,6],"texture":"#0"}}},{"name":"Cube","from":[-1.97,-6,8],"to":[-1.77,-4.61,8.2],"rotation":{"angle":-45,"axis":"z","origin":[8,8,8]},"faces":{"north":{"uv":[0,0,2,2],"texture":"#0"},"east":{"uv":[0,0,1,2],"texture":"#0"},"south":{"uv":[0,0,1,1],"texture":"#0"},"west":{"uv":[0,0,1,1],"texture":"#0"},"up":{"uv":[3,4,4,5],"texture":"#0"},"down":{"uv":[2,4,3,5],"texture":"#0"}}},{"name":"Cube","from":[-9.9,4.7,9.3],"to":[-8.9,5.5,9.6],"faces":{"north":{"uv":[0,0,4,3],"texture":"#3"},"east":{"uv":[0,0,4,4],"texture":"#3"},"south":{"uv":[0,0,3,3],"texture":"#3"},"west":{"uv":[0,0,3,4],"texture":"#3"},"up":{"uv":[0,2,5,4],"texture":"#3"},"down":{"uv":[0,0,4,4],"texture":"#3"}}},{"name":"Cube","from":[-9.7,5.65,10.4],"to":[-9.2,6.15,11.7],"rotation":{"angle":22.5,"axis":"x","origin":[8,8,8]},"faces":{"north":{"uv":[0,0,2,2],"texture":"#10"},"east":{"uv":[0,0,8,2],"texture":"#10"},"south":{"uv":[0,0,2,2],"texture":"#10"},"west":{"uv":[0,0,8,2],"texture":"#10"},"up":{"uv":[0,0,2,8],"texture":"#10"},"down":{"uv":[0,0,2,7],"texture":"#10"}}},{"name":"Cube","from":[-9.6,5.75,11.4],"to":[-9.3,6.05,13.2],"rotation":{"angle":22.5,"axis":"x","origin":[8,8,8]},"faces":{"north":{"uv":[0,0,2,2],"texture":"#10"},"east":{"uv":[0,0,8,2],"texture":"#10"},"south":{"uv":[0,0,2,2],"texture":"#10"},"west":{"uv":[0,0,8,2],"texture":"#10"},"up":{"uv":[0,0,2,8],"texture":"#10"},"down":{"uv":[0,0,2,7],"texture":"#10"}}},{"name":"Cube","from":[-8.8,2.4,13.2],"to":[-8.7,4.9,13.4],"faces":{"north":{"uv":[0,0,1,3],"texture":"#9"},"east":{"uv":[0,0,1,4],"texture":"#9"},"south":{"uv":[0,0,1,3],"texture":"#9"},"west":{"uv":[0,0,1,4],"texture":"#9"},"up":{"uv":[0,2,5,4],"texture":"#9"},"down":{"uv":[0,0,4,4],"texture":"#9"}}},{"name":"Cube","from":[-8.9,3,11.6],"to":[-8.6,4.4,12.2],"faces":{"north":{"uv":[0,0,4,3],"texture":"#8"},"east":{"uv":[0,0,4,4],"texture":"#8"},"south":{"uv":[0,0,3,3],"texture":"#8"},"west":{"uv":[0,0,3,4],"texture":"#8"},"up":{"uv":[0,2,5,4],"texture":"#8"},"down":{"uv":[0,0,4,4],"texture":"#8"}}},{"name":"Cube","from":[-8.9,8,13.1],"to":[-8.6,9.4,13.7],"rotation":{"angle":45,"axis":"x","origin":[8,8,8]},"faces":{"north":{"uv":[0,0,4,3],"texture":"#8"},"east":{"uv":[0,0,4,4],"texture":"#8"},"south":{"uv":[0,0,3,3],"texture":"#8"},"west":{"uv":[0,0,3,4],"texture":"#8"},"up":{"uv":[0,2,5,4],"texture":"#8"},"down":{"uv":[0,0,4,4],"texture":"#8"}}},{"name":"Cube","from":[-8.9,4.8,12.6],"to":[-8.6,5.4,14],"faces":{"north":{"uv":[0,0,4,3],"texture":"#8"},"east":{"uv":[0,0,4,4],"texture":"#8"},"south":{"uv":[0,0,3,3],"texture":"#8"},"west":{"uv":[0,0,3,4],"texture":"#8"},"up":{"uv":[0,2,5,4],"texture":"#8"},"down":{"uv":[0,0,4,4],"texture":"#8"}}},{"name":"Cube","from":[-8.9,0.5,9.8],"to":[-8.6,1.9,10.4],"rotation":{"angle":-45,"axis":"x","origin":[8,8,8]},"faces":{"north":{"uv":[0,0,4,3],"texture":"#8"},"east":{"uv":[0,0,4,4],"texture":"#8"},"south":{"uv":[0,0,3,3],"texture":"#8"},"west":{"uv":[0,0,3,4],"texture":"#8"},"up":{"uv":[0,2,5,4],"texture":"#8"},"down":{"uv":[0,0,4,4],"texture":"#8"}}},{"name":"Cube","from":[-8.9,3,14.4],"to":[-8.6,4.4,15],"faces":{"north":{"uv":[0,0,4,3],"texture":"#8"},"east":{"uv":[0,0,4,4],"texture":"#8"},"south":{"uv":[0,0,3,3],"texture":"#8"},"west":{"uv":[0,0,3,4],"texture":"#8"},"up":{"uv":[0,2,5,4],"texture":"#8"},"down":{"uv":[0,0,4,4],"texture":"#8"}}},{"name":"Cube","from":[-8.9,0.5,7],"to":[-8.6,1.9,7.6],"rotation":{"angle":-45,"axis":"x","origin":[8,8,8]},"faces":{"north":{"uv":[0,0,4,3],"texture":"#8"},"east":{"uv":[0,0,4,4],"texture":"#8"},"south":{"uv":[0,0,3,3],"texture":"#8"},"west":{"uv":[0,0,3,4],"texture":"#8"},"up":{"uv":[0,2,5,4],"texture":"#8"},"down":{"uv":[0,0,4,4],"texture":"#8"}}},{"name":"Cube","from":[-8.9,2,12.6],"to":[-8.6,2.6,14],"faces":{"north":{"uv":[0,0,4,3],"texture":"#8"},"east":{"uv":[0,0,4,4],"texture":"#8"},"south":{"uv":[0,0,3,3],"texture":"#8"},"west":{"uv":[0,0,3,4],"texture":"#8"},"up":{"uv":[0,2,5,4],"texture":"#8"},"down":{"uv":[0,0,4,4],"texture":"#8"}}},{"name":"Cube","from":[-8.9,8,15.9],"to":[-8.6,9.4,16.5],"rotation":{"angle":45,"axis":"x","origin":[8,8,8]},"faces":{"north":{"uv":[0,0,4,3],"texture":"#8"},"east":{"uv":[0,0,4,4],"texture":"#8"},"south":{"uv":[0,0,3,3],"texture":"#8"},"west":{"uv":[0,0,3,4],"texture":"#8"},"up":{"uv":[0,2,5,4],"texture":"#8"},"down":{"uv":[0,0,4,4],"texture":"#8"}}},{"name":"Cube","from":[-9.4,3.9,11.7],"to":[-8.9,4.3,12.1],"faces":{"north":{"uv":[0,0,2,4],"texture":"#7"},"east":{"uv":[0,0,13,4],"texture":"#7"},"south":{"uv":[0,0,2,5],"texture":"#7"},"west":{"uv":[0,0,2,4],"texture":"#7"},"up":{"uv":[0,4,8,6],"texture":"#7"},"down":{"uv":[0,0,10,2],"texture":"#7"}}},{"name":"Cube","from":[-8.8,3.6,13.4],"to":[-8.7,3.8,14.4],"faces":{"north":{"uv":[0,0,1,3],"texture":"#9"},"east":{"uv":[0,0,2,1],"texture":"#9"},"south":{"uv":[0,0,1,3],"texture":"#9"},"west":{"uv":[2,2,4,3],"texture":"#9"},"up":{"uv":[0,2,1,4],"texture":"#9"},"down":{"uv":[0,0,1,2],"texture":"#9"}}},{"name":"Cube","from":[-8.8,3.6,12.2],"to":[-8.7,3.8,13.2],"faces":{"north":{"uv":[0,0,1,3],"texture":"#9"},"east":{"uv":[0,0,2,1],"texture":"#9"},"south":{"uv":[0,0,1,3],"texture":"#9"},"west":{"uv":[2,2,4,3],"texture":"#9"},"up":{"uv":[0,2,1,4],"texture":"#9"},"down":{"uv":[0,0,1,2],"texture":"#9"}}},{"name":"Cube","from":[-8.9,3.65,13.25],"to":[-7.9,3.75,13.35],"faces":{"north":{"uv":[0,0,2,4],"texture":"#7"},"east":{"uv":[0,0,13,4],"texture":"#7"},"south":{"uv":[0,0,2,5],"texture":"#7"},"west":{"uv":[0,0,2,4],"texture":"#7"},"up":{"uv":[0,4,8,6],"texture":"#7"},"down":{"uv":[0,0,10,2],"texture":"#7"}}},{"name":"Cube","from":[-8.3,3.3,12.8],"to":[-7.8,4.1,13.8],"faces":{"north":{"uv":[0,0,4,3],"texture":"#3"},"east":{"uv":[0,0,4,4],"texture":"#3"},"south":{"uv":[0,0,3,3],"texture":"#3"},"west":{"uv":[0,0,3,4],"texture":"#3"},"up":{"uv":[0,2,5,4],"texture":"#3"},"down":{"uv":[0,0,4,4],"texture":"#3"}}},{"name":"Cube","from":[0.4,2.7,-0.9],"to":[2.4,3.3,-0.3],"faces":{"north":{"uv":[0,0,4,3],"texture":"#8"},"east":{"uv":[0,0,4,4],"texture":"#8"},"south":{"uv":[0,0,3,3],"texture":"#8"},"west":{"uv":[0,0,3,4],"texture":"#8"},"up":{"uv":[0,2,5,4],"texture":"#8"},"down":{"uv":[0,0,4,4],"texture":"#8"}}},{"name":"Cube","from":[4.4,-1.1,-0.89],"to":[6.4,-0.5,-0.29],"rotation":{"angle":-45,"axis":"z","origin":[8,8,8]},"faces":{"north":{"uv":[0,0,4,3],"texture":"#8"},"east":{"uv":[0,0,4,4],"texture":"#8"},"south":{"uv":[0,0,3,3],"texture":"#8"},"west":{"uv":[0,0,3,4],"texture":"#8"},"up":{"uv":[0,2,5,4],"texture":"#8"},"down":{"uv":[0,0,4,4],"texture":"#8"}}},{"name":"Cube","from":[0.3,8.2,-0.89],"to":[2.3,8.8,-0.29],"rotation":{"angle":45,"axis":"z","origin":[8,8,8]},"faces":{"north":{"uv":[0,0,4,3],"texture":"#8"},"east":{"uv":[0,0,4,4],"texture":"#8"},"south":{"uv":[0,0,3,3],"texture":"#8"},"west":{"uv":[0,0,3,4],"texture":"#8"},"up":{"uv":[0,2,5,4],"texture":"#8"},"down":{"uv":[0,0,4,4],"texture":"#8"}}},{"name":"Cube","from":[3.2,4.1,-0.9],"to":[3.8,6.1,-0.3],"faces":{"north":{"uv":[0,0,4,3],"texture":"#8"},"east":{"uv":[0,0,4,4],"texture":"#8"},"south":{"uv":[0,0,3,3],"texture":"#8"},"west":{"uv":[0,0,3,4],"texture":"#8"},"up":{"uv":[0,2,5,4],"texture":"#8"},"down":{"uv":[0,0,4,4],"texture":"#8"}}},{"name":"Cube","from":[-1,4.1,-0.9],"to":[-0.4,6.1,-0.3],"faces":{"north":{"uv":[0,0,4,3],"texture":"#8"},"east":{"uv":[0,0,4,4],"texture":"#8"},"south":{"uv":[0,0,3,3],"texture":"#8"},"west":{"uv":[0,0,3,4],"texture":"#8"},"up":{"uv":[0,2,5,4],"texture":"#8"},"down":{"uv":[0,0,4,4],"texture":"#8"}}},{"name":"Cube","from":[4.4,3.1,-0.89],"to":[6.4,3.7,-0.29],"rotation":{"angle":-45,"axis":"z","origin":[8,8,8]},"faces":{"north":{"uv":[0,0,4,3],"texture":"#8"},"east":{"uv":[0,0,4,4],"texture":"#8"},"south":{"uv":[0,0,3,3],"texture":"#8"},"west":{"uv":[0,0,3,4],"texture":"#8"},"up":{"uv":[0,2,5,4],"texture":"#8"},"down":{"uv":[0,0,4,4],"texture":"#8"}}},{"name":"Cube","from":[0.4,6.9,-0.9],"to":[2.4,7.5,-0.3],"faces":{"north":{"uv":[0,0,4,3],"texture":"#8"},"east":{"uv":[0,0,4,4],"texture":"#8"},"south":{"uv":[0,0,3,3],"texture":"#8"},"west":{"uv":[0,0,3,4],"texture":"#8"},"up":{"uv":[0,2,5,4],"texture":"#8"},"down":{"uv":[0,0,4,4],"texture":"#8"}}},{"name":"Cube","from":[0.3,12.4,-0.89],"to":[2.3,13,-0.29],"rotation":{"angle":45,"axis":"z","origin":[8,8,8]},"faces":{"north":{"uv":[0,0,4,3],"texture":"#8"},"east":{"uv":[0,0,4,4],"texture":"#8"},"south":{"uv":[0,0,3,3],"texture":"#8"},"west":{"uv":[0,0,3,4],"texture":"#8"},"up":{"uv":[0,2,5,4],"texture":"#8"},"down":{"uv":[0,0,4,4],"texture":"#8"}}},{"name":"Cube","from":[-0.8,5.4,-1.5],"to":[-0.6,5.6,-0.8],"faces":{"north":{"uv":[0,0,2,4],"texture":"#7"},"east":{"uv":[0,0,13,4],"texture":"#7"},"south":{"uv":[0,0,2,5],"texture":"#7"},"west":{"uv":[0,0,2,4],"texture":"#7"},"up":{"uv":[0,4,8,6],"texture":"#7"},"down":{"uv":[0,0,10,2],"texture":"#7"}}},{"name":"Cube","from":[0.7,2.15,-1.4],"to":[4.5,2.65,-1],"rotation":{"angle":-22.5,"axis":"z","origin":[8,8,8]},"faces":{"north":{"uv":[0,0,11,2],"texture":"#10"},"east":{"uv":[0,0,1,1],"texture":"#10"},"south":{"uv":[0,0,11,2],"texture":"#10"},"west":{"uv":[0,0,1,1],"texture":"#10"},"up":{"uv":[0,0,11,2],"texture":"#10"},"down":{"uv":[0,0,11,2],"texture":"#10"}}},{"name":"Cube","from":[7.2,2.2,-1.4],"to":[7.3,2.3,-0.7],"faces":{"north":{"uv":[0,0,2,4],"texture":"#7"},"east":{"uv":[0,0,13,4],"texture":"#7"},"south":{"uv":[0,0,2,5],"texture":"#7"},"west":{"uv":[0,0,2,4],"texture":"#7"},"up":{"uv":[0,4,8,6],"texture":"#7"},"down":{"uv":[0,0,10,2],"texture":"#7"}}},{"name":"Cube","from":[4.5,2.25,-1.3],"to":[9.7,2.55,-1.1],"rotation":{"angle":-22.5,"axis":"z","origin":[8,8,8]},"faces":{"north":{"uv":[0,0,11,2],"texture":"#10"},"east":{"uv":[0,0,1,1],"texture":"#10"},"south":{"uv":[0,0,11,2],"texture":"#10"},"west":{"uv":[0,0,1,1],"texture":"#10"},"up":{"uv":[0,0,11,2],"texture":"#10"},"down":{"uv":[0,0,11,2],"texture":"#10"}}},{"name":"Cube","from":[7.1,1.6,-0.9],"to":[7.5,2.6,-0.5],"faces":{"north":{"uv":[0,0,4,3],"texture":"#8"},"east":{"uv":[0,0,4,4],"texture":"#8"},"south":{"uv":[0,0,3,3],"texture":"#8"},"west":{"uv":[0,0,3,4],"texture":"#8"},"up":{"uv":[0,2,5,4],"texture":"#8"},"down":{"uv":[0,0,4,4],"texture":"#8"}}},{"name":"Cube","from":[11.2,3.55,-0.9],"to":[11.6,4.55,-0.5],"rotation":{"angle":-45,"axis":"z","origin":[8,8,8]},"faces":{"north":{"uv":[0,0,4,3],"texture":"#8"},"east":{"uv":[0,0,4,4],"texture":"#8"},"south":{"uv":[0,0,3,3],"texture":"#8"},"west":{"uv":[0,0,3,4],"texture":"#8"},"up":{"uv":[0,2,5,4],"texture":"#8"},"down":{"uv":[0,0,4,4],"texture":"#8"}}},{"name":"Cube","from":[2.85,3.1,-0.9],"to":[3.25,4.1,-0.5],"rotation":{"angle":45,"axis":"z","origin":[8,8,8]},"faces":{"north":{"uv":[0,0,4,3],"texture":"#8"},"east":{"uv":[0,0,4,4],"texture":"#8"},"south":{"uv":[0,0,3,3],"texture":"#8"},"west":{"uv":[0,0,3,4],"texture":"#8"},"up":{"uv":[0,2,5,4],"texture":"#8"},"down":{"uv":[0,0,4,4],"texture":"#8"}}},{"name":"Cube","from":[7.8,2.9,-0.9],"to":[8.8,3.3,-0.5],"faces":{"north":{"uv":[0,0,4,3],"texture":"#8"},"east":{"uv":[0,0,4,4],"texture":"#8"},"south":{"uv":[0,0,3,3],"texture":"#8"},"west":{"uv":[0,0,3,4],"texture":"#8"},"up":{"uv":[0,2,5,4],"texture":"#8"},"down":{"uv":[0,0,4,4],"texture":"#8"}}},{"name":"Cube","from":[4.85,3.1,-0.9],"to":[5.25,4.1,-0.5],"rotation":{"angle":45,"axis":"z","origin":[8,8,8]},"faces":{"north":{"uv":[0,0,4,3],"texture":"#8"},"east":{"uv":[0,0,4,4],"texture":"#8"},"south":{"uv":[0,0,3,3],"texture":"#8"},"west":{"uv":[0,0,3,4],"texture":"#8"},"up":{"uv":[0,2,5,4],"texture":"#8"},"down":{"uv":[0,0,4,4],"texture":"#8"}}},{"name":"Cube","from":[9.1,1.6,-0.9],"to":[9.5,2.6,-0.5],"faces":{"north":{"uv":[0,0,4,3],"texture":"#8"},"east":{"uv":[0,0,4,4],"texture":"#8"},"south":{"uv":[0,0,3,3],"texture":"#8"},"west":{"uv":[0,0,3,4],"texture":"#8"},"up":{"uv":[0,2,5,4],"texture":"#8"},"down":{"uv":[0,0,4,4],"texture":"#8"}}},{"name":"Cube","from":[13.2,3.55,-0.9],"to":[13.6,4.55,-0.5],"rotation":{"angle":-45,"axis":"z","origin":[8,8,8]},"faces":{"north":{"uv":[0,0,4,3],"texture":"#8"},"east":{"uv":[0,0,4,4],"texture":"#8"},"south":{"uv":[0,0,3,3],"texture":"#8"},"west":{"uv":[0,0,3,4],"texture":"#8"},"up":{"uv":[0,2,5,4],"texture":"#8"},"down":{"uv":[0,0,4,4],"texture":"#8"}}},{"name":"Cube","from":[7.8,0.9,-0.9],"to":[8.8,1.3,-0.5],"faces":{"north":{"uv":[0,0,4,3],"texture":"#8"},"east":{"uv":[0,0,4,4],"texture":"#8"},"south":{"uv":[0,0,3,3],"texture":"#8"},"west":{"uv":[0,0,3,4],"texture":"#8"},"up":{"uv":[0,2,5,4],"texture":"#8"},"down":{"uv":[0,0,4,4],"texture":"#8"}}},{"name":"Cube","from":[7.4,1.95,-0.8],"to":[9.3,2.25,-0.6],"faces":{"north":{"uv":[0,0,11,2],"texture":"#9"},"east":{"uv":[0,0,1,1],"texture":"#9"},"south":{"uv":[0,0,11,2],"texture":"#9"},"west":{"uv":[0,0,1,1],"texture":"#9"},"up":{"uv":[0,0,11,2],"texture":"#9"},"down":{"uv":[0,0,11,2],"texture":"#9"}}},{"name":"Cube","from":[8.2,2.25,-0.8],"to":[8.5,2.95,-0.6],"faces":{"north":{"uv":[0,0,2,4],"texture":"#9"},"east":{"uv":[0,0,1,1],"texture":"#9"},"south":{"uv":[0,0,11,2],"texture":"#9"},"west":{"uv":[0,0,1,1],"texture":"#9"},"up":{"uv":[0,0,11,2],"texture":"#9"},"down":{"uv":[0,0,11,2],"texture":"#9"}}},{"name":"Cube","from":[8.2,1.25,-0.8],"to":[8.5,1.95,-0.6],"faces":{"north":{"uv":[0,0,2,4],"texture":"#9"},"east":{"uv":[0,0,1,1],"texture":"#9"},"south":{"uv":[0,0,11,2],"texture":"#9"},"west":{"uv":[0,0,1,1],"texture":"#9"},"up":{"uv":[0,0,11,2],"texture":"#9"},"down":{"uv":[0,0,11,2],"texture":"#9"}}},{"name":"Cube","from":[1.2,3.25,-0.7],"to":[1.5,4.95,-0.5],"faces":{"north":{"uv":[0,0,2,4],"texture":"#9"},"east":{"uv":[0,0,1,1],"texture":"#9"},"south":{"uv":[0,0,11,2],"texture":"#9"},"west":{"uv":[0,0,1,1],"texture":"#9"},"up":{"uv":[0,0,11,2],"texture":"#9"},"down":{"uv":[0,0,11,2],"texture":"#9"}}},{"name":"Cube","from":[-0.3,4.95,-0.7],"to":[3.2,5.25,-0.5],"faces":{"north":{"uv":[0,0,11,2],"texture":"#9"},"east":{"uv":[0,0,1,1],"texture":"#9"},"south":{"uv":[0,0,11,2],"texture":"#9"},"west":{"uv":[0,0,1,1],"texture":"#9"},"up":{"uv":[0,0,11,2],"texture":"#9"},"down":{"uv":[0,0,11,2],"texture":"#9"}}},{"name":"Cube","from":[1.2,5.25,-0.7],"to":[1.5,6.95,-0.5],"faces":{"north":{"uv":[0,0,2,4],"texture":"#9"},"east":{"uv":[0,0,1,1],"texture":"#9"},"south":{"uv":[0,0,11,2],"texture":"#9"},"west":{"uv":[0,0,1,1],"texture":"#9"},"up":{"uv":[0,0,11,2],"texture":"#9"},"down":{"uv":[0,0,11,2],"texture":"#9"}}},{"name":"Cube","from":[1.25,5,-0.9],"to":[1.45,5.2,0.4],"faces":{"north":{"uv":[0,0,2,4],"texture":"#7"},"east":{"uv":[0,0,13,4],"texture":"#7"},"south":{"uv":[0,0,2,5],"texture":"#7"},"west":{"uv":[0,0,2,4],"texture":"#7"},"up":{"uv":[0,4,8,6],"texture":"#7"},"down":{"uv":[0,0,10,2],"texture":"#7"}}},{"name":"Cube","from":[0.85,4.6,0.1],"to":[1.85,5.6,0.4],"faces":{"north":{"uv":[0,0,4,3],"texture":"#3"},"east":{"uv":[0,0,4,4],"texture":"#3"},"south":{"uv":[0,0,3,3],"texture":"#3"},"west":{"uv":[0,0,3,4],"texture":"#3"},"up":{"uv":[0,2,5,4],"texture":"#3"},"down":{"uv":[0,0,4,4],"texture":"#3"}}},{"name":"Cube","from":[8.25,2,-0.9],"to":[8.45,2.2,0.4],"faces":{"north":{"uv":[0,0,2,4],"texture":"#7"},"east":{"uv":[0,0,13,4],"texture":"#7"},"south":{"uv":[0,0,2,5],"texture":"#7"},"west":{"uv":[0,0,2,4],"texture":"#7"},"up":{"uv":[0,4,8,6],"texture":"#7"},"down":{"uv":[0,0,10,2],"texture":"#7"}}},{"name":"Cube","from":[16.41,4.24,4.7],"to":[16.51,6.24,6.7],"rotation":{"angle":45,"axis":"x","origin":[8,8,8]},"faces":{"north":{"uv":[0,4,1,13],"texture":"#17"},"east":{"uv":[1,1,15,15],"texture":"#17"},"south":{"uv":[4,0,13,1],"texture":"#17"},"west":{"uv":[4,0,12,1],"texture":"#17"},"up":{"uv":[0,5,1,11],"texture":"#17"},"down":{"uv":[6,0,11,1],"texture":"#17"}}},{"name":"Cube","from":[16.41,4.04,6.9],"to":[16.51,6.04,8.9],"faces":{"north":{"uv":[0,4,1,13],"texture":"#17"},"east":{"uv":[1,1,15,15],"texture":"#17"},"south":{"uv":[4,0,13,1],"texture":"#17"},"west":{"uv":[4,0,12,1],"texture":"#17"},"up":{"uv":[0,5,1,11],"texture":"#17"},"down":{"uv":[6,0,11,1],"texture":"#17"}}},{"name":"Cube","from":[16.41,8.54,9.4],"to":[16.51,10.54,11.4],"rotation":{"angle":22.5,"axis":"x","origin":[8,8,8]},"faces":{"north":{"uv":[0,4,1,13],"texture":"#17"},"east":{"uv":[1,1,15,15],"texture":"#17"},"south":{"uv":[4,0,13,1],"texture":"#17"},"west":{"uv":[4,0,12,1],"texture":"#17"},"up":{"uv":[0,5,1,11],"texture":"#17"},"down":{"uv":[6,0,11,1],"texture":"#17"}}},{"name":"Cube","from":[9.5,-1.8,1.8],"to":[10.5,-0.8,14.2],"faces":{"north":{"uv":[0,0,2,4],"texture":"#7"},"east":{"uv":[0,0,13,4],"texture":"#7"},"south":{"uv":[0,0,2,5],"texture":"#7"},"west":{"uv":[0,0,13,4],"texture":"#7"},"up":{"uv":[0,4,2,9],"texture":"#7"},"down":{"uv":[0,0,2,5],"texture":"#7"}}},{"name":"Cube","from":[-1,-1.8,1.8],"to":[0,-0.8,14.2],"faces":{"north":{"uv":[0,0,2,4],"texture":"#7"},"east":{"uv":[0,0,13,4],"texture":"#7"},"south":{"uv":[0,0,2,5],"texture":"#7"},"west":{"uv":[0,0,13,4],"texture":"#7"},"up":{"uv":[0,4,2,9],"texture":"#7"},"down":{"uv":[0,0,2,5],"texture":"#7"}}},{"name":"Cube","from":[9.3,-1.9,13.6],"to":[10.7,-0.8,14.3],"faces":{"north":{"uv":[0,0,2,4],"texture":"#7"},"east":{"uv":[0,0,2,4],"texture":"#7"},"south":{"uv":[0,0,2,5],"texture":"#7"},"west":{"uv":[0,0,3,4],"texture":"#7"},"up":{"uv":[0,4,2,7],"texture":"#7"},"down":{"uv":[0,0,2,3],"texture":"#7"}}},{"name":"Cube","from":[9.3,-4.4,9.4],"to":[10.7,-3.3,10.1],"rotation":{"angle":-22.5,"axis":"x","origin":[8,8,8]},"faces":{"north":{"uv":[0,0,2,4],"texture":"#7"},"east":{"uv":[0,0,2,4],"texture":"#7"},"south":{"uv":[0,0,2,5],"texture":"#7"},"west":{"uv":[0,0,3,4],"texture":"#7"},"up":{"uv":[0,4,2,7],"texture":"#7"},"down":{"uv":[0,0,2,3],"texture":"#7"}}},{"name":"Cube","from":[9,-3.6,14],"to":[11,-2.5,14.7],"faces":{"north":{"uv":[0,0,2,4],"texture":"#7"},"east":{"uv":[0,0,2,4],"texture":"#7"},"south":{"uv":[0,0,2,5],"texture":"#7"},"west":{"uv":[0,0,3,4],"texture":"#7"},"up":{"uv":[0,4,2,7],"texture":"#7"},"down":{"uv":[0,0,2,3],"texture":"#7"}}},{"name":"Cube","from":[11.5,-3.4,13.8],"to":[12.7,-2.8,15],"faces":{"north":{"uv":[0,0,2,4],"texture":"#18"},"east":{"uv":[0,0,2,4],"texture":"#18"},"south":{"uv":[0,0,2,5],"texture":"#18"},"west":{"uv":[0,0,3,4],"texture":"#18"},"up":{"uv":[0,0,16,16],"texture":"#18"},"down":{"uv":[0,0,16,16],"texture":"#18"}}},{"name":"Cube","from":[7.3,-3.4,13.8],"to":[8.5,-2.8,15],"faces":{"north":{"uv":[0,0,2,4],"texture":"#18"},"east":{"uv":[0,0,2,4],"texture":"#18"},"south":{"uv":[0,0,2,5],"texture":"#18"},"west":{"uv":[0,0,3,4],"texture":"#18"},"up":{"uv":[0,0,16,16],"texture":"#18"},"down":{"uv":[0,0,16,16],"texture":"#18"}}},{"name":"Cube","from":[7.3,-3.4,15],"to":[8.5,-2.8,15.3],"faces":{"north":{"uv":[0,0,2,4],"texture":"#3"},"east":{"uv":[0,0,2,4],"texture":"#3"},"south":{"uv":[0,0,2,5],"texture":"#3"},"west":{"uv":[0,0,3,4],"texture":"#3"},"up":{"uv":[0,0,16,16],"texture":"#3"},"down":{"uv":[0,0,16,16],"texture":"#3"}}},{"name":"Cube","from":[7.3,-3.4,13.5],"to":[8.5,-2.8,13.8],"faces":{"north":{"uv":[0,0,2,4],"texture":"#3"},"east":{"uv":[0,0,2,4],"texture":"#3"},"south":{"uv":[0,0,2,5],"texture":"#3"},"west":{"uv":[0,0,3,4],"texture":"#3"},"up":{"uv":[0,0,16,16],"texture":"#3"},"down":{"uv":[0,0,16,16],"texture":"#3"}}},{"name":"Cube","from":[11.5,-3.4,13.5],"to":[12.7,-2.8,13.8],"faces":{"north":{"uv":[0,0,2,4],"texture":"#3"},"east":{"uv":[0,0,2,4],"texture":"#3"},"south":{"uv":[0,0,2,5],"texture":"#3"},"west":{"uv":[0,0,3,4],"texture":"#3"},"up":{"uv":[0,0,16,16],"texture":"#3"},"down":{"uv":[0,0,16,16],"texture":"#3"}}},{"name":"Cube","from":[11.5,-3.4,15],"to":[12.7,-2.8,15.3],"faces":{"north":{"uv":[0,0,2,4],"texture":"#3"},"east":{"uv":[0,0,2,4],"texture":"#3"},"south":{"uv":[0,0,2,5],"texture":"#3"},"west":{"uv":[0,0,3,4],"texture":"#3"},"up":{"uv":[0,0,16,16],"texture":"#3"},"down":{"uv":[0,0,16,16],"texture":"#3"}}},{"name":"Cube","from":[12.7,-3.4,13.8],"to":[13,-2.8,15],"faces":{"north":{"uv":[0,0,2,4],"texture":"#3"},"east":{"uv":[0,0,2,4],"texture":"#3"},"south":{"uv":[0,0,2,5],"texture":"#3"},"west":{"uv":[0,0,3,4],"texture":"#3"},"up":{"uv":[0,0,16,16],"texture":"#3"},"down":{"uv":[0,0,16,16],"texture":"#3"}}},{"name":"Cube","from":[11.2,-3.4,13.8],"to":[11.5,-2.8,15],"faces":{"north":{"uv":[0,0,2,4],"texture":"#3"},"east":{"uv":[0,0,2,4],"texture":"#3"},"south":{"uv":[0,0,2,5],"texture":"#3"},"west":{"uv":[0,0,3,4],"texture":"#3"},"up":{"uv":[0,0,16,16],"texture":"#3"},"down":{"uv":[0,0,16,16],"texture":"#3"}}},{"name":"Cube","from":[7,-3.4,13.8],"to":[7.3,-2.8,15],"faces":{"north":{"uv":[0,0,2,4],"texture":"#3"},"east":{"uv":[0,0,2,4],"texture":"#3"},"south":{"uv":[0,0,2,5],"texture":"#3"},"west":{"uv":[0,0,3,4],"texture":"#3"},"up":{"uv":[0,0,16,16],"texture":"#3"},"down":{"uv":[0,0,16,16],"texture":"#3"}}},{"name":"Cube","from":[8.5,-3.4,13.8],"to":[8.8,-2.8,15],"faces":{"north":{"uv":[0,0,2,4],"texture":"#3"},"east":{"uv":[0,0,2,4],"texture":"#3"},"south":{"uv":[0,0,2,5],"texture":"#3"},"west":{"uv":[0,0,3,4],"texture":"#3"},"up":{"uv":[0,0,16,16],"texture":"#3"},"down":{"uv":[0,0,16,16],"texture":"#3"}}},{"name":"Cube","from":[7.3,-1.2,12.8],"to":[8.5,-0.9,13.4],"faces":{"north":{"uv":[0,0,2,4],"texture":"#3"},"east":{"uv":[0,0,2,4],"texture":"#3"},"south":{"uv":[0,0,2,5],"texture":"#3"},"west":{"uv":[0,0,3,4],"texture":"#3"},"up":{"uv":[0,0,16,16],"texture":"#3"},"down":{"uv":[0,0,16,16],"texture":"#3"}}},{"name":"Cube","from":[7.3,-2.7,12.8],"to":[8.5,-2.4,13.4],"faces":{"north":{"uv":[0,0,2,4],"texture":"#3"},"east":{"uv":[0,0,2,4],"texture":"#3"},"south":{"uv":[0,0,2,5],"texture":"#3"},"west":{"uv":[0,0,3,4],"texture":"#3"},"up":{"uv":[0,0,16,16],"texture":"#3"},"down":{"uv":[0,0,16,16],"texture":"#3"}}},{"name":"Cube","from":[8.5,-2.4,12.8],"to":[8.8,-1.2,13.4],"faces":{"north":{"uv":[0,0,2,4],"texture":"#3"},"east":{"uv":[0,0,2,4],"texture":"#3"},"south":{"uv":[0,0,2,5],"texture":"#3"},"west":{"uv":[0,0,3,4],"texture":"#3"},"up":{"uv":[0,0,16,16],"texture":"#3"},"down":{"uv":[0,0,16,16],"texture":"#3"}}},{"name":"Cube","from":[7,-2.4,12.8],"to":[7.3,-1.2,13.4],"faces":{"north":{"uv":[0,0,2,4],"texture":"#3"},"east":{"uv":[0,0,2,4],"texture":"#3"},"south":{"uv":[0,0,2,5],"texture":"#3"},"west":{"uv":[0,0,3,4],"texture":"#3"},"up":{"uv":[0,0,16,16],"texture":"#3"},"down":{"uv":[0,0,16,16],"texture":"#3"}}},{"name":"Cube","from":[11.5,-2.4,12.8],"to":[12.7,-1.2,13.4],"faces":{"north":{"uv":[0,0,16,16],"texture":"#18"},"east":{"uv":[0,0,1,3],"texture":"#18"},"south":{"uv":[0,0,16,16],"texture":"#18"},"west":{"uv":[0,0,3,4],"texture":"#18"},"up":{"uv":[0,0,16,16],"texture":"#18"},"down":{"uv":[0,0,16,16],"texture":"#18"}}},{"name":"Cube","from":[11.2,-2.4,12.8],"to":[11.5,-1.2,13.4],"faces":{"north":{"uv":[0,0,2,4],"texture":"#3"},"east":{"uv":[0,0,2,4],"texture":"#3"},"south":{"uv":[0,0,2,5],"texture":"#3"},"west":{"uv":[0,0,3,4],"texture":"#3"},"up":{"uv":[0,0,16,16],"texture":"#3"},"down":{"uv":[0,0,16,16],"texture":"#3"}}},{"name":"Cube","from":[12.7,-2.4,12.8],"to":[13,-1.2,13.4],"faces":{"north":{"uv":[0,0,2,4],"texture":"#3"},"east":{"uv":[0,0,2,4],"texture":"#3"},"south":{"uv":[0,0,2,5],"texture":"#3"},"west":{"uv":[0,0,3,4],"texture":"#3"},"up":{"uv":[0,0,16,16],"texture":"#3"},"down":{"uv":[0,0,16,16],"texture":"#3"}}},{"name":"Cube","from":[11.5,-1.2,12.8],"to":[12.7,-0.9,13.4],"faces":{"north":{"uv":[0,0,2,4],"texture":"#3"},"east":{"uv":[0,0,2,4],"texture":"#3"},"south":{"uv":[0,0,2,5],"texture":"#3"},"west":{"uv":[0,0,3,4],"texture":"#3"},"up":{"uv":[0,0,16,16],"texture":"#3"},"down":{"uv":[0,0,16,16],"texture":"#3"}}},{"name":"Cube","from":[11.5,-2.7,12.8],"to":[12.7,-2.4,13.4],"faces":{"north":{"uv":[0,0,2,4],"texture":"#3"},"east":{"uv":[0,0,2,4],"texture":"#3"},"south":{"uv":[0,0,2,5],"texture":"#3"},"west":{"uv":[0,0,3,4],"texture":"#3"},"up":{"uv":[0,0,16,16],"texture":"#3"},"down":{"uv":[0,0,16,16],"texture":"#3"}}},{"name":"Cube","from":[11,-2.8,14.1],"to":[12.4,-2.7,14.7],"faces":{"north":{"uv":[0,0,2,4],"texture":"#7"},"east":{"uv":[0,0,2,4],"texture":"#7"},"south":{"uv":[0,0,2,5],"texture":"#7"},"west":{"uv":[0,0,3,4],"texture":"#7"},"up":{"uv":[0,4,2,7],"texture":"#7"},"down":{"uv":[0,0,2,3],"texture":"#7"}}},{"name":"Cube","from":[7.6,-2.8,14.1],"to":[9,-2.7,14.7],"faces":{"north":{"uv":[0,0,2,4],"texture":"#7"},"east":{"uv":[0,0,2,4],"texture":"#7"},"south":{"uv":[0,0,2,5],"texture":"#7"},"west":{"uv":[0,0,3,4],"texture":"#7"},"up":{"uv":[0,4,2,7],"texture":"#7"},"down":{"uv":[0,0,2,3],"texture":"#7"}}},{"name":"Cube","from":[7.6,-3.5,14.1],"to":[9,-3.4,14.7],"faces":{"north":{"uv":[0,0,2,4],"texture":"#7"},"east":{"uv":[0,0,2,4],"texture":"#7"},"south":{"uv":[0,0,2,5],"texture":"#7"},"west":{"uv":[0,0,3,4],"texture":"#7"},"up":{"uv":[0,4,2,7],"texture":"#7"},"down":{"uv":[0,0,2,3],"texture":"#7"}}},{"name":"Cube","from":[11,-3.5,14.1],"to":[12.4,-3.4,14.7],"faces":{"north":{"uv":[0,0,2,4],"texture":"#7"},"east":{"uv":[0,0,2,4],"texture":"#7"},"south":{"uv":[0,0,2,5],"texture":"#7"},"west":{"uv":[0,0,3,4],"texture":"#7"},"up":{"uv":[0,4,2,7],"texture":"#7"},"down":{"uv":[0,0,2,3],"texture":"#7"}}},{"name":"Cube","from":[7.6,-2.1,13.4],"to":[12.4,-1.5,13.5],"faces":{"north":{"uv":[0,0,2,4],"texture":"#7"},"east":{"uv":[0,0,2,4],"texture":"#7"},"south":{"uv":[0,0,2,5],"texture":"#7"},"west":{"uv":[0,0,3,4],"texture":"#7"},"up":{"uv":[0,4,2,7],"texture":"#7"},"down":{"uv":[0,0,2,3],"texture":"#7"}}},{"name":"Cube","from":[-1.2,-1.9,13.6],"to":[0.2,-0.5,14.3],"faces":{"north":{"uv":[0,0,2,4],"texture":"#7"},"east":{"uv":[0,0,2,4],"texture":"#7"},"south":{"uv":[0,0,2,5],"texture":"#7"},"west":{"uv":[0,0,3,4],"texture":"#7"},"up":{"uv":[0,4,2,7],"texture":"#7"},"down":{"uv":[0,0,2,3],"texture":"#7"}}},{"name":"Cube","from":[-1.2,-4.4,9.4],"to":[0.2,-3.3,10.1],"rotation":{"angle":-22.5,"axis":"x","origin":[8,8,8]},"faces":{"north":{"uv":[0,0,2,4],"texture":"#7"},"east":{"uv":[0,0,2,4],"texture":"#7"},"south":{"uv":[0,0,2,5],"texture":"#7"},"west":{"uv":[0,0,3,4],"texture":"#7"},"up":{"uv":[0,4,2,7],"texture":"#7"},"down":{"uv":[0,0,2,3],"texture":"#7"}}},{"name":"Cube","from":[-1.5,-3.6,14],"to":[0.5,-2.5,14.7],"faces":{"north":{"uv":[0,0,2,4],"texture":"#7"},"east":{"uv":[0,0,2,4],"texture":"#7"},"south":{"uv":[0,0,2,5],"texture":"#7"},"west":{"uv":[0,0,3,4],"texture":"#7"},"up":{"uv":[0,4,2,7],"texture":"#7"},"down":{"uv":[0,0,2,3],"texture":"#7"}}},{"name":"Cube","from":[-3.2,-3.4,13.8],"to":[-2,-2.8,15],"faces":{"north":{"uv":[0,0,2,4],"texture":"#18"},"east":{"uv":[0,0,2,4],"texture":"#18"},"south":{"uv":[0,0,2,5],"texture":"#18"},"west":{"uv":[0,0,3,4],"texture":"#18"},"up":{"uv":[0,0,16,16],"texture":"#18"},"down":{"uv":[0,0,16,16],"texture":"#18"}}},{"name":"Cube","from":[-2.9,-2.8,14.1],"to":[-1.5,-2.7,14.7],"faces":{"north":{"uv":[0,0,2,4],"texture":"#7"},"east":{"uv":[0,0,2,4],"texture":"#7"},"south":{"uv":[0,0,2,5],"texture":"#7"},"west":{"uv":[0,0,3,4],"texture":"#7"},"up":{"uv":[0,4,2,7],"texture":"#7"},"down":{"uv":[0,0,2,3],"texture":"#7"}}},{"name":"Cube","from":[-3.5,-3.4,13.8],"to":[-3.2,-2.8,15],"faces":{"north":{"uv":[0,0,2,4],"texture":"#3"},"east":{"uv":[0,0,2,4],"texture":"#3"},"south":{"uv":[0,0,2,5],"texture":"#3"},"west":{"uv":[0,0,3,4],"texture":"#3"},"up":{"uv":[0,0,16,16],"texture":"#3"},"down":{"uv":[0,0,16,16],"texture":"#3"}}},{"name":"Cube","from":[-2,-3.4,13.8],"to":[-1.7,-2.8,15],"faces":{"north":{"uv":[0,0,2,4],"texture":"#3"},"east":{"uv":[0,0,2,4],"texture":"#3"},"south":{"uv":[0,0,2,5],"texture":"#3"},"west":{"uv":[0,0,3,4],"texture":"#3"},"up":{"uv":[0,0,16,16],"texture":"#3"},"down":{"uv":[0,0,16,16],"texture":"#3"}}},{"name":"Cube","from":[-3.2,-3.4,15],"to":[-2,-2.8,15.3],"faces":{"north":{"uv":[0,0,2,4],"texture":"#3"},"east":{"uv":[0,0,2,4],"texture":"#3"},"south":{"uv":[0,0,2,5],"texture":"#3"},"west":{"uv":[0,0,3,4],"texture":"#3"},"up":{"uv":[0,0,16,16],"texture":"#3"},"down":{"uv":[0,0,16,16],"texture":"#3"}}},{"name":"Cube","from":[-3.2,-3.4,13.5],"to":[-2,-2.8,13.8],"faces":{"north":{"uv":[0,0,2,4],"texture":"#3"},"east":{"uv":[0,0,2,4],"texture":"#3"},"south":{"uv":[0,0,2,5],"texture":"#3"},"west":{"uv":[0,0,3,4],"texture":"#3"},"up":{"uv":[0,0,16,16],"texture":"#3"},"down":{"uv":[0,0,16,16],"texture":"#3"}}},{"name":"Cube","from":[-2.9,-3.5,14.1],"to":[-1.5,-3.4,14.7],"faces":{"north":{"uv":[0,0,2,4],"texture":"#7"},"east":{"uv":[0,0,2,4],"texture":"#7"},"south":{"uv":[0,0,2,5],"texture":"#7"},"west":{"uv":[0,0,3,4],"texture":"#7"},"up":{"uv":[0,4,2,7],"texture":"#7"},"down":{"uv":[0,0,2,3],"texture":"#7"}}},{"name":"Cube","from":[0.5,-2.8,14.1],"to":[1.9,-2.7,14.7],"faces":{"north":{"uv":[0,0,2,4],"texture":"#7"},"east":{"uv":[0,0,2,4],"texture":"#7"},"south":{"uv":[0,0,2,5],"texture":"#7"},"west":{"uv":[0,0,3,4],"texture":"#7"},"up":{"uv":[0,4,2,7],"texture":"#7"},"down":{"uv":[0,0,2,3],"texture":"#7"}}},{"name":"Cube","from":[1,-3.4,13.8],"to":[2.2,-2.8,15],"faces":{"north":{"uv":[0,0,2,4],"texture":"#18"},"east":{"uv":[0,0,2,4],"texture":"#18"},"south":{"uv":[0,0,2,5],"texture":"#18"},"west":{"uv":[0,0,3,4],"texture":"#18"},"up":{"uv":[0,0,16,16],"texture":"#18"},"down":{"uv":[0,0,16,16],"texture":"#18"}}},{"name":"Cube","from":[0.7,-3.4,13.8],"to":[1,-2.8,15],"faces":{"north":{"uv":[0,0,2,4],"texture":"#3"},"east":{"uv":[0,0,2,4],"texture":"#3"},"south":{"uv":[0,0,2,5],"texture":"#3"},"west":{"uv":[0,0,3,4],"texture":"#3"},"up":{"uv":[0,0,16,16],"texture":"#3"},"down":{"uv":[0,0,16,16],"texture":"#3"}}},{"name":"Cube","from":[1,-3.4,15],"to":[2.2,-2.8,15.3],"faces":{"north":{"uv":[0,0,2,4],"texture":"#3"},"east":{"uv":[0,0,2,4],"texture":"#3"},"south":{"uv":[0,0,2,5],"texture":"#3"},"west":{"uv":[0,0,3,4],"texture":"#3"},"up":{"uv":[0,0,16,16],"texture":"#3"},"down":{"uv":[0,0,16,16],"texture":"#3"}}},{"name":"Cube","from":[2.2,-3.4,13.8],"to":[2.5,-2.8,15],"faces":{"north":{"uv":[0,0,2,4],"texture":"#3"},"east":{"uv":[0,0,2,4],"texture":"#3"},"south":{"uv":[0,0,2,5],"texture":"#3"},"west":{"uv":[0,0,3,4],"texture":"#3"},"up":{"uv":[0,0,16,16],"texture":"#3"},"down":{"uv":[0,0,16,16],"texture":"#3"}}},{"name":"Cube","from":[1,-3.4,13.5],"to":[2.2,-2.8,13.8],"faces":{"north":{"uv":[0,0,2,4],"texture":"#3"},"east":{"uv":[0,0,2,4],"texture":"#3"},"south":{"uv":[0,0,2,5],"texture":"#3"},"west":{"uv":[0,0,3,4],"texture":"#3"},"up":{"uv":[0,0,16,16],"texture":"#3"},"down":{"uv":[0,0,16,16],"texture":"#3"}}},{"name":"Cube","from":[-2.9,-2.1,13.4],"to":[1.9,-1.5,13.5],"faces":{"north":{"uv":[0,0,2,4],"texture":"#7"},"east":{"uv":[0,0,2,4],"texture":"#7"},"south":{"uv":[0,0,2,5],"texture":"#7"},"west":{"uv":[0,0,3,4],"texture":"#7"},"up":{"uv":[0,4,2,7],"texture":"#7"},"down":{"uv":[0,0,2,3],"texture":"#7"}}},{"name":"Cube","from":[-3.2,-2.4,12.8],"to":[-2,-1.2,13.4],"faces":{"north":{"uv":[0,0,16,16],"texture":"#18"},"east":{"uv":[0,0,1,3],"texture":"#18"},"south":{"uv":[0,0,16,16],"texture":"#18"},"west":{"uv":[0,0,3,4],"texture":"#18"},"up":{"uv":[0,0,16,16],"texture":"#18"},"down":{"uv":[0,0,16,16],"texture":"#18"}}},{"name":"Cube","from":[1,-2.4,12.8],"to":[2.2,-1.2,13.4],"faces":{"north":{"uv":[0,0,16,16],"texture":"#18"},"east":{"uv":[0,0,1,3],"texture":"#18"},"south":{"uv":[0,0,16,16],"texture":"#18"},"west":{"uv":[0,0,3,4],"texture":"#18"},"up":{"uv":[0,0,16,16],"texture":"#18"},"down":{"uv":[0,0,16,16],"texture":"#18"}}},{"name":"Cube","from":[-3.2,-1.2,12.8],"to":[-2,-0.9,13.4],"faces":{"north":{"uv":[0,0,2,4],"texture":"#3"},"east":{"uv":[0,0,2,4],"texture":"#3"},"south":{"uv":[0,0,2,5],"texture":"#3"},"west":{"uv":[0,0,3,4],"texture":"#3"},"up":{"uv":[0,0,16,16],"texture":"#3"},"down":{"uv":[0,0,16,16],"texture":"#3"}}},{"name":"Cube","from":[-3.5,-2.4,12.8],"to":[-3.2,-1.2,13.4],"faces":{"north":{"uv":[0,0,2,4],"texture":"#3"},"east":{"uv":[0,0,2,4],"texture":"#3"},"south":{"uv":[0,0,2,5],"texture":"#3"},"west":{"uv":[0,0,3,4],"texture":"#3"},"up":{"uv":[0,0,16,16],"texture":"#3"},"down":{"uv":[0,0,16,16],"texture":"#3"}}},{"name":"Cube","from":[-3.2,-2.7,12.8],"to":[-2,-2.4,13.4],"faces":{"north":{"uv":[0,0,2,4],"texture":"#3"},"east":{"uv":[0,0,2,4],"texture":"#3"},"south":{"uv":[0,0,2,5],"texture":"#3"},"west":{"uv":[0,0,3,4],"texture":"#3"},"up":{"uv":[0,0,16,16],"texture":"#3"},"down":{"uv":[0,0,16,16],"texture":"#3"}}},{"name":"Cube","from":[-2,-2.4,12.8],"to":[-1.7,-1.2,13.4],"faces":{"north":{"uv":[0,0,2,4],"texture":"#3"},"east":{"uv":[0,0,2,4],"texture":"#3"},"south":{"uv":[0,0,2,5],"texture":"#3"},"west":{"uv":[0,0,3,4],"texture":"#3"},"up":{"uv":[0,0,16,16],"texture":"#3"},"down":{"uv":[0,0,16,16],"texture":"#3"}}},{"name":"Cube","from":[1,-1.2,12.8],"to":[2.2,-0.9,13.4],"faces":{"north":{"uv":[0,0,2,4],"texture":"#3"},"east":{"uv":[0,0,2,4],"texture":"#3"},"south":{"uv":[0,0,2,5],"texture":"#3"},"west":{"uv":[0,0,3,4],"texture":"#3"},"up":{"uv":[0,0,16,16],"texture":"#3"},"down":{"uv":[0,0,16,16],"texture":"#3"}}},{"name":"Cube","from":[2.2,-2.4,12.8],"to":[2.5,-1.2,13.4],"faces":{"north":{"uv":[0,0,2,4],"texture":"#3"},"east":{"uv":[0,0,2,4],"texture":"#3"},"south":{"uv":[0,0,2,5],"texture":"#3"},"west":{"uv":[0,0,3,4],"texture":"#3"},"up":{"uv":[0,0,16,16],"texture":"#3"},"down":{"uv":[0,0,16,16],"texture":"#3"}}},{"name":"Cube","from":[1,-2.7,12.8],"to":[2.2,-2.4,13.4],"faces":{"north":{"uv":[0,0,2,4],"texture":"#3"},"east":{"uv":[0,0,2,4],"texture":"#3"},"south":{"uv":[0,0,2,5],"texture":"#3"},"west":{"uv":[0,0,3,4],"texture":"#3"},"up":{"uv":[0,0,16,16],"texture":"#3"},"down":{"uv":[0,0,16,16],"texture":"#3"}}},{"name":"Cube","from":[0.7,-2.4,12.8],"to":[1,-1.2,13.4],"faces":{"north":{"uv":[0,0,2,4],"texture":"#3"},"east":{"uv":[0,0,2,4],"texture":"#3"},"south":{"uv":[0,0,2,5],"texture":"#3"},"west":{"uv":[0,0,3,4],"texture":"#3"},"up":{"uv":[0,0,16,16],"texture":"#3"},"down":{"uv":[0,0,16,16],"texture":"#3"}}},{"name":"Cube","from":[-1.2,-1.9,1.6],"to":[0.2,-0.8,2.3],"faces":{"north":{"uv":[0,0,2,4],"texture":"#7"},"east":{"uv":[0,0,2,4],"texture":"#7"},"south":{"uv":[0,0,2,5],"texture":"#7"},"west":{"uv":[0,0,3,4],"texture":"#7"},"up":{"uv":[0,4,2,7],"texture":"#7"},"down":{"uv":[0,0,2,3],"texture":"#7"}}},{"name":"Cube","from":[-1.2,-4.4,5.8],"to":[0.2,-3.3,6.5],"rotation":{"angle":22.5,"axis":"x","origin":[8,8,8]},"faces":{"north":{"uv":[0,0,2,4],"texture":"#7"},"east":{"uv":[0,0,2,4],"texture":"#7"},"south":{"uv":[0,0,2,5],"texture":"#7"},"west":{"uv":[0,0,3,4],"texture":"#7"},"up":{"uv":[0,4,2,7],"texture":"#7"},"down":{"uv":[0,0,2,3],"texture":"#7"}}},{"name":"Cube","from":[-1.5,-3.6,1.2],"to":[0.5,-2.5,1.9],"faces":{"north":{"uv":[0,0,2,4],"texture":"#7"},"east":{"uv":[0,0,2,4],"texture":"#7"},"south":{"uv":[0,0,2,5],"texture":"#7"},"west":{"uv":[0,0,3,4],"texture":"#7"},"up":{"uv":[0,4,2,7],"texture":"#7"},"down":{"uv":[0,0,2,3],"texture":"#7"}}},{"name":"Cube","from":[-3.2,-3.4,0.9],"to":[-2,-2.8,2.1],"faces":{"north":{"uv":[0,0,2,4],"texture":"#18"},"east":{"uv":[0,0,2,4],"texture":"#18"},"south":{"uv":[0,0,2,5],"texture":"#18"},"west":{"uv":[0,0,3,4],"texture":"#18"},"up":{"uv":[0,0,16,16],"texture":"#18"},"down":{"uv":[0,0,16,16],"texture":"#18"}}},{"name":"Cube","from":[-2.9,-2.8,1.2],"to":[-1.5,-2.7,1.8],"faces":{"north":{"uv":[0,0,2,4],"texture":"#7"},"east":{"uv":[0,0,2,4],"texture":"#7"},"south":{"uv":[0,0,2,5],"texture":"#7"},"west":{"uv":[0,0,3,4],"texture":"#7"},"up":{"uv":[0,4,2,7],"texture":"#7"},"down":{"uv":[0,0,2,3],"texture":"#7"}}},{"name":"Cube","from":[-3.5,-3.4,0.9],"to":[-3.2,-2.8,2.1],"faces":{"north":{"uv":[0,0,2,4],"texture":"#3"},"east":{"uv":[0,0,2,4],"texture":"#3"},"south":{"uv":[0,0,2,5],"texture":"#3"},"west":{"uv":[0,0,3,4],"texture":"#3"},"up":{"uv":[0,0,16,16],"texture":"#3"},"down":{"uv":[0,0,16,16],"texture":"#3"}}},{"name":"Cube","from":[-3.2,-3.4,0.6],"to":[-2,-2.8,0.9],"faces":{"north":{"uv":[0,0,2,4],"texture":"#3"},"east":{"uv":[0,0,2,4],"texture":"#3"},"south":{"uv":[0,0,2,5],"texture":"#3"},"west":{"uv":[0,0,3,4],"texture":"#3"},"up":{"uv":[0,0,16,16],"texture":"#3"},"down":{"uv":[0,0,16,16],"texture":"#3"}}},{"name":"Cube","from":[-3.2,-3.4,2.1],"to":[-2,-2.8,2.4],"faces":{"north":{"uv":[0,0,2,4],"texture":"#3"},"east":{"uv":[0,0,2,4],"texture":"#3"},"south":{"uv":[0,0,2,5],"texture":"#3"},"west":{"uv":[0,0,3,4],"texture":"#3"},"up":{"uv":[0,0,16,16],"texture":"#3"},"down":{"uv":[0,0,16,16],"texture":"#3"}}},{"name":"Cube","from":[-2,-3.4,0.9],"to":[-1.7,-2.8,2.1],"faces":{"north":{"uv":[0,0,2,4],"texture":"#3"},"east":{"uv":[0,0,2,4],"texture":"#3"},"south":{"uv":[0,0,2,5],"texture":"#3"},"west":{"uv":[0,0,3,4],"texture":"#3"},"up":{"uv":[0,0,16,16],"texture":"#3"},"down":{"uv":[0,0,16,16],"texture":"#3"}}},{"name":"Cube","from":[-2.9,-3.5,1.2],"to":[-1.5,-3.4,1.8],"faces":{"north":{"uv":[0,0,2,4],"texture":"#7"},"east":{"uv":[0,0,2,4],"texture":"#7"},"south":{"uv":[0,0,2,5],"texture":"#7"},"west":{"uv":[0,0,3,4],"texture":"#7"},"up":{"uv":[0,4,2,7],"texture":"#7"},"down":{"uv":[0,0,2,3],"texture":"#7"}}},{"name":"Cube","from":[0.5,-3.5,14.1],"to":[1.9,-3.4,14.7],"faces":{"north":{"uv":[0,0,2,4],"texture":"#7"},"east":{"uv":[0,0,2,4],"texture":"#7"},"south":{"uv":[0,0,2,5],"texture":"#7"},"west":{"uv":[0,0,3,4],"texture":"#7"},"up":{"uv":[0,4,2,7],"texture":"#7"},"down":{"uv":[0,0,2,3],"texture":"#7"}}},{"name":"Cube","from":[1,-3.4,0.9],"to":[2.2,-2.8,2.1],"faces":{"north":{"uv":[0,0,2,4],"texture":"#18"},"east":{"uv":[0,0,2,4],"texture":"#18"},"south":{"uv":[0,0,2,5],"texture":"#18"},"west":{"uv":[0,0,3,4],"texture":"#18"},"up":{"uv":[0,0,16,16],"texture":"#18"},"down":{"uv":[0,0,16,16],"texture":"#18"}}},{"name":"Cube","from":[1,-3.4,0.6],"to":[2.2,-2.8,0.9],"faces":{"north":{"uv":[0,0,2,4],"texture":"#3"},"east":{"uv":[0,0,2,4],"texture":"#3"},"south":{"uv":[0,0,2,5],"texture":"#3"},"west":{"uv":[0,0,3,4],"texture":"#3"},"up":{"uv":[0,0,16,16],"texture":"#3"},"down":{"uv":[0,0,16,16],"texture":"#3"}}},{"name":"Cube","from":[0.7,-3.4,0.9],"to":[1,-2.8,2.1],"faces":{"north":{"uv":[0,0,2,4],"texture":"#3"},"east":{"uv":[0,0,2,4],"texture":"#3"},"south":{"uv":[0,0,2,5],"texture":"#3"},"west":{"uv":[0,0,3,4],"texture":"#3"},"up":{"uv":[0,0,16,16],"texture":"#3"},"down":{"uv":[0,0,16,16],"texture":"#3"}}},{"name":"Cube","from":[2.2,-3.4,0.9],"to":[2.5,-2.8,2.1],"faces":{"north":{"uv":[0,0,2,4],"texture":"#3"},"east":{"uv":[0,0,2,4],"texture":"#3"},"south":{"uv":[0,0,2,5],"texture":"#3"},"west":{"uv":[0,0,3,4],"texture":"#3"},"up":{"uv":[0,0,16,16],"texture":"#3"},"down":{"uv":[0,0,16,16],"texture":"#3"}}},{"name":"Cube","from":[0.5,-3.5,1.2],"to":[1.9,-3.4,1.8],"faces":{"north":{"uv":[0,0,2,4],"texture":"#7"},"east":{"uv":[0,0,2,4],"texture":"#7"},"south":{"uv":[0,0,2,5],"texture":"#7"},"west":{"uv":[0,0,3,4],"texture":"#7"},"up":{"uv":[0,4,2,7],"texture":"#7"},"down":{"uv":[0,0,2,3],"texture":"#7"}}},{"name":"Cube","from":[1,-3.4,2.1],"to":[2.2,-2.8,2.4],"faces":{"north":{"uv":[0,0,2,4],"texture":"#3"},"east":{"uv":[0,0,2,4],"texture":"#3"},"south":{"uv":[0,0,2,5],"texture":"#3"},"west":{"uv":[0,0,3,4],"texture":"#3"},"up":{"uv":[0,0,16,16],"texture":"#3"},"down":{"uv":[0,0,16,16],"texture":"#3"}}},{"name":"Cube","from":[-2.9,-2.1,12.7],"to":[1.9,-1.5,12.8],"faces":{"north":{"uv":[0,0,2,4],"texture":"#7"},"east":{"uv":[0,0,2,4],"texture":"#7"},"south":{"uv":[0,0,2,5],"texture":"#7"},"west":{"uv":[0,0,3,4],"texture":"#7"},"up":{"uv":[0,4,2,7],"texture":"#7"},"down":{"uv":[0,0,2,3],"texture":"#7"}}},{"name":"Cube","from":[-2.9,-2.1,3.2],"to":[1.9,-1.5,3.3],"faces":{"north":{"uv":[0,0,2,4],"texture":"#7"},"east":{"uv":[0,0,2,4],"texture":"#7"},"south":{"uv":[0,0,2,5],"texture":"#7"},"west":{"uv":[0,0,3,4],"texture":"#7"},"up":{"uv":[0,4,2,7],"texture":"#7"},"down":{"uv":[0,0,2,3],"texture":"#7"}}},{"name":"Cube","from":[-3.2,-2.4,2.6],"to":[-2,-1.2,3.2],"faces":{"north":{"uv":[0,0,16,16],"texture":"#18"},"east":{"uv":[0,0,1,3],"texture":"#18"},"south":{"uv":[0,0,16,16],"texture":"#18"},"west":{"uv":[0,0,3,4],"texture":"#18"},"up":{"uv":[0,0,16,16],"texture":"#18"},"down":{"uv":[0,0,16,16],"texture":"#18"}}},{"name":"Cube","from":[-3.2,-2.7,2.6],"to":[-2,-2.4,3.2],"faces":{"north":{"uv":[0,0,2,4],"texture":"#3"},"east":{"uv":[0,0,2,4],"texture":"#3"},"south":{"uv":[0,0,2,5],"texture":"#3"},"west":{"uv":[0,0,3,4],"texture":"#3"},"up":{"uv":[0,0,16,16],"texture":"#3"},"down":{"uv":[0,0,16,16],"texture":"#3"}}},{"name":"Cube","from":[-3.5,-2.4,2.6],"to":[-3.2,-1.2,3.2],"faces":{"north":{"uv":[0,0,2,4],"texture":"#3"},"east":{"uv":[0,0,2,4],"texture":"#3"},"south":{"uv":[0,0,2,5],"texture":"#3"},"west":{"uv":[0,0,3,4],"texture":"#3"},"up":{"uv":[0,0,16,16],"texture":"#3"},"down":{"uv":[0,0,16,16],"texture":"#3"}}},{"name":"Cube","from":[-3.2,-1.2,2.6],"to":[-2,-0.9,3.2],"faces":{"north":{"uv":[0,0,2,4],"texture":"#3"},"east":{"uv":[0,0,2,4],"texture":"#3"},"south":{"uv":[0,0,2,5],"texture":"#3"},"west":{"uv":[0,0,3,4],"texture":"#3"},"up":{"uv":[0,0,16,16],"texture":"#3"},"down":{"uv":[0,0,16,16],"texture":"#3"}}},{"name":"Cube","from":[-2,-2.4,2.6],"to":[-1.7,-1.2,3.2],"faces":{"north":{"uv":[0,0,2,4],"texture":"#3"},"east":{"uv":[0,0,2,4],"texture":"#3"},"south":{"uv":[0,0,2,5],"texture":"#3"},"west":{"uv":[0,0,3,4],"texture":"#3"},"up":{"uv":[0,0,16,16],"texture":"#3"},"down":{"uv":[0,0,16,16],"texture":"#3"}}},{"name":"Cube","from":[0.7,-2.4,2.6],"to":[1,-1.2,3.2],"faces":{"north":{"uv":[0,0,2,4],"texture":"#3"},"east":{"uv":[0,0,2,4],"texture":"#3"},"south":{"uv":[0,0,2,5],"texture":"#3"},"west":{"uv":[0,0,3,4],"texture":"#3"},"up":{"uv":[0,0,16,16],"texture":"#3"},"down":{"uv":[0,0,16,16],"texture":"#3"}}},{"name":"Cube","from":[-2.9,-2.1,2.5],"to":[1.9,-1.5,2.6],"faces":{"north":{"uv":[0,0,2,4],"texture":"#7"},"east":{"uv":[0,0,2,4],"texture":"#7"},"south":{"uv":[0,0,2,5],"texture":"#7"},"west":{"uv":[0,0,3,4],"texture":"#7"},"up":{"uv":[0,4,2,7],"texture":"#7"},"down":{"uv":[0,0,2,3],"texture":"#7"}}},{"name":"Cube","from":[0.5,-2.8,1.2],"to":[1.9,-2.7,1.8],"faces":{"north":{"uv":[0,0,2,4],"texture":"#7"},"east":{"uv":[0,0,2,4],"texture":"#7"},"south":{"uv":[0,0,2,5],"texture":"#7"},"west":{"uv":[0,0,3,4],"texture":"#7"},"up":{"uv":[0,4,2,7],"texture":"#7"},"down":{"uv":[0,0,2,3],"texture":"#7"}}},{"name":"Cube","from":[9.3,-1.9,1.7],"to":[10.7,-0.8,2.4],"faces":{"north":{"uv":[0,0,2,4],"texture":"#7"},"east":{"uv":[0,0,2,4],"texture":"#7"},"south":{"uv":[0,0,2,5],"texture":"#7"},"west":{"uv":[0,0,3,4],"texture":"#7"},"up":{"uv":[0,4,2,7],"texture":"#7"},"down":{"uv":[0,0,2,3],"texture":"#7"}}},{"name":"Cube","from":[9.3,-4.4,5.9],"to":[10.7,-3.3,6.6],"rotation":{"angle":22.5,"axis":"x","origin":[8,8,8]},"faces":{"north":{"uv":[0,0,2,4],"texture":"#7"},"east":{"uv":[0,0,2,4],"texture":"#7"},"south":{"uv":[0,0,2,5],"texture":"#7"},"west":{"uv":[0,0,3,4],"texture":"#7"},"up":{"uv":[0,4,2,7],"texture":"#7"},"down":{"uv":[0,0,2,3],"texture":"#7"}}},{"name":"Cube","from":[9,-3.6,1.3],"to":[11,-2.5,2],"faces":{"north":{"uv":[0,0,2,4],"texture":"#7"},"east":{"uv":[0,0,2,4],"texture":"#7"},"south":{"uv":[0,0,2,5],"texture":"#7"},"west":{"uv":[0,0,3,4],"texture":"#7"},"up":{"uv":[0,4,2,7],"texture":"#7"},"down":{"uv":[0,0,2,3],"texture":"#7"}}},{"name":"Cube","from":[7.6,-2.8,1.3],"to":[9,-2.7,1.9],"faces":{"north":{"uv":[0,0,2,4],"texture":"#7"},"east":{"uv":[0,0,2,4],"texture":"#7"},"south":{"uv":[0,0,2,5],"texture":"#7"},"west":{"uv":[0,0,3,4],"texture":"#7"},"up":{"uv":[0,4,2,7],"texture":"#7"},"down":{"uv":[0,0,2,3],"texture":"#7"}}},{"name":"Cube","from":[11,-2.8,1.3],"to":[12.4,-2.7,1.9],"faces":{"north":{"uv":[0,0,2,4],"texture":"#7"},"east":{"uv":[0,0,2,4],"texture":"#7"},"south":{"uv":[0,0,2,5],"texture":"#7"},"west":{"uv":[0,0,3,4],"texture":"#7"},"up":{"uv":[0,4,2,7],"texture":"#7"},"down":{"uv":[0,0,2,3],"texture":"#7"}}},{"name":"Cube","from":[7.3,-3.4,1],"to":[8.5,-2.8,2.2],"faces":{"north":{"uv":[0,0,2,4],"texture":"#18"},"east":{"uv":[0,0,2,4],"texture":"#18"},"south":{"uv":[0,0,2,5],"texture":"#18"},"west":{"uv":[0,0,3,4],"texture":"#18"},"up":{"uv":[0,0,16,16],"texture":"#18"},"down":{"uv":[0,0,16,16],"texture":"#18"}}},{"name":"Cube","from":[11.5,-3.4,1],"to":[12.7,-2.8,2.2],"faces":{"north":{"uv":[0,0,2,4],"texture":"#18"},"east":{"uv":[0,0,2,4],"texture":"#18"},"south":{"uv":[0,0,2,5],"texture":"#18"},"west":{"uv":[0,0,3,4],"texture":"#18"},"up":{"uv":[0,0,16,16],"texture":"#18"},"down":{"uv":[0,0,16,16],"texture":"#18"}}},{"name":"Cube","from":[7,-3.4,1],"to":[7.3,-2.8,2.2],"faces":{"north":{"uv":[0,0,2,4],"texture":"#3"},"east":{"uv":[0,0,2,4],"texture":"#3"},"south":{"uv":[0,0,2,5],"texture":"#3"},"west":{"uv":[0,0,3,4],"texture":"#3"},"up":{"uv":[0,0,16,16],"texture":"#3"},"down":{"uv":[0,0,16,16],"texture":"#3"}}},{"name":"Cube","from":[8.5,-3.4,1],"to":[8.8,-2.8,2.2],"faces":{"north":{"uv":[0,0,2,4],"texture":"#3"},"east":{"uv":[0,0,2,4],"texture":"#3"},"south":{"uv":[0,0,2,5],"texture":"#3"},"west":{"uv":[0,0,3,4],"texture":"#3"},"up":{"uv":[0,0,16,16],"texture":"#3"},"down":{"uv":[0,0,16,16],"texture":"#3"}}},{"name":"Cube","from":[11.2,-3.4,1],"to":[11.5,-2.8,2.2],"faces":{"north":{"uv":[0,0,2,4],"texture":"#3"},"east":{"uv":[0,0,2,4],"texture":"#3"},"south":{"uv":[0,0,2,5],"texture":"#3"},"west":{"uv":[0,0,3,4],"texture":"#3"},"up":{"uv":[0,0,16,16],"texture":"#3"},"down":{"uv":[0,0,16,16],"texture":"#3"}}},{"name":"Cube","from":[12.7,-3.4,1],"to":[13,-2.8,2.2],"faces":{"north":{"uv":[0,0,2,4],"texture":"#3"},"east":{"uv":[0,0,2,4],"texture":"#3"},"south":{"uv":[0,0,2,5],"texture":"#3"},"west":{"uv":[0,0,3,4],"texture":"#3"},"up":{"uv":[0,0,16,16],"texture":"#3"},"down":{"uv":[0,0,16,16],"texture":"#3"}}},{"name":"Cube","from":[7.3,-3.4,0.7],"to":[8.5,-2.8,1],"faces":{"north":{"uv":[0,0,2,4],"texture":"#3"},"east":{"uv":[0,0,2,4],"texture":"#3"},"south":{"uv":[0,0,2,5],"texture":"#3"},"west":{"uv":[0,0,3,4],"texture":"#3"},"up":{"uv":[0,0,16,16],"texture":"#3"},"down":{"uv":[0,0,16,16],"texture":"#3"}}},{"name":"Cube","from":[11.5,-3.4,0.7],"to":[12.7,-2.8,1],"faces":{"north":{"uv":[0,0,2,4],"texture":"#3"},"east":{"uv":[0,0,2,4],"texture":"#3"},"south":{"uv":[0,0,2,5],"texture":"#3"},"west":{"uv":[0,0,3,4],"texture":"#3"},"up":{"uv":[0,0,16,16],"texture":"#3"},"down":{"uv":[0,0,16,16],"texture":"#3"}}},{"name":"Cube","from":[7.3,-3.4,2.2],"to":[8.5,-2.8,2.5],"faces":{"north":{"uv":[0,0,2,4],"texture":"#3"},"east":{"uv":[0,0,2,4],"texture":"#3"},"south":{"uv":[0,0,2,5],"texture":"#3"},"west":{"uv":[0,0,3,4],"texture":"#3"},"up":{"uv":[0,0,16,16],"texture":"#3"},"down":{"uv":[0,0,16,16],"texture":"#3"}}},{"name":"Cube","from":[11.5,-3.4,2.2],"to":[12.7,-2.8,2.5],"faces":{"north":{"uv":[0,0,2,4],"texture":"#3"},"east":{"uv":[0,0,2,4],"texture":"#3"},"south":{"uv":[0,0,2,5],"texture":"#3"},"west":{"uv":[0,0,3,4],"texture":"#3"},"up":{"uv":[0,0,16,16],"texture":"#3"},"down":{"uv":[0,0,16,16],"texture":"#3"}}},{"name":"Cube","from":[7.6,-3.5,1.3],"to":[9,-3.4,1.9],"faces":{"north":{"uv":[0,0,2,4],"texture":"#7"},"east":{"uv":[0,0,2,4],"texture":"#7"},"south":{"uv":[0,0,2,5],"texture":"#7"},"west":{"uv":[0,0,3,4],"texture":"#7"},"up":{"uv":[0,4,2,7],"texture":"#7"},"down":{"uv":[0,0,2,3],"texture":"#7"}}},{"name":"Cube","from":[11,-3.5,1.3],"to":[12.4,-3.4,1.9],"faces":{"north":{"uv":[0,0,2,4],"texture":"#7"},"east":{"uv":[0,0,2,4],"texture":"#7"},"south":{"uv":[0,0,2,5],"texture":"#7"},"west":{"uv":[0,0,3,4],"texture":"#7"},"up":{"uv":[0,4,2,7],"texture":"#7"},"down":{"uv":[0,0,2,3],"texture":"#7"}}},{"name":"Cube","from":[7.5,-2.1,2.5],"to":[12.3,-1.5,2.6],"faces":{"north":{"uv":[0,0,2,4],"texture":"#7"},"east":{"uv":[0,0,2,4],"texture":"#7"},"south":{"uv":[0,0,2,5],"texture":"#7"},"west":{"uv":[0,0,3,4],"texture":"#7"},"up":{"uv":[0,4,2,7],"texture":"#7"},"down":{"uv":[0,0,2,3],"texture":"#7"}}},{"name":"Cube","from":[7.2,-2.4,2.6],"to":[8.4,-1.2,3.2],"faces":{"north":{"uv":[0,0,16,16],"texture":"#18"},"east":{"uv":[0,0,1,3],"texture":"#18"},"south":{"uv":[0,0,16,16],"texture":"#18"},"west":{"uv":[0,0,3,4],"texture":"#18"},"up":{"uv":[0,0,16,16],"texture":"#18"},"down":{"uv":[0,0,16,16],"texture":"#18"}}},{"name":"Cube","from":[11.4,-2.4,2.6],"to":[12.6,-1.2,3.2],"faces":{"north":{"uv":[0,0,16,16],"texture":"#18"},"east":{"uv":[0,0,1,3],"texture":"#18"},"south":{"uv":[0,0,16,16],"texture":"#18"},"west":{"uv":[0,0,3,4],"texture":"#18"},"up":{"uv":[0,0,16,16],"texture":"#18"},"down":{"uv":[0,0,16,16],"texture":"#18"}}},{"name":"Cube","from":[6.9,-2.4,2.6],"to":[7.2,-1.2,3.2],"faces":{"north":{"uv":[0,0,2,4],"texture":"#3"},"east":{"uv":[0,0,2,4],"texture":"#3"},"south":{"uv":[0,0,2,5],"texture":"#3"},"west":{"uv":[0,0,3,4],"texture":"#3"},"up":{"uv":[0,0,16,16],"texture":"#3"},"down":{"uv":[0,0,16,16],"texture":"#3"}}},{"name":"Cube","from":[8.4,-2.4,2.6],"to":[8.7,-1.2,3.2],"faces":{"north":{"uv":[0,0,2,4],"texture":"#3"},"east":{"uv":[0,0,2,4],"texture":"#3"},"south":{"uv":[0,0,2,5],"texture":"#3"},"west":{"uv":[0,0,3,4],"texture":"#3"},"up":{"uv":[0,0,16,16],"texture":"#3"},"down":{"uv":[0,0,16,16],"texture":"#3"}}},{"name":"Cube","from":[11.1,-2.4,2.6],"to":[11.4,-1.2,3.2],"faces":{"north":{"uv":[0,0,2,4],"texture":"#3"},"east":{"uv":[0,0,2,4],"texture":"#3"},"south":{"uv":[0,0,2,5],"texture":"#3"},"west":{"uv":[0,0,3,4],"texture":"#3"},"up":{"uv":[0,0,16,16],"texture":"#3"},"down":{"uv":[0,0,16,16],"texture":"#3"}}},{"name":"Cube","from":[12.6,-2.4,2.6],"to":[12.9,-1.2,3.2],"faces":{"north":{"uv":[0,0,2,4],"texture":"#3"},"east":{"uv":[0,0,2,4],"texture":"#3"},"south":{"uv":[0,0,2,5],"texture":"#3"},"west":{"uv":[0,0,3,4],"texture":"#3"},"up":{"uv":[0,0,16,16],"texture":"#3"},"down":{"uv":[0,0,16,16],"texture":"#3"}}},{"name":"Cube","from":[7.2,-1.2,2.6],"to":[8.4,-0.9,3.2],"faces":{"north":{"uv":[0,0,2,4],"texture":"#3"},"east":{"uv":[0,0,2,4],"texture":"#3"},"south":{"uv":[0,0,2,5],"texture":"#3"},"west":{"uv":[0,0,3,4],"texture":"#3"},"up":{"uv":[0,0,16,16],"texture":"#3"},"down":{"uv":[0,0,16,16],"texture":"#3"}}},{"name":"Cube","from":[11.4,-1.2,2.6],"to":[12.6,-0.9,3.2],"faces":{"north":{"uv":[0,0,2,4],"texture":"#3"},"east":{"uv":[0,0,2,4],"texture":"#3"},"south":{"uv":[0,0,2,5],"texture":"#3"},"west":{"uv":[0,0,3,4],"texture":"#3"},"up":{"uv":[0,0,16,16],"texture":"#3"},"down":{"uv":[0,0,16,16],"texture":"#3"}}},{"name":"Cube","from":[7.2,-2.7,2.6],"to":[8.4,-2.4,3.2],"faces":{"north":{"uv":[0,0,2,4],"texture":"#3"},"east":{"uv":[0,0,2,4],"texture":"#3"},"south":{"uv":[0,0,2,5],"texture":"#3"},"west":{"uv":[0,0,3,4],"texture":"#3"},"up":{"uv":[0,0,16,16],"texture":"#3"},"down":{"uv":[0,0,16,16],"texture":"#3"}}},{"name":"Cube","from":[11.4,-2.7,2.6],"to":[12.6,-2.4,3.2],"faces":{"north":{"uv":[0,0,2,4],"texture":"#3"},"east":{"uv":[0,0,2,4],"texture":"#3"},"south":{"uv":[0,0,2,5],"texture":"#3"},"west":{"uv":[0,0,3,4],"texture":"#3"},"up":{"uv":[0,0,16,16],"texture":"#3"},"down":{"uv":[0,0,16,16],"texture":"#3"}}},{"name":"Cube","from":[1,-2.4,2.6],"to":[2.2,-1.2,3.2],"faces":{"north":{"uv":[0,0,16,16],"texture":"#18"},"east":{"uv":[0,0,1,3],"texture":"#18"},"south":{"uv":[0,0,16,16],"texture":"#18"},"west":{"uv":[0,0,3,4],"texture":"#18"},"up":{"uv":[0,0,16,16],"texture":"#18"},"down":{"uv":[0,0,16,16],"texture":"#18"}}},{"name":"Cube","from":[1,-2.7,2.6],"to":[2.2,-2.4,3.2],"faces":{"north":{"uv":[0,0,2,4],"texture":"#3"},"east":{"uv":[0,0,2,4],"texture":"#3"},"south":{"uv":[0,0,2,5],"texture":"#3"},"west":{"uv":[0,0,3,4],"texture":"#3"},"up":{"uv":[0,0,16,16],"texture":"#3"},"down":{"uv":[0,0,16,16],"texture":"#3"}}},{"name":"Cube","from":[1,-1.2,2.6],"to":[2.2,-0.9,3.2],"faces":{"north":{"uv":[0,0,2,4],"texture":"#3"},"east":{"uv":[0,0,2,4],"texture":"#3"},"south":{"uv":[0,0,2,5],"texture":"#3"},"west":{"uv":[0,0,3,4],"texture":"#3"},"up":{"uv":[0,0,16,16],"texture":"#3"},"down":{"uv":[0,0,16,16],"texture":"#3"}}},{"name":"Cube","from":[2.2,-2.4,2.6],"to":[2.5,-1.2,3.2],"faces":{"north":{"uv":[0,0,2,4],"texture":"#3"},"east":{"uv":[0,0,2,4],"texture":"#3"},"south":{"uv":[0,0,2,5],"texture":"#3"},"west":{"uv":[0,0,3,4],"texture":"#3"},"up":{"uv":[0,0,16,16],"texture":"#3"},"down":{"uv":[0,0,16,16],"texture":"#3"}}},{"name":"Cube","from":[7.6,-2.1,12.7],"to":[12.4,-1.5,12.8],"faces":{"north":{"uv":[0,0,2,4],"texture":"#7"},"east":{"uv":[0,0,2,4],"texture":"#7"},"south":{"uv":[0,0,2,5],"texture":"#7"},"west":{"uv":[0,0,3,4],"texture":"#7"},"up":{"uv":[0,4,2,7],"texture":"#7"},"down":{"uv":[0,0,2,3],"texture":"#7"}}},{"name":"Cube","from":[7.3,-2.4,12.8],"to":[8.5,-1.2,13.4],"faces":{"north":{"uv":[0,0,16,16],"texture":"#18"},"east":{"uv":[0,0,1,3],"texture":"#18"},"south":{"uv":[0,0,16,16],"texture":"#18"},"west":{"uv":[0,0,3,4],"texture":"#18"},"up":{"uv":[0,0,16,16],"texture":"#18"},"down":{"uv":[0,0,16,16],"texture":"#18"}}},{"name":"Cube","from":[7.6,-2.1,3.2],"to":[12.4,-1.5,3.3],"faces":{"north":{"uv":[0,0,2,4],"texture":"#7"},"east":{"uv":[0,0,2,4],"texture":"#7"},"south":{"uv":[0,0,2,5],"texture":"#7"},"west":{"uv":[0,0,3,4],"texture":"#7"},"up":{"uv":[0,4,2,7],"texture":"#7"},"down":{"uv":[0,0,2,3],"texture":"#7"}}}],"display":{"gui":{"rotation":[20,66,16],"translation":[0.5,2.5,0],"scale":[0.575,0.575,0.575]},"head":{"rotation":[0,-90,0],"translation":[0,13,32],"scale":[2.7,2.7,2.7]}},"credit":"Model by Craftventure"}