{"textures":{"texture":"block/yellow_terracotta","wielen inner":"block/piston_inner","anvil":"block/anvil","remmen":"block/furnace_side","minecart":"block/detector_rail","stone_slab_top":"block/black_terracotta","buitenkant":"block/classicfantastic","raket":"block/nether_wart_block","railing":"block/smooth_stone","chain_command_block_back":"block/repeating_command_block_back"},"elements":[{"from":[-2,4,-2],"to":[18,5,27.5],"faces":{"north":{"uv":[0,0,16,16],"texture":"#stone_slab_top"},"east":{"uv":[0,0,16,16],"texture":"#stone_slab_top"},"south":{"uv":[0,0,16,16],"texture":"#stone_slab_top"},"west":{"uv":[0,0,16,16],"texture":"#stone_slab_top"},"up":{"uv":[0,0,16,16],"texture":"#stone_slab_top"},"down":{"uv":[0,0,16,16],"texture":"#stone_slab_top"}}},{"from":[9,1,2.5],"to":[9.5,4,22],"faces":{"north":{"uv":[1.5,11,2,14],"texture":"#remmen"},"east":{"uv":[1.5,8.5,14.5,14.5],"texture":"#remmen"},"south":{"uv":[1.5,11,2,14],"texture":"#remmen"},"west":{"uv":[1.5,8.5,14.5,14.5],"texture":"#remmen"},"up":{"uv":[15,2.5,15.5,16],"texture":"#remmen"},"down":{"uv":[15,2.5,15.5,16],"texture":"#remmen"}}},{"from":[6.5,1,2.5],"to":[7,4,22],"faces":{"north":{"uv":[1.5,11,2,14],"texture":"#remmen"},"east":{"uv":[1,9,15,15],"texture":"#remmen"},"south":{"uv":[1.5,11,2,14],"texture":"#remmen"},"west":{"uv":[1.5,8.5,14.5,14.5],"texture":"#remmen"},"up":{"uv":[15,2.5,15.5,16],"texture":"#remmen"},"down":{"uv":[15,2.5,15.5,16],"texture":"#remmen"}}},{"from":[0,0,23],"to":[1.5,2.5,25.5],"faces":{"north":{"uv":[4,4,12,12],"texture":"#wielen inner"},"east":{"uv":[4,4,12,12],"texture":"#wielen inner"},"south":{"uv":[5,5,11,11],"texture":"#wielen inner"},"west":{"uv":[4,4,12,12],"texture":"#wielen inner"},"up":{"uv":[4,4,12,12],"texture":"#wielen inner"},"down":{"uv":[4,4,12,12],"texture":"#wielen inner"}}},{"from":[0,2.5,23],"to":[1.5,3,25.5],"faces":{"north":{"uv":[0,13.5,1,14.5],"texture":"#anvil"},"east":{"uv":[0,13.5,1,14.5],"texture":"#anvil"},"south":{"uv":[0,13.5,1,14.5],"texture":"#anvil"},"west":{"uv":[0,13.5,1,14.5],"texture":"#anvil"},"up":{"uv":[0,13.5,1,14.5],"texture":"#anvil"},"down":{"uv":[0,13.5,1,14.5],"texture":"#anvil"}}},{"from":[0,-0.5,23],"to":[1.5,0,25.5],"faces":{"north":{"uv":[0,13.5,1,14.5],"texture":"#anvil"},"east":{"uv":[0,13.5,1,14.5],"texture":"#anvil"},"south":{"uv":[0,13.5,1,14.5],"texture":"#anvil"},"west":{"uv":[0,13.5,1,14.5],"texture":"#anvil"},"up":{"uv":[0,13.5,1,14.5],"texture":"#anvil"},"down":{"uv":[0,13.5,1,14.5],"texture":"#anvil"}}},{"from":[14.5,0,27.5],"to":[16,2.5,30],"faces":{"north":{"uv":[4,4,12,12],"texture":"#wielen inner"},"east":{"uv":[4,4,12,12],"texture":"#wielen inner"},"south":{"uv":[4,4,12,12],"texture":"#wielen inner"},"west":{"uv":[4,4,12,12],"texture":"#wielen inner"},"up":{"uv":[4,4,12,12],"texture":"#wielen inner"},"down":{"uv":[4,4,12,12],"texture":"#wielen inner"}}},{"from":[16,-2,23.5],"to":[16.5,-1,25.5],"faces":{"north":{"uv":[0,13.5,1,14.5],"texture":"#anvil"},"east":{"uv":[0,13.5,1,14.5],"texture":"#anvil"},"south":{"uv":[0,13.5,1,14.5],"texture":"#anvil"},"west":{"uv":[0,13.5,1,14.5],"texture":"#anvil"},"up":{"uv":[0,13.5,1,14.5],"texture":"#anvil"},"down":{"uv":[0,13.5,1,14.5],"texture":"#anvil"}}},{"from":[16.5,-2,29.4375],"to":[18.5,-1,29.9375],"faces":{"north":{"uv":[0,13.5,1,14.5],"texture":"#anvil"},"east":{"uv":[0,13.5,1,14.5],"texture":"#anvil"},"south":{"uv":[0,13.5,1,14.5],"texture":"#anvil"},"west":{"uv":[0,13.5,1,14.5],"texture":"#anvil"},"up":{"uv":[0,13.5,1,14.5],"texture":"#anvil"},"down":{"uv":[0,13.5,1,14.5],"texture":"#anvil"}}},{"from":[0,0,22.5],"to":[1.5,2.5,23],"faces":{"north":{"uv":[0,13.5,1,14.5],"texture":"#anvil"},"east":{"uv":[0,13.5,1,14.5],"texture":"#anvil"},"south":{"uv":[0,13.5,1,14.5],"texture":"#anvil"},"west":{"uv":[0,13.5,1,14.5],"texture":"#anvil"},"up":{"uv":[0,13.5,1,14.5],"texture":"#anvil"},"down":{"uv":[0,13.5,1,14.5],"texture":"#anvil"}}},{"from":[16.5,-2,23],"to":[18.5,-1,23.5],"faces":{"north":{"uv":[0,13.5,1,14.5],"texture":"#anvil"},"east":{"uv":[0,13.5,1,14.5],"texture":"#anvil"},"south":{"uv":[0,13.5,1,14.5],"texture":"#anvil"},"west":{"uv":[0,13.5,1,14.5],"texture":"#anvil"},"up":{"uv":[0,13.5,1,14.5],"texture":"#anvil"},"down":{"uv":[0,13.5,1,14.5],"texture":"#anvil"}}},{"from":[0,0,25.5],"to":[1.5,2.5,26],"faces":{"north":{"uv":[0,13.5,1,14.5],"texture":"#anvil"},"east":{"uv":[0,13.5,1,14.5],"texture":"#anvil"},"south":{"uv":[0,13.5,1,14.5],"texture":"#anvil"},"west":{"uv":[0,13.5,1,14.5],"texture":"#anvil"},"up":{"uv":[0,13.5,1,14.5],"texture":"#anvil"},"down":{"uv":[0,13.5,1,14.5],"texture":"#anvil"}}},{"from":[-0.5,0.5,24],"to":[0,2,29],"faces":{"north":{"uv":[0,11.5,1,12.5],"texture":"#stone_slab_top"},"east":{"uv":[0,11.5,1,12.5],"texture":"#stone_slab_top"},"south":{"uv":[0,11.5,1,12.5],"texture":"#stone_slab_top"},"west":{"uv":[0,11.5,1,12.5],"texture":"#stone_slab_top"},"up":{"uv":[0,11.5,1,12.5],"texture":"#stone_slab_top"},"down":{"uv":[0,11.5,1,12.5],"texture":"#stone_slab_top"}}},{"from":[2,3,22],"to":[14,4,27.5],"faces":{"north":{"uv":[2,12.5,14,13.5],"texture":"#stone_slab_top"},"east":{"uv":[22,12.5,27.5,13.5],"texture":"#stone_slab_top"},"south":{"uv":[2,12.5,14,13.5],"texture":"#stone_slab_top"},"west":{"uv":[22,12.5,27.5,13.5],"texture":"#stone_slab_top"},"up":{"uv":[2,22,14,27.5],"texture":"#stone_slab_top"},"down":{"uv":[2,22,14,27.5],"texture":"#stone_slab_top"}}},{"from":[14.5,0,30],"to":[16,2.5,30.5],"faces":{"north":{"uv":[0,13.5,1,14.5],"texture":"#anvil"},"east":{"uv":[0,13.5,1,14.5],"texture":"#anvil"},"south":{"uv":[0,13.5,1,14.5],"texture":"#anvil"},"west":{"uv":[0,13.5,1,14.5],"texture":"#anvil"},"up":{"uv":[0,13.5,1,14.5],"texture":"#anvil"},"down":{"uv":[0,13.5,1,14.5],"texture":"#anvil"}}},{"from":[14.5,-0.5,27.5],"to":[16,0,30],"faces":{"north":{"uv":[0,13.5,1,14.5],"texture":"#anvil"},"east":{"uv":[0,13.5,1,14.5],"texture":"#anvil"},"south":{"uv":[0,13.5,1,14.5],"texture":"#anvil"},"west":{"uv":[0,13.5,1,14.5],"texture":"#anvil"},"up":{"uv":[0,13.5,1,14.5],"texture":"#anvil"},"down":{"uv":[0,13.5,1,14.5],"texture":"#anvil"}}},{"from":[14.5,2.5,27.5],"to":[16,3,30],"faces":{"north":{"uv":[0,13.5,1,14.5],"texture":"#anvil"},"east":{"uv":[0,13.5,1,14.5],"texture":"#anvil"},"south":{"uv":[0,13.5,1,14.5],"texture":"#anvil"},"west":{"uv":[0,13.5,1,14.5],"texture":"#anvil"},"up":{"uv":[0,13.5,1,14.5],"texture":"#anvil"},"down":{"uv":[0,13.5,1,14.5],"texture":"#anvil"}}},{"from":[16,0.5,24],"to":[16.5,2,29],"faces":{"north":{"uv":[0,11.5,1,12.5],"texture":"#stone_slab_top"},"east":{"uv":[0,11.5,1,12.5],"texture":"#stone_slab_top"},"south":{"uv":[0,11.5,1,12.5],"texture":"#stone_slab_top"},"west":{"uv":[0,11.5,1,12.5],"texture":"#stone_slab_top"},"up":{"uv":[0,11.5,1,12.5],"texture":"#stone_slab_top"},"down":{"uv":[0,11.5,1,12.5],"texture":"#stone_slab_top"}}},{"from":[16.5,1,25.5],"to":[19.5,2,27.5],"rotation":{"angle":-45,"axis":"z","origin":[16.5,2,25.5]},"faces":{"north":{"uv":[0,11.5,1,12.5],"texture":"#stone_slab_top"},"east":{"uv":[0,11.5,1,12.5],"texture":"#stone_slab_top"},"south":{"uv":[0,11.5,1,12.5],"texture":"#stone_slab_top"},"west":{"uv":[0,11.5,1,12.5],"texture":"#stone_slab_top"},"up":{"uv":[0,11.5,1,12.5],"texture":"#stone_slab_top"},"down":{"uv":[0,11.5,1,12.5],"texture":"#stone_slab_top"}}},{"from":[17.5,-1,25.5],"to":[19,0,27.5],"faces":{"north":{"uv":[0,11.5,1,12.5],"texture":"#stone_slab_top"},"east":{"uv":[0,11.5,1,12.5],"texture":"#stone_slab_top"},"south":{"uv":[0,11.5,1,12.5],"texture":"#stone_slab_top"},"west":{"uv":[0,11.5,1,12.5],"texture":"#stone_slab_top"},"up":{"uv":[0,11.5,1,12.5],"texture":"#stone_slab_top"},"down":{"uv":[0,11.5,1,12.5],"texture":"#stone_slab_top"}}},{"from":[17,-2.5,24.5],"to":[18.5,-2,28.5],"faces":{"north":{"uv":[0,11.5,1,12.5],"texture":"#stone_slab_top"},"east":{"uv":[0,11.5,1,12.5],"texture":"#stone_slab_top"},"south":{"uv":[0,11.5,1,12.5],"texture":"#stone_slab_top"},"west":{"uv":[0,11.5,1,12.5],"texture":"#stone_slab_top"},"up":{"uv":[0,11.5,1,12.5],"texture":"#stone_slab_top"},"down":{"uv":[0,11.5,1,12.5],"texture":"#stone_slab_top"}}},{"from":[18.5,-2.5,26],"to":[19,0,27],"faces":{"north":{"uv":[0,11.5,1,12.5],"texture":"#stone_slab_top"},"east":{"uv":[0,11.5,1,12.5],"texture":"#stone_slab_top"},"south":{"uv":[0,11.5,1,12.5],"texture":"#stone_slab_top"},"west":{"uv":[0,11.5,1,12.5],"texture":"#stone_slab_top"},"up":{"uv":[0,11.5,1,12.5],"texture":"#stone_slab_top"},"down":{"uv":[0,11.5,1,12.5],"texture":"#stone_slab_top"}}},{"from":[17,-1,24.5],"to":[18.5,-0.5,28.5],"faces":{"north":{"uv":[0,11.5,1,12.5],"texture":"#stone_slab_top"},"east":{"uv":[0,11.5,1,12.5],"texture":"#stone_slab_top"},"south":{"uv":[0,11.5,1,12.5],"texture":"#stone_slab_top"},"west":{"uv":[0,11.5,1,12.5],"texture":"#stone_slab_top"},"up":{"uv":[0,11.5,1,12.5],"texture":"#stone_slab_top"},"down":{"uv":[0,11.5,1,12.5],"texture":"#stone_slab_top"}}},{"from":[16.5,-2,23.5],"to":[18.5,-1,25.5],"faces":{"north":{"uv":[4,4,12,12],"texture":"#wielen inner"},"east":{"uv":[4,4,12,12],"texture":"#wielen inner"},"south":{"uv":[4,4,12,12],"texture":"#wielen inner"},"west":{"uv":[4,4,12,12],"texture":"#wielen inner"},"up":{"uv":[4,4,12,12],"texture":"#wielen inner"},"down":{"uv":[4,4,12,12],"texture":"#wielen inner"}}},{"from":[14.5,0,27],"to":[16,2.5,27.5],"faces":{"north":{"uv":[0,13.5,1,14.5],"texture":"#anvil"},"east":{"uv":[0,13.5,1,14.5],"texture":"#anvil"},"south":{"uv":[0,13.5,1,14.5],"texture":"#anvil"},"west":{"uv":[0,13.5,1,14.5],"texture":"#anvil"},"up":{"uv":[0,13.5,1,14.5],"texture":"#anvil"},"down":{"uv":[0,13.5,1,14.5],"texture":"#anvil"}}},{"from":[14.5,0,25.5],"to":[16,2.5,26],"faces":{"north":{"uv":[0,13.5,1,14.5],"texture":"#anvil"},"east":{"uv":[0,13.5,1,14.5],"texture":"#anvil"},"south":{"uv":[0,13.5,1,14.5],"texture":"#anvil"},"west":{"uv":[0,13.5,1,14.5],"texture":"#anvil"},"up":{"uv":[0,13.5,1,14.5],"texture":"#anvil"},"down":{"uv":[0,13.5,1,14.5],"texture":"#anvil"}}},{"from":[14.5,2.5,23],"to":[16,3,25.5],"faces":{"north":{"uv":[0,13.5,1,14.5],"texture":"#anvil"},"east":{"uv":[0,13.5,1,14.5],"texture":"#anvil"},"south":{"uv":[0,13.5,1,14.5],"texture":"#anvil"},"west":{"uv":[0,13.5,1,14.5],"texture":"#anvil"},"up":{"uv":[0,13.5,1,14.5],"texture":"#anvil"},"down":{"uv":[0,13.5,1,14.5],"texture":"#anvil"}}},{"from":[14.5,-0.5,23],"to":[16,0,25.5],"faces":{"north":{"uv":[0,13.5,1,14.5],"texture":"#anvil"},"east":{"uv":[0,13.5,1,14.5],"texture":"#anvil"},"south":{"uv":[0,13.5,1,14.5],"texture":"#anvil"},"west":{"uv":[0,13.5,1,14.5],"texture":"#anvil"},"up":{"uv":[0,13.5,1,14.5],"texture":"#anvil"},"down":{"uv":[0,13.5,1,14.5],"texture":"#anvil"}}},{"from":[14.5,0,22.5],"to":[16,2.5,23],"faces":{"north":{"uv":[0,13.5,1,14.5],"texture":"#anvil"},"east":{"uv":[0,13.5,1,14.5],"texture":"#anvil"},"south":{"uv":[0,13.5,1,14.5],"texture":"#anvil"},"west":{"uv":[0,13.5,1,14.5],"texture":"#anvil"},"up":{"uv":[0,13.5,1,14.5],"texture":"#anvil"},"down":{"uv":[0,13.5,1,14.5],"texture":"#anvil"}}},{"from":[14.5,0,23],"to":[16,2.5,25.5],"faces":{"north":{"uv":[4,4,12,12],"texture":"#wielen inner"},"east":{"uv":[4,4,12,12],"texture":"#wielen inner"},"south":{"uv":[4,4,12,12],"texture":"#wielen inner"},"west":{"uv":[4,4,12,12],"texture":"#wielen inner"},"up":{"uv":[4,4,12,12],"texture":"#wielen inner"},"down":{"uv":[4,4,12,12],"texture":"#wielen inner"}}},{"from":[-0.5,2,26],"to":[0.5,4,27],"faces":{"north":{"uv":[0,11.5,1,12.5],"texture":"#stone_slab_top"},"east":{"uv":[0,11.5,1,12.5],"texture":"#stone_slab_top"},"south":{"uv":[0,11.5,1,12.5],"texture":"#stone_slab_top"},"west":{"uv":[0,11.5,1,12.5],"texture":"#stone_slab_top"},"up":{"uv":[0,11.5,1,12.5],"texture":"#stone_slab_top"},"down":{"uv":[0,11.5,1,12.5],"texture":"#stone_slab_top"}}},{"from":[15.5,2,26],"to":[16.5,4,27],"faces":{"north":{"uv":[0,11.5,1,12.5],"texture":"#stone_slab_top"},"east":{"uv":[0,11.5,1,12.5],"texture":"#stone_slab_top"},"south":{"uv":[0,11.5,1,12.5],"texture":"#stone_slab_top"},"west":{"uv":[0,11.5,1,12.5],"texture":"#stone_slab_top"},"up":{"uv":[0,11.5,1,12.5],"texture":"#stone_slab_top"},"down":{"uv":[0,11.5,1,12.5],"texture":"#stone_slab_top"}}},{"from":[0.5,3,26],"to":[15.5,4,27],"faces":{"north":{"uv":[0,11.5,1,12.5],"texture":"#stone_slab_top"},"east":{"uv":[0,11.5,1,12.5],"texture":"#stone_slab_top"},"south":{"uv":[0,11.5,1,12.5],"texture":"#stone_slab_top"},"west":{"uv":[0,11.5,1,12.5],"texture":"#stone_slab_top"},"up":{"uv":[0,11.5,1,12.5],"texture":"#stone_slab_top"},"down":{"uv":[0,11.5,1,12.5],"texture":"#stone_slab_top"}}},{"from":[18.5,-2,23.5],"to":[19,-1,25.5],"faces":{"north":{"uv":[0,13.5,1,14.5],"texture":"#anvil"},"east":{"uv":[0,13.5,1,14.5],"texture":"#anvil"},"south":{"uv":[0,13.5,1,14.5],"texture":"#anvil"},"west":{"uv":[0,13.5,1,14.5],"texture":"#anvil"},"up":{"uv":[0,13.5,1,14.5],"texture":"#anvil"},"down":{"uv":[0,13.5,1,14.5],"texture":"#anvil"}}},{"from":[16.5,-2,27],"to":[18.5,-1,27.5],"faces":{"north":{"uv":[0,13.5,1,14.5],"texture":"#anvil"},"east":{"uv":[0,13.5,1,14.5],"texture":"#anvil"},"south":{"uv":[0,13.5,1,14.5],"texture":"#anvil"},"west":{"uv":[0,13.5,1,14.5],"texture":"#anvil"},"up":{"uv":[0,13.5,1,14.5],"texture":"#anvil"},"down":{"uv":[0,13.5,1,14.5],"texture":"#anvil"}}},{"from":[16.5,-2,27.5],"to":[18.5,-1,29.5],"faces":{"north":{"uv":[4,4,12,12],"texture":"#wielen inner"},"east":{"uv":[4,4,12,12],"texture":"#wielen inner"},"south":{"uv":[4,4,12,12],"texture":"#wielen inner"},"west":{"uv":[4,4,12,12],"texture":"#wielen inner"},"up":{"uv":[4,4,12,12],"texture":"#wielen inner"},"down":{"uv":[4,4,12,12],"texture":"#wielen inner"}}},{"from":[18.5,-2,27.5],"to":[19,-1,29.5],"faces":{"north":{"uv":[0,13.5,1,14.5],"texture":"#anvil"},"east":{"uv":[0,13.5,1,14.5],"texture":"#anvil"},"south":{"uv":[0,13.5,1,14.5],"texture":"#anvil"},"west":{"uv":[0,13.5,1,14.5],"texture":"#anvil"},"up":{"uv":[0,13.5,1,14.5],"texture":"#anvil"},"down":{"uv":[0,13.5,1,14.5],"texture":"#anvil"}}},{"from":[16,-2,27.5],"to":[16.5,-1,29.5],"faces":{"north":{"uv":[0,13.5,1,14.5],"texture":"#anvil"},"east":{"uv":[0,13.5,1,14.5],"texture":"#anvil"},"south":{"uv":[0,13.5,1,14.5],"texture":"#anvil"},"west":{"uv":[0,13.5,1,14.5],"texture":"#anvil"},"up":{"uv":[0,13.5,1,14.5],"texture":"#anvil"},"down":{"uv":[0,13.5,1,14.5],"texture":"#anvil"}}},{"from":[16.5,-2,25.4375],"to":[18.5,-1,25.9375],"faces":{"north":{"uv":[0,13.5,1,14.5],"texture":"#anvil"},"east":{"uv":[0,13.5,1,14.5],"texture":"#anvil"},"south":{"uv":[0,13.5,1,14.5],"texture":"#anvil"},"west":{"uv":[0,13.5,1,14.5],"texture":"#anvil"},"up":{"uv":[0,13.5,1,14.5],"texture":"#anvil"},"down":{"uv":[0,13.5,1,14.5],"texture":"#anvil"}}},{"from":[0,0,27.5],"to":[1.5,2.5,30],"faces":{"north":{"uv":[4,4,12,12],"texture":"#wielen inner"},"east":{"uv":[4,4,12,12],"texture":"#wielen inner"},"south":{"uv":[4,4,12,12],"texture":"#wielen inner"},"west":{"uv":[4,4,12,12],"texture":"#wielen inner"},"up":{"uv":[4,4,12,12],"texture":"#wielen inner"},"down":{"uv":[4,4,12,12],"texture":"#wielen inner"}}},{"from":[0,0,27],"to":[1.5,2.5,27.5],"faces":{"north":{"uv":[0,13.5,1,14.5],"texture":"#anvil"},"east":{"uv":[0,13.5,1,14.5],"texture":"#anvil"},"south":{"uv":[0,13.5,1,14.5],"texture":"#anvil"},"west":{"uv":[0,13.5,1,14.5],"texture":"#anvil"},"up":{"uv":[0,13.5,1,14.5],"texture":"#anvil"},"down":{"uv":[0,13.5,1,14.5],"texture":"#anvil"}}},{"from":[0,0,30],"to":[1.5,2.5,30.5],"faces":{"north":{"uv":[0,13.5,1,14.5],"texture":"#anvil"},"east":{"uv":[0,13.5,1,14.5],"texture":"#anvil"},"south":{"uv":[0,13.5,1,14.5],"texture":"#anvil"},"west":{"uv":[0,13.5,1,14.5],"texture":"#anvil"},"up":{"uv":[0,13.5,1,14.5],"texture":"#anvil"},"down":{"uv":[0,13.5,1,14.5],"texture":"#anvil"}}},{"from":[0,2.5,27.5],"to":[1.5,3,30],"faces":{"north":{"uv":[0,13.5,1,14.5],"texture":"#anvil"},"east":{"uv":[0,13.5,1,14.5],"texture":"#anvil"},"south":{"uv":[0,13.5,1,14.5],"texture":"#anvil"},"west":{"uv":[0,13.5,1,14.5],"texture":"#anvil"},"up":{"uv":[0,13.5,1,14.5],"texture":"#anvil"},"down":{"uv":[0,13.5,1,14.5],"texture":"#anvil"}}},{"from":[0,-0.5,27.5],"to":[1.5,0,30],"faces":{"north":{"uv":[0,13.5,1,14.5],"texture":"#anvil"},"east":{"uv":[0,13.5,1,14.5],"texture":"#anvil"},"south":{"uv":[0,13.5,1,14.5],"texture":"#anvil"},"west":{"uv":[0,13.5,1,14.5],"texture":"#anvil"},"up":{"uv":[0,13.5,1,14.5],"texture":"#anvil"},"down":{"uv":[0,13.5,1,14.5],"texture":"#anvil"}}},{"from":[-2.5,-2,27.5],"to":[-0.5,-1,29.5],"faces":{"north":{"uv":[4,4,12,12],"texture":"#wielen inner"},"east":{"uv":[4,4,12,12],"texture":"#wielen inner"},"south":{"uv":[4,4,12,12],"texture":"#wielen inner"},"west":{"uv":[4,4,12,12],"texture":"#wielen inner"},"up":{"uv":[4,4,12,12],"texture":"#wielen inner"},"down":{"uv":[4,4,12,12],"texture":"#wielen inner"}}},{"from":[-3,-2,27.5],"to":[-2.5,-1,29.5],"faces":{"north":{"uv":[0,13.5,1,14.5],"texture":"#anvil"},"east":{"uv":[0,13.5,1,14.5],"texture":"#anvil"},"south":{"uv":[0,13.5,1,14.5],"texture":"#anvil"},"west":{"uv":[0,13.5,1,14.5],"texture":"#anvil"},"up":{"uv":[0,13.5,1,14.5],"texture":"#anvil"},"down":{"uv":[0,13.5,1,14.5],"texture":"#anvil"}}},{"from":[-0.5,-2,27.5],"to":[0,-1,29.5],"faces":{"north":{"uv":[0,13.5,1,14.5],"texture":"#anvil"},"east":{"uv":[0,13.5,1,14.5],"texture":"#anvil"},"south":{"uv":[0,13.5,1,14.5],"texture":"#anvil"},"west":{"uv":[0,13.5,1,14.5],"texture":"#anvil"},"up":{"uv":[0,13.5,1,14.5],"texture":"#anvil"},"down":{"uv":[0,13.5,1,14.5],"texture":"#anvil"}}},{"from":[-2.5,-2,29.5],"to":[-0.5,-1,30],"faces":{"north":{"uv":[0,13.5,1,14.5],"texture":"#anvil"},"east":{"uv":[0,13.5,1,14.5],"texture":"#anvil"},"south":{"uv":[0,13.5,1,14.5],"texture":"#anvil"},"west":{"uv":[0,13.5,1,14.5],"texture":"#anvil"},"up":{"uv":[0,13.5,1,14.5],"texture":"#anvil"},"down":{"uv":[0,13.5,1,14.5],"texture":"#anvil"}}},{"from":[-2.5,-2,27],"to":[-0.5,-1,27.5],"faces":{"north":{"uv":[0,13.5,1,14.5],"texture":"#anvil"},"east":{"uv":[0,13.5,1,14.5],"texture":"#anvil"},"south":{"uv":[0,13.5,1,14.5],"texture":"#anvil"},"west":{"uv":[0,13.5,1,14.5],"texture":"#anvil"},"up":{"uv":[0,13.5,1,14.5],"texture":"#anvil"},"down":{"uv":[0,13.5,1,14.5],"texture":"#anvil"}}},{"from":[-2.5,-2,23.5],"to":[-0.5,-1,25.5],"faces":{"north":{"uv":[4,4,12,12],"texture":"#wielen inner"},"east":{"uv":[4,4,12,12],"texture":"#wielen inner"},"south":{"uv":[4,4,12,12],"texture":"#wielen inner"},"west":{"uv":[4,4,12,12],"texture":"#wielen inner"},"up":{"uv":[4,4,12,12],"texture":"#wielen inner"},"down":{"uv":[4,4,12,12],"texture":"#wielen inner"}}},{"from":[-2.5,-2,23],"to":[-0.5,-1,23.5],"faces":{"north":{"uv":[0,13.5,1,14.5],"texture":"#anvil"},"east":{"uv":[0,13.5,1,14.5],"texture":"#anvil"},"south":{"uv":[0,13.5,1,14.5],"texture":"#anvil"},"west":{"uv":[0,13.5,1,14.5],"texture":"#anvil"},"up":{"uv":[0,13.5,1,14.5],"texture":"#anvil"},"down":{"uv":[0,13.5,1,14.5],"texture":"#anvil"}}},{"from":[-0.5,-2,23.5],"to":[0,-1,25.5],"faces":{"north":{"uv":[0,13.5,1,14.5],"texture":"#anvil"},"east":{"uv":[0,13.5,1,14.5],"texture":"#anvil"},"south":{"uv":[0,13.5,1,14.5],"texture":"#anvil"},"west":{"uv":[0,13.5,1,14.5],"texture":"#anvil"},"up":{"uv":[0,13.5,1,14.5],"texture":"#anvil"},"down":{"uv":[0,13.5,1,14.5],"texture":"#anvil"}}},{"from":[-2.5,-2,25.5],"to":[-0.5,-1,26],"faces":{"north":{"uv":[0,13.5,1,14.5],"texture":"#anvil"},"east":{"uv":[0,13.5,1,14.5],"texture":"#anvil"},"south":{"uv":[0,13.5,1,14.5],"texture":"#anvil"},"west":{"uv":[0,13.5,1,14.5],"texture":"#anvil"},"up":{"uv":[0,13.5,1,14.5],"texture":"#anvil"},"down":{"uv":[0,13.5,1,14.5],"texture":"#anvil"}}},{"from":[-3,-2,23.5],"to":[-2.5,-1,25.5],"faces":{"north":{"uv":[0,13.5,1,14.5],"texture":"#anvil"},"east":{"uv":[0,13.5,1,14.5],"texture":"#anvil"},"south":{"uv":[0,13.5,1,14.5],"texture":"#anvil"},"west":{"uv":[0,13.5,1,14.5],"texture":"#anvil"},"up":{"uv":[0,13.5,1,14.5],"texture":"#anvil"},"down":{"uv":[0,13.5,1,14.5],"texture":"#anvil"}}},{"from":[-2.625,-1.125,25.5],"to":[0.375,-0.125,27.5],"rotation":{"angle":45,"axis":"z","origin":[-2.625,-0.125,25.5]},"faces":{"north":{"uv":[0,11.5,1,12.5],"texture":"#stone_slab_top"},"east":{"uv":[0,11.5,1,12.5],"texture":"#stone_slab_top"},"south":{"uv":[0,11.5,1,12.5],"texture":"#stone_slab_top"},"west":{"uv":[0,11.5,1,12.5],"texture":"#stone_slab_top"},"up":{"uv":[0,11.5,1,12.5],"texture":"#stone_slab_top"},"down":{"uv":[0,11.5,1,12.5],"texture":"#stone_slab_top"}}},{"from":[-3,-1,25.5],"to":[-1.5,0,27.5],"faces":{"north":{"uv":[0,11.5,1,12.5],"texture":"#stone_slab_top"},"east":{"uv":[0,11.5,1,12.5],"texture":"#stone_slab_top"},"south":{"uv":[0,11.5,1,12.5],"texture":"#stone_slab_top"},"west":{"uv":[0,11.5,1,12.5],"texture":"#stone_slab_top"},"up":{"uv":[0,11.5,1,12.5],"texture":"#stone_slab_top"},"down":{"uv":[0,11.5,1,12.5],"texture":"#stone_slab_top"}}},{"from":[-3,-2.5,26],"to":[-2.5,0,27],"faces":{"north":{"uv":[0,11.5,1,12.5],"texture":"#stone_slab_top"},"east":{"uv":[0,11.5,1,12.5],"texture":"#stone_slab_top"},"south":{"uv":[0,11.5,1,12.5],"texture":"#stone_slab_top"},"west":{"uv":[0,11.5,1,12.5],"texture":"#stone_slab_top"},"up":{"uv":[0,11.5,1,12.5],"texture":"#stone_slab_top"},"down":{"uv":[0,11.5,1,12.5],"texture":"#stone_slab_top"}}},{"from":[-2.5,-1,24.5],"to":[-1,-0.5,28.5],"faces":{"north":{"uv":[0,11.5,1,12.5],"texture":"#stone_slab_top"},"east":{"uv":[0,11.5,1,12.5],"texture":"#stone_slab_top"},"south":{"uv":[0,11.5,1,12.5],"texture":"#stone_slab_top"},"west":{"uv":[0,11.5,1,12.5],"texture":"#stone_slab_top"},"up":{"uv":[0,11.5,1,12.5],"texture":"#stone_slab_top"},"down":{"uv":[0,11.5,1,12.5],"texture":"#stone_slab_top"}}},{"from":[-2.5,-2.5,24.5],"to":[-1,-2,28.5],"faces":{"north":{"uv":[0,11.5,1,12.5],"texture":"#stone_slab_top"},"east":{"uv":[0,11.5,1,12.5],"texture":"#stone_slab_top"},"south":{"uv":[0,11.5,1,12.5],"texture":"#stone_slab_top"},"west":{"uv":[0,11.5,1,12.5],"texture":"#stone_slab_top"},"up":{"uv":[0,11.5,1,12.5],"texture":"#stone_slab_top"},"down":{"uv":[0,11.5,1,12.5],"texture":"#stone_slab_top"}}},{"from":[-2,3,3],"to":[18,4,23],"faces":{"north":{"uv":[0,12,16,13],"texture":"#stone_slab_top"},"east":{"uv":[0,12,13,13],"texture":"#stone_slab_top"},"south":{"uv":[0,12,16,13],"texture":"#stone_slab_top"},"west":{"uv":[3,12,16,13],"texture":"#stone_slab_top"},"up":{"uv":[0,3,16,16],"texture":"#stone_slab_top"},"down":{"uv":[16,16,0,3],"texture":"#stone_slab_top"}}},{"from":[-2,3.8125,1.0625],"to":[18,4.8125,3.5625],"rotation":{"angle":22.5,"axis":"x","origin":[-2,4.8125,1.0625]},"faces":{"north":{"uv":[0,11.1875,16,12.1875],"texture":"#stone_slab_top"},"east":{"uv":[12.4375,11.1875,14.9375,12.1875],"texture":"#stone_slab_top"},"south":{"uv":[0,11.1875,16,12.1875],"texture":"#stone_slab_top"},"west":{"uv":[1.0625,11.1875,3.5625,12.1875],"texture":"#stone_slab_top"},"up":{"uv":[0,1.0625,16,3.5625],"texture":"#stone_slab_top"},"down":{"uv":[16,3.5625,0,1.0625],"texture":"#stone_slab_top"}}},{"from":[-2,4.999,6.5],"to":[18,7.999,10],"faces":{"north":{"uv":[10,8,16,9],"texture":"#stone_slab_top"},"east":{"uv":[6,8,9.5,9],"texture":"#stone_slab_top"},"south":{"uv":[0,8,6,9],"texture":"#stone_slab_top"},"west":{"uv":[6.5,8,10,9],"texture":"#stone_slab_top"},"up":{"uv":[0,6.5,6,10],"texture":"#stone_slab_top"},"down":{"uv":[16,10,10,6.5],"texture":"#stone_slab_top"}}},{"from":[-2,4.499,22.5],"to":[18,7.999,26],"faces":{"north":{"uv":[10,8,16,9],"texture":"#stone_slab_top"},"east":{"uv":[0,8,0,9],"texture":"#stone_slab_top"},"south":{"uv":[0,8,6,9],"texture":"#stone_slab_top"},"west":{"uv":[16,8,16,9],"texture":"#stone_slab_top"},"up":{"uv":[0,15,6,16],"texture":"#stone_slab_top"},"down":{"uv":[16,16,10,16],"texture":"#stone_slab_top"}}},{"from":[-2,12.5,12.5],"to":[18,16.5,13.5],"faces":{"north":{"uv":[10,8,16,9],"texture":"#stone_slab_top"},"east":{"uv":[6,8,9.5,9],"texture":"#stone_slab_top"},"south":{"uv":[0,8,6,9],"texture":"#stone_slab_top"},"west":{"uv":[6.5,8,10,9],"texture":"#stone_slab_top"},"up":{"uv":[0,6.5,6,10],"texture":"#stone_slab_top"},"down":{"uv":[16,10,10,6.5],"texture":"#stone_slab_top"}}},{"from":[-2,4.0625,12.0692],"to":[18,13.0625,13.5692],"rotation":{"angle":22.5,"axis":"x","origin":[-2,13.0625,12.0692]},"faces":{"north":{"uv":[10,8,16,9],"texture":"#stone_slab_top"},"east":{"uv":[6,8,9.5,9],"texture":"#stone_slab_top"},"south":{"uv":[0,8,6,9],"texture":"#stone_slab_top"},"west":{"uv":[6.5,8,10,9],"texture":"#stone_slab_top"},"up":{"uv":[0,6.5,6,10],"texture":"#stone_slab_top"},"down":{"uv":[16,10,10,6.5],"texture":"#stone_slab_top"}}},{"from":[-2,12.5,28.5],"to":[18,16.5,29.5],"faces":{"north":{"uv":[10,8,16,9],"texture":"#stone_slab_top"},"east":{"uv":[6,8,9.5,9],"texture":"#stone_slab_top"},"south":{"uv":[0,8,6,9],"texture":"#stone_slab_top"},"west":{"uv":[6.5,8,10,9],"texture":"#stone_slab_top"},"up":{"uv":[0,6.5,6,10],"texture":"#stone_slab_top"},"down":{"uv":[16,10,10,6.5],"texture":"#stone_slab_top"}}},{"from":[-2,4.0625,28.125],"to":[18,13.0625,29.625],"rotation":{"angle":22.5,"axis":"x","origin":[-2,13.0625,28.125]},"faces":{"north":{"uv":[10,8,16,9],"texture":"#stone_slab_top"},"east":{"uv":[6,8,9.5,9],"texture":"#stone_slab_top"},"south":{"uv":[0,8,6,9],"texture":"#stone_slab_top"},"west":{"uv":[6.5,8,10,9],"texture":"#stone_slab_top"},"up":{"uv":[0,6.5,6,10],"texture":"#stone_slab_top"},"down":{"uv":[16,10,10,6.5],"texture":"#stone_slab_top"}}},{"from":[-3,3,-2.5],"to":[-2,7.5,22.5],"faces":{"north":{"uv":[0,8.5,6,12],"texture":"#buitenkant"},"east":{"uv":[0,8.5,6,12],"texture":"#buitenkant"},"south":{"uv":[0,8.5,6,12],"texture":"#buitenkant"},"west":{"uv":[0,8.5,6,12],"texture":"#buitenkant"},"up":{"uv":[0,8.5,6,12],"texture":"#buitenkant"},"down":{"uv":[0,8.5,6,12],"texture":"#buitenkant"}}},{"from":[-3,6.625,23.125],"to":[-2,16.6,31.125],"rotation":{"angle":22.5,"axis":"x","origin":[-3,16.625,23.125]},"faces":{"north":{"uv":[0,8.5,6,12],"texture":"#buitenkant"},"east":{"uv":[0,8.5,6,12],"texture":"#buitenkant"},"south":{"uv":[0,8.5,6,12],"texture":"#buitenkant"},"west":{"uv":[0,8.5,6,12],"texture":"#buitenkant"},"up":{"uv":[0,8.5,6,12],"texture":"#buitenkant"},"down":{"uv":[0,8.5,6,12],"texture":"#buitenkant"}}},{"from":[-3,6.5625,7.125],"to":[-2,16.5625,15.125],"rotation":{"angle":22.5,"axis":"x","origin":[-3,16.5625,7.125]},"faces":{"north":{"uv":[0,8.5,6,12],"texture":"#buitenkant"},"east":{"uv":[0,8.5,6,12],"texture":"#buitenkant"},"south":{"uv":[0,8.5,6,12],"texture":"#buitenkant"},"west":{"uv":[0,8.5,6,12],"texture":"#buitenkant"},"up":{"uv":[0,8.5,6,12],"texture":"#buitenkant"},"down":{"uv":[0,8.5,6,12],"texture":"#buitenkant"}}},{"from":[18,6.5625,7.125],"to":[19,16.5625,15.125],"rotation":{"angle":22.5,"axis":"x","origin":[18,16.5625,7.125]},"faces":{"north":{"uv":[0,8.5,6,12],"texture":"#buitenkant"},"east":{"uv":[0,8.5,6,12],"texture":"#buitenkant"},"south":{"uv":[0,8.5,6,12],"texture":"#buitenkant"},"west":{"uv":[0,8.5,6,12],"texture":"#buitenkant"},"up":{"uv":[0,8.5,6,12],"texture":"#buitenkant"},"down":{"uv":[0,8.5,6,12],"texture":"#buitenkant"}}},{"from":[18,6.5625,23.125],"to":[19,16.5625,31.125],"rotation":{"angle":22.5,"axis":"x","origin":[18,16.5625,23.125]},"faces":{"north":{"uv":[0,8.5,6,12],"texture":"#buitenkant"},"east":{"uv":[0,8.5,6,12],"texture":"#buitenkant"},"south":{"uv":[0,8.5,6,12],"texture":"#buitenkant"},"west":{"uv":[0,8.5,6,12],"texture":"#buitenkant"},"up":{"uv":[0,8.5,6,12],"texture":"#buitenkant"},"down":{"uv":[0,8.5,6,12],"texture":"#buitenkant"}}},{"from":[-3,13.5,7],"to":[-2,16.5,14.5],"faces":{"north":{"uv":[0,8.5,6,12],"texture":"#buitenkant"},"east":{"uv":[0,8.5,6,12],"texture":"#buitenkant"},"south":{"uv":[0,8.5,6,12],"texture":"#buitenkant"},"west":{"uv":[0,8.5,6,12],"texture":"#buitenkant"},"up":{"uv":[0,8.5,6,12],"texture":"#buitenkant"},"down":{"uv":[0,8.5,6,12],"texture":"#buitenkant"}}},{"from":[-3,13.5,23],"to":[-2,16.5,30.5],"faces":{"north":{"uv":[0,8.5,6,12],"texture":"#buitenkant"},"east":{"uv":[0,8.5,6,12],"texture":"#buitenkant"},"south":{"uv":[0,8.5,6,12],"texture":"#buitenkant"},"west":{"uv":[0,8.5,6,12],"texture":"#buitenkant"},"up":{"uv":[0,8.5,6,12],"texture":"#buitenkant"},"down":{"uv":[0,8.5,6,12],"texture":"#buitenkant"}}},{"from":[-3,7.5,12],"to":[-2,11,13],"faces":{"north":{"uv":[0,8.5,6,12],"texture":"#buitenkant"},"east":{"uv":[0,8.5,6,12],"texture":"#buitenkant"},"south":{"uv":[0,8.5,6,12],"texture":"#buitenkant"},"west":{"uv":[0,8.5,6,12],"texture":"#buitenkant"},"up":{"uv":[0,8.5,6,12],"texture":"#buitenkant"},"down":{"uv":[0,8.5,6,12],"texture":"#buitenkant"}}},{"from":[18,3,-2.5],"to":[19,7.5,24],"faces":{"north":{"uv":[0,8.5,6,12],"texture":"#buitenkant"},"east":{"uv":[0,8.5,6,12],"texture":"#buitenkant"},"south":{"uv":[0,8.5,6,12],"texture":"#buitenkant"},"west":{"uv":[0,8.5,6,12],"texture":"#buitenkant"},"up":{"uv":[0,8.5,6,12],"texture":"#buitenkant"},"down":{"uv":[0,8.5,6,12],"texture":"#buitenkant"}}},{"from":[18,7.5,12],"to":[19,11,13],"faces":{"north":{"uv":[0,8.5,6,12],"texture":"#buitenkant"},"east":{"uv":[0,8.5,6,12],"texture":"#buitenkant"},"south":{"uv":[0,8.5,6,12],"texture":"#buitenkant"},"west":{"uv":[0,8.5,6,12],"texture":"#buitenkant"},"up":{"uv":[0,8.5,6,12],"texture":"#buitenkant"},"down":{"uv":[0,8.5,6,12],"texture":"#buitenkant"}}},{"from":[-3,4.5,28],"to":[19,10,29],"faces":{"north":{"uv":[0,8.5,6,12],"texture":"#buitenkant"},"east":{"uv":[0,8.5,6,12],"texture":"#buitenkant"},"south":{"uv":[0,8.5,6,12],"texture":"#buitenkant"},"west":{"uv":[0,8.5,6,12],"texture":"#buitenkant"},"up":{"uv":[0,8.5,6,12],"texture":"#buitenkant"},"down":{"uv":[0,8.5,6,12],"texture":"#buitenkant"}}},{"from":[18,13.5,23],"to":[19,16.5,30.5],"faces":{"north":{"uv":[0,8.5,6,12],"texture":"#buitenkant"},"east":{"uv":[0,8.5,6,12],"texture":"#buitenkant"},"south":{"uv":[0,8.5,6,12],"texture":"#buitenkant"},"west":{"uv":[0,8.5,6,12],"texture":"#buitenkant"},"up":{"uv":[0,8.5,6,12],"texture":"#buitenkant"},"down":{"uv":[0,8.5,6,12],"texture":"#buitenkant"}}},{"from":[18,13.5,7],"to":[19,16.5,14.5],"faces":{"north":{"uv":[0,8.5,6,12],"texture":"#buitenkant"},"east":{"uv":[0,8.5,6,12],"texture":"#buitenkant"},"south":{"uv":[0,8.5,6,12],"texture":"#buitenkant"},"west":{"uv":[0,8.5,6,12],"texture":"#buitenkant"},"up":{"uv":[0,8.5,6,12],"texture":"#buitenkant"},"down":{"uv":[0,8.5,6,12],"texture":"#buitenkant"}}},{"from":[-3,3.375,29.5625],"to":[19,13.875,30.5625],"rotation":{"angle":22.5,"axis":"x","origin":[-3,13.875,29.5625]},"faces":{"north":{"uv":[0,8.5,6,12],"texture":"#buitenkant"},"east":{"uv":[0,8.5,6,12],"texture":"#buitenkant"},"south":{"uv":[0,8.5,6,12],"texture":"#buitenkant"},"west":{"uv":[0,8.5,6,12],"texture":"#buitenkant"},"up":{"uv":[0,8.5,6,12],"texture":"#buitenkant"},"down":{"uv":[0,8.5,6,12],"texture":"#buitenkant"}}},{"from":[18,3.5,22.5],"to":[19,7.5,28],"faces":{"north":{"uv":[0,8.5,6,12],"texture":"#buitenkant"},"east":{"uv":[0,8.5,6,12],"texture":"#buitenkant"},"south":{"uv":[0,8.5,6,12],"texture":"#buitenkant"},"west":{"uv":[0,8.5,6,12],"texture":"#buitenkant"},"up":{"uv":[0,8.5,6,12],"texture":"#buitenkant"},"down":{"uv":[0,8.5,6,12],"texture":"#buitenkant"}}},{"from":[-3,1.5,1],"to":[-2.2,3,21.5],"faces":{"north":{"uv":[0,8.5,6,12],"texture":"#buitenkant"},"east":{"uv":[0,8.5,6,12],"texture":"#buitenkant"},"south":{"uv":[0,8.5,6,12],"texture":"#buitenkant"},"west":{"uv":[0,8.5,6,12],"texture":"#buitenkant"},"up":{"uv":[0,8.5,6,12],"texture":"#buitenkant"},"down":{"uv":[0,8.5,6,12],"texture":"#buitenkant"}}},{"from":[-3,1.375,20.4375],"to":[-2.1,2.875,25.4375],"rotation":{"angle":-22.5,"axis":"x","origin":[-3,2.875,20.4375]},"faces":{"north":{"uv":[0,8.5,6,12],"texture":"#buitenkant"},"east":{"uv":[0,8.5,6,12],"texture":"#buitenkant"},"south":{"uv":[0,8.5,6,12],"texture":"#buitenkant"},"west":{"uv":[0,8.5,6,12],"texture":"#buitenkant"},"up":{"uv":[0,8.5,6,12],"texture":"#buitenkant"},"down":{"uv":[0,8.5,6,12],"texture":"#buitenkant"}}},{"from":[-3,3.5,22.5],"to":[-2,7.5,28],"faces":{"north":{"uv":[0,8.5,6,12],"texture":"#buitenkant"},"east":{"uv":[0,8.5,6,12],"texture":"#buitenkant"},"south":{"uv":[0,8.5,6,12],"texture":"#buitenkant"},"west":{"uv":[0,8.5,6,12],"texture":"#buitenkant"},"up":{"uv":[0,8.5,6,12],"texture":"#buitenkant"},"down":{"uv":[0,8.5,6,12],"texture":"#buitenkant"}}},{"from":[-3,3.70711,28.29289],"to":[19,5.20711,29.29289],"rotation":{"angle":45,"axis":"x","origin":[-3,5.20711,28.29289]},"faces":{"north":{"uv":[16,8.5,16,12],"texture":"#buitenkant"},"east":{"uv":[0,8.5,0,12],"texture":"#buitenkant"},"south":{"uv":[0,8.5,1,12],"texture":"#buitenkant"},"west":{"uv":[16,8.5,16,12],"texture":"#buitenkant"},"up":{"uv":[0,16,0,16],"texture":"#buitenkant"},"down":{"uv":[16,16,16,16],"texture":"#buitenkant"}}},{"from":[18.1,1.5,1],"to":[19,3,21.5],"faces":{"north":{"uv":[0,8.5,6,12],"texture":"#buitenkant"},"east":{"uv":[0,8.5,6,12],"texture":"#buitenkant"},"south":{"uv":[0,8.5,6,12],"texture":"#buitenkant"},"west":{"uv":[0,8.5,6,12],"texture":"#buitenkant"},"up":{"uv":[0,8.5,6,12],"texture":"#buitenkant"},"down":{"uv":[0,8.5,6,12],"texture":"#buitenkant"}}},{"from":[18.1,1.375,20.4375],"to":[19,2.875,25.4375],"rotation":{"angle":-22.5,"axis":"x","origin":[18,2.875,20.4375]},"faces":{"north":{"uv":[0,8.5,6,12],"texture":"#buitenkant"},"east":{"uv":[0,8.5,6,12],"texture":"#buitenkant"},"south":{"uv":[0,8.5,6,12],"texture":"#buitenkant"},"west":{"uv":[0,8.5,6,12],"texture":"#buitenkant"},"up":{"uv":[0,8.5,6,12],"texture":"#buitenkant"},"down":{"uv":[0,8.5,6,12],"texture":"#buitenkant"}}},{"from":[-3,3.375,13.5182],"to":[19,13.875,14.5182],"rotation":{"angle":22.5,"axis":"x","origin":[-3,13.875,13.5182]},"faces":{"north":{"uv":[0,8.5,6,12],"texture":"#buitenkant"},"east":{"uv":[0,8.5,6,12],"texture":"#buitenkant"},"south":{"uv":[0,8.5,6,12],"texture":"#buitenkant"},"west":{"uv":[0,8.5,6,12],"texture":"#buitenkant"},"up":{"uv":[0,8.5,6,12],"texture":"#buitenkant"},"down":{"uv":[0,8.5,6,12],"texture":"#buitenkant"}}},{"from":[-3,13.5,29.5],"to":[19,16.5,30.5],"faces":{"north":{"uv":[0,8.5,6,12],"texture":"#buitenkant"},"east":{"uv":[0,8.5,6,12],"texture":"#buitenkant"},"south":{"uv":[0,8.5,6,12],"texture":"#buitenkant"},"west":{"uv":[0,8.5,6,12],"texture":"#buitenkant"},"up":{"uv":[0,8.5,6,12],"texture":"#buitenkant"},"down":{"uv":[0,8.5,6,12],"texture":"#buitenkant"}}},{"from":[-3,13.5,13.5],"to":[19,16.5,14.5],"faces":{"north":{"uv":[0,8.5,6,12],"texture":"#buitenkant"},"east":{"uv":[0,8.5,6,12],"texture":"#buitenkant"},"south":{"uv":[0,8.5,6,12],"texture":"#buitenkant"},"west":{"uv":[0,8.5,6,12],"texture":"#buitenkant"},"up":{"uv":[0,8.5,6,12],"texture":"#buitenkant"},"down":{"uv":[0,8.5,6,12],"texture":"#buitenkant"}}},{"from":[-3.5,16,6.5],"to":[-1.5,17,15],"faces":{"north":{"uv":[0,0,1,3],"texture":"#texture"},"east":{"uv":[0,0,1,3],"texture":"#texture"},"south":{"uv":[0,0,1,3],"texture":"#texture"},"west":{"uv":[0,0,1,3],"texture":"#texture"},"up":{"uv":[0,0,1,3],"texture":"#texture"},"down":{"uv":[0,0,1,3],"texture":"#texture"}}},{"from":[-3.5,16,22.5],"to":[-1.5,17,31],"faces":{"north":{"uv":[0,0,1,3],"texture":"#texture"},"east":{"uv":[0,0,1,3],"texture":"#texture"},"south":{"uv":[0,0,1,3],"texture":"#texture"},"west":{"uv":[0,0,1,3],"texture":"#texture"},"up":{"uv":[0,0,1,3],"texture":"#texture"},"down":{"uv":[0,0,1,3],"texture":"#texture"}}},{"from":[17.5,16,6.5],"to":[19.5,17,15],"faces":{"north":{"uv":[0,0,1,3],"texture":"#texture"},"east":{"uv":[0,0,1,3],"texture":"#texture"},"south":{"uv":[0,0,1,3],"texture":"#texture"},"west":{"uv":[0,0,1,3],"texture":"#texture"},"up":{"uv":[0,0,1,3],"texture":"#texture"},"down":{"uv":[0,0,1,3],"texture":"#texture"}}},{"from":[17.5,16,22.5],"to":[19.5,17,31],"faces":{"north":{"uv":[0,0,1,3],"texture":"#texture"},"east":{"uv":[0,0,1,3],"texture":"#texture"},"south":{"uv":[0,0,1,3],"texture":"#texture"},"west":{"uv":[0,0,1,3],"texture":"#texture"},"up":{"uv":[0,0,1,3],"texture":"#texture"},"down":{"uv":[0,0,1,3],"texture":"#texture"}}},{"from":[-1.5,16,29.5],"to":[17.5,17,31],"faces":{"north":{"uv":[0,0,1,3],"texture":"#texture"},"east":{"uv":[0,0,1,3],"texture":"#texture"},"south":{"uv":[0,0,1,3],"texture":"#texture"},"west":{"uv":[0,0,1,3],"texture":"#texture"},"up":{"uv":[0,0,1,3],"texture":"#texture"},"down":{"uv":[0,0,1,3],"texture":"#texture"}}},{"from":[-1.5,7,28],"to":[17.5,8,29.5],"faces":{"north":{"uv":[0,0,1,3],"texture":"#texture"},"east":{"uv":[0,0,1,3],"texture":"#texture"},"south":{"uv":[0,0,1,3],"texture":"#texture"},"west":{"uv":[0,0,1,3],"texture":"#texture"},"up":{"uv":[0,0,1,3],"texture":"#texture"},"down":{"uv":[0,0,1,3],"texture":"#texture"}}},{"from":[-3.5,7,-1.5],"to":[-1.5,13,-0.5],"faces":{"north":{"uv":[0,0,1,3],"texture":"#texture"},"east":{"uv":[0,0,1,3],"texture":"#texture"},"south":{"uv":[0,0,1,3],"texture":"#texture"},"west":{"uv":[0,0,1,3],"texture":"#texture"},"up":{"uv":[0,0,1,3],"texture":"#texture"},"down":{"uv":[0,0,1,3],"texture":"#texture"}}},{"from":[17.5,7,-1.5],"to":[19.5,13,-0.5],"faces":{"north":{"uv":[0,0,1,3],"texture":"#texture"},"east":{"uv":[0,0,1,3],"texture":"#texture"},"south":{"uv":[0,0,1,3],"texture":"#texture"},"west":{"uv":[0,0,1,3],"texture":"#texture"},"up":{"uv":[0,0,1,3],"texture":"#texture"},"down":{"uv":[0,0,1,3],"texture":"#texture"}}},{"from":[-3.5,12,-3],"to":[-2,13,-0.5],"rotation":{"angle":-22.5,"axis":"x","origin":[-3.5,13,-3]},"faces":{"north":{"uv":[0,0,1,3],"texture":"#texture"},"east":{"uv":[0,0,1,3],"texture":"#texture"},"south":{"uv":[0,0,1,3],"texture":"#texture"},"west":{"uv":[0,0,1,3],"texture":"#texture"},"up":{"uv":[0,0,1,3],"texture":"#texture"},"down":{"uv":[0,0,1,3],"texture":"#texture"}}},{"from":[18,12,-3],"to":[19.5,13,-0.5],"rotation":{"angle":-22.5,"axis":"x","origin":[18,13,-3]},"faces":{"north":{"uv":[0,0,1,3],"texture":"#texture"},"east":{"uv":[0,0,1,3],"texture":"#texture"},"south":{"uv":[0,0,1,3],"texture":"#texture"},"west":{"uv":[0,0,1,3],"texture":"#texture"},"up":{"uv":[0,0,1,3],"texture":"#texture"},"down":{"uv":[0,0,1,3],"texture":"#texture"}}},{"from":[-3.5,12,-3],"to":[19.5,13,-2.5],"rotation":{"angle":-22.5,"axis":"x","origin":[-3.5,13,-3]},"faces":{"north":{"uv":[0,0,1,3],"texture":"#texture"},"east":{"uv":[0,0,1,3],"texture":"#texture"},"south":{"uv":[0,0,1,3],"texture":"#texture"},"west":{"uv":[0,0,1,3],"texture":"#texture"},"up":{"uv":[0,0,1,3],"texture":"#texture"},"down":{"uv":[0,0,1,3],"texture":"#texture"}}},{"from":[-1.5,16,13.5],"to":[17.5,17,15],"faces":{"north":{"uv":[0,0,1,3],"texture":"#texture"},"east":{"uv":[0,0,1,3],"texture":"#texture"},"south":{"uv":[0,0,1,3],"texture":"#texture"},"west":{"uv":[0,0,1,3],"texture":"#texture"},"up":{"uv":[0,0,1,3],"texture":"#texture"},"down":{"uv":[0,0,1,3],"texture":"#texture"}}},{"from":[-4,14,9],"to":[-3,15,13.5],"faces":{"north":{"uv":[0,1,1,2],"texture":"#raket"},"east":{"uv":[9,1,13.5,2],"texture":"#raket"},"south":{"uv":[5,5,11,11],"texture":"#minecart"},"west":{"uv":[9,1,13.5,2],"texture":"#raket"},"up":{"uv":[0,9,1,13.5],"texture":"#raket"},"down":{"uv":[0,9,1,13.5],"texture":"#raket"}}},{"from":[-4,14,25],"to":[-3,15,29.5],"faces":{"north":{"uv":[0,1,1,2],"texture":"#raket"},"east":{"uv":[9,1,13.5,2],"texture":"#raket"},"south":{"uv":[5,5,11,11],"texture":"#minecart"},"west":{"uv":[9,1,13.5,2],"texture":"#raket"},"up":{"uv":[0,9,1,13.5],"texture":"#raket"},"down":{"uv":[0,9,1,13.5],"texture":"#raket"}}},{"from":[19,14,9],"to":[20,15,13.5],"faces":{"north":{"uv":[0,1,1,2],"texture":"#raket"},"east":{"uv":[9,1,13.5,2],"texture":"#raket"},"south":{"uv":[5,5,11,11],"texture":"#minecart"},"west":{"uv":[9,1,13.5,2],"texture":"#raket"},"up":{"uv":[0,9,1,13.5],"texture":"#raket"},"down":{"uv":[0,9,1,13.5],"texture":"#raket"}}},{"from":[19,14,25],"to":[20,15,29.5],"faces":{"north":{"uv":[0,1,1,2],"texture":"#raket"},"east":{"uv":[9,1,13.5,2],"texture":"#raket"},"south":{"uv":[5,5,11,11],"texture":"#minecart"},"west":{"uv":[9,1,13.5,2],"texture":"#raket"},"up":{"uv":[0,9,1,13.5],"texture":"#raket"},"down":{"uv":[0,9,1,13.5],"texture":"#raket"}}},{"from":[-2,13.1875,-0.4375],"to":[-1,14.6875,0.0625],"rotation":{"angle":22.5,"axis":"x","origin":[-2,14.6875,-0.4375]},"faces":{"north":{"uv":[0,0,1,1],"texture":"#railing"},"east":{"uv":[0,0,1,1],"texture":"#railing"},"south":{"uv":[0,0,1,1],"texture":"#railing"},"west":{"uv":[0,0,1,1],"texture":"#railing"},"up":{"uv":[0,0,1,1],"texture":"#railing"},"down":{"uv":[0,0,1,1],"texture":"#railing"}}},{"from":[-3,14.5,-0.5],"to":[19,15,0.5],"faces":{"north":{"uv":[0,0,16,1],"texture":"#railing"},"east":{"uv":[0,0,1,1],"texture":"#railing"},"south":{"uv":[0,0,16,1],"texture":"#railing"},"west":{"uv":[0,0,1,1],"texture":"#railing"},"up":{"uv":[0,0,16,1],"texture":"#railing"},"down":{"uv":[0,0,16,1],"texture":"#railing"}}},{"from":[7.5,13.1875,-0.4375],"to":[8.5,14.6875,0.0625],"rotation":{"angle":22.5,"axis":"x","origin":[7.5,14.6875,-0.4375]},"faces":{"north":{"uv":[0,0,1,1],"texture":"#railing"},"east":{"uv":[0,0,1,1],"texture":"#railing"},"south":{"uv":[0,0,1,1],"texture":"#railing"},"west":{"uv":[0,0,1,1],"texture":"#railing"},"up":{"uv":[0,0,1,1],"texture":"#railing"},"down":{"uv":[0,0,1,1],"texture":"#railing"}}},{"from":[17,13.1875,-0.4375],"to":[18,14.6875,0.0625],"rotation":{"angle":22.5,"axis":"x","origin":[17,14.6875,-0.4375]},"faces":{"north":{"uv":[0,0,1,1],"texture":"#railing"},"east":{"uv":[0,0,1,1],"texture":"#railing"},"south":{"uv":[0,0,1,1],"texture":"#railing"},"west":{"uv":[0,0,1,1],"texture":"#railing"},"up":{"uv":[0,0,1,1],"texture":"#railing"},"down":{"uv":[0,0,1,1],"texture":"#railing"}}},{"from":[18,1.925,-3],"to":[19.5,13,-2.5],"faces":{"north":{"uv":[0,0,1,3],"texture":"#texture"},"east":{"uv":[0,0,1,3],"texture":"#texture"},"south":{"uv":[0,0,1,3],"texture":"#texture"},"west":{"uv":[0,0,1,3],"texture":"#texture"},"up":{"uv":[0,0,1,3],"texture":"#texture"},"down":{"uv":[0,0,1,3],"texture":"#texture"}}},{"from":[18.1,2,-2.5],"to":[19,3,1],"faces":{"north":{"uv":[0,8.5,6,12],"texture":"#buitenkant"},"east":{"uv":[0,8.5,6,12],"texture":"#buitenkant"},"south":{"uv":[0,8.5,6,12],"texture":"#buitenkant"},"west":{"uv":[0,8.5,6,12],"texture":"#buitenkant"},"up":{"uv":[0,8.5,6,12],"texture":"#buitenkant"},"down":{"uv":[0,8.5,6,12],"texture":"#buitenkant"}}},{"from":[-3,2,-2.5],"to":[-2.1,3,1],"faces":{"north":{"uv":[0,8.5,6,12],"texture":"#buitenkant"},"east":{"uv":[0,8.5,6,12],"texture":"#buitenkant"},"south":{"uv":[0,8.5,6,12],"texture":"#buitenkant"},"west":{"uv":[0,8.5,6,12],"texture":"#buitenkant"},"up":{"uv":[0,8.5,6,12],"texture":"#buitenkant"},"down":{"uv":[0,8.5,6,12],"texture":"#buitenkant"}}},{"from":[-3,7.5,-2.5],"to":[-2,12.5,-1.5],"faces":{"north":{"uv":[0,8.5,6,12],"texture":"#buitenkant"},"east":{"uv":[0,8.5,6,12],"texture":"#buitenkant"},"south":{"uv":[0,8.5,6,12],"texture":"#buitenkant"},"west":{"uv":[0,8.5,6,12],"texture":"#buitenkant"},"up":{"uv":[0,8.5,6,12],"texture":"#buitenkant"},"down":{"uv":[0,8.5,6,12],"texture":"#buitenkant"}}},{"from":[-2,12.57403,-1.61418],"to":[18,13.57403,-0.61418],"rotation":{"angle":-22.5,"axis":"x","origin":[-2,13.57403,-1.61418]},"faces":{"north":{"uv":[0,0,1,3],"texture":"#texture"},"east":{"uv":[0,0,1,3],"texture":"#texture"},"south":{"uv":[0,0,1,3],"texture":"#texture"},"west":{"uv":[0,0,1,3],"texture":"#texture"},"up":{"uv":[0,0,1,3],"texture":"#texture"},"down":{"uv":[0,0,1,3],"texture":"#texture"}}},{"from":[18,7.5,-2.5],"to":[19,12.5,-1.5],"faces":{"north":{"uv":[0,8.5,6,12],"texture":"#buitenkant"},"east":{"uv":[0,8.5,6,12],"texture":"#buitenkant"},"south":{"uv":[0,8.5,6,12],"texture":"#buitenkant"},"west":{"uv":[0,8.5,6,12],"texture":"#buitenkant"},"up":{"uv":[0,8.5,6,12],"texture":"#buitenkant"},"down":{"uv":[0,8.5,6,12],"texture":"#buitenkant"}}},{"from":[-3,3.5,-2.5],"to":[19,12.5,-2],"faces":{"north":{"uv":[0,8.5,6,12],"texture":"#buitenkant"},"east":{"uv":[0,8.5,6,12],"texture":"#buitenkant"},"south":{"uv":[0,8.5,6,12],"texture":"#buitenkant"},"west":{"uv":[0,8.5,6,12],"texture":"#buitenkant"},"up":{"uv":[0,8.5,6,12],"texture":"#buitenkant"},"down":{"uv":[0,8.5,6,12],"texture":"#buitenkant"}}},{"from":[-2.5,3,-3],"to":[18.5,4,-1.5],"faces":{"north":{"uv":[0,0,1,3],"texture":"#texture"},"east":{"uv":[0,0,1,3],"texture":"#texture"},"south":{"uv":[0,0,1,3],"texture":"#texture"},"west":{"uv":[0,0,1,3],"texture":"#texture"},"up":{"uv":[0,0,1,3],"texture":"#texture"},"down":{"uv":[0,0,1,3],"texture":"#texture"}}},{"from":[-2.5,12.4375,-2.6875],"to":[18.5,12.9375,-0.6875],"rotation":{"angle":-22.5,"axis":"x","origin":[-2.5,12.9375,-2.6875]},"faces":{"north":{"uv":[16,8.5,16,13],"texture":"#buitenkant"},"east":{"uv":[0,8.5,16,13],"texture":"#buitenkant"},"south":{"uv":[0,8.5,0,13],"texture":"#buitenkant"},"west":{"uv":[0,8.5,16,13],"texture":"#buitenkant"},"up":{"uv":[0,0,1,16],"texture":"#buitenkant"},"down":{"uv":[16,16,16,0],"texture":"#buitenkant"}}},{"from":[-3.5,7,-0.725],"to":[-1.5,8,29.5],"faces":{"north":{"uv":[0,0,1,3],"texture":"#texture"},"east":{"uv":[0,0,1,3],"texture":"#texture"},"south":{"uv":[0,0,1,3],"texture":"#texture"},"west":{"uv":[0,0,1,3],"texture":"#texture"},"up":{"uv":[0,0,1,3],"texture":"#texture"},"down":{"uv":[0,0,1,3],"texture":"#texture"}}},{"from":[-3.5,4.45,28.5],"to":[-2,7,29.5],"faces":{"north":{"uv":[0,0,1,3],"texture":"#texture"},"east":{"uv":[0,0,1,3],"texture":"#texture"},"south":{"uv":[0,0,1,3],"texture":"#texture"},"west":{"uv":[0,0,1,3],"texture":"#texture"},"up":{"uv":[0,0,1,3],"texture":"#texture"},"down":{"uv":[0,0,1,3],"texture":"#texture"}}},{"from":[-3.5,8.5,8],"to":[-2.9,11,10.5],"faces":{"north":{"uv":[7,3.5,10,4],"texture":"#chain_command_block_back"},"east":{"uv":[4,4,13,13],"texture":"#chain_command_block_back"},"south":{"uv":[7,3.5,10,4],"texture":"#chain_command_block_back"},"west":{"uv":[4.5,4.5,12.5,12.5],"texture":"#chain_command_block_back"},"up":{"uv":[3.5,7,4,10],"texture":"#chain_command_block_back"},"down":{"uv":[3.5,7,4,10],"texture":"#chain_command_block_back"}}},{"from":[-3.5,9.96194,11.30866],"to":[-3,10.46194,14.30866],"rotation":{"angle":-22.5,"axis":"x","origin":[-3.5,10.46194,11.30866]},"faces":{"north":{"uv":[5,5,11,11],"texture":"#minecart"},"east":{"uv":[4,4,7,4.5],"texture":"#chain_command_block_back"},"south":{"uv":[5,5,11,11],"texture":"#minecart"},"west":{"uv":[4,4,7,4.5],"texture":"#chain_command_block_back"},"up":{"uv":[4,4,4.5,7],"texture":"#chain_command_block_back"},"down":{"uv":[4,4,4.5,7],"texture":"#chain_command_block_back"}}},{"from":[-3.5,10,10.5],"to":[-3,10.5,11.5],"faces":{"north":{"uv":[11,4.5,12.5,5],"texture":"#chain_command_block_back"},"east":{"uv":[4,4,4.5,4.5],"texture":"#chain_command_block_back"},"south":{"uv":[11,4.5,12.5,5],"texture":"#chain_command_block_back"},"west":{"uv":[4,4,4.5,4.5],"texture":"#chain_command_block_back"},"up":{"uv":[5,4,6.5,4.5],"texture":"#chain_command_block_back"},"down":{"uv":[5,4,6.5,4.5],"texture":"#chain_command_block_back"}}},{"from":[-3.5,9,10.5],"to":[-3,9.5,11.5],"faces":{"north":{"uv":[11,4.5,12.5,5],"texture":"#chain_command_block_back"},"east":{"uv":[4,4,4.5,4.5],"texture":"#chain_command_block_back"},"south":{"uv":[11,4.5,12.5,5],"texture":"#chain_command_block_back"},"west":{"uv":[4,4,4.5,4.5],"texture":"#chain_command_block_back"},"up":{"uv":[5,4,6.5,4.5],"texture":"#chain_command_block_back"},"down":{"uv":[5,4,6.5,4.5],"texture":"#chain_command_block_back"}}},{"from":[-3.5,8.96194,11.30866],"to":[-3,9.46194,14.30866],"rotation":{"angle":-22.5,"axis":"x","origin":[-3.5,9.46194,11.30866]},"faces":{"north":{"uv":[5,5,11,11],"texture":"#minecart"},"east":{"uv":[4,4,7,4.5],"texture":"#chain_command_block_back"},"south":{"uv":[5,5,11,11],"texture":"#minecart"},"west":{"uv":[4,4,7,4.5],"texture":"#chain_command_block_back"},"up":{"uv":[4,4,4.5,7],"texture":"#chain_command_block_back"},"down":{"uv":[4,4,4.5,7],"texture":"#chain_command_block_back"}}},{"from":[-3.5,8.5,24],"to":[-2.9,11,26.5],"faces":{"north":{"uv":[7,3.5,10,4],"texture":"#chain_command_block_back"},"east":{"uv":[4,4,13,13],"texture":"#chain_command_block_back"},"south":{"uv":[7,3.5,10,4],"texture":"#chain_command_block_back"},"west":{"uv":[4.5,4.5,12.5,12.5],"texture":"#chain_command_block_back"},"up":{"uv":[3.5,7,4,10],"texture":"#chain_command_block_back"},"down":{"uv":[3.5,7,4,10],"texture":"#chain_command_block_back"}}},{"from":[-3.5,10,26.5],"to":[-3,10.5,27.5],"faces":{"north":{"uv":[11,4.5,12.5,5],"texture":"#chain_command_block_back"},"east":{"uv":[4,4,4.5,4.5],"texture":"#chain_command_block_back"},"south":{"uv":[11,4.5,12.5,5],"texture":"#chain_command_block_back"},"west":{"uv":[4,4,4.5,4.5],"texture":"#chain_command_block_back"},"up":{"uv":[5,4,6.5,4.5],"texture":"#chain_command_block_back"},"down":{"uv":[5,4,6.5,4.5],"texture":"#chain_command_block_back"}}},{"from":[-3.5,9.96194,27.30866],"to":[-3,10.46194,30.30866],"rotation":{"angle":-22.5,"axis":"x","origin":[-3.5,10.46194,27.30866]},"faces":{"north":{"uv":[5,5,11,11],"texture":"#minecart"},"east":{"uv":[4,4,7.5,4.5],"texture":"#chain_command_block_back"},"south":{"uv":[5,5,11,11],"texture":"#minecart"},"west":{"uv":[4,4,7.5,4.5],"texture":"#chain_command_block_back"},"up":{"uv":[4,4,4.5,7],"texture":"#chain_command_block_back"},"down":{"uv":[4,4,4.5,7],"texture":"#chain_command_block_back"}}},{"from":[-3.5,8.96194,27.30866],"to":[-3,9.46194,30.30866],"rotation":{"angle":-22.5,"axis":"x","origin":[-3.5,9.46194,27.30866]},"faces":{"north":{"uv":[5,5,11,11],"texture":"#minecart"},"east":{"uv":[4,4,7,4.5],"texture":"#chain_command_block_back"},"south":{"uv":[5,5,11,11],"texture":"#minecart"},"west":{"uv":[4,4,7,4.5],"texture":"#chain_command_block_back"},"up":{"uv":[4,4,4.5,8],"texture":"#chain_command_block_back"},"down":{"uv":[4,4,4.5,8],"texture":"#chain_command_block_back"}}},{"from":[-3.5,9,26.5],"to":[-3,9.5,27.5],"faces":{"north":{"uv":[11,4.5,12.5,5],"texture":"#chain_command_block_back"},"east":{"uv":[4,4,4.5,4.5],"texture":"#chain_command_block_back"},"south":{"uv":[11,4.5,12.5,5],"texture":"#chain_command_block_back"},"west":{"uv":[4,4,4.5,4.5],"texture":"#chain_command_block_back"},"up":{"uv":[5,4,6.5,4.5],"texture":"#chain_command_block_back"},"down":{"uv":[5,4,6.5,4.5],"texture":"#chain_command_block_back"}}},{"from":[19,9.96194,27.30866],"to":[19.5,10.46194,30.30866],"rotation":{"angle":-22.5,"axis":"x","origin":[19,10.46194,27.30866]},"faces":{"north":{"uv":[5,5,11,11],"texture":"#minecart"},"east":{"uv":[4,4,7,4.5],"texture":"#chain_command_block_back"},"south":{"uv":[5,5,11,11],"texture":"#minecart"},"west":{"uv":[4,4,7,4.5],"texture":"#chain_command_block_back"},"up":{"uv":[4,4,4.5,7],"texture":"#chain_command_block_back"},"down":{"uv":[4,4,4.5,7],"texture":"#chain_command_block_back"}}},{"from":[19,10,26.5],"to":[19.5,10.5,27.5],"faces":{"north":{"uv":[11,4.5,12.5,5],"texture":"#chain_command_block_back"},"east":{"uv":[4,4,4.5,4.5],"texture":"#chain_command_block_back"},"south":{"uv":[11,4.5,12.5,5],"texture":"#chain_command_block_back"},"west":{"uv":[4,4,4.5,4.5],"texture":"#chain_command_block_back"},"up":{"uv":[5,4,6.5,4.5],"texture":"#chain_command_block_back"},"down":{"uv":[5,4,6.5,4.5],"texture":"#chain_command_block_back"}}},{"from":[19,8.5,24],"to":[19.5,11,26.5],"faces":{"north":{"uv":[7,3.5,10,4],"texture":"#chain_command_block_back"},"east":{"uv":[4,4,13,13],"texture":"#chain_command_block_back"},"south":{"uv":[7,3.5,10,4],"texture":"#chain_command_block_back"},"west":{"uv":[4.5,4.5,12.5,12.5],"texture":"#chain_command_block_back"},"up":{"uv":[3.5,7,4,10],"texture":"#chain_command_block_back"},"down":{"uv":[3.5,7,4,10],"texture":"#chain_command_block_back"}}},{"from":[19,9,26.5],"to":[19.5,9.5,27.5],"faces":{"north":{"uv":[11,4.5,12.5,5],"texture":"#chain_command_block_back"},"east":{"uv":[4,4,4.5,4.5],"texture":"#chain_command_block_back"},"south":{"uv":[11,4.5,12.5,5],"texture":"#chain_command_block_back"},"west":{"uv":[4,4,4.5,4.5],"texture":"#chain_command_block_back"},"up":{"uv":[5,4,6.5,4.5],"texture":"#chain_command_block_back"},"down":{"uv":[5,4,6.5,4.5],"texture":"#chain_command_block_back"}}},{"from":[19,8.96194,27.30866],"to":[19.5,9.46194,30.30866],"rotation":{"angle":-22.5,"axis":"x","origin":[19,9.46194,27.30866]},"faces":{"north":{"uv":[5,5,11,11],"texture":"#minecart"},"east":{"uv":[4,4,7,4.5],"texture":"#chain_command_block_back"},"south":{"uv":[5,5,11,11],"texture":"#minecart"},"west":{"uv":[4,4,7,4.5],"texture":"#chain_command_block_back"},"up":{"uv":[4,4,4.5,7],"texture":"#chain_command_block_back"},"down":{"uv":[4,4,4.5,7],"texture":"#chain_command_block_back"}}},{"from":[19,9.96194,11.30866],"to":[19.5,10.46194,14.30866],"rotation":{"angle":-22.5,"axis":"x","origin":[19,10.46194,11.30866]},"faces":{"north":{"uv":[5,5,11,11],"texture":"#minecart"},"east":{"uv":[4,4,7,4.5],"texture":"#chain_command_block_back"},"south":{"uv":[5,5,11,11],"texture":"#minecart"},"west":{"uv":[4,4,7,4.5],"texture":"#chain_command_block_back"},"up":{"uv":[4,4,4.5,7],"texture":"#chain_command_block_back"},"down":{"uv":[4,4,4.5,7],"texture":"#chain_command_block_back"}}},{"from":[19,10,10.5],"to":[19.5,10.5,11.5],"faces":{"north":{"uv":[11,4.5,12.5,5],"texture":"#chain_command_block_back"},"east":{"uv":[4,4,4.5,4.5],"texture":"#chain_command_block_back"},"south":{"uv":[11,4.5,12.5,5],"texture":"#chain_command_block_back"},"west":{"uv":[4,4,4.5,4.5],"texture":"#chain_command_block_back"},"up":{"uv":[5,4,6.5,4.5],"texture":"#chain_command_block_back"},"down":{"uv":[5,4,6.5,4.5],"texture":"#chain_command_block_back"}}},{"from":[19,8.5,8],"to":[19.5,11,10.5],"faces":{"north":{"uv":[7,3.5,10,4],"texture":"#chain_command_block_back"},"east":{"uv":[4,4,13,13],"texture":"#chain_command_block_back"},"south":{"uv":[7,3.5,10,4],"texture":"#chain_command_block_back"},"west":{"uv":[4.5,4.5,12.5,12.5],"texture":"#chain_command_block_back"},"up":{"uv":[3.5,7,4,10],"texture":"#chain_command_block_back"},"down":{"uv":[3.5,7,4,10],"texture":"#chain_command_block_back"}}},{"from":[19,9,10.5],"to":[19.5,9.5,11.5],"faces":{"north":{"uv":[11,4.5,12.5,5],"texture":"#chain_command_block_back"},"east":{"uv":[4,4,4.5,4.5],"texture":"#chain_command_block_back"},"south":{"uv":[11,4.5,12.5,5],"texture":"#chain_command_block_back"},"west":{"uv":[4,4,4.5,4.5],"texture":"#chain_command_block_back"},"up":{"uv":[5,4,6.5,4.5],"texture":"#chain_command_block_back"},"down":{"uv":[5,4,6.5,4.5],"texture":"#chain_command_block_back"}}},{"from":[19,8.96194,11.30866],"to":[19.5,9.46194,14.30866],"rotation":{"angle":-22.5,"axis":"x","origin":[19,9.46194,11.30866]},"faces":{"north":{"uv":[5,5,11,11],"texture":"#minecart"},"east":{"uv":[4,4,7,4.5],"texture":"#chain_command_block_back"},"south":{"uv":[5,5,11,11],"texture":"#minecart"},"west":{"uv":[4,4,7,4.5],"texture":"#chain_command_block_back"},"up":{"uv":[4,4,4.5,7],"texture":"#chain_command_block_back"},"down":{"uv":[4,4,4.5,7],"texture":"#chain_command_block_back"}}},{"from":[-3.5,3.1625,28.8125],"to":[-2,5.1625,29.8125],"rotation":{"angle":45,"axis":"x","origin":[-3.5,5.1875,28.8125]},"faces":{"north":{"uv":[0,0,1,3],"texture":"#texture"},"east":{"uv":[0,0,1,3],"texture":"#texture"},"south":{"uv":[0,0,1,3],"texture":"#texture"},"west":{"uv":[0,0,1,3],"texture":"#texture"},"up":{"uv":[0,0,1,3],"texture":"#texture"},"down":{"uv":[0,0,1,3],"texture":"#texture"}}},{"from":[18,9.60896,18.93853],"to":[19,11.10896,19.43853],"rotation":{"angle":-45,"axis":"x","origin":[18,11.10896,18.93853]},"faces":{"north":{"uv":[0,0,1,1.5],"texture":"#railing"},"east":{"uv":[0,0,0.5,1.5],"texture":"#railing"},"south":{"uv":[0,0,1,1.5],"texture":"#railing"},"west":{"uv":[0,0,0.5,1.5],"texture":"#railing"},"up":{"uv":[0,0,1,0.5],"texture":"#railing"},"down":{"uv":[0,0,1,0.5],"texture":"#railing"}}},{"from":[18,10.5,22],"to":[19,18.5,22.5],"rotation":{"angle":22.5,"axis":"x","origin":[18,18.5,22]},"faces":{"north":{"uv":[0,0,1,8],"texture":"#railing"},"east":{"uv":[0,0,0.5,8],"texture":"#railing"},"south":{"uv":[0,0,1,8],"texture":"#railing"},"west":{"uv":[0,0,0.5,8],"texture":"#railing"},"up":{"uv":[0,0,1,0.5],"texture":"#railing"},"down":{"uv":[0,0,1,0.5],"texture":"#railing"}}},{"from":[18,16.5,22],"to":[19,18,22.5],"rotation":{"angle":-22.5,"axis":"x","origin":[18,18,22]},"faces":{"north":{"uv":[0,0,1,1.5],"texture":"#railing"},"east":{"uv":[0,0,0.5,1.5],"texture":"#railing"},"south":{"uv":[0,0,1,1.5],"texture":"#railing"},"west":{"uv":[0,0,0.5,1.5],"texture":"#railing"},"up":{"uv":[0,0,1,0.5],"texture":"#railing"},"down":{"uv":[0,0,1,0.5],"texture":"#railing"}}},{"from":[18,18,22],"to":[19,18.5,30.8],"faces":{"north":{"uv":[0,0,1,0.5],"texture":"#railing"},"east":{"uv":[0,0,8.8,0.5],"texture":"#railing"},"south":{"uv":[0,0,1,0.5],"texture":"#railing"},"west":{"uv":[0,0,8.8,0.5],"texture":"#railing"},"up":{"uv":[0,0,1,8.8],"texture":"#railing"},"down":{"uv":[0,0,1,8.8],"texture":"#railing"}}},{"from":[17,16.6875,30.1625],"to":[18,18.2375,30.6625],"rotation":{"angle":22.5,"axis":"x","origin":[17,18.1875,30.1625]},"faces":{"north":{"uv":[0,0,1,1.55],"texture":"#railing"},"east":{"uv":[0,0,0.5,1.55],"texture":"#railing"},"south":{"uv":[0,0,1,1.55],"texture":"#railing"},"west":{"uv":[0,0,0.5,1.55],"texture":"#railing"},"up":{"uv":[0,0,1,0.5],"texture":"#railing"},"down":{"uv":[0,0,1,0.5],"texture":"#railing"}}},{"from":[7.5,16.6875,30.1625],"to":[8.5,18.2375,30.6625],"rotation":{"angle":22.5,"axis":"x","origin":[7.5,18.1875,30.1625]},"faces":{"north":{"uv":[0,0,1,1.55],"texture":"#railing"},"east":{"uv":[0,0,0.5,1.55],"texture":"#railing"},"south":{"uv":[0,0,1,1.55],"texture":"#railing"},"west":{"uv":[0,0,0.5,1.55],"texture":"#railing"},"up":{"uv":[0,0,1,0.5],"texture":"#railing"},"down":{"uv":[0,0,1,0.5],"texture":"#railing"}}},{"from":[-2,18,29.8],"to":[18,18.5,30.8],"faces":{"north":{"uv":[0,0,16,0.5],"texture":"#railing"},"east":{"uv":[0,0,1,0.5],"texture":"#railing"},"south":{"uv":[0,0,16,0.5],"texture":"#railing"},"west":{"uv":[0,0,1,0.5],"texture":"#railing"},"up":{"uv":[0,0,16,1],"texture":"#railing"},"down":{"uv":[0,0,16,1],"texture":"#railing"}}},{"from":[-2,16.6875,30.1625],"to":[-1,18.2375,30.6625],"rotation":{"angle":22.5,"axis":"x","origin":[-2,18.1875,30.1625]},"faces":{"north":{"uv":[0,0,1,1.55],"texture":"#railing"},"east":{"uv":[0,0,0.5,1.55],"texture":"#railing"},"south":{"uv":[0,0,1,1.55],"texture":"#railing"},"west":{"uv":[0,0,0.5,1.55],"texture":"#railing"},"up":{"uv":[0,0,1,0.5],"texture":"#railing"},"down":{"uv":[0,0,1,0.5],"texture":"#railing"}}},{"from":[-3,18,22],"to":[-2,18.5,30.8],"faces":{"north":{"uv":[0,0,1,0.5],"texture":"#railing"},"east":{"uv":[0,0,8.8,0.5],"texture":"#railing"},"south":{"uv":[0,0,1,0.5],"texture":"#railing"},"west":{"uv":[0,0,8.8,0.5],"texture":"#railing"},"up":{"uv":[0,0,1,8.8],"texture":"#railing"},"down":{"uv":[0,0,1,8.8],"texture":"#railing"}}},{"from":[-3,10.5,22],"to":[-2,18.5,22.5],"rotation":{"angle":22.5,"axis":"x","origin":[-3,18.5,22]},"faces":{"north":{"uv":[0,0,1,8],"texture":"#railing"},"east":{"uv":[0,0,0.5,8],"texture":"#railing"},"south":{"uv":[0,0,1,8],"texture":"#railing"},"west":{"uv":[0,0,0.5,8],"texture":"#railing"},"up":{"uv":[0,0,1,0.5],"texture":"#railing"},"down":{"uv":[0,0,1,0.5],"texture":"#railing"}}},{"from":[-3,16.5,22],"to":[-2,18,22.5],"rotation":{"angle":-22.5,"axis":"x","origin":[-3,18,22]},"faces":{"north":{"uv":[0,0,1,1.5],"texture":"#railing"},"east":{"uv":[0,0,0.5,1.5],"texture":"#railing"},"south":{"uv":[0,0,1,1.5],"texture":"#railing"},"west":{"uv":[0,0,0.5,1.5],"texture":"#railing"},"up":{"uv":[0,0,1,0.5],"texture":"#railing"},"down":{"uv":[0,0,1,0.5],"texture":"#railing"}}},{"from":[-3,9.60896,18.93853],"to":[-2,11.10896,19.43853],"rotation":{"angle":-45,"axis":"x","origin":[-3,11.10896,18.93853]},"faces":{"north":{"uv":[0,0,1,1.5],"texture":"#railing"},"east":{"uv":[0,0,0.5,1.5],"texture":"#railing"},"south":{"uv":[0,0,1,1.5],"texture":"#railing"},"west":{"uv":[0,0,0.5,1.5],"texture":"#railing"},"up":{"uv":[0,0,1,0.5],"texture":"#railing"},"down":{"uv":[0,0,1,0.5],"texture":"#railing"}}},{"from":[-3,10.5,6],"to":[-2,18.5,6.5],"rotation":{"angle":22.5,"axis":"x","origin":[-3,18.5,6]},"faces":{"north":{"uv":[0,0,1,8],"texture":"#railing"},"east":{"uv":[0,0,0.5,8],"texture":"#railing"},"south":{"uv":[0,0,1,8],"texture":"#railing"},"west":{"uv":[0,0,0.5,8],"texture":"#railing"},"up":{"uv":[0,0,1,0.5],"texture":"#railing"},"down":{"uv":[0,0,1,0.5],"texture":"#railing"}}},{"from":[-3,9.60896,2.93853],"to":[-2,11.10896,3.43853],"rotation":{"angle":-45,"axis":"x","origin":[-3,11.10896,2.93853]},"faces":{"north":{"uv":[0,0,1,1.5],"texture":"#railing"},"east":{"uv":[0,0,0.5,1.5],"texture":"#railing"},"south":{"uv":[0,0,1,1.5],"texture":"#railing"},"west":{"uv":[0,0,0.5,1.5],"texture":"#railing"},"up":{"uv":[0,0,1,0.5],"texture":"#railing"},"down":{"uv":[0,0,1,0.5],"texture":"#railing"}}},{"from":[-3,18,6],"to":[-2,18.5,14.8],"faces":{"north":{"uv":[0,0,1,0.5],"texture":"#railing"},"east":{"uv":[0,0,8.8,0.5],"texture":"#railing"},"south":{"uv":[0,0,1,0.5],"texture":"#railing"},"west":{"uv":[0,0,8.8,0.5],"texture":"#railing"},"up":{"uv":[0,0,1,8.8],"texture":"#railing"},"down":{"uv":[0,0,1,8.8],"texture":"#railing"}}},{"from":[0.03073,16.69552,11.501],"to":[1.03073,20.39552,12.501],"rotation":{"angle":-22.5,"axis":"z","origin":[0.03073,20.69552,11.501]},"faces":{"north":{"uv":[0,0,1,4],"texture":"#anvil"},"east":{"uv":[0,0,1,4],"texture":"#anvil"},"south":{"uv":[0,0,1,4],"texture":"#anvil"},"west":{"uv":[0,0,1,4],"texture":"#anvil"},"up":{"uv":[0,0,1,1],"texture":"#anvil"},"down":{"uv":[0,0,1,1],"texture":"#anvil"}}},{"from":[4.04539,16.31283,11.501],"to":[5.04539,20.01283,12.501],"rotation":{"angle":22.5,"axis":"z","origin":[4.04539,20.31283,11.501]},"faces":{"north":{"uv":[0,0,1,4],"texture":"#anvil"},"east":{"uv":[0,0,1,4],"texture":"#anvil"},"south":{"uv":[0,0,1,4],"texture":"#anvil"},"west":{"uv":[0,0,1,4],"texture":"#anvil"},"up":{"uv":[0,0,1,1],"texture":"#anvil"},"down":{"uv":[0,0,1,1],"texture":"#anvil"}}},{"from":[-1.5,11.5,11.5],"to":[6.5,17,12.5],"faces":{"north":{"uv":[0,0,8,5.5],"texture":"#anvil"},"east":{"uv":[0,0,1,5.5],"texture":"#anvil"},"south":{"uv":[0,0,8,5.5],"texture":"#anvil"},"west":{"uv":[0,0,1,5.5],"texture":"#anvil"},"up":{"uv":[0,0,8,1],"texture":"#anvil"},"down":{"uv":[0,0,8,1],"texture":"#anvil"}}},{"from":[-1.5,9.5,11.5],"to":[6.5,12,12.5],"rotation":{"angle":22.5,"axis":"x","origin":[-1.5,12,11.5]},"faces":{"north":{"uv":[0,0,8,2.5],"texture":"#anvil"},"east":{"uv":[0,0,1,2.5],"texture":"#anvil"},"south":{"uv":[0,0,8,2.5],"texture":"#anvil"},"west":{"uv":[0,0,1,2.5],"texture":"#anvil"},"up":{"uv":[0,0,8,1],"texture":"#anvil"},"down":{"uv":[0,0,8,1],"texture":"#anvil"}}},{"from":[-1.5,8.125,10.8125],"to":[6.5,10.125,11.8125],"rotation":{"angle":45,"axis":"x","origin":[-1.5,10.125,10.8125]},"faces":{"north":{"uv":[0,0,8,2],"texture":"#anvil"},"east":{"uv":[0,0,1,2],"texture":"#anvil"},"south":{"uv":[0,0,8,2],"texture":"#anvil"},"west":{"uv":[0,0,1,2],"texture":"#anvil"},"up":{"uv":[0,0,8,1],"texture":"#anvil"},"down":{"uv":[0,0,8,1],"texture":"#anvil"}}},{"from":[-1.5,8,5],"to":[6.5,9,10],"faces":{"north":{"uv":[0,0,8,1],"texture":"#anvil"},"east":{"uv":[0,0,5,1],"texture":"#anvil"},"south":{"uv":[0,0,8,1],"texture":"#anvil"},"west":{"uv":[0,0,5,1],"texture":"#anvil"},"up":{"uv":[0,0,8,5],"texture":"#anvil"},"down":{"uv":[0,0,8,5],"texture":"#anvil"}}},{"from":[2,8.5625,5.625],"to":[3,9.5625,7.125],"rotation":{"angle":22.5,"axis":"x","origin":[2,9.5625,5.625]},"faces":{"north":{"uv":[0,0,1,1],"texture":"#anvil"},"east":{"uv":[0,0,1.5,1],"texture":"#anvil"},"south":{"uv":[0,0,1,1],"texture":"#anvil"},"west":{"uv":[0,0,1.5,1],"texture":"#anvil"},"up":{"uv":[0,0,1,1.5],"texture":"#anvil"},"down":{"uv":[0,0,1,1.5],"texture":"#anvil"}}},{"from":[3,7.625,4.0625],"to":[6.5,8.625,5.0625],"rotation":{"angle":-22.5,"axis":"x","origin":[3,8.625,4.0625]},"faces":{"north":{"uv":[0,0,3.5,1],"texture":"#anvil"},"east":{"uv":[0,0,1,1],"texture":"#anvil"},"south":{"uv":[0,0,3.5,1],"texture":"#anvil"},"west":{"uv":[0,0,1,1],"texture":"#anvil"},"up":{"uv":[0,0,3.5,1],"texture":"#anvil"},"down":{"uv":[0,0,3.5,1],"texture":"#anvil"}}},{"from":[-1.5,7.625,4.125],"to":[2,8.625,5.125],"rotation":{"angle":-22.5,"axis":"x","origin":[-1.5,8.625,4.125]},"faces":{"north":{"uv":[0,0,3.5,1],"texture":"#anvil"},"east":{"uv":[0,0,1,1],"texture":"#anvil"},"south":{"uv":[0,0,3.5,1],"texture":"#anvil"},"west":{"uv":[0,0,1,1],"texture":"#anvil"},"up":{"uv":[0,0,3.5,1],"texture":"#anvil"},"down":{"uv":[0,0,3.5,1],"texture":"#anvil"}}},{"from":[9.5,7.625,4.125],"to":[13,8.625,5.125],"rotation":{"angle":-22.5,"axis":"x","origin":[9.5,8.625,4.125]},"faces":{"north":{"uv":[0,0,3.5,1],"texture":"#anvil"},"east":{"uv":[0,0,1,1],"texture":"#anvil"},"south":{"uv":[0,0,3.5,1],"texture":"#anvil"},"west":{"uv":[0,0,1,1],"texture":"#anvil"},"up":{"uv":[0,0,3.5,1],"texture":"#anvil"},"down":{"uv":[0,0,3.5,1],"texture":"#anvil"}}},{"from":[14,7.625,4.0625],"to":[17.5,8.625,5.0625],"rotation":{"angle":-22.5,"axis":"x","origin":[14,8.625,4.0625]},"faces":{"north":{"uv":[0,0,3.5,1],"texture":"#anvil"},"east":{"uv":[0,0,1,1],"texture":"#anvil"},"south":{"uv":[0,0,3.5,1],"texture":"#anvil"},"west":{"uv":[0,0,1,1],"texture":"#anvil"},"up":{"uv":[0,0,3.5,1],"texture":"#anvil"},"down":{"uv":[0,0,3.5,1],"texture":"#anvil"}}},{"from":[13,8.5625,5.625],"to":[14,9.5625,7.125],"rotation":{"angle":22.5,"axis":"x","origin":[13,9.5625,5.625]},"faces":{"north":{"uv":[0,0,1,1],"texture":"#anvil"},"east":{"uv":[0,0,1.5,1],"texture":"#anvil"},"south":{"uv":[0,0,1,1],"texture":"#anvil"},"west":{"uv":[0,0,1.5,1],"texture":"#anvil"},"up":{"uv":[0,0,1,1.5],"texture":"#anvil"},"down":{"uv":[0,0,1,1.5],"texture":"#anvil"}}},{"from":[9.5,8,5],"to":[17.5,9,10],"faces":{"north":{"uv":[0,0,8,1],"texture":"#anvil"},"east":{"uv":[0,0,5,1],"texture":"#anvil"},"south":{"uv":[0,0,8,1],"texture":"#anvil"},"west":{"uv":[0,0,5,1],"texture":"#anvil"},"up":{"uv":[0,0,8,5],"texture":"#anvil"},"down":{"uv":[0,0,8,5],"texture":"#anvil"}}},{"from":[9.5,8.125,10.8125],"to":[17.5,10.125,11.8125],"rotation":{"angle":45,"axis":"x","origin":[9.5,10.125,10.8125]},"faces":{"north":{"uv":[0,0,8,2],"texture":"#anvil"},"east":{"uv":[0,0,1,2],"texture":"#anvil"},"south":{"uv":[0,0,8,2],"texture":"#anvil"},"west":{"uv":[0,0,1,2],"texture":"#anvil"},"up":{"uv":[0,0,8,1],"texture":"#anvil"},"down":{"uv":[0,0,8,1],"texture":"#anvil"}}},{"from":[9.5,9.5,11.5],"to":[17.5,12,12.5],"rotation":{"angle":22.5,"axis":"x","origin":[9.5,12,11.5]},"faces":{"north":{"uv":[0,0,8,2.5],"texture":"#anvil"},"east":{"uv":[0,0,1,2.5],"texture":"#anvil"},"south":{"uv":[0,0,8,2.5],"texture":"#anvil"},"west":{"uv":[0,0,1,2.5],"texture":"#anvil"},"up":{"uv":[0,0,8,1],"texture":"#anvil"},"down":{"uv":[0,0,8,1],"texture":"#anvil"}}},{"from":[9.5,11.5,11.5],"to":[17.5,17,12.5],"faces":{"north":{"uv":[0,0,8,5.5],"texture":"#anvil"},"east":{"uv":[0,0,1,5.5],"texture":"#anvil"},"south":{"uv":[0,0,8,5.5],"texture":"#anvil"},"west":{"uv":[0,0,1,5.5],"texture":"#anvil"},"up":{"uv":[0,0,8,1],"texture":"#anvil"},"down":{"uv":[0,0,8,1],"texture":"#anvil"}}},{"from":[15.23673,16.35089,11.501],"to":[16.23673,19.85089,12.501],"rotation":{"angle":22.5,"axis":"z","origin":[15.23673,19.85089,11.501]},"faces":{"north":{"uv":[0,0,1,3.5],"texture":"#anvil"},"east":{"uv":[0,0,1,3.5],"texture":"#anvil"},"south":{"uv":[0,0,1,3.5],"texture":"#anvil"},"west":{"uv":[0,0,1,3.5],"texture":"#anvil"},"up":{"uv":[0,0,1,1],"texture":"#anvil"},"down":{"uv":[0,0,1,1],"texture":"#anvil"}}},{"from":[10.5,17,11.5],"to":[16.5,20.5,12.5],"faces":{"north":{"uv":[0,0,6,4.5],"texture":"#anvil"},"east":{"uv":[0,0,1,4.5],"texture":"#anvil"},"south":{"uv":[0,0,6,4.5],"texture":"#anvil"},"west":{"uv":[0,0,1,4.5],"texture":"#anvil"},"up":{"uv":[0,0,6,1],"texture":"#anvil"},"down":{"uv":[0,0,6,1],"texture":"#anvil"}}},{"from":[11.03073,16.69552,11.501],"to":[12.03073,20.39552,12.501],"rotation":{"angle":-22.5,"axis":"z","origin":[11.03073,20.69552,11.501]},"faces":{"north":{"uv":[0,0,1,4],"texture":"#anvil"},"east":{"uv":[0,0,1,4],"texture":"#anvil"},"south":{"uv":[0,0,1,4],"texture":"#anvil"},"west":{"uv":[0,0,1,4],"texture":"#anvil"},"up":{"uv":[0,0,1,1],"texture":"#anvil"},"down":{"uv":[0,0,1,1],"texture":"#anvil"}}},{"from":[-1.5,7.625,20.125],"to":[2,8.625,21.125],"rotation":{"angle":-22.5,"axis":"x","origin":[-1.5,8.625,20.125]},"faces":{"north":{"uv":[0,0,3.5,1],"texture":"#anvil"},"east":{"uv":[0,0,1,1],"texture":"#anvil"},"south":{"uv":[0,0,3.5,1],"texture":"#anvil"},"west":{"uv":[0,0,1,1],"texture":"#anvil"},"up":{"uv":[0,0,3.5,1],"texture":"#anvil"},"down":{"uv":[0,0,3.5,1],"texture":"#anvil"}}},{"from":[3,7.625,20.0625],"to":[6.5,8.625,21.0625],"rotation":{"angle":-22.5,"axis":"x","origin":[3,8.625,20.0625]},"faces":{"north":{"uv":[0,0,3.5,1],"texture":"#anvil"},"east":{"uv":[0,0,1,1],"texture":"#anvil"},"south":{"uv":[0,0,3.5,1],"texture":"#anvil"},"west":{"uv":[0,0,1,1],"texture":"#anvil"},"up":{"uv":[0,0,3.5,1],"texture":"#anvil"},"down":{"uv":[0,0,3.5,1],"texture":"#anvil"}}},{"from":[2,8.5625,21.625],"to":[3,9.5625,23.125],"rotation":{"angle":22.5,"axis":"x","origin":[2,9.5625,21.625]},"faces":{"north":{"uv":[0,0,1,1],"texture":"#anvil"},"east":{"uv":[0,0,1.5,1],"texture":"#anvil"},"south":{"uv":[0,0,1,1],"texture":"#anvil"},"west":{"uv":[0,0,1.5,1],"texture":"#anvil"},"up":{"uv":[0,0,1,1.5],"texture":"#anvil"},"down":{"uv":[0,0,1,1.5],"texture":"#anvil"}}},{"from":[-1.5,8,21],"to":[6.5,9,26],"faces":{"north":{"uv":[0,0,8,1],"texture":"#anvil"},"east":{"uv":[0,0,5,1],"texture":"#anvil"},"south":{"uv":[0,0,8,1],"texture":"#anvil"},"west":{"uv":[0,0,5,1],"texture":"#anvil"},"up":{"uv":[0,0,8,5],"texture":"#anvil"},"down":{"uv":[0,0,8,5],"texture":"#anvil"}}},{"from":[-1.5,8.125,26.8125],"to":[6.5,10.125,27.8125],"rotation":{"angle":45,"axis":"x","origin":[-1.5,10.125,26.8125]},"faces":{"north":{"uv":[0,0,8,2],"texture":"#anvil"},"east":{"uv":[0,0,1,2],"texture":"#anvil"},"south":{"uv":[0,0,8,2],"texture":"#anvil"},"west":{"uv":[0,0,1,2],"texture":"#anvil"},"up":{"uv":[0,0,8,1],"texture":"#anvil"},"down":{"uv":[0,0,8,1],"texture":"#anvil"}}},{"from":[-1.5,9.5,27.4567],"to":[6.5,12,28.4567],"rotation":{"angle":22.5,"axis":"x","origin":[-1.5,12,27.4567]},"faces":{"north":{"uv":[0,0,8,2.5],"texture":"#anvil"},"east":{"uv":[0,0,1,2.5],"texture":"#anvil"},"south":{"uv":[0,0,8,2.5],"texture":"#anvil"},"west":{"uv":[0,0,1,2.5],"texture":"#anvil"},"up":{"uv":[0,0,8,1],"texture":"#anvil"},"down":{"uv":[0,0,8,1],"texture":"#anvil"}}},{"from":[-1.5,11.5,27.5],"to":[6.5,17,28.5],"faces":{"north":{"uv":[0,0,8,5.5],"texture":"#anvil"},"east":{"uv":[0,0,1,5.5],"texture":"#anvil"},"south":{"uv":[0,0,8,5.5],"texture":"#anvil"},"west":{"uv":[0,0,1,5.5],"texture":"#anvil"},"up":{"uv":[0,0,8,1],"texture":"#anvil"},"down":{"uv":[0,0,8,1],"texture":"#anvil"}}},{"from":[-0.5,17,27.5],"to":[5.5,20.5,28.5],"faces":{"north":{"uv":[0,0,6,4],"texture":"#anvil"},"east":{"uv":[0,0,1,4],"texture":"#anvil"},"south":{"uv":[0,0,6,4],"texture":"#anvil"},"west":{"uv":[0,0,1,4],"texture":"#anvil"},"up":{"uv":[0,0,6,1],"texture":"#anvil"},"down":{"uv":[0,0,6,1],"texture":"#anvil"}}},{"from":[4.23673,16.35089,27.501],"to":[5.23673,19.85089,28.501],"rotation":{"angle":22.5,"axis":"z","origin":[4.23673,19.85089,27.501]},"faces":{"north":{"uv":[0,0,1,3.5],"texture":"#anvil"},"east":{"uv":[0,0,1,3.5],"texture":"#anvil"},"south":{"uv":[0,0,1,3.5],"texture":"#anvil"},"west":{"uv":[0,0,1,3.5],"texture":"#anvil"},"up":{"uv":[0,0,1,1],"texture":"#anvil"},"down":{"uv":[0,0,1,1],"texture":"#anvil"}}},{"from":[0.03073,16.69552,27.501],"to":[1.03073,20.39552,28.501],"rotation":{"angle":-22.5,"axis":"z","origin":[0.03073,20.69552,27.501]},"faces":{"north":{"uv":[0,0,1,4],"texture":"#anvil"},"east":{"uv":[0,0,1,4],"texture":"#anvil"},"south":{"uv":[0,0,1,4],"texture":"#anvil"},"west":{"uv":[0,0,1,4],"texture":"#anvil"},"up":{"uv":[0,0,1,1],"texture":"#anvil"},"down":{"uv":[0,0,1,1],"texture":"#anvil"}}},{"from":[10.5,17,27.5],"to":[16.5,20.5,28.5],"faces":{"north":{"uv":[0,0,6,4],"texture":"#anvil"},"east":{"uv":[0,0,1,4],"texture":"#anvil"},"south":{"uv":[0,0,6,4],"texture":"#anvil"},"west":{"uv":[0,0,1,4],"texture":"#anvil"},"up":{"uv":[0,0,6,1],"texture":"#anvil"},"down":{"uv":[0,0,6,1],"texture":"#anvil"}}},{"from":[11.03073,16.69552,27.501],"to":[12.03073,20.39552,28.501],"rotation":{"angle":-22.5,"axis":"z","origin":[11.03073,20.69552,27.501]},"faces":{"north":{"uv":[0,0,1,4],"texture":"#anvil"},"east":{"uv":[0,0,1,4],"texture":"#anvil"},"south":{"uv":[0,0,1,4],"texture":"#anvil"},"west":{"uv":[0,0,1,4],"texture":"#anvil"},"up":{"uv":[0,0,1,1],"texture":"#anvil"},"down":{"uv":[0,0,1,1],"texture":"#anvil"}}},{"from":[15.23673,16.35089,27.501],"to":[16.23673,19.85089,28.501],"rotation":{"angle":22.5,"axis":"z","origin":[15.23673,19.85089,27.501]},"faces":{"north":{"uv":[0,0,1,3.5],"texture":"#anvil"},"east":{"uv":[0,0,1,3.5],"texture":"#anvil"},"south":{"uv":[0,0,1,3.5],"texture":"#anvil"},"west":{"uv":[0,0,1,3.5],"texture":"#anvil"},"up":{"uv":[0,0,1,1],"texture":"#anvil"},"down":{"uv":[0,0,1,1],"texture":"#anvil"}}},{"from":[9.5,11.5,27.5],"to":[17.5,17,28.5],"faces":{"north":{"uv":[0,0,8,5.5],"texture":"#anvil"},"east":{"uv":[0,0,1,5.5],"texture":"#anvil"},"south":{"uv":[0,0,8,5.5],"texture":"#anvil"},"west":{"uv":[0,0,1,5.5],"texture":"#anvil"},"up":{"uv":[0,0,8,1],"texture":"#anvil"},"down":{"uv":[0,0,8,1],"texture":"#anvil"}}},{"from":[9.5,9.5,27.5],"to":[17.5,12,28.5],"rotation":{"angle":22.5,"axis":"x","origin":[9.5,12,27.5]},"faces":{"north":{"uv":[0,0,8,2.5],"texture":"#anvil"},"east":{"uv":[0,0,1,2.5],"texture":"#anvil"},"south":{"uv":[0,0,8,2.5],"texture":"#anvil"},"west":{"uv":[0,0,1,2.5],"texture":"#anvil"},"up":{"uv":[0,0,8,1],"texture":"#anvil"},"down":{"uv":[0,0,8,1],"texture":"#anvil"}}},{"from":[9.5,8.125,26.8125],"to":[17.5,10.125,27.8125],"rotation":{"angle":45,"axis":"x","origin":[9.5,10.125,26.8125]},"faces":{"north":{"uv":[0,0,8,2],"texture":"#anvil"},"east":{"uv":[0,0,1,2],"texture":"#anvil"},"south":{"uv":[0,0,8,2],"texture":"#anvil"},"west":{"uv":[0,0,1,2],"texture":"#anvil"},"up":{"uv":[0,0,8,1],"texture":"#anvil"},"down":{"uv":[0,0,8,1],"texture":"#anvil"}}},{"from":[9.5,8,21],"to":[17.5,9,26],"faces":{"north":{"uv":[0,0,8,1],"texture":"#anvil"},"east":{"uv":[0,0,5,1],"texture":"#anvil"},"south":{"uv":[0,0,8,1],"texture":"#anvil"},"west":{"uv":[0,0,5,1],"texture":"#anvil"},"up":{"uv":[0,0,8,5],"texture":"#anvil"},"down":{"uv":[0,0,8,5],"texture":"#anvil"}}},{"from":[14,7.625,20.0625],"to":[17.5,8.625,21.0625],"rotation":{"angle":-22.5,"axis":"x","origin":[14,8.625,20.0625]},"faces":{"north":{"uv":[0,0,3.5,1],"texture":"#anvil"},"east":{"uv":[0,0,1,1],"texture":"#anvil"},"south":{"uv":[0,0,3.5,1],"texture":"#anvil"},"west":{"uv":[0,0,1,1],"texture":"#anvil"},"up":{"uv":[0,0,3.5,1],"texture":"#anvil"},"down":{"uv":[0,0,3.5,1],"texture":"#anvil"}}},{"from":[9.5,7.625,20.125],"to":[13,8.625,21.125],"rotation":{"angle":-22.5,"axis":"x","origin":[9.5,8.625,20.125]},"faces":{"north":{"uv":[0,0,3.5,1],"texture":"#anvil"},"east":{"uv":[0,0,1,1],"texture":"#anvil"},"south":{"uv":[0,0,3.5,1],"texture":"#anvil"},"west":{"uv":[0,0,1,1],"texture":"#anvil"},"up":{"uv":[0,0,3.5,1],"texture":"#anvil"},"down":{"uv":[0,0,3.5,1],"texture":"#anvil"}}},{"from":[13,8.5625,21.625],"to":[14,9.5625,23.125],"rotation":{"angle":22.5,"axis":"x","origin":[13,9.5625,21.625]},"faces":{"north":{"uv":[0,0,1,1],"texture":"#anvil"},"east":{"uv":[0,0,1.5,1],"texture":"#anvil"},"south":{"uv":[0,0,1,1],"texture":"#anvil"},"west":{"uv":[0,0,1.5,1],"texture":"#anvil"},"up":{"uv":[0,0,1,1.5],"texture":"#anvil"},"down":{"uv":[0,0,1,1.5],"texture":"#anvil"}}},{"from":[-2,18,13.8],"to":[18,18.5,14.8],"faces":{"north":{"uv":[0,0,16,0.5],"texture":"#railing"},"east":{"uv":[0,0,1,0.5],"texture":"#railing"},"south":{"uv":[0,0,16,0.5],"texture":"#railing"},"west":{"uv":[0,0,1,0.5],"texture":"#railing"},"up":{"uv":[0,0,16,1],"texture":"#railing"},"down":{"uv":[0,0,16,1],"texture":"#railing"}}},{"from":[18,18,6],"to":[19,18.5,14.8],"faces":{"north":{"uv":[0,0,1,0.5],"texture":"#railing"},"east":{"uv":[0,0,8.8,0.5],"texture":"#railing"},"south":{"uv":[0,0,1,0.5],"texture":"#railing"},"west":{"uv":[0,0,8.8,0.5],"texture":"#railing"},"up":{"uv":[0,0,1,8.8],"texture":"#railing"},"down":{"uv":[0,0,1,8.8],"texture":"#railing"}}},{"from":[18,16.5,6],"to":[19,18,6.5],"rotation":{"angle":-22.5,"axis":"x","origin":[18,18,6]},"faces":{"north":{"uv":[0,0,1,1.5],"texture":"#railing"},"east":{"uv":[0,0,0.5,1.5],"texture":"#railing"},"south":{"uv":[0,0,1,1.5],"texture":"#railing"},"west":{"uv":[0,0,0.5,1.5],"texture":"#railing"},"up":{"uv":[0,0,1,0.5],"texture":"#railing"},"down":{"uv":[0,0,1,0.5],"texture":"#railing"}}},{"from":[18,10.5,6],"to":[19,18.5,6.5],"rotation":{"angle":22.5,"axis":"x","origin":[18,18.5,6]},"faces":{"north":{"uv":[0,0,1,8],"texture":"#railing"},"east":{"uv":[0,0,0.5,8],"texture":"#railing"},"south":{"uv":[0,0,1,8],"texture":"#railing"},"west":{"uv":[0,0,0.5,8],"texture":"#railing"},"up":{"uv":[0,0,1,0.5],"texture":"#railing"},"down":{"uv":[0,0,1,0.5],"texture":"#railing"}}},{"from":[18,9.60896,2.93853],"to":[19,11.10896,3.43853],"rotation":{"angle":-45,"axis":"x","origin":[18,11.10896,2.93853]},"faces":{"north":{"uv":[0,0,1,1.5],"texture":"#railing"},"east":{"uv":[0,0,0.5,1.5],"texture":"#railing"},"south":{"uv":[0,0,1,1.5],"texture":"#railing"},"west":{"uv":[0,0,0.5,1.5],"texture":"#railing"},"up":{"uv":[0,0,1,0.5],"texture":"#railing"},"down":{"uv":[0,0,1,0.5],"texture":"#railing"}}},{"from":[17,16.6875,14.1625],"to":[18,18.2375,14.6625],"rotation":{"angle":22.5,"axis":"x","origin":[17,18.1875,14.1625]},"faces":{"north":{"uv":[0,0,1,1],"texture":"#railing"},"east":{"uv":[0,0,1,1],"texture":"#railing"},"south":{"uv":[0,0,1,1],"texture":"#railing"},"west":{"uv":[0,0,1,1],"texture":"#railing"},"up":{"uv":[0,0,1,1],"texture":"#railing"},"down":{"uv":[0,0,1,1],"texture":"#railing"}}},{"from":[7.5,16.6875,14.1625],"to":[8.5,18.2375,14.6625],"rotation":{"angle":22.5,"axis":"x","origin":[7.5,18.1875,14.1625]},"faces":{"north":{"uv":[0,0,1,1],"texture":"#railing"},"east":{"uv":[0,0,1,1],"texture":"#railing"},"south":{"uv":[0,0,1,1],"texture":"#railing"},"west":{"uv":[0,0,1,1],"texture":"#railing"},"up":{"uv":[0,0,1,1],"texture":"#railing"},"down":{"uv":[0,0,1,1],"texture":"#railing"}}},{"from":[-2,16.6875,14.1],"to":[-1,18.2375,14.6],"rotation":{"angle":22.5,"axis":"x","origin":[-2,18.1875,14.1]},"faces":{"north":{"uv":[0,0,1,1],"texture":"#railing"},"east":{"uv":[0,0,1,1],"texture":"#railing"},"south":{"uv":[0,0,1,1],"texture":"#railing"},"west":{"uv":[0,0,1,1],"texture":"#railing"},"up":{"uv":[0,0,1,1],"texture":"#railing"},"down":{"uv":[0,0,1,1],"texture":"#railing"}}},{"from":[-0.5,17,11.5],"to":[5.5,20.5,12.5],"faces":{"north":{"uv":[0,0,6,4],"texture":"#anvil"},"east":{"uv":[0,0,1,4],"texture":"#anvil"},"south":{"uv":[0,0,6,4],"texture":"#anvil"},"west":{"uv":[0,0,1,4],"texture":"#anvil"},"up":{"uv":[0,0,6,1],"texture":"#anvil"},"down":{"uv":[0,0,6,1],"texture":"#anvil"}}},{"from":[-3.5,3.04226,25.70634],"to":[-2,4.04226,28.08134],"faces":{"north":{"uv":[0,0,1,3],"texture":"#texture"},"east":{"uv":[0,0,1,3],"texture":"#texture"},"south":{"uv":[0,0,1,3],"texture":"#texture"},"west":{"uv":[0,0,1,3],"texture":"#texture"},"up":{"uv":[0,0,1,3],"texture":"#texture"},"down":{"uv":[0,0,1,3],"texture":"#texture"}}},{"from":[-3.5,0.9375,20.625],"to":[-2,1.9375,26.125],"rotation":{"angle":-22.5,"axis":"x","origin":[-3.5,1.9375,20.625]},"faces":{"north":{"uv":[0,0,1,3],"texture":"#texture"},"east":{"uv":[0,0,1,3],"texture":"#texture"},"south":{"uv":[0,0,1,3],"texture":"#texture"},"west":{"uv":[0,0,1,3],"texture":"#texture"},"up":{"uv":[0,0,1,3],"texture":"#texture"},"down":{"uv":[0,0,1,3],"texture":"#texture"}}},{"from":[-3.5,1,-0.8],"to":[-2,2,21],"faces":{"north":{"uv":[0,0,1,3],"texture":"#texture"},"east":{"uv":[0,0,1,3],"texture":"#texture"},"south":{"uv":[0,0,1,3],"texture":"#texture"},"west":{"uv":[0,0,1,3],"texture":"#texture"},"up":{"uv":[0,0,1,3],"texture":"#texture"},"down":{"uv":[0,0,1,3],"texture":"#texture"}}},{"from":[-3.5,7.2,6.5],"to":[-1.5,17,7.5],"rotation":{"angle":22.5,"axis":"x","origin":[-3.5,17,6.5]},"faces":{"north":{"uv":[0,0,1,3],"texture":"#texture"},"east":{"uv":[0,0,1,3],"texture":"#texture"},"south":{"uv":[0,0,1,3],"texture":"#texture"},"west":{"uv":[0,0,1,3],"texture":"#texture"},"up":{"uv":[0,0,1,3],"texture":"#texture"},"down":{"uv":[0,0,1,3],"texture":"#texture"}}},{"from":[-3.5,7.2,22.5],"to":[-1.5,17,23.5],"rotation":{"angle":22.5,"axis":"x","origin":[-3.5,17,22.5]},"faces":{"north":{"uv":[0,0,1,3],"texture":"#texture"},"east":{"uv":[0,0,1,3],"texture":"#texture"},"south":{"uv":[0,0,1,3],"texture":"#texture"},"west":{"uv":[0,0,1,3],"texture":"#texture"},"up":{"uv":[0,0,1,3],"texture":"#texture"},"down":{"uv":[0,0,1,3],"texture":"#texture"}}},{"from":[17.5,7,-0.725],"to":[19.5,8,29.5],"faces":{"north":{"uv":[0,0,1,3],"texture":"#texture"},"east":{"uv":[0,0,1,3],"texture":"#texture"},"south":{"uv":[0,0,1,3],"texture":"#texture"},"west":{"uv":[0,0,1,3],"texture":"#texture"},"up":{"uv":[0,0,1,3],"texture":"#texture"},"down":{"uv":[0,0,1,3],"texture":"#texture"}}},{"from":[18,4.45,28.5],"to":[19.5,7,29.5],"faces":{"north":{"uv":[0,0,1,3],"texture":"#texture"},"east":{"uv":[0,0,1,3],"texture":"#texture"},"south":{"uv":[0,0,1,3],"texture":"#texture"},"west":{"uv":[0,0,1,3],"texture":"#texture"},"up":{"uv":[0,0,1,3],"texture":"#texture"},"down":{"uv":[0,0,1,3],"texture":"#texture"}}},{"from":[18,3.1625,28.8125],"to":[19.5,5.1625,29.8125],"rotation":{"angle":45,"axis":"x","origin":[19.5,5.1875,28.8125]},"faces":{"north":{"uv":[0,0,1,3],"texture":"#texture"},"east":{"uv":[0,0,1,3],"texture":"#texture"},"south":{"uv":[0,0,1,3],"texture":"#texture"},"west":{"uv":[0,0,1,3],"texture":"#texture"},"up":{"uv":[0,0,1,3],"texture":"#texture"},"down":{"uv":[0,0,1,3],"texture":"#texture"}}},{"from":[18,3.04226,25.70634],"to":[19.5,4.04226,28.08134],"faces":{"north":{"uv":[0,0,1,3],"texture":"#texture"},"east":{"uv":[0,0,1,3],"texture":"#texture"},"south":{"uv":[0,0,1,3],"texture":"#texture"},"west":{"uv":[0,0,1,3],"texture":"#texture"},"up":{"uv":[0,0,1,3],"texture":"#texture"},"down":{"uv":[0,0,1,3],"texture":"#texture"}}},{"from":[18,0.9375,20.625],"to":[19.5,1.9375,26.125],"rotation":{"angle":-22.5,"axis":"x","origin":[19.5,1.9375,20.625]},"faces":{"north":{"uv":[0,0,1,3],"texture":"#texture"},"east":{"uv":[0,0,1,3],"texture":"#texture"},"south":{"uv":[0,0,1,3],"texture":"#texture"},"west":{"uv":[0,0,1,3],"texture":"#texture"},"up":{"uv":[0,0,1,3],"texture":"#texture"},"down":{"uv":[0,0,1,3],"texture":"#texture"}}},{"from":[18,1,-0.8],"to":[19.5,2,21],"faces":{"north":{"uv":[0,0,1,3],"texture":"#texture"},"east":{"uv":[0,0,1,3],"texture":"#texture"},"south":{"uv":[0,0,1,3],"texture":"#texture"},"west":{"uv":[0,0,1,3],"texture":"#texture"},"up":{"uv":[0,0,1,3],"texture":"#texture"},"down":{"uv":[0,0,1,3],"texture":"#texture"}}},{"from":[18,3.91866,-2.20487],"to":[19.5,4.91866,0.17013],"rotation":{"angle":22.5,"axis":"x","origin":[19.5,4.91866,-7.62987]},"faces":{"north":{"uv":[0,0,1,3],"texture":"#texture"},"east":{"uv":[0,0,1,3],"texture":"#texture"},"south":{"uv":[0,0,1,3],"texture":"#texture"},"west":{"uv":[0,0,1,3],"texture":"#texture"},"up":{"uv":[0,0,1,3],"texture":"#texture"},"down":{"uv":[0,0,1,3],"texture":"#texture"}}},{"from":[17.5,7.2,6.5],"to":[19.5,17,7.5],"rotation":{"angle":22.5,"axis":"x","origin":[19.5,17,6.5]},"faces":{"north":{"uv":[0,0,1,3],"texture":"#texture"},"east":{"uv":[0,0,1,3],"texture":"#texture"},"south":{"uv":[0,0,1,3],"texture":"#texture"},"west":{"uv":[0,0,1,3],"texture":"#texture"},"up":{"uv":[0,0,1,3],"texture":"#texture"},"down":{"uv":[0,0,1,3],"texture":"#texture"}}},{"from":[17.5,7.2,22.5],"to":[19.5,17,23.5],"rotation":{"angle":22.5,"axis":"x","origin":[19.5,17,22.5]},"faces":{"north":{"uv":[0,0,1,3],"texture":"#texture"},"east":{"uv":[0,0,1,3],"texture":"#texture"},"south":{"uv":[0,0,1,3],"texture":"#texture"},"west":{"uv":[0,0,1,3],"texture":"#texture"},"up":{"uv":[0,0,1,3],"texture":"#texture"},"down":{"uv":[0,0,1,3],"texture":"#texture"}}},{"from":[-3.5,3.91866,-2.20487],"to":[-2,4.91866,0.17013],"rotation":{"angle":22.5,"axis":"x","origin":[-2,4.91866,-7.62987]},"faces":{"north":{"uv":[0,0,1,3],"texture":"#texture"},"east":{"uv":[0,0,1,3],"texture":"#texture"},"south":{"uv":[0,0,1,3],"texture":"#texture"},"west":{"uv":[0,0,1,3],"texture":"#texture"},"up":{"uv":[0,0,1,3],"texture":"#texture"},"down":{"uv":[0,0,1,3],"texture":"#texture"}}},{"from":[-3.5,1.925,-3],"to":[-2,13,-2.5],"faces":{"north":{"uv":[0,0,1,3],"texture":"#texture"},"east":{"uv":[0,0,1,3],"texture":"#texture"},"south":{"uv":[0,0,1,3],"texture":"#texture"},"west":{"uv":[0,0,1,3],"texture":"#texture"},"up":{"uv":[0,0,1,3],"texture":"#texture"},"down":{"uv":[0,0,1,3],"texture":"#texture"}}}],"display":{"gui":{"rotation":[31,151,0],"translation":[-0.5,-1,0],"scale":[0.375,0.375,0.375]},"head":{"translation":[9.3,-0.5,1],"scale":[1.7,1.7,1.7]}},"credit":"Model by Craftventure"}