{"textures":{"0":"item/equipment_slot_color","particle":"item/equipment_slot_color"},"elements":[{"name":"empty_armor_slot_shield_0","from":[7,14,8],"to":[9,15,9],"faces":{"north":{"uv":[7,2,9,1],"rotation":180,"texture":"#0"},"east":{"uv":[8,1,9,2],"texture":"#0"},"south":{"uv":[7,1,9,2],"texture":"#0"},"west":{"uv":[7,1,8,2],"texture":"#0"},"up":{"uv":[9,1,7,2],"rotation":180,"texture":"#0"},"down":{"uv":[7,1,9,2],"texture":"#0"}}},{"name":"empty_armor_slot_shield_1","from":[4,13,8],"to":[7,14,9],"faces":{"north":{"uv":[4,3,7,2],"rotation":180,"texture":"#0"},"east":{"uv":[6,2,7,3],"texture":"#0"},"south":{"uv":[4,2,7,3],"texture":"#0"},"west":{"uv":[4,2,5,3],"texture":"#0"},"up":{"uv":[7,2,4,3],"rotation":180,"texture":"#0"},"down":{"uv":[4,2,7,3],"texture":"#0"}}},{"name":"empty_armor_slot_shield_2","from":[9,13,8],"to":[12,14,9],"faces":{"north":{"uv":[9,3,12,2],"rotation":180,"texture":"#0"},"east":{"uv":[11,2,12,3],"texture":"#0"},"south":{"uv":[9,2,12,3],"texture":"#0"},"west":{"uv":[9,2,10,3],"texture":"#0"},"up":{"uv":[12,2,9,3],"rotation":180,"texture":"#0"},"down":{"uv":[9,2,12,3],"texture":"#0"}}},{"name":"empty_armor_slot_shield_3","from":[2,12,8],"to":[4,13,9],"faces":{"north":{"uv":[2,4,4,3],"rotation":180,"texture":"#0"},"east":{"uv":[3,3,4,4],"texture":"#0"},"south":{"uv":[2,3,4,4],"texture":"#0"},"west":{"uv":[2,3,3,4],"texture":"#0"},"up":{"uv":[4,3,2,4],"rotation":180,"texture":"#0"},"down":{"uv":[2,3,4,4],"texture":"#0"}}},{"name":"empty_armor_slot_shield_4","from":[12,12,8],"to":[14,13,9],"faces":{"north":{"uv":[12,4,14,3],"rotation":180,"texture":"#0"},"east":{"uv":[13,3,14,4],"texture":"#0"},"south":{"uv":[12,3,14,4],"texture":"#0"},"west":{"uv":[12,3,13,4],"texture":"#0"},"up":{"uv":[14,3,12,4],"rotation":180,"texture":"#0"},"down":{"uv":[12,3,14,4],"texture":"#0"}}},{"name":"empty_armor_slot_shield_5","from":[1,10,8],"to":[2,12,9],"faces":{"north":{"uv":[1,6,2,4],"rotation":180,"texture":"#0"},"east":{"uv":[1,4,2,6],"texture":"#0"},"south":{"uv":[1,4,2,6],"texture":"#0"},"west":{"uv":[1,4,2,6],"texture":"#0"},"up":{"uv":[2,4,1,5],"rotation":180,"texture":"#0"},"down":{"uv":[1,5,2,6],"texture":"#0"}}},{"name":"empty_armor_slot_shield_6","from":[14,10,8],"to":[15,12,9],"faces":{"north":{"uv":[14,6,15,4],"rotation":180,"texture":"#0"},"east":{"uv":[14,4,15,6],"texture":"#0"},"south":{"uv":[14,4,15,6],"texture":"#0"},"west":{"uv":[14,4,15,6],"texture":"#0"},"up":{"uv":[15,4,14,5],"rotation":180,"texture":"#0"},"down":{"uv":[14,5,15,6],"texture":"#0"}}},{"name":"empty_armor_slot_shield_7","from":[2,7,8],"to":[3,10,9],"faces":{"north":{"uv":[2,9,3,6],"rotation":180,"texture":"#0"},"east":{"uv":[2,6,3,9],"texture":"#0"},"south":{"uv":[2,6,3,9],"texture":"#0"},"west":{"uv":[2,6,3,9],"texture":"#0"},"up":{"uv":[3,6,2,7],"rotation":180,"texture":"#0"},"down":{"uv":[2,8,3,9],"texture":"#0"}}},{"name":"empty_armor_slot_shield_8","from":[13,7,8],"to":[14,10,9],"faces":{"north":{"uv":[13,9,14,6],"rotation":180,"texture":"#0"},"east":{"uv":[13,6,14,9],"texture":"#0"},"south":{"uv":[13,6,14,9],"texture":"#0"},"west":{"uv":[13,6,14,9],"texture":"#0"},"up":{"uv":[14,6,13,7],"rotation":180,"texture":"#0"},"down":{"uv":[13,8,14,9],"texture":"#0"}}},{"name":"empty_armor_slot_shield_9","from":[3,4,8],"to":[4,7,9],"faces":{"north":{"uv":[3,12,4,9],"rotation":180,"texture":"#0"},"east":{"uv":[3,9,4,12],"texture":"#0"},"south":{"uv":[3,9,4,12],"texture":"#0"},"west":{"uv":[3,9,4,12],"texture":"#0"},"up":{"uv":[4,9,3,10],"rotation":180,"texture":"#0"},"down":{"uv":[3,11,4,12],"texture":"#0"}}},{"name":"empty_armor_slot_shield_10","from":[12,4,8],"to":[13,7,9],"faces":{"north":{"uv":[12,12,13,9],"rotation":180,"texture":"#0"},"east":{"uv":[12,9,13,12],"texture":"#0"},"south":{"uv":[12,9,13,12],"texture":"#0"},"west":{"uv":[12,9,13,12],"texture":"#0"},"up":{"uv":[13,9,12,10],"rotation":180,"texture":"#0"},"down":{"uv":[12,11,13,12],"texture":"#0"}}},{"name":"empty_armor_slot_shield_11","from":[4,3,8],"to":[5,4,9],"faces":{"north":{"uv":[4,13,5,12],"rotation":180,"texture":"#0"},"east":{"uv":[4,12,5,13],"texture":"#0"},"south":{"uv":[4,12,5,13],"texture":"#0"},"west":{"uv":[4,12,5,13],"texture":"#0"},"up":{"uv":[5,12,4,13],"rotation":180,"texture":"#0"},"down":{"uv":[4,12,5,13],"texture":"#0"}}},{"name":"empty_armor_slot_shield_12","from":[11,3,8],"to":[12,4,9],"faces":{"north":{"uv":[11,13,12,12],"rotation":180,"texture":"#0"},"east":{"uv":[11,12,12,13],"texture":"#0"},"south":{"uv":[11,12,12,13],"texture":"#0"},"west":{"uv":[11,12,12,13],"texture":"#0"},"up":{"uv":[12,12,11,13],"rotation":180,"texture":"#0"},"down":{"uv":[11,12,12,13],"texture":"#0"}}},{"name":"empty_armor_slot_shield_13","from":[5,2,8],"to":[7,3,9],"faces":{"north":{"uv":[5,14,7,13],"rotation":180,"texture":"#0"},"east":{"uv":[6,13,7,14],"texture":"#0"},"south":{"uv":[5,13,7,14],"texture":"#0"},"west":{"uv":[5,13,6,14],"texture":"#0"},"up":{"uv":[7,13,5,14],"rotation":180,"texture":"#0"},"down":{"uv":[5,13,7,14],"texture":"#0"}}},{"name":"empty_armor_slot_shield_14","from":[9,2,8],"to":[11,3,9],"faces":{"north":{"uv":[9,14,11,13],"rotation":180,"texture":"#0"},"east":{"uv":[10,13,11,14],"texture":"#0"},"south":{"uv":[9,13,11,14],"texture":"#0"},"west":{"uv":[9,13,10,14],"texture":"#0"},"up":{"uv":[11,13,9,14],"rotation":180,"texture":"#0"},"down":{"uv":[9,13,11,14],"texture":"#0"}}},{"name":"empty_armor_slot_shield_15","from":[7,1,8],"to":[9,2,9],"faces":{"north":{"uv":[7,15,9,14],"rotation":180,"texture":"#0"},"east":{"uv":[8,14,9,15],"texture":"#0"},"south":{"uv":[7,14,9,15],"texture":"#0"},"west":{"uv":[7,14,8,15],"texture":"#0"},"up":{"uv":[9,14,7,15],"rotation":180,"texture":"#0"},"down":{"uv":[7,14,9,15],"texture":"#0"}}}],"groups":[{"name":"empty_armor_slot_shield","children":[0,1,2,3,4,5,6,7,8,9,10,11,12,13,14,15]}],"credit":"Model by Craftventure"}