{"textures":{"2":"block/green_concrete_powder"},"elements":[{"name":"octagon","from":[7.73905,16.87,17.75],"to":[8.26095,18.13,31.5],"rotation":{"angle":22.5,"axis":"z","origin":[8,17.5,18.75]},"faces":{"north":{"uv":[0,0,0.5219,1.26],"texture":"#2"},"east":{"uv":[0,0,13.75,1.26],"texture":"#2"},"south":{"uv":[0,0,1,1],"texture":"#2"},"west":{"uv":[0,0,13.75,1.26],"texture":"#2"},"up":{"uv":[8.999,0,9.521,13.75],"texture":"#2"},"down":{"uv":[11,2,11.521,15.749],"texture":"#2"}}},{"name":"octagon","from":[7.73905,16.87,17.75],"to":[8.26095,18.13,31.5],"rotation":{"angle":-22.5,"axis":"z","origin":[8,17.5,18.75]},"faces":{"north":{"uv":[0,0,0.5219,1.26],"texture":"#2"},"east":{"uv":[0,0,13.75,1.26],"texture":"#2"},"south":{"uv":[0,0,1,1],"texture":"#2"},"west":{"uv":[0,0,13.75,1.26],"texture":"#2"},"up":{"uv":[0,0,0.5219,13.75],"texture":"#2"},"down":{"uv":[10,2,10.521,15.749],"texture":"#2"}}},{"name":"octagon","from":[7.37,17.23905,17.75],"to":[8.63,17.76095,31.5],"rotation":{"angle":22.5,"axis":"z","origin":[8,17.5,18.75]},"faces":{"north":{"uv":[0,0,1.26,0.5219],"texture":"#2"},"east":{"uv":[1,2,14.749,2.521],"texture":"#2"},"south":{"uv":[0,0,1,1],"texture":"#2"},"west":{"uv":[2,4.999,15.749,5.521],"texture":"#2"},"up":{"uv":[0,0,1.26,13.75],"texture":"#2"},"down":{"uv":[0,0,1.26,13.75],"texture":"#2"}}},{"name":"octagon","from":[7.37,17.23905,17.75],"to":[8.63,17.76095,31.5],"rotation":{"angle":-22.5,"axis":"z","origin":[8,17.5,18.75]},"faces":{"north":{"uv":[0,0,1.26,0.5219],"texture":"#2"},"east":{"uv":[2,11,15.749,11.521],"texture":"#2"},"south":{"uv":[0,0,1,1],"texture":"#2"},"west":{"uv":[2,8.999,15.749,9.521],"texture":"#2"},"up":{"uv":[0,0,1.26,13.75],"texture":"#2"},"down":{"uv":[0,0,1.26,13.75],"texture":"#2"}}},{"name":"octagon","from":[7.58579,16.5,15.75],"to":[8.41421,18.5,17.75],"rotation":{"angle":45,"axis":"z","origin":[8,17.5,16.75]},"faces":{"north":{"uv":[0,0,0.82842,2],"texture":"#2"},"east":{"uv":[0,0,2,2],"texture":"#2"},"south":{"uv":[0,0,0.82842,2],"texture":"#2"},"west":{"uv":[0,0,2,2],"texture":"#2"},"up":{"uv":[0,0,0.82842,2],"texture":"#2"},"down":{"uv":[0,0,0.82842,2],"texture":"#2"}}},{"name":"octagon","from":[7.58579,16.5,15.75],"to":[8.41421,18.5,17.75],"rotation":{"angle":0,"axis":"z","origin":[8,17.5,16.75]},"faces":{"north":{"uv":[0,0,0.82842,2],"texture":"#2"},"east":{"uv":[0,0,2,2],"texture":"#2"},"south":{"uv":[0,0,0.82842,2],"texture":"#2"},"west":{"uv":[0,0,2,2],"texture":"#2"},"up":{"uv":[0,0,0.82842,2],"texture":"#2"},"down":{"uv":[0,0,0.82842,2],"texture":"#2"}}},{"name":"octagon","from":[7,17.08579,15.75],"to":[9,17.91421,17.75],"rotation":{"angle":45,"axis":"z","origin":[8,17.5,16.75]},"faces":{"north":{"uv":[0,0,2,0.82842],"texture":"#2"},"east":{"uv":[0,0,2,0.82842],"texture":"#2"},"south":{"uv":[0,0,2,0.82842],"texture":"#2"},"west":{"uv":[0,0,2,0.82842],"texture":"#2"},"up":{"uv":[0,0,2,2],"texture":"#2"},"down":{"uv":[0,0,2,2],"texture":"#2"}}},{"name":"octagon","from":[7,17.08579,15.75],"to":[9,17.91421,17.75],"rotation":{"angle":0,"axis":"z","origin":[8,17.5,16.75]},"faces":{"north":{"uv":[0,0,2,0.82842],"texture":"#2"},"east":{"uv":[0,0,2,0.82842],"texture":"#2"},"south":{"uv":[0,0,2,0.82842],"texture":"#2"},"west":{"uv":[0,0,2,0.82842],"texture":"#2"},"up":{"uv":[0,0,2,2],"texture":"#2"},"down":{"uv":[0,0,2,2],"texture":"#2"}}}],"display":{"thirdperson_righthand":{"scale":[0.3,0.3,0.3]},"thirdperson_lefthand":{"scale":[0.3,0.3,0.3]},"gui":{"rotation":[22,-22,0],"translation":[4.75,-2.75,-0.57],"scale":[0.66,0.69,0.63]},"head":{"rotation":[0,180,0],"translation":[0,-25.25,16.25],"scale":[2,2,2]}},"groups":[{"name":"group","origin":[8,8,8],"children":[{"name":"octagon","origin":[8,8,8],"children":[0,1,2,3]},{"name":"octagon","origin":[8,8,8],"children":[4,5,6,7]}]}],"credit":"Model by Craftventure"}