{"textures":{"0":"block/iron_block","1":"block/anvil","2":"block/black_concrete","3":"block/light_gray_concrete","4":"block/black_concrete"},"elements":[{"name":"Cube","from":[0.0,0.0,0.0],"to":[1.0,17.0,1.0],"faces":{"north":{"texture":"#0","uv":[0.0,0.0,1.0,17.0]},"east":{"texture":"#0","uv":[0.0,0.0,1.0,17.0]},"south":{"texture":"#0","uv":[0.0,0.0,1.0,17.0]},"west":{"texture":"#0","uv":[0.0,0.0,1.0,17.0]},"up":{"texture":"#0","uv":[0.0,0.0,1.0,1.0]},"down":{"texture":"#0","uv":[0.0,0.0,1.0,1.0]}}},{"name":"Cube","from":[12.0,0.0,0.0],"to":[13.0,13.0,1.0],"faces":{"north":{"texture":"#0","uv":[0.0,0.0,1.0,13.0]},"east":{"texture":"#0","uv":[0.0,0.0,1.0,13.0]},"south":{"texture":"#0","uv":[0.0,0.0,1.0,13.0]},"west":{"texture":"#0","uv":[0.0,0.0,1.0,13.0]},"up":{"texture":"#0","uv":[0.0,0.0,1.0,1.0]},"down":{"texture":"#0","uv":[0.0,0.0,1.0,1.0]}}},{"name":"Cube","from":[12.0,0.0,15.0],"to":[13.0,13.0,16.0],"faces":{"north":{"texture":"#0","uv":[0.0,0.0,1.0,13.0]},"east":{"texture":"#0","uv":[0.0,0.0,1.0,13.0]},"south":{"texture":"#0","uv":[0.0,0.0,1.0,13.0]},"west":{"texture":"#0","uv":[0.0,0.0,1.0,13.0]},"up":{"texture":"#0","uv":[0.0,0.0,1.0,1.0]},"down":{"texture":"#0","uv":[0.0,0.0,1.0,1.0]}}},{"name":"Cube","from":[0.0,0.0,15.0],"to":[1.0,17.0,16.0],"faces":{"north":{"texture":"#0","uv":[0.0,0.0,1.0,17.0]},"east":{"texture":"#0","uv":[0.0,0.0,1.0,17.0]},"south":{"texture":"#0","uv":[0.0,0.0,1.0,17.0]},"west":{"texture":"#0","uv":[0.0,0.0,1.0,17.0]},"up":{"texture":"#0","uv":[0.0,0.0,1.0,1.0]},"down":{"texture":"#0","uv":[0.0,0.0,1.0,1.0]}}},{"name":"Cube","from":[-3.0,16.0,15.0],"to":[0.0,17.0,16.0],"faces":{"north":{"texture":"#0","uv":[0.0,0.0,3.0,1.0]},"east":{"texture":"#0","uv":[0.0,0.0,1.0,1.0]},"south":{"texture":"#0","uv":[0.0,0.0,3.0,1.0]},"west":{"texture":"#0","uv":[0.0,0.0,1.0,1.0]},"up":{"texture":"#0","uv":[0.0,0.0,3.0,1.0]},"down":{"texture":"#0","uv":[0.0,0.0,3.0,1.0]}}},{"name":"Cube","from":[-3.0,16.0,0.0],"to":[0.0,17.0,1.0],"faces":{"north":{"texture":"#0","uv":[0.0,0.0,3.0,1.0]},"east":{"texture":"#0","uv":[0.0,0.0,1.0,1.0]},"south":{"texture":"#0","uv":[0.0,0.0,3.0,1.0]},"west":{"texture":"#0","uv":[0.0,0.0,1.0,1.0]},"up":{"texture":"#0","uv":[0.0,0.0,3.0,1.0]},"down":{"texture":"#0","uv":[0.0,0.0,3.0,1.0]}}},{"name":"Cube","from":[1.0,12.0,15.0],"to":[12.0,13.0,16.0],"faces":{"north":{"texture":"#0","uv":[0.0,0.0,11.0,1.0]},"east":{"texture":"#0","uv":[0.0,0.0,1.0,1.0]},"south":{"texture":"#0","uv":[0.0,0.0,11.0,1.0]},"west":{"texture":"#0","uv":[0.0,0.0,1.0,1.0]},"up":{"texture":"#0","uv":[0.0,0.0,11.0,1.0]},"down":{"texture":"#0","uv":[0.0,0.0,11.0,1.0]}}},{"name":"Cube","from":[1.0,12.0,0.0],"to":[12.0,13.0,1.0],"faces":{"north":{"texture":"#0","uv":[0.0,0.0,11.0,1.0]},"east":{"texture":"#0","uv":[0.0,0.0,1.0,1.0]},"south":{"texture":"#0","uv":[0.0,0.0,11.0,1.0]},"west":{"texture":"#0","uv":[0.0,0.0,1.0,1.0]},"up":{"texture":"#0","uv":[0.0,0.0,11.0,1.0]},"down":{"texture":"#0","uv":[0.0,0.0,11.0,1.0]}}},{"name":"Cube","from":[1.0,0.0,0.0],"to":[12.0,1.0,1.0],"faces":{"north":{"texture":"#0","uv":[0.0,0.0,11.0,1.0]},"east":{"texture":"#0","uv":[0.0,0.0,1.0,1.0]},"south":{"texture":"#0","uv":[0.0,0.0,11.0,1.0]},"west":{"texture":"#0","uv":[0.0,0.0,1.0,1.0]},"up":{"texture":"#0","uv":[0.0,0.0,11.0,1.0]},"down":{"texture":"#0","uv":[0.0,0.0,11.0,1.0]}}},{"name":"Cube","from":[1.0,0.0,15.0],"to":[12.0,1.0,16.0],"faces":{"north":{"texture":"#0","uv":[0.0,0.0,11.0,1.0]},"east":{"texture":"#0","uv":[0.0,0.0,1.0,1.0]},"south":{"texture":"#0","uv":[0.0,0.0,11.0,1.0]},"west":{"texture":"#0","uv":[0.0,0.0,1.0,1.0]},"up":{"texture":"#0","uv":[0.0,0.0,11.0,1.0]},"down":{"texture":"#0","uv":[0.0,0.0,11.0,1.0]}}},{"name":"Cube","from":[1.0,6.0,15.0],"to":[12.0,7.5000000074505806,16.0],"faces":{"north":{"texture":"#0","uv":[0.0,0.0,11.0,1.5000000074505806]},"east":{"texture":"#0","uv":[0.0,0.0,1.0,1.5000000074505806]},"south":{"texture":"#0","uv":[0.0,0.0,11.0,1.5000000074505806]},"west":{"texture":"#0","uv":[0.0,0.0,1.0,1.5000000074505806]},"up":{"texture":"#0","uv":[0.0,0.0,11.0,1.0]},"down":{"texture":"#0","uv":[0.0,0.0,11.0,1.0]}}},{"name":"Cube","from":[1.0,6.0,0.0],"to":[12.0,7.5000000074505806,1.0],"faces":{"north":{"texture":"#0","uv":[0.0,0.0,11.0,1.5000000074505806]},"east":{"texture":"#0","uv":[0.0,0.0,1.0,1.5000000074505806]},"south":{"texture":"#0","uv":[0.0,0.0,11.0,1.5000000074505806]},"west":{"texture":"#0","uv":[0.0,0.0,1.0,1.5000000074505806]},"up":{"texture":"#0","uv":[0.0,0.0,11.0,1.0]},"down":{"texture":"#0","uv":[0.0,0.0,11.0,1.0]}}},{"name":"Cube","from":[1.0,6.3000000044703484,1.0],"to":[12.0,7.3000000044703484,15.0],"faces":{"north":{"texture":"#0","uv":[0.0,0.0,11.0,1.0]},"east":{"texture":"#0","uv":[0.0,0.0,14.0,1.0]},"south":{"texture":"#0","uv":[0.0,0.0,11.0,1.0]},"west":{"texture":"#0","uv":[0.0,0.0,14.0,1.0]},"up":{"texture":"#0","uv":[0.0,0.0,11.0,14.0]},"down":{"texture":"#0","uv":[0.0,0.0,11.0,14.0]}}},{"name":"Cube","from":[1.0,8.0,0.20000000298023224],"to":[12.0,11.0,0.79999999701976776],"faces":{"north":{"texture":"#0","uv":[0.0,0.0,11.0,3.0]},"east":{"texture":"#0","uv":[0.0,0.0,0.59999999403953552,3.0]},"south":{"texture":"#0","uv":[0.0,0.0,11.0,3.0]},"west":{"texture":"#0","uv":[0.0,0.0,0.59999999403953552,3.0]},"up":{"texture":"#0","uv":[0.0,0.0,11.0,0.59999999403953552]},"down":{"texture":"#0","uv":[0.0,0.0,11.0,0.59999999403953552]}}},{"name":"Cube","from":[1.0,8.0,15.200000002980232],"to":[12.0,11.0,15.799999997019768],"faces":{"north":{"texture":"#0","uv":[0.0,0.0,11.0,3.0]},"east":{"texture":"#0","uv":[0.0,0.0,0.59999999403953552,3.0]},"south":{"texture":"#0","uv":[0.0,0.0,11.0,3.0]},"west":{"texture":"#0","uv":[0.0,0.0,0.59999999403953552,3.0]},"up":{"texture":"#0","uv":[0.0,0.0,11.0,0.59999999403953552]},"down":{"texture":"#0","uv":[0.0,0.0,11.0,0.59999999403953552]}}},{"name":"Cube","from":[0.19999998807907105,9.3000000044703484,1.0],"to":[0.79999998211860657,14.300000004470348,15.0],"faces":{"north":{"texture":"#1","uv":[0.0,0.0,0.59999999403953552,5.0]},"east":{"texture":"#1","uv":[0.0,0.0,14.0,5.0]},"south":{"texture":"#1","uv":[0.0,0.0,0.59999999403953552,5.0]},"west":{"texture":"#1","uv":[0.0,0.0,14.0,5.0]},"up":{"texture":"#1","uv":[0.0,0.0,0.59999999403953552,14.0]},"down":{"texture":"#1","uv":[0.0,0.0,0.59999999403953552,14.0]}}},{"name":"Cube","from":[13.0,5.0,15.200000002980232],"to":[14.0,5.5999999940395355,15.799999997019768],"faces":{"north":{"texture":"#0","uv":[0.0,0.0,1.0,0.59999999403953552]},"east":{"texture":"#0","uv":[0.0,0.0,0.59999999403953552,0.59999999403953552]},"south":{"texture":"#0","uv":[0.0,0.0,1.0,0.59999999403953552]},"west":{"texture":"#0","uv":[0.0,0.0,0.59999999403953552,0.59999999403953552]},"up":{"texture":"#0","uv":[0.0,0.0,1.0,0.59999999403953552]},"down":{"texture":"#0","uv":[0.0,0.0,1.0,0.59999999403953552]}}},{"name":"Cube","from":[13.95,9.95,15.200000002980232],"to":[17.95,10.549999994039535,15.799999997019768],"rotation":{"origin":[8.0,8.0,8.0],"axis":"z","angle":-45.0},"faces":{"north":{"texture":"#0","uv":[0.0,0.0,4.0,0.59999999403953552]},"east":{"texture":"#0","uv":[0.0,0.0,0.59999999403953552,0.59999999403953552]},"south":{"texture":"#0","uv":[0.0,0.0,4.0,0.59999999403953552]},"west":{"texture":"#0","uv":[0.0,0.0,0.59999999403953552,0.59999999403953552]},"up":{"texture":"#0","uv":[0.0,0.0,4.0,0.59999999403953552]},"down":{"texture":"#0","uv":[0.0,0.0,4.0,0.59999999403953552]}}},{"name":"Cube","from":[13.0,5.0,0.20000000298023224],"to":[14.0,5.5999999940395355,0.79999999701976776],"faces":{"north":{"texture":"#0","uv":[0.0,0.0,1.0,0.59999999403953552]},"east":{"texture":"#0","uv":[0.0,0.0,0.59999999403953552,0.59999999403953552]},"south":{"texture":"#0","uv":[0.0,0.0,1.0,0.59999999403953552]},"west":{"texture":"#0","uv":[0.0,0.0,0.59999999403953552,0.59999999403953552]},"up":{"texture":"#0","uv":[0.0,0.0,1.0,0.59999999403953552]},"down":{"texture":"#0","uv":[0.0,0.0,1.0,0.59999999403953552]}}},{"name":"Cube","from":[13.95,9.95,0.20000000298023224],"to":[17.95,10.549999994039535,0.79999999701976776],"rotation":{"origin":[8.0,8.0,8.0],"axis":"z","angle":-45.0},"faces":{"north":{"texture":"#0","uv":[0.0,0.0,4.0,0.59999999403953552]},"east":{"texture":"#0","uv":[0.0,0.0,0.59999999403953552,0.59999999403953552]},"south":{"texture":"#0","uv":[0.0,0.0,4.0,0.59999999403953552]},"west":{"texture":"#0","uv":[0.0,0.0,0.59999999403953552,0.59999999403953552]},"up":{"texture":"#0","uv":[0.0,0.0,4.0,0.59999999403953552]},"down":{"texture":"#0","uv":[0.0,0.0,4.0,0.59999999403953552]}}},{"name":"Cube","from":[17.95,9.95,0.20000000298023224],"to":[18.349999991059303,13.549999994039535,3.7999999970197678],"rotation":{"origin":[8.0,8.0,8.0],"axis":"z","angle":-45.0},"faces":{"north":{"texture":"#1","uv":[0.0,0.0,0.39999999105930328,3.5999999940395355]},"east":{"texture":"#1","uv":[0.0,0.0,3.5999999940395355,3.5999999940395355]},"south":{"texture":"#1","uv":[0.0,0.0,0.39999999105930328,3.5999999940395355]},"west":{"texture":"#1","uv":[0.0,0.0,3.5999999940395355,3.5999999940395355]},"up":{"texture":"#1","uv":[0.0,0.0,0.39999999105930328,3.5999999940395355]},"down":{"texture":"#1","uv":[0.0,0.0,0.39999999105930328,3.5999999940395355]}}},{"name":"Cube","from":[17.95,9.95,12.200000002980232],"to":[18.349999991059303,13.549999994039535,15.799999997019768],"rotation":{"origin":[8.0,8.0,8.0],"axis":"z","angle":-45.0},"faces":{"north":{"texture":"#1","uv":[0.0,0.0,0.39999999105930328,3.5999999940395355]},"east":{"texture":"#1","uv":[0.0,0.0,3.5999999940395355,3.5999999940395355]},"south":{"texture":"#1","uv":[0.0,0.0,0.39999999105930328,3.5999999940395355]},"west":{"texture":"#1","uv":[0.0,0.0,3.5999999940395355,3.5999999940395355]},"up":{"texture":"#1","uv":[0.0,0.0,0.39999999105930328,3.5999999940395355]},"down":{"texture":"#1","uv":[0.0,0.0,0.39999999105930328,3.5999999940395355]}}},{"name":"Cube","from":[-2.4999999925494194,10.0,16.200000002980232],"to":[3.5000000074505806,10.599999994039536,16.799999997019768],"faces":{"north":{"texture":"#2","uv":[0.0,0.0,6.0,0.59999999403953552]},"east":{"texture":"#2","uv":[0.0,0.0,0.59999999403953552,0.59999999403953552]},"south":{"texture":"#2","uv":[0.0,0.0,6.0,0.59999999403953552]},"west":{"texture":"#2","uv":[0.0,0.0,0.59999999403953552,0.59999999403953552]},"up":{"texture":"#2","uv":[0.0,0.0,6.0,0.59999999403953552]},"down":{"texture":"#2","uv":[0.0,0.0,6.0,0.59999999403953552]}}},{"name":"Cube","from":[-2.4999999925494194,-3.0,16.200000002980232],"to":[3.5000000074505806,-2.4000000059604645,16.799999997019768],"faces":{"north":{"texture":"#2","uv":[0.0,0.0,6.0,0.59999999403953552]},"east":{"texture":"#2","uv":[0.0,0.0,0.59999999403953552,0.59999999403953552]},"south":{"texture":"#2","uv":[0.0,0.0,6.0,0.59999999403953552]},"west":{"texture":"#2","uv":[0.0,0.0,0.59999999403953552,0.59999999403953552]},"up":{"texture":"#2","uv":[0.0,0.0,6.0,0.59999999403953552]},"down":{"texture":"#2","uv":[0.0,0.0,6.0,0.59999999403953552]}}},{"name":"Cube","from":[-6.6999999955296516,1.2000000029802322,16.200000002980232],"to":[-6.1000000014901161,6.4999999925494194,16.799999997019768],"faces":{"north":{"texture":"#2","uv":[0.0,0.0,0.59999999403953552,5.2999999895691872]},"east":{"texture":"#2","uv":[0.0,0.0,0.59999999403953552,5.2999999895691872]},"south":{"texture":"#2","uv":[0.0,0.0,0.59999999403953552,5.2999999895691872]},"west":{"texture":"#2","uv":[0.0,0.0,0.59999999403953552,5.2999999895691872]},"up":{"texture":"#2","uv":[0.0,0.0,0.59999999403953552,0.59999999403953552]},"down":{"texture":"#2","uv":[0.0,0.0,0.59999999403953552,0.59999999403953552]}}},{"name":"Cube","from":[-1.2999999895691872,-3.5000000074505806,16.200000002980232],"to":[-0.69999999552965164,2.3999999910593033,16.799999997019768],"rotation":{"origin":[8.0,8.0,8.0],"axis":"z","angle":-45.0},"faces":{"north":{"texture":"#2","uv":[0.0,0.0,0.59999999403953552,5.8999999985098839]},"east":{"texture":"#2","uv":[0.0,0.0,0.59999999403953552,5.8999999985098839]},"south":{"texture":"#2","uv":[0.0,0.0,0.59999999403953552,5.8999999985098839]},"west":{"texture":"#2","uv":[0.0,0.0,0.59999999403953552,5.8999999985098839]},"up":{"texture":"#2","uv":[0.0,0.0,0.59999999403953552,0.59999999403953552]},"down":{"texture":"#2","uv":[0.0,0.0,0.59999999403953552,0.59999999403953552]}}},{"name":"Cube","from":[12.000000014901161,-2.9999999850988388,16.200000002980232],"to":[12.600000008940697,3.0000000149011612,16.799999997019768],"rotation":{"origin":[8.0,8.0,8.0],"axis":"z","angle":-45.0},"faces":{"north":{"texture":"#2","uv":[0.0,0.0,0.59999999403953552,6.0]},"east":{"texture":"#2","uv":[0.0,0.0,0.59999999403953552,6.0]},"south":{"texture":"#2","uv":[0.0,0.0,0.59999999403953552,6.0]},"west":{"texture":"#2","uv":[0.0,0.0,0.59999999403953552,6.0]},"up":{"texture":"#2","uv":[0.0,0.0,0.59999999403953552,0.59999999403953552]},"down":{"texture":"#2","uv":[0.0,0.0,0.59999999403953552,0.59999999403953552]}}},{"name":"Cube","from":[6.1000000014901161,7.1000000014901161,16.200000002980232],"to":[6.6999999955296516,13.0,16.799999997019768],"rotation":{"origin":[8.0,8.0,8.0],"axis":"z","angle":45.0},"faces":{"north":{"texture":"#2","uv":[0.0,0.0,0.59999999403953552,5.8999999985098839]},"east":{"texture":"#2","uv":[0.0,0.0,0.59999999403953552,5.8999999985098839]},"south":{"texture":"#2","uv":[0.0,0.0,0.59999999403953552,5.8999999985098839]},"west":{"texture":"#2","uv":[0.0,0.0,0.59999999403953552,5.8999999985098839]},"up":{"texture":"#2","uv":[0.0,0.0,0.59999999403953552,0.59999999403953552]},"down":{"texture":"#2","uv":[0.0,0.0,0.59999999403953552,0.59999999403953552]}}},{"name":"Cube","from":[7.1000000014901161,1.2000000029802322,16.200000002980232],"to":[7.6999999955296516,6.4999999925494194,16.799999997019768],"faces":{"north":{"texture":"#2","uv":[0.0,0.0,0.59999999403953552,5.2999999895691872]},"east":{"texture":"#2","uv":[0.0,0.0,0.59999999403953552,5.2999999895691872]},"south":{"texture":"#2","uv":[0.0,0.0,0.59999999403953552,5.2999999895691872]},"west":{"texture":"#2","uv":[0.0,0.0,0.59999999403953552,5.2999999895691872]},"up":{"texture":"#2","uv":[0.0,0.0,0.59999999403953552,0.59999999403953552]},"down":{"texture":"#2","uv":[0.0,0.0,0.59999999403953552,0.59999999403953552]}}},{"name":"Cube","from":[-7.2000000029802322,7.7000000104308128,16.200000002980232],"to":[-6.6000000089406967,13.600000008940697,16.799999997019768],"rotation":{"origin":[8.0,8.0,8.0],"axis":"z","angle":45.0},"faces":{"north":{"texture":"#2","uv":[0.0,0.0,0.59999999403953552,5.8999999985098839]},"east":{"texture":"#2","uv":[0.0,0.0,0.59999999403953552,5.8999999985098839]},"south":{"texture":"#2","uv":[0.0,0.0,0.59999999403953552,5.8999999985098839]},"west":{"texture":"#2","uv":[0.0,0.0,0.59999999403953552,5.8999999985098839]},"up":{"texture":"#2","uv":[0.0,0.0,0.59999999403953552,0.59999999403953552]},"down":{"texture":"#2","uv":[0.0,0.0,0.59999999403953552,0.59999999403953552]}}},{"name":"Cube","from":[-6.5999999940395355,9.8999999985098839,16.300000004470348],"to":[6.1000000014901161,10.799999997019768,16.699999995529652],"rotation":{"origin":[8.0,8.0,8.0],"axis":"z","angle":45.0},"faces":{"north":{"texture":"#1","uv":[0.0,0.0,12.699999995529652,0.89999999850988388]},"east":{"texture":"#1","uv":[0.0,0.0,0.39999999105930328,0.89999999850988388]},"south":{"texture":"#1","uv":[0.0,0.0,12.699999995529652,0.89999999850988388]},"west":{"texture":"#1","uv":[0.0,0.0,0.39999999105930328,0.89999999850988388]},"up":{"texture":"#1","uv":[0.0,0.0,12.699999995529652,0.39999999105930328]},"down":{"texture":"#1","uv":[0.0,0.0,12.699999995529652,0.39999999105930328]}}},{"name":"Cube","from":[-0.69999998062849045,-0.60000000894069672,16.300000004470348],"to":[12.100000016391277,0.29999998956918716,16.699999995529652],"rotation":{"origin":[8.0,8.0,8.0],"axis":"z","angle":-45.0},"faces":{"north":{"texture":"#1","uv":[0.0,0.0,12.799999997019768,0.89999999850988388]},"east":{"texture":"#1","uv":[0.0,0.0,0.39999999105930328,0.89999999850988388]},"south":{"texture":"#1","uv":[0.0,0.0,12.799999997019768,0.89999999850988388]},"west":{"texture":"#1","uv":[0.0,0.0,0.39999999105930328,0.89999999850988388]},"up":{"texture":"#1","uv":[0.0,0.0,12.799999997019768,0.39999999105930328]},"down":{"texture":"#1","uv":[0.0,0.0,12.799999997019768,0.39999999105930328]}}},{"name":"Cube","from":[-6.4999999776482582,3.3999999910593033,16.300000004470348],"to":[7.2000000327825546,4.2999999895691872,16.699999995529652],"faces":{"north":{"texture":"#1","uv":[0.0,0.0,13.700000010430813,0.89999999850988388]},"east":{"texture":"#1","uv":[0.0,0.0,0.39999999105930328,0.89999999850988388]},"south":{"texture":"#1","uv":[0.0,0.0,13.700000010430813,0.89999999850988388]},"west":{"texture":"#1","uv":[0.0,0.0,0.39999999105930328,0.89999999850988388]},"up":{"texture":"#1","uv":[0.0,0.0,13.700000010430813,0.39999999105930328]},"down":{"texture":"#1","uv":[0.0,0.0,13.700000010430813,0.39999999105930328]}}},{"name":"Cube","from":[0.10000001639127731,-2.6000000089406967,16.300000004470348],"to":[1.0000000298023224,9.9999999701976776,16.699999995529652],"faces":{"north":{"texture":"#1","uv":[0.0,0.0,0.90000001341104507,12.599999979138374]},"east":{"texture":"#1","uv":[0.0,0.0,0.39999999105930328,12.599999979138374]},"south":{"texture":"#1","uv":[0.0,0.0,0.90000001341104507,12.599999979138374]},"west":{"texture":"#1","uv":[0.0,0.0,0.39999999105930328,12.599999979138374]},"up":{"texture":"#1","uv":[0.0,0.0,0.90000001341104507,0.39999999105930328]},"down":{"texture":"#1","uv":[0.0,0.0,0.90000001341104507,0.39999999105930328]}}},{"name":"Cube","from":[-6.6999999955296516,1.2000000029802322,-0.79999999701976776],"to":[-6.1000000014901161,6.4999999925494194,-0.20000000298023224],"faces":{"north":{"texture":"#2","uv":[0.0,0.0,0.59999999403953552,5.2999999895691872]},"east":{"texture":"#2","uv":[0.0,0.0,0.59999999403953552,5.2999999895691872]},"south":{"texture":"#2","uv":[0.0,0.0,0.59999999403953552,5.2999999895691872]},"west":{"texture":"#2","uv":[0.0,0.0,0.59999999403953552,5.2999999895691872]},"up":{"texture":"#2","uv":[0.0,0.0,0.59999999403953552,0.59999999403953552]},"down":{"texture":"#2","uv":[0.0,0.0,0.59999999403953552,0.59999999403953552]}}},{"name":"Cube","from":[-2.4999999925494194,-3.0,-0.8],"to":[3.5000000074505806,-2.4000000059604645,-0.20000000596046452],"faces":{"north":{"texture":"#2","uv":[0.0,0.0,6.0,0.59999999403953552]},"east":{"texture":"#2","uv":[0.0,0.0,0.59999999403953552,0.59999999403953552]},"south":{"texture":"#2","uv":[0.0,0.0,6.0,0.59999999403953552]},"west":{"texture":"#2","uv":[0.0,0.0,0.59999999403953552,0.59999999403953552]},"up":{"texture":"#2","uv":[0.0,0.0,6.0,0.59999999403953552]},"down":{"texture":"#2","uv":[0.0,0.0,6.0,0.59999999403953552]}}},{"name":"Cube","from":[7.1000000014901161,1.2000000029802322,-0.8],"to":[7.6999999955296516,6.4999999925494194,-0.20000000596046452],"faces":{"north":{"texture":"#2","uv":[0.0,0.0,0.59999999403953552,5.2999999895691872]},"east":{"texture":"#2","uv":[0.0,0.0,0.59999999403953552,5.2999999895691872]},"south":{"texture":"#2","uv":[0.0,0.0,0.59999999403953552,5.2999999895691872]},"west":{"texture":"#2","uv":[0.0,0.0,0.59999999403953552,5.2999999895691872]},"up":{"texture":"#2","uv":[0.0,0.0,0.59999999403953552,0.59999999403953552]},"down":{"texture":"#2","uv":[0.0,0.0,0.59999999403953552,0.59999999403953552]}}},{"name":"Cube","from":[-2.4999999925494194,10.0,-0.8],"to":[3.5000000074505806,10.599999994039536,-0.20000000596046452],"faces":{"north":{"texture":"#2","uv":[0.0,0.0,6.0,0.59999999403953552]},"east":{"texture":"#2","uv":[0.0,0.0,0.59999999403953552,0.59999999403953552]},"south":{"texture":"#2","uv":[0.0,0.0,6.0,0.59999999403953552]},"west":{"texture":"#2","uv":[0.0,0.0,0.59999999403953552,0.59999999403953552]},"up":{"texture":"#2","uv":[0.0,0.0,6.0,0.59999999403953552]},"down":{"texture":"#2","uv":[0.0,0.0,6.0,0.59999999403953552]}}},{"name":"Cube","from":[-1.2999999895691872,-3.5000000074505806,-0.8],"to":[-0.69999999552965164,2.3999999910593033,-0.20000000596046452],"rotation":{"origin":[8.0,8.0,8.0],"axis":"z","angle":-45.0},"faces":{"north":{"texture":"#2","uv":[0.0,0.0,0.59999999403953552,5.8999999985098839]},"east":{"texture":"#2","uv":[0.0,0.0,0.59999999403953552,5.8999999985098839]},"south":{"texture":"#2","uv":[0.0,0.0,0.59999999403953552,5.8999999985098839]},"west":{"texture":"#2","uv":[0.0,0.0,0.59999999403953552,5.8999999985098839]},"up":{"texture":"#2","uv":[0.0,0.0,0.59999999403953552,0.59999999403953552]},"down":{"texture":"#2","uv":[0.0,0.0,0.59999999403953552,0.59999999403953552]}}},{"name":"Cube","from":[-7.2000000029802322,7.7000000104308128,-0.8],"to":[-6.6000000089406967,13.600000008940697,-0.20000000596046452],"rotation":{"origin":[8.0,8.0,8.0],"axis":"z","angle":45.0},"faces":{"north":{"texture":"#2","uv":[0.0,0.0,0.59999999403953552,5.8999999985098839]},"east":{"texture":"#2","uv":[0.0,0.0,0.59999999403953552,5.8999999985098839]},"south":{"texture":"#2","uv":[0.0,0.0,0.59999999403953552,5.8999999985098839]},"west":{"texture":"#2","uv":[0.0,0.0,0.59999999403953552,5.8999999985098839]},"up":{"texture":"#2","uv":[0.0,0.0,0.59999999403953552,0.59999999403953552]},"down":{"texture":"#2","uv":[0.0,0.0,0.59999999403953552,0.59999999403953552]}}},{"name":"Cube","from":[12.000000014901161,-2.9999999850988388,-0.8],"to":[12.600000008940697,3.0000000149011612,-0.20000000596046452],"rotation":{"origin":[8.0,8.0,8.0],"axis":"z","angle":-45.0},"faces":{"north":{"texture":"#2","uv":[0.0,0.0,0.59999999403953552,6.0]},"east":{"texture":"#2","uv":[0.0,0.0,0.59999999403953552,6.0]},"south":{"texture":"#2","uv":[0.0,0.0,0.59999999403953552,6.0]},"west":{"texture":"#2","uv":[0.0,0.0,0.59999999403953552,6.0]},"up":{"texture":"#2","uv":[0.0,0.0,0.59999999403953552,0.59999999403953552]},"down":{"texture":"#2","uv":[0.0,0.0,0.59999999403953552,0.59999999403953552]}}},{"name":"Cube","from":[6.1000000014901161,7.1000000014901161,-0.8],"to":[6.6999999955296516,13.0,-0.20000000596046452],"rotation":{"origin":[8.0,8.0,8.0],"axis":"z","angle":45.0},"faces":{"north":{"texture":"#2","uv":[0.0,0.0,0.59999999403953552,5.8999999985098839]},"east":{"texture":"#2","uv":[0.0,0.0,0.59999999403953552,5.8999999985098839]},"south":{"texture":"#2","uv":[0.0,0.0,0.59999999403953552,5.8999999985098839]},"west":{"texture":"#2","uv":[0.0,0.0,0.59999999403953552,5.8999999985098839]},"up":{"texture":"#2","uv":[0.0,0.0,0.59999999403953552,0.59999999403953552]},"down":{"texture":"#2","uv":[0.0,0.0,0.59999999403953552,0.59999999403953552]}}},{"name":"Cube","from":[-6.4999999776482582,3.3999999910593033,-0.7],"to":[7.2000000327825546,4.2999999895691872,-0.30000000894069667],"faces":{"north":{"texture":"#1","uv":[0.0,0.0,13.700000010430813,0.89999999850988388]},"east":{"texture":"#1","uv":[0.0,0.0,0.39999999105930328,0.89999999850988388]},"south":{"texture":"#1","uv":[0.0,0.0,13.700000010430813,0.89999999850988388]},"west":{"texture":"#1","uv":[0.0,0.0,0.39999999105930328,0.89999999850988388]},"up":{"texture":"#1","uv":[0.0,0.0,13.700000010430813,0.39999999105930328]},"down":{"texture":"#1","uv":[0.0,0.0,13.700000010430813,0.39999999105930328]}}},{"name":"Cube","from":[-0.69999998062849045,-0.60000000894069672,-0.7],"to":[12.100000016391277,0.29999998956918716,-0.30000000894069667],"rotation":{"origin":[8.0,8.0,8.0],"axis":"z","angle":-45.0},"faces":{"north":{"texture":"#1","uv":[0.0,0.0,12.799999997019768,0.89999999850988388]},"east":{"texture":"#1","uv":[0.0,0.0,0.39999999105930328,0.89999999850988388]},"south":{"texture":"#1","uv":[0.0,0.0,12.799999997019768,0.89999999850988388]},"west":{"texture":"#1","uv":[0.0,0.0,0.39999999105930328,0.89999999850988388]},"up":{"texture":"#1","uv":[0.0,0.0,12.799999997019768,0.39999999105930328]},"down":{"texture":"#1","uv":[0.0,0.0,12.799999997019768,0.39999999105930328]}}},{"name":"Cube","from":[-6.5999999940395355,9.8999999985098839,-0.7],"to":[6.1000000014901161,10.799999997019768,-0.30000000894069667],"rotation":{"origin":[8.0,8.0,8.0],"axis":"z","angle":45.0},"faces":{"north":{"texture":"#1","uv":[0.0,0.0,12.699999995529652,0.89999999850988388]},"east":{"texture":"#1","uv":[0.0,0.0,0.39999999105930328,0.89999999850988388]},"south":{"texture":"#1","uv":[0.0,0.0,12.699999995529652,0.89999999850988388]},"west":{"texture":"#1","uv":[0.0,0.0,0.39999999105930328,0.89999999850988388]},"up":{"texture":"#1","uv":[0.0,0.0,12.699999995529652,0.39999999105930328]},"down":{"texture":"#1","uv":[0.0,0.0,12.699999995529652,0.39999999105930328]}}},{"name":"Cube","from":[0.10000001639127731,-2.6000000089406967,-0.7],"to":[1.0000000298023224,9.9999999701976776,-0.30000000894069667],"faces":{"north":{"texture":"#1","uv":[0.0,0.0,0.90000001341104507,12.599999979138374]},"east":{"texture":"#1","uv":[0.0,0.0,0.39999999105930328,12.599999979138374]},"south":{"texture":"#1","uv":[0.0,0.0,0.90000001341104507,12.599999979138374]},"west":{"texture":"#1","uv":[0.0,0.0,0.39999999105930328,12.599999979138374]},"up":{"texture":"#1","uv":[0.0,0.0,0.90000001341104507,0.39999999105930328]},"down":{"texture":"#1","uv":[0.0,0.0,0.90000001341104507,0.39999999105930328]}}},{"name":"Cube","from":[11.500000022351742,-3.0,16.200000002980232],"to":[13.500000022351742,-2.4000000059604645,16.799999997019768],"faces":{"north":{"texture":"#2","uv":[0.0,0.0,2.0,0.59999999403953552]},"east":{"texture":"#2","uv":[0.0,0.0,0.59999999403953552,0.59999999403953552]},"south":{"texture":"#2","uv":[0.0,0.0,2.0,0.59999999403953552]},"west":{"texture":"#2","uv":[0.0,0.0,0.59999999403953552,0.59999999403953552]},"up":{"texture":"#2","uv":[0.0,0.0,2.0,0.59999999403953552]},"down":{"texture":"#2","uv":[0.0,0.0,2.0,0.59999999403953552]}}},{"name":"Cube","from":[11.500000007450581,1.3000000044703484,16.200000002980232],"to":[13.500000007450581,1.8999999985098839,16.799999997019768],"faces":{"north":{"texture":"#2","uv":[0.0,0.0,2.0,0.59999999403953552]},"east":{"texture":"#2","uv":[0.0,0.0,0.59999999403953552,0.59999999403953552]},"south":{"texture":"#2","uv":[0.0,0.0,2.0,0.59999999403953552]},"west":{"texture":"#2","uv":[0.0,0.0,0.59999999403953552,0.59999999403953552]},"up":{"texture":"#2","uv":[0.0,0.0,2.0,0.59999999403953552]},"down":{"texture":"#2","uv":[0.0,0.0,2.0,0.59999999403953552]}}},{"name":"Cube","from":[14.35,-1.4999999925494194,16.200000002980232],"to":[14.949999964237213,0.5000000074505806,16.799999997019768],"faces":{"north":{"texture":"#2","uv":[0.0,0.0,0.59999996423721313,2.0]},"east":{"texture":"#2","uv":[0.0,0.0,0.59999999403953552,2.0]},"south":{"texture":"#2","uv":[0.0,0.0,0.59999996423721313,2.0]},"west":{"texture":"#2","uv":[0.0,0.0,0.59999999403953552,2.0]},"up":{"texture":"#2","uv":[0.0,0.0,0.59999996423721313,0.59999999403953552]},"down":{"texture":"#2","uv":[0.0,0.0,0.59999996423721313,0.59999999403953552]}}},{"name":"Cube","from":[10.0,-1.4999999925494194,16.200000002980232],"to":[10.599999964237213,0.40000000596046448,16.799999997019768],"faces":{"north":{"texture":"#2","uv":[0.0,0.0,0.59999996423721313,1.8999999985098839]},"east":{"texture":"#2","uv":[0.0,0.0,0.59999999403953552,1.8999999985098839]},"south":{"texture":"#2","uv":[0.0,0.0,0.59999996423721313,1.8999999985098839]},"west":{"texture":"#2","uv":[0.0,0.0,0.59999999403953552,1.8999999985098839]},"up":{"texture":"#2","uv":[0.0,0.0,0.59999996423721313,0.59999999403953552]},"down":{"texture":"#2","uv":[0.0,0.0,0.59999996423721313,0.59999999403953552]}}},{"name":"Cube","from":[16.100000016391277,2.7000000104308128,16.200000002980232],"to":[18.200000017881393,3.3000000044703484,16.799999997019768],"rotation":{"origin":[8.0,8.0,8.0],"axis":"z","angle":-45.0},"faces":{"north":{"texture":"#2","uv":[0.0,0.0,2.1000000014901161,0.59999999403953552]},"east":{"texture":"#2","uv":[0.0,0.0,0.59999999403953552,0.59999999403953552]},"south":{"texture":"#2","uv":[0.0,0.0,2.1000000014901161,0.59999999403953552]},"west":{"texture":"#2","uv":[0.0,0.0,0.59999999403953552,0.59999999403953552]},"up":{"texture":"#2","uv":[0.0,0.0,2.1000000014901161,0.59999999403953552]},"down":{"texture":"#2","uv":[0.0,0.0,2.1000000014901161,0.59999999403953552]}}},{"name":"Cube","from":[16.249999997019767,7.0000000149011612,16.200000002980232],"to":[18.249999997019767,7.6000000089406967,16.799999997019768],"rotation":{"origin":[8.0,8.0,8.0],"axis":"z","angle":-45.0},"faces":{"north":{"texture":"#2","uv":[0.0,0.0,2.0,0.59999999403953552]},"east":{"texture":"#2","uv":[0.0,0.0,0.59999999403953552,0.59999999403953552]},"south":{"texture":"#2","uv":[0.0,0.0,2.0,0.59999999403953552]},"west":{"texture":"#2","uv":[0.0,0.0,0.59999999403953552,0.59999999403953552]},"up":{"texture":"#2","uv":[0.0,0.0,2.0,0.59999999403953552]},"down":{"texture":"#2","uv":[0.0,0.0,2.0,0.59999999403953552]}}},{"name":"Cube","from":[4.0499999940395348,0.60000000894069672,16.200000002980232],"to":[6.1499999955296509,1.2000000029802322,16.799999997019768],"rotation":{"origin":[8.0,8.0,8.0],"axis":"z","angle":45.0},"faces":{"north":{"texture":"#2","uv":[0.0,0.0,2.1000000014901161,0.59999999403953552]},"east":{"texture":"#2","uv":[0.0,0.0,0.59999999403953552,0.59999999403953552]},"south":{"texture":"#2","uv":[0.0,0.0,2.1000000014901161,0.59999999403953552]},"west":{"texture":"#2","uv":[0.0,0.0,0.59999999403953552,0.59999999403953552]},"up":{"texture":"#2","uv":[0.0,0.0,2.1000000014901161,0.59999999403953552]},"down":{"texture":"#2","uv":[0.0,0.0,2.1000000014901161,0.59999999403953552]}}},{"name":"Cube","from":[4.05,-3.65,16.200000002980232],"to":[6.1500000014901159,-3.0500000059604644,16.799999997019768],"rotation":{"origin":[8.0,8.0,8.0],"axis":"z","angle":45.0},"faces":{"north":{"texture":"#2","uv":[0.0,0.0,2.1000000014901161,0.59999999403953552]},"east":{"texture":"#2","uv":[0.0,0.0,0.59999999403953552,0.59999999403953552]},"south":{"texture":"#2","uv":[0.0,0.0,2.1000000014901161,0.59999999403953552]},"west":{"texture":"#2","uv":[0.0,0.0,0.59999999403953552,0.59999999403953552]},"up":{"texture":"#2","uv":[0.0,0.0,2.1000000014901161,0.59999999403953552]},"down":{"texture":"#2","uv":[0.0,0.0,2.1000000014901161,0.59999999403953552]}}},{"name":"Cube","from":[12.0,-1.0,15.0],"to":[13.0,0.0,16.0],"faces":{"north":{"texture":"#3","uv":[0.0,0.0,1.0,1.0]},"east":{"texture":"#3","uv":[0.0,0.0,1.0,1.0]},"south":{"texture":"#3","uv":[0.0,0.0,1.0,1.0]},"west":{"texture":"#3","uv":[0.0,0.0,1.0,1.0]},"up":{"texture":"#3","uv":[0.0,0.0,1.0,1.0]},"down":{"texture":"#3","uv":[0.0,0.0,1.0,1.0]}}},{"name":"Cube","from":[10.500000022351742,-0.800000011920929,16.300000004470348],"to":[14.400000035762787,-0.20000001788139343,16.699999995529652],"faces":{"north":{"texture":"#1","uv":[0.0,0.0,3.9000000134110451,0.59999999403953552]},"east":{"texture":"#1","uv":[0.0,0.0,0.39999999105930328,0.59999999403953552]},"south":{"texture":"#1","uv":[0.0,0.0,3.9000000134110451,0.59999999403953552]},"west":{"texture":"#1","uv":[0.0,0.0,0.39999999105930328,0.59999999403953552]},"up":{"texture":"#1","uv":[0.0,0.0,3.9000000134110451,0.39999999105930328]},"down":{"texture":"#1","uv":[0.0,0.0,3.9000000134110451,0.39999999105930328]}}},{"name":"Cube","from":[3.2000000178813934,-1.5000000223517418,16.3],"to":[7.1000000312924385,-0.90000002831220627,16.699999991059304],"rotation":{"origin":[8.0,8.0,8.0],"axis":"z","angle":45.0},"faces":{"north":{"texture":"#1","uv":[0.0,0.0,3.9000000134110451,0.59999999403953552]},"east":{"texture":"#1","uv":[0.0,0.0,0.39999999105930328,0.59999999403953552]},"south":{"texture":"#1","uv":[0.0,0.0,3.9000000134110451,0.59999999403953552]},"west":{"texture":"#1","uv":[0.0,0.0,0.39999999105930328,0.59999999403953552]},"up":{"texture":"#1","uv":[0.0,0.0,3.9000000134110451,0.39999999105930328]},"down":{"texture":"#1","uv":[0.0,0.0,3.9000000134110451,0.39999999105930328]}}},{"name":"Cube","from":[15.200000017881393,4.8999999836087227,16.300000004470348],"to":[19.100000031292439,5.4999999776482582,16.699999995529652],"rotation":{"origin":[8.0,8.0,8.0],"axis":"z","angle":-45.0},"faces":{"north":{"texture":"#1","uv":[0.0,0.0,3.9000000134110451,0.59999999403953552]},"east":{"texture":"#1","uv":[0.0,0.0,0.39999999105930328,0.59999999403953552]},"south":{"texture":"#1","uv":[0.0,0.0,3.9000000134110451,0.59999999403953552]},"west":{"texture":"#1","uv":[0.0,0.0,0.39999999105930328,0.59999999403953552]},"up":{"texture":"#1","uv":[0.0,0.0,3.9000000134110451,0.39999999105930328]},"down":{"texture":"#1","uv":[0.0,0.0,3.9000000134110451,0.39999999105930328]}}},{"name":"Cube","from":[12.200000032782555,-2.4000000208616257,16.300000004470348],"to":[12.800000041723251,1.4999999776482582,16.699999995529652],"faces":{"north":{"texture":"#1","uv":[0.0,0.0,0.60000000894069672,3.8999999985098839]},"east":{"texture":"#1","uv":[0.0,0.0,0.39999999105930328,3.8999999985098839]},"south":{"texture":"#1","uv":[0.0,0.0,0.60000000894069672,3.8999999985098839]},"west":{"texture":"#1","uv":[0.0,0.0,0.39999999105930328,3.8999999985098839]},"up":{"texture":"#1","uv":[0.0,0.0,0.60000000894069672,0.39999999105930328]},"down":{"texture":"#1","uv":[0.0,0.0,0.60000000894069672,0.39999999105930328]}}},{"name":"Cube","from":[12.0,-1.0,0.0],"to":[13.0,0.0,1.0],"faces":{"north":{"texture":"#3","uv":[0.0,0.0,1.0,1.0]},"east":{"texture":"#3","uv":[0.0,0.0,1.0,1.0]},"south":{"texture":"#3","uv":[0.0,0.0,1.0,1.0]},"west":{"texture":"#3","uv":[0.0,0.0,1.0,1.0]},"up":{"texture":"#3","uv":[0.0,0.0,1.0,1.0]},"down":{"texture":"#3","uv":[0.0,0.0,1.0,1.0]}}},{"name":"Cube","from":[1.1000000014901161,6.3999999910593033,2.0],"to":[12.200000002980232,7.3999999910593033,14.0],"faces":{"north":{"texture":"#1","uv":[0.0,0.0,11.100000001490116,1.0]},"east":{"texture":"#1","uv":[0.0,0.0,12.0,1.0]},"south":{"texture":"#1","uv":[0.0,0.0,11.100000001490116,1.0]},"west":{"texture":"#1","uv":[0.0,0.0,12.0,1.0]},"up":{"texture":"#1","uv":[0.0,0.0,11.100000001490116,12.0]},"down":{"texture":"#1","uv":[0.0,0.0,11.100000001490116,12.0]}}},{"name":"Cube","from":[14.35,-1.4999999925494194,-0.8],"to":[14.949999964237213,0.5000000074505806,-0.20000000596046452],"faces":{"north":{"texture":"#2","uv":[0.0,0.0,0.59999996423721313,2.0]},"east":{"texture":"#2","uv":[0.0,0.0,0.59999999403953552,2.0]},"south":{"texture":"#2","uv":[0.0,0.0,0.59999996423721313,2.0]},"west":{"texture":"#2","uv":[0.0,0.0,0.59999999403953552,2.0]},"up":{"texture":"#2","uv":[0.0,0.0,0.59999996423721313,0.59999999403953552]},"down":{"texture":"#2","uv":[0.0,0.0,0.59999996423721313,0.59999999403953552]}}},{"name":"Cube","from":[16.249999997019767,7.0000000149011612,-0.8],"to":[18.249999997019767,7.6000000089406967,-0.20000000596046452],"rotation":{"origin":[8.0,8.0,8.0],"axis":"z","angle":-45.0},"faces":{"north":{"texture":"#2","uv":[0.0,0.0,2.0,0.59999999403953552]},"east":{"texture":"#2","uv":[0.0,0.0,0.59999999403953552,0.59999999403953552]},"south":{"texture":"#2","uv":[0.0,0.0,2.0,0.59999999403953552]},"west":{"texture":"#2","uv":[0.0,0.0,0.59999999403953552,0.59999999403953552]},"up":{"texture":"#2","uv":[0.0,0.0,2.0,0.59999999403953552]},"down":{"texture":"#2","uv":[0.0,0.0,2.0,0.59999999403953552]}}},{"name":"Cube","from":[11.500000007450581,1.3000000044703484,-0.8],"to":[13.500000007450581,1.8999999985098839,-0.20000000596046452],"faces":{"north":{"texture":"#2","uv":[0.0,0.0,2.0,0.59999999403953552]},"east":{"texture":"#2","uv":[0.0,0.0,0.59999999403953552,0.59999999403953552]},"south":{"texture":"#2","uv":[0.0,0.0,2.0,0.59999999403953552]},"west":{"texture":"#2","uv":[0.0,0.0,0.59999999403953552,0.59999999403953552]},"up":{"texture":"#2","uv":[0.0,0.0,2.0,0.59999999403953552]},"down":{"texture":"#2","uv":[0.0,0.0,2.0,0.59999999403953552]}}},{"name":"Cube","from":[4.0499999940395348,0.60000000894069672,-0.8],"to":[6.1499999955296509,1.2000000029802322,-0.20000000596046452],"rotation":{"origin":[8.0,8.0,8.0],"axis":"z","angle":45.0},"faces":{"north":{"texture":"#2","uv":[0.0,0.0,2.1000000014901161,0.59999999403953552]},"east":{"texture":"#2","uv":[0.0,0.0,0.59999999403953552,0.59999999403953552]},"south":{"texture":"#2","uv":[0.0,0.0,2.1000000014901161,0.59999999403953552]},"west":{"texture":"#2","uv":[0.0,0.0,0.59999999403953552,0.59999999403953552]},"up":{"texture":"#2","uv":[0.0,0.0,2.1000000014901161,0.59999999403953552]},"down":{"texture":"#2","uv":[0.0,0.0,2.1000000014901161,0.59999999403953552]}}},{"name":"Cube","from":[10.0,-1.4999999925494194,-0.8],"to":[10.599999964237213,0.40000000596046448,-0.20000000596046452],"faces":{"north":{"texture":"#2","uv":[0.0,0.0,0.59999996423721313,1.8999999985098839]},"east":{"texture":"#2","uv":[0.0,0.0,0.59999999403953552,1.8999999985098839]},"south":{"texture":"#2","uv":[0.0,0.0,0.59999996423721313,1.8999999985098839]},"west":{"texture":"#2","uv":[0.0,0.0,0.59999999403953552,1.8999999985098839]},"up":{"texture":"#2","uv":[0.0,0.0,0.59999996423721313,0.59999999403953552]},"down":{"texture":"#2","uv":[0.0,0.0,0.59999996423721313,0.59999999403953552]}}},{"name":"Cube","from":[11.500000022351742,-3.0,-0.8],"to":[13.500000022351742,-2.4000000059604645,-0.20000000596046452],"faces":{"north":{"texture":"#2","uv":[0.0,0.0,2.0,0.59999999403953552]},"east":{"texture":"#2","uv":[0.0,0.0,0.59999999403953552,0.59999999403953552]},"south":{"texture":"#2","uv":[0.0,0.0,2.0,0.59999999403953552]},"west":{"texture":"#2","uv":[0.0,0.0,0.59999999403953552,0.59999999403953552]},"up":{"texture":"#2","uv":[0.0,0.0,2.0,0.59999999403953552]},"down":{"texture":"#2","uv":[0.0,0.0,2.0,0.59999999403953552]}}},{"name":"Cube","from":[16.100000016391277,2.7000000104308128,-0.8],"to":[18.200000017881393,3.3000000044703484,-0.20000000596046452],"rotation":{"origin":[8.0,8.0,8.0],"axis":"z","angle":-45.0},"faces":{"north":{"texture":"#2","uv":[0.0,0.0,2.1000000014901161,0.59999999403953552]},"east":{"texture":"#2","uv":[0.0,0.0,0.59999999403953552,0.59999999403953552]},"south":{"texture":"#2","uv":[0.0,0.0,2.1000000014901161,0.59999999403953552]},"west":{"texture":"#2","uv":[0.0,0.0,0.59999999403953552,0.59999999403953552]},"up":{"texture":"#2","uv":[0.0,0.0,2.1000000014901161,0.59999999403953552]},"down":{"texture":"#2","uv":[0.0,0.0,2.1000000014901161,0.59999999403953552]}}},{"name":"Cube","from":[4.05,-3.65,-0.8],"to":[6.1500000014901159,-3.0500000059604644,-0.20000000596046452],"rotation":{"origin":[8.0,8.0,8.0],"axis":"z","angle":45.0},"faces":{"north":{"texture":"#2","uv":[0.0,0.0,2.1000000014901161,0.59999999403953552]},"east":{"texture":"#2","uv":[0.0,0.0,0.59999999403953552,0.59999999403953552]},"south":{"texture":"#2","uv":[0.0,0.0,2.1000000014901161,0.59999999403953552]},"west":{"texture":"#2","uv":[0.0,0.0,0.59999999403953552,0.59999999403953552]},"up":{"texture":"#2","uv":[0.0,0.0,2.1000000014901161,0.59999999403953552]},"down":{"texture":"#2","uv":[0.0,0.0,2.1000000014901161,0.59999999403953552]}}},{"name":"Cube","from":[10.500000022351742,-0.800000011920929,-0.7],"to":[14.400000035762787,-0.20000001788139343,-0.30000000894069667],"faces":{"north":{"texture":"#1","uv":[0.0,0.0,3.9000000134110451,0.59999999403953552]},"east":{"texture":"#1","uv":[0.0,0.0,0.39999999105930328,0.59999999403953552]},"south":{"texture":"#1","uv":[0.0,0.0,3.9000000134110451,0.59999999403953552]},"west":{"texture":"#1","uv":[0.0,0.0,0.39999999105930328,0.59999999403953552]},"up":{"texture":"#1","uv":[0.0,0.0,3.9000000134110451,0.39999999105930328]},"down":{"texture":"#1","uv":[0.0,0.0,3.9000000134110451,0.39999999105930328]}}},{"name":"Cube","from":[3.2000000178813934,-1.5000000223517418,-0.7],"to":[7.1000000312924385,-0.90000002831220627,-0.30000000894069667],"rotation":{"origin":[8.0,8.0,8.0],"axis":"z","angle":45.0},"faces":{"north":{"texture":"#1","uv":[0.0,0.0,3.9000000134110451,0.59999999403953552]},"east":{"texture":"#1","uv":[0.0,0.0,0.39999999105930328,0.59999999403953552]},"south":{"texture":"#1","uv":[0.0,0.0,3.9000000134110451,0.59999999403953552]},"west":{"texture":"#1","uv":[0.0,0.0,0.39999999105930328,0.59999999403953552]},"up":{"texture":"#1","uv":[0.0,0.0,3.9000000134110451,0.39999999105930328]},"down":{"texture":"#1","uv":[0.0,0.0,3.9000000134110451,0.39999999105930328]}}},{"name":"Cube","from":[15.200000017881393,4.8999999836087227,-0.7],"to":[19.100000031292439,5.4999999776482582,-0.30000000894069667],"rotation":{"origin":[8.0,8.0,8.0],"axis":"z","angle":-45.0},"faces":{"north":{"texture":"#1","uv":[0.0,0.0,3.9000000134110451,0.59999999403953552]},"east":{"texture":"#1","uv":[0.0,0.0,0.39999999105930328,0.59999999403953552]},"south":{"texture":"#1","uv":[0.0,0.0,3.9000000134110451,0.59999999403953552]},"west":{"texture":"#1","uv":[0.0,0.0,0.39999999105930328,0.59999999403953552]},"up":{"texture":"#1","uv":[0.0,0.0,3.9000000134110451,0.39999999105930328]},"down":{"texture":"#1","uv":[0.0,0.0,3.9000000134110451,0.39999999105930328]}}},{"name":"Cube","from":[12.200000032782555,-2.4000000208616257,-0.7],"to":[12.800000041723251,1.4999999776482582,-0.30000000894069667],"faces":{"north":{"texture":"#1","uv":[0.0,0.0,0.60000000894069672,3.8999999985098839]},"east":{"texture":"#1","uv":[0.0,0.0,0.39999999105930328,3.8999999985098839]},"south":{"texture":"#1","uv":[0.0,0.0,0.60000000894069672,3.8999999985098839]},"west":{"texture":"#1","uv":[0.0,0.0,0.39999999105930328,3.8999999985098839]},"up":{"texture":"#1","uv":[0.0,0.0,0.60000000894069672,0.39999999105930328]},"down":{"texture":"#1","uv":[0.0,0.0,0.60000000894069672,0.39999999105930328]}}},{"name":"Cube","from":[3.0,12.100000001490116,-0.10000000149011612],"to":[11.0,13.100000001490116,1.1000000014901161],"faces":{"north":{"texture":"#1","uv":[0.0,0.0,8.0,1.0]},"east":{"texture":"#1","uv":[0.0,0.0,1.2000000029802322,1.0]},"south":{"texture":"#1","uv":[0.0,0.0,8.0,1.0]},"west":{"texture":"#1","uv":[0.0,0.0,1.2000000029802322,1.0]},"up":{"texture":"#1","uv":[0.0,0.0,8.0,1.2000000029802322]},"down":{"texture":"#1","uv":[0.0,0.0,8.0,1.2000000029802322]}}},{"name":"Cube","from":[3.0,12.100000001490116,14.899999998509884],"to":[11.0,13.100000001490116,16.100000001490116],"faces":{"north":{"texture":"#1","uv":[0.0,0.0,8.0,1.0]},"east":{"texture":"#1","uv":[0.0,0.0,1.2000000029802322,1.0]},"south":{"texture":"#1","uv":[0.0,0.0,8.0,1.0]},"west":{"texture":"#1","uv":[0.0,0.0,1.2000000029802322,1.0]},"up":{"texture":"#1","uv":[0.0,0.0,8.0,1.2000000029802322]},"down":{"texture":"#1","uv":[0.0,0.0,8.0,1.2000000029802322]}}},{"name":"Cube","from":[-4.0,15.899999998509884,14.899999998509884],"to":[-1.0,17.100000001490116,16.100000001490116],"faces":{"north":{"texture":"#1","uv":[0.0,0.0,3.0,1.2000000029802322]},"east":{"texture":"#1","uv":[0.0,0.0,1.2000000029802322,1.2000000029802322]},"south":{"texture":"#1","uv":[0.0,0.0,3.0,1.2000000029802322]},"west":{"texture":"#1","uv":[0.0,0.0,1.2000000029802322,1.2000000029802322]},"up":{"texture":"#1","uv":[0.0,0.0,3.0,1.2000000029802322]},"down":{"texture":"#1","uv":[0.0,0.0,3.0,1.2000000029802322]}}},{"name":"Cube","from":[-4.0,15.899999998509884,-0.10000000149011612],"to":[-1.0,17.100000001490116,1.1000000014901161],"faces":{"north":{"texture":"#1","uv":[0.0,0.0,3.0,1.2000000029802322]},"east":{"texture":"#1","uv":[0.0,0.0,1.2000000029802322,1.2000000029802322]},"south":{"texture":"#1","uv":[0.0,0.0,3.0,1.2000000029802322]},"west":{"texture":"#1","uv":[0.0,0.0,1.2000000029802322,1.2000000029802322]},"up":{"texture":"#1","uv":[0.0,0.0,3.0,1.2000000029802322]},"down":{"texture":"#1","uv":[0.0,0.0,3.0,1.2000000029802322]}}},{"name":"Cube","from":[12.300000004470348,-0.79999999701976776,15.700000010430813],"to":[12.699999995529652,-0.40000000596046448,16.400000005960464],"faces":{"north":{"texture":"#4","uv":[0.0,0.0,0.39999999105930328,0.39999999105930328]},"east":{"texture":"#4","uv":[0.0,0.0,0.69999999552965164,0.39999999105930328]},"south":{"texture":"#4","uv":[0.0,0.0,0.39999999105930328,0.39999999105930328]},"west":{"texture":"#4","uv":[0.0,0.0,0.69999999552965164,0.39999999105930328]},"up":{"texture":"#4","uv":[0.0,0.0,0.39999999105930328,0.69999999552965164]},"down":{"texture":"#4","uv":[0.0,0.0,0.39999999105930328,0.69999999552965164]}}},{"name":"Cube","from":[12.300000004470348,-0.79999999701976776,-0.29999998956918716],"to":[12.699999995529652,-0.40000000596046448,0.40000000596046448],"faces":{"north":{"texture":"#4","uv":[0.0,0.0,0.39999999105930328,0.39999999105930328]},"east":{"texture":"#4","uv":[0.0,0.0,0.69999999552965164,0.39999999105930328]},"south":{"texture":"#4","uv":[0.0,0.0,0.39999999105930328,0.39999999105930328]},"west":{"texture":"#4","uv":[0.0,0.0,0.69999999552965164,0.39999999105930328]},"up":{"texture":"#4","uv":[0.0,0.0,0.39999999105930328,0.69999999552965164]},"down":{"texture":"#4","uv":[0.0,0.0,0.39999999105930328,0.69999999552965164]}}},{"name":"Cube","from":[0.30000000447034836,3.6999999955296516,-0.29999998956918716],"to":[0.69999999552965164,4.0999999865889549,0.40000000596046448],"faces":{"north":{"texture":"#4","uv":[0.0,0.0,0.39999999105930328,0.39999999105930328]},"east":{"texture":"#4","uv":[0.0,0.0,0.69999999552965164,0.39999999105930328]},"south":{"texture":"#4","uv":[0.0,0.0,0.39999999105930328,0.39999999105930328]},"west":{"texture":"#4","uv":[0.0,0.0,0.69999999552965164,0.39999999105930328]},"up":{"texture":"#4","uv":[0.0,0.0,0.39999999105930328,0.69999999552965164]},"down":{"texture":"#4","uv":[0.0,0.0,0.39999999105930328,0.69999999552965164]}}},{"name":"Cube","from":[0.30000000447034836,3.6999999955296516,15.700000010430813],"to":[0.69999999552965164,4.0999999865889549,16.400000005960464],"faces":{"north":{"texture":"#4","uv":[0.0,0.0,0.39999999105930328,0.39999999105930328]},"east":{"texture":"#4","uv":[0.0,0.0,0.69999999552965164,0.39999999105930328]},"south":{"texture":"#4","uv":[0.0,0.0,0.39999999105930328,0.39999999105930328]},"west":{"texture":"#4","uv":[0.0,0.0,0.69999999552965164,0.39999999105930328]},"up":{"texture":"#4","uv":[0.0,0.0,0.39999999105930328,0.69999999552965164]},"down":{"texture":"#4","uv":[0.0,0.0,0.39999999105930328,0.69999999552965164]}}}],"display":{"head":{"rotation":[0,90,0],"translation":[0,1,-5],"scale":[1.4,1.4,1.4]},"gui":{"rotation":[15,240,0],"translation":[-0.5,0,0],"scale":[0.4,0.4,0.4]}},"credit":"Model by Craftventure"}