{"textures":{"anvil":"block/anvil","stone_slab_top":"block/coal_block"},"elements":[{"from":[3.25,4,6.5],"to":[7.25,4.5,9],"faces":{"north":{"uv":[0,0,4,0.5],"texture":"#anvil"},"east":{"uv":[0,0,2.5,0.5],"texture":"#anvil"},"south":{"uv":[0,0,4,0.5],"texture":"#anvil"},"west":{"uv":[0,0,2.5,0.5],"texture":"#anvil"},"up":{"uv":[0,0,4,2.5],"texture":"#anvil"},"down":{"uv":[0,0,4,2.5],"texture":"#anvil"}}},{"from":[8.75,4,6.5],"to":[12.75,4.5,9],"faces":{"north":{"uv":[0,0,4,0.5],"texture":"#anvil"},"east":{"uv":[0,0,2.5,0.5],"texture":"#anvil"},"south":{"uv":[0,0,4,0.5],"texture":"#anvil"},"west":{"uv":[0,0,2.5,0.5],"texture":"#anvil"},"up":{"uv":[0,0,4,2.5],"texture":"#anvil"},"down":{"uv":[0,0,4,2.5],"texture":"#anvil"}}},{"from":[8.75,4.8033,9.72352],"to":[12.75,6.2283,10.22352],"rotation":{"angle":22.5,"axis":"x","origin":[8.75,6.0533,9.72352]},"faces":{"north":{"uv":[0,0,4,1.25],"texture":"#anvil"},"east":{"uv":[0,0,0.5,1.25],"texture":"#anvil"},"south":{"uv":[0,0,4,1.25],"texture":"#anvil"},"west":{"uv":[0,0,0.5,1.25],"texture":"#anvil"},"up":{"uv":[0,0,4,0.5],"texture":"#anvil"},"down":{"uv":[0,0,4,0.5],"texture":"#anvil"}}},{"from":[9,3.5,7.25],"to":[12.5,4,9],"faces":{"north":{"uv":[0,8,6,9],"texture":"#stone_slab_top"},"east":{"uv":[6,8,9.5,9],"texture":"#stone_slab_top"},"south":{"uv":[10,8,16,9],"texture":"#stone_slab_top"},"west":{"uv":[6.5,8,10,9],"texture":"#stone_slab_top"},"up":{"uv":[10,6.5,16,10],"texture":"#stone_slab_top"},"down":{"uv":[6,10,0,6.5],"texture":"#stone_slab_top"}}},{"from":[9.75,10,9.5],"to":[11.75,10.5,10],"rotation":{"angle":-22.5,"axis":"x","origin":[9.75,10.5,9.5]},"faces":{"north":{"uv":[0,0,2,0.5],"texture":"#anvil"},"east":{"uv":[0,0,0.5,0.5],"texture":"#anvil"},"south":{"uv":[0,0,2,0.5],"texture":"#anvil"},"west":{"uv":[0,0,0.5,0.5],"texture":"#anvil"},"up":{"uv":[0,0,2,0.5],"texture":"#anvil"},"down":{"uv":[0,0,2,0.5],"texture":"#anvil"}}},{"from":[9.51539,8.34776,9.7501],"to":[10.01539,10.19781,10.2501],"rotation":{"angle":-22.5,"axis":"z","origin":[9.51539,10.34781,9.7501]},"faces":{"north":{"uv":[0,0,0.5,2.00005],"texture":"#anvil"},"east":{"uv":[0,0,0.5,2.00005],"texture":"#anvil"},"south":{"uv":[0,0,0.5,2.00005],"texture":"#anvil"},"west":{"uv":[0,0,0.5,2.00005],"texture":"#anvil"},"up":{"uv":[0,0,0.5,0.5],"texture":"#anvil"},"down":{"uv":[0,0,0.5,0.5],"texture":"#anvil"}}},{"from":[15.01537,8.34776,9.7501],"to":[15.51537,10.19776,10.2501],"rotation":{"angle":-22.5,"axis":"z","origin":[15.01537,10.34776,9.7501]},"faces":{"north":{"uv":[0,0,0.5,2],"texture":"#anvil"},"east":{"uv":[0,0,0.5,2],"texture":"#anvil"},"south":{"uv":[0,0,0.5,2],"texture":"#anvil"},"west":{"uv":[0,0,0.5,2],"texture":"#anvil"},"up":{"uv":[0,0,0.5,0.5],"texture":"#anvil"},"down":{"uv":[0,0,0.5,0.5],"texture":"#anvil"}}},{"from":[8.75,3.8125,6.0625],"to":[10.5,4.3125,6.5625],"rotation":{"angle":-22.5,"axis":"x","origin":[8.75,4.3125,6.0625]},"faces":{"north":{"uv":[0,0,1.75,0.5],"texture":"#anvil"},"east":{"uv":[0,0,0.5,0.5],"texture":"#anvil"},"south":{"uv":[0,0,1.75,0.5],"texture":"#anvil"},"west":{"uv":[0,0,0.5,0.5],"texture":"#anvil"},"up":{"uv":[0,0,1.75,0.5],"texture":"#anvil"},"down":{"uv":[0,0,1.75,0.5],"texture":"#anvil"}}},{"from":[5,4.28125,6.8125],"to":[5.5,4.78125,7.5625],"rotation":{"angle":22.5,"axis":"x","origin":[5,4.78125,6.8125]},"faces":{"north":{"uv":[0,0,0.5,0.5],"texture":"#anvil"},"east":{"uv":[0,0,0.75,0.5],"texture":"#anvil"},"south":{"uv":[0,0,0.5,0.5],"texture":"#anvil"},"west":{"uv":[0,0,0.75,0.5],"texture":"#anvil"},"up":{"uv":[0,0,0.5,0.75],"texture":"#anvil"},"down":{"uv":[0,0,0.5,0.75],"texture":"#anvil"}}},{"from":[8.75,6.02364,9.75],"to":[12.75,8.5,10.25243],"faces":{"north":{"uv":[0,0,4,2.75],"texture":"#anvil"},"east":{"uv":[0,0,0.5,2.75],"texture":"#anvil"},"south":{"uv":[0,0,4,2.75],"texture":"#anvil"},"west":{"uv":[0,0,0.5,2.75],"texture":"#anvil"},"up":{"uv":[0,0,4,0.5],"texture":"#anvil"},"down":{"uv":[0,0,4,0.5],"texture":"#anvil"}}},{"from":[5.5,3.8125,6.03125],"to":[7.25,4.3125,6.53125],"rotation":{"angle":-22.5,"axis":"x","origin":[5.5,4.3125,6.03125]},"faces":{"north":{"uv":[0,0,1.75,0.5],"texture":"#anvil"},"east":{"uv":[0,0,0.5,0.5],"texture":"#anvil"},"south":{"uv":[0,0,1.75,0.5],"texture":"#anvil"},"west":{"uv":[0,0,0.5,0.5],"texture":"#anvil"},"up":{"uv":[0,0,1.75,0.5],"texture":"#anvil"},"down":{"uv":[0,0,1.75,0.5],"texture":"#anvil"}}},{"from":[16,4.28125,6.8125],"to":[16.5,4.78125,7.5625],"rotation":{"angle":22.5,"axis":"x","origin":[16,4.78125,6.8125]},"faces":{"north":{"uv":[0,0,0.5,0.5],"texture":"#anvil"},"east":{"uv":[0,0,0.75,0.5],"texture":"#anvil"},"south":{"uv":[0,0,0.5,0.5],"texture":"#anvil"},"west":{"uv":[0,0,0.75,0.5],"texture":"#anvil"},"up":{"uv":[0,0,0.5,0.75],"texture":"#anvil"},"down":{"uv":[0,0,0.5,0.75],"texture":"#anvil"}}},{"from":[3.25,4.06066,9.35355],"to":[7.25,5.06066,9.85355],"rotation":{"angle":45,"axis":"x","origin":[3.25,5.06066,9.35355]},"faces":{"north":{"uv":[0,0,4,1],"texture":"#anvil"},"east":{"uv":[0,0,0.5,1],"texture":"#anvil"},"south":{"uv":[0,0,4,1],"texture":"#anvil"},"west":{"uv":[0,0,0.5,1],"texture":"#anvil"},"up":{"uv":[0,0,4,0.5],"texture":"#anvil"},"down":{"uv":[0,0,4,0.5],"texture":"#anvil"}}},{"from":[3.25,4.8033,9.72352],"to":[7.25,6.2283,10.22352],"rotation":{"angle":22.5,"axis":"x","origin":[3.25,6.0533,9.72352]},"faces":{"north":{"uv":[0,0,4,1.25],"texture":"#anvil"},"east":{"uv":[0,0,0.5,1.25],"texture":"#anvil"},"south":{"uv":[0,0,4,1.25],"texture":"#anvil"},"west":{"uv":[0,0,0.5,1.25],"texture":"#anvil"},"up":{"uv":[0,0,4,0.5],"texture":"#anvil"},"down":{"uv":[0,0,4,0.5],"texture":"#anvil"}}},{"from":[3.25,6.02364,9.75],"to":[7.25,8.5,10.25243],"faces":{"north":{"uv":[0,0,4,2.75],"texture":"#anvil"},"east":{"uv":[0,0,0.5,2.75],"texture":"#anvil"},"south":{"uv":[0,0,4,2.75],"texture":"#anvil"},"west":{"uv":[0,0,0.5,2.75],"texture":"#anvil"},"up":{"uv":[0,0,4,0.5],"texture":"#anvil"},"down":{"uv":[0,0,4,0.5],"texture":"#anvil"}}},{"from":[3.75,8.5,9.75],"to":[6.75,10.25,10.25],"faces":{"north":{"uv":[0,0,3,2.25],"texture":"#anvil"},"east":{"uv":[0,0,0.5,2.25],"texture":"#anvil"},"south":{"uv":[0,0,3,2.25],"texture":"#anvil"},"west":{"uv":[0,0,0.5,2.25],"texture":"#anvil"},"up":{"uv":[0,0,3,0.5],"texture":"#anvil"},"down":{"uv":[0,0,3,0.5],"texture":"#anvil"}}},{"from":[4.01537,8.34776,9.7501],"to":[4.51537,10.19776,10.2501],"rotation":{"angle":-22.5,"axis":"z","origin":[4.01537,10.34776,9.7501]},"faces":{"north":{"uv":[0,0,0.5,2],"texture":"#anvil"},"east":{"uv":[0,0,0.5,2],"texture":"#anvil"},"south":{"uv":[0,0,0.5,2],"texture":"#anvil"},"west":{"uv":[0,0,0.5,2],"texture":"#anvil"},"up":{"uv":[0,0,0.5,0.5],"texture":"#anvil"},"down":{"uv":[0,0,0.5,0.5],"texture":"#anvil"}}},{"from":[6.02269,8.15642,9.7501],"to":[6.52269,10.00642,10.2501],"rotation":{"angle":22.5,"axis":"z","origin":[6.02269,10.15642,9.7501]},"faces":{"north":{"uv":[0,0,0.5,2],"texture":"#anvil"},"east":{"uv":[0,0,0.5,2],"texture":"#anvil"},"south":{"uv":[0,0,0.5,2],"texture":"#anvil"},"west":{"uv":[0,0,0.5,2],"texture":"#anvil"},"up":{"uv":[0,0,0.5,0.5],"texture":"#anvil"},"down":{"uv":[0,0,0.5,0.5],"texture":"#anvil"}}},{"from":[4.25,10,9.5],"to":[6.25,10.5,10],"rotation":{"angle":-22.5,"axis":"x","origin":[4.25,10.5,9.5]},"faces":{"north":{"uv":[0,0,2,0.5],"texture":"#anvil"},"east":{"uv":[0,0,0.5,0.5],"texture":"#anvil"},"south":{"uv":[0,0,2,0.5],"texture":"#anvil"},"west":{"uv":[0,0,0.5,0.5],"texture":"#anvil"},"up":{"uv":[0,0,2,0.5],"texture":"#anvil"},"down":{"uv":[0,0,2,0.5],"texture":"#anvil"}}},{"from":[4.25,10.5,9.5],"to":[6.25,12.75,10],"faces":{"north":{"uv":[0,0,2,2.25],"texture":"#anvil"},"east":{"uv":[0,0,0.5,2.25],"texture":"#anvil"},"south":{"uv":[0,0,2,2.25],"texture":"#anvil"},"west":{"uv":[0,0,0.5,2.25],"texture":"#anvil"},"up":{"uv":[0,0,2,0.5],"texture":"#anvil"},"down":{"uv":[0,0,2,0.5],"texture":"#anvil"}}},{"from":[4.5,9.5,10.25],"to":[6,10.25,10.5],"faces":{"north":{"uv":[10.5,0,16,0],"texture":"#stone_slab_top"},"east":{"uv":[3,0,3.5,0],"texture":"#stone_slab_top"},"south":{"uv":[0,0,5.5,0],"texture":"#stone_slab_top"},"west":{"uv":[12.5,0,13,0],"texture":"#stone_slab_top"},"up":{"uv":[0,12.5,5.5,13],"texture":"#stone_slab_top"},"down":{"uv":[16,13,10.5,12.5],"texture":"#stone_slab_top"}}},{"from":[3.5,3.5,7.25],"to":[7,4,9],"faces":{"north":{"uv":[10,8,16,9],"texture":"#stone_slab_top"},"east":{"uv":[6,8,9.5,9],"texture":"#stone_slab_top"},"south":{"uv":[0,8,6,9],"texture":"#stone_slab_top"},"west":{"uv":[6.5,8,10,9],"texture":"#stone_slab_top"},"up":{"uv":[0,6.5,6,10],"texture":"#stone_slab_top"},"down":{"uv":[16,10,10,6.5],"texture":"#stone_slab_top"}}},{"from":[3.25,3.8125,6.0625],"to":[5,4.3125,6.5625],"rotation":{"angle":-22.5,"axis":"x","origin":[3.25,4.3125,6.0625]},"faces":{"north":{"uv":[0,0,1.75,0.5],"texture":"#anvil"},"east":{"uv":[0,0,0.5,0.5],"texture":"#anvil"},"south":{"uv":[0,0,1.75,0.5],"texture":"#anvil"},"west":{"uv":[0,0,0.5,0.5],"texture":"#anvil"},"up":{"uv":[0,0,1.75,0.5],"texture":"#anvil"},"down":{"uv":[0,0,1.75,0.5],"texture":"#anvil"}}},{"from":[11,3.8125,6.03125],"to":[12.75,4.3125,6.53125],"rotation":{"angle":-22.5,"axis":"x","origin":[11,4.3125,6.03125]},"faces":{"north":{"uv":[0,0,1.75,0.5],"texture":"#anvil"},"east":{"uv":[0,0,0.5,0.5],"texture":"#anvil"},"south":{"uv":[0,0,1.75,0.5],"texture":"#anvil"},"west":{"uv":[0,0,0.5,0.5],"texture":"#anvil"},"up":{"uv":[0,0,1.75,0.5],"texture":"#anvil"},"down":{"uv":[0,0,1.75,0.5],"texture":"#anvil"}}},{"from":[8.75,4.06066,9.35355],"to":[12.75,5.06066,9.85355],"rotation":{"angle":45,"axis":"x","origin":[8.75,5.06066,9.35355]},"faces":{"north":{"uv":[0,0,4,1],"texture":"#anvil"},"east":{"uv":[0,0,0.5,1],"texture":"#anvil"},"south":{"uv":[0,0,4,1],"texture":"#anvil"},"west":{"uv":[0,0,0.5,1],"texture":"#anvil"},"up":{"uv":[0,0,4,0.5],"texture":"#anvil"},"down":{"uv":[0,0,4,0.5],"texture":"#anvil"}}},{"from":[9.25,8.5,9.75],"to":[12.25,10.25,10.25],"faces":{"north":{"uv":[0,0,3,2.25],"texture":"#anvil"},"east":{"uv":[0,0,0.5,2.25],"texture":"#anvil"},"south":{"uv":[0,0,3,2.25],"texture":"#anvil"},"west":{"uv":[0,0,0.5,2.25],"texture":"#anvil"},"up":{"uv":[0,0,3,0.5],"texture":"#anvil"},"down":{"uv":[0,0,3,0.5],"texture":"#anvil"}}},{"from":[9.75,10.5,9.5],"to":[11.75,12.75,10],"faces":{"north":{"uv":[0,0,2,2.25],"texture":"#anvil"},"east":{"uv":[0,0,0.5,2.25],"texture":"#anvil"},"south":{"uv":[0,0,2,2.25],"texture":"#anvil"},"west":{"uv":[0,0,0.5,2.25],"texture":"#anvil"},"up":{"uv":[0,0,2,0.5],"texture":"#anvil"},"down":{"uv":[0,0,2,0.5],"texture":"#anvil"}}},{"from":[4.25,10.25,10],"to":[6.25,12,10.75],"faces":{"north":{"uv":[0,0,1,1],"texture":"#stone_slab_top"},"east":{"uv":[0,0,1,1],"texture":"#stone_slab_top"},"south":{"uv":[0,0,1,1],"texture":"#stone_slab_top"},"west":{"uv":[0,0,1,1],"texture":"#stone_slab_top"},"up":{"uv":[0,0,1,1],"texture":"#stone_slab_top"},"down":{"uv":[0,0,1,1],"texture":"#stone_slab_top"}}},{"from":[4.5,11.1875,9.5],"to":[6,12.1875,10.25],"rotation":{"angle":-45,"axis":"x","origin":[4.5,12.1875,9.5]},"faces":{"north":{"uv":[0,0,1,1],"texture":"#stone_slab_top"},"east":{"uv":[0,0,1,1],"texture":"#stone_slab_top"},"south":{"uv":[0,0,1,1],"texture":"#stone_slab_top"},"west":{"uv":[0,0,1,1],"texture":"#stone_slab_top"},"up":{"uv":[0,0,1,1],"texture":"#stone_slab_top"},"down":{"uv":[0,0,1,1],"texture":"#stone_slab_top"}}},{"from":[4.25,9.6875,10.2813],"to":[6.25,10.4375,10.7813],"rotation":{"angle":22.5,"axis":"x","origin":[4.25,10.4375,10.2813]},"faces":{"north":{"uv":[0,0,2,0.75],"texture":"#stone_slab_top"},"east":{"uv":[0,0,0.5,0.75],"texture":"#stone_slab_top"},"south":{"uv":[0,0,2,0.75],"texture":"#stone_slab_top"},"west":{"uv":[0,0,0.5,0.75],"texture":"#stone_slab_top"},"up":{"uv":[0,0,2,0.5],"texture":"#stone_slab_top"},"down":{"uv":[0,0,2,0.5],"texture":"#stone_slab_top"}}},{"from":[3,4,8],"to":[3.5,5,9.5],"rotation":{"angle":-45,"axis":"x","origin":[3,5,8]},"faces":{"north":{"uv":[0,0,0.5,1],"texture":"#anvil"},"east":{"uv":[0,0,1.5,1],"texture":"#anvil"},"south":{"uv":[0,0,0.5,1],"texture":"#anvil"},"west":{"uv":[0,0,1.5,1],"texture":"#anvil"},"up":{"uv":[0,0,0.5,1.5],"texture":"#anvil"},"down":{"uv":[0,0,0.5,1.5],"texture":"#anvil"}}},{"from":[7,4,8],"to":[7.5,5,9.5],"rotation":{"angle":-45,"axis":"x","origin":[7,5,8]},"faces":{"north":{"uv":[0,0,0.5,1],"texture":"#anvil"},"east":{"uv":[0,0,1.5,1],"texture":"#anvil"},"south":{"uv":[0,0,0.5,1],"texture":"#anvil"},"west":{"uv":[0,0,1.5,1],"texture":"#anvil"},"up":{"uv":[0,0,0.5,1.5],"texture":"#anvil"},"down":{"uv":[0,0,0.5,1.5],"texture":"#anvil"}}},{"from":[8.5,4,8],"to":[9,5,9.5],"rotation":{"angle":-45,"axis":"x","origin":[8.5,5,8]},"faces":{"north":{"uv":[0,0,0.5,1],"texture":"#anvil"},"east":{"uv":[0,0,1.5,1],"texture":"#anvil"},"south":{"uv":[0,0,0.5,1],"texture":"#anvil"},"west":{"uv":[0,0,1.5,1],"texture":"#anvil"},"up":{"uv":[0,0,0.5,1.5],"texture":"#anvil"},"down":{"uv":[0,0,0.5,1.5],"texture":"#anvil"}}},{"from":[12.5,4,8],"to":[13,5,9.5],"rotation":{"angle":-45,"axis":"x","origin":[12.5,5,8]},"faces":{"north":{"uv":[0,0,0.5,1],"texture":"#anvil"},"east":{"uv":[0,0,1.5,1],"texture":"#anvil"},"south":{"uv":[0,0,0.5,1],"texture":"#anvil"},"west":{"uv":[0,0,1.5,1],"texture":"#anvil"},"up":{"uv":[0,0,0.5,1.5],"texture":"#anvil"},"down":{"uv":[0,0,0.5,1.5],"texture":"#anvil"}}},{"from":[9.75,10.25,10],"to":[11.75,12,10.75],"faces":{"north":{"uv":[0,0,1,1],"texture":"#stone_slab_top"},"east":{"uv":[0,0,1,1],"texture":"#stone_slab_top"},"south":{"uv":[0,0,1,1],"texture":"#stone_slab_top"},"west":{"uv":[0,0,1,1],"texture":"#stone_slab_top"},"up":{"uv":[0,0,1,1],"texture":"#stone_slab_top"},"down":{"uv":[0,0,1,1],"texture":"#stone_slab_top"}}},{"from":[10,11.1875,9.5],"to":[11.5,12.1875,10.25],"rotation":{"angle":-45,"axis":"x","origin":[10,12.1875,9.5]},"faces":{"north":{"uv":[0,0,1,1],"texture":"#stone_slab_top"},"east":{"uv":[0,0,1,1],"texture":"#stone_slab_top"},"south":{"uv":[0,0,1,1],"texture":"#stone_slab_top"},"west":{"uv":[0,0,1,1],"texture":"#stone_slab_top"},"up":{"uv":[0,0,1,1],"texture":"#stone_slab_top"},"down":{"uv":[0,0,1,1],"texture":"#stone_slab_top"}}},{"from":[9.75,9.75,10.2813],"to":[11.75,10.5,10.7813],"rotation":{"angle":22.5,"axis":"x","origin":[9.75,10.5,10.2813]},"faces":{"north":{"uv":[0,0,2,0.75],"texture":"#stone_slab_top"},"east":{"uv":[0,0,0.5,0.75],"texture":"#stone_slab_top"},"south":{"uv":[0,0,2,0.75],"texture":"#stone_slab_top"},"west":{"uv":[0,0,0.5,0.75],"texture":"#stone_slab_top"},"up":{"uv":[0,0,2,0.5],"texture":"#stone_slab_top"},"down":{"uv":[0,0,2,0.5],"texture":"#stone_slab_top"}}},{"from":[10,9.5,10.25],"to":[11.5,10.25,10.5],"faces":{"north":{"uv":[10.5,0,16,0],"texture":"#stone_slab_top"},"east":{"uv":[3,0,3.5,0],"texture":"#stone_slab_top"},"south":{"uv":[0,0,5.5,0],"texture":"#stone_slab_top"},"west":{"uv":[12.5,0,13,0],"texture":"#stone_slab_top"},"up":{"uv":[0,12.5,5.5,13],"texture":"#stone_slab_top"},"down":{"uv":[16,13,10.5,12.5],"texture":"#stone_slab_top"}}},{"from":[14,4,8],"to":[14.5,5,9.5],"rotation":{"angle":-45,"axis":"x","origin":[14,5,8]},"faces":{"north":{"uv":[0,0,0.5,1],"texture":"#anvil"},"east":{"uv":[0,0,1.5,1],"texture":"#anvil"},"south":{"uv":[0,0,0.5,1],"texture":"#anvil"},"west":{"uv":[0,0,1.5,1],"texture":"#anvil"},"up":{"uv":[0,0,0.5,1.5],"texture":"#anvil"},"down":{"uv":[0,0,0.5,1.5],"texture":"#anvil"}}},{"from":[18,4,8],"to":[18.5,5,9.5],"rotation":{"angle":-45,"axis":"x","origin":[18,5,8]},"faces":{"north":{"uv":[0,0,0.5,1],"texture":"#anvil"},"east":{"uv":[0,0,1.5,1],"texture":"#anvil"},"south":{"uv":[0,0,0.5,1],"texture":"#anvil"},"west":{"uv":[0,0,1.5,1],"texture":"#anvil"},"up":{"uv":[0,0,0.5,1.5],"texture":"#anvil"},"down":{"uv":[0,0,0.5,1.5],"texture":"#anvil"}}},{"from":[16.5,3.8125,6.03125],"to":[18.25,4.3125,6.53125],"rotation":{"angle":-22.5,"axis":"x","origin":[16.5,4.3125,6.03125]},"faces":{"north":{"uv":[0,0,1.75,0.5],"texture":"#anvil"},"east":{"uv":[0,0,0.5,0.5],"texture":"#anvil"},"south":{"uv":[0,0,1.75,0.5],"texture":"#anvil"},"west":{"uv":[0,0,0.5,0.5],"texture":"#anvil"},"up":{"uv":[0,0,1.75,0.5],"texture":"#anvil"},"down":{"uv":[0,0,1.75,0.5],"texture":"#anvil"}}},{"from":[14.25,3.8125,6.0625],"to":[16,4.3125,6.5625],"rotation":{"angle":-22.5,"axis":"x","origin":[14.25,4.3125,6.0625]},"faces":{"north":{"uv":[0,0,1.75,0.5],"texture":"#anvil"},"east":{"uv":[0,0,0.5,0.5],"texture":"#anvil"},"south":{"uv":[0,0,1.75,0.5],"texture":"#anvil"},"west":{"uv":[0,0,0.5,0.5],"texture":"#anvil"},"up":{"uv":[0,0,1.75,0.5],"texture":"#anvil"},"down":{"uv":[0,0,1.75,0.5],"texture":"#anvil"}}},{"from":[10.5,4.28125,6.8125],"to":[11,4.78125,7.5625],"rotation":{"angle":22.5,"axis":"x","origin":[10.5,4.78125,6.8125]},"faces":{"north":{"uv":[0,0,0.5,0.5],"texture":"#anvil"},"east":{"uv":[0,0,0.75,0.5],"texture":"#anvil"},"south":{"uv":[0,0,0.5,0.5],"texture":"#anvil"},"west":{"uv":[0,0,0.75,0.5],"texture":"#anvil"},"up":{"uv":[0,0,0.5,0.75],"texture":"#anvil"},"down":{"uv":[0,0,0.5,0.75],"texture":"#anvil"}}},{"from":[14.25,4.06066,9.35355],"to":[18.25,5.06066,9.85355],"rotation":{"angle":45,"axis":"x","origin":[14.25,5.06066,9.35355]},"faces":{"north":{"uv":[0,0,4,1],"texture":"#anvil"},"east":{"uv":[0,0,0.5,1],"texture":"#anvil"},"south":{"uv":[0,0,4,1],"texture":"#anvil"},"west":{"uv":[0,0,0.5,1],"texture":"#anvil"},"up":{"uv":[0,0,4,0.5],"texture":"#anvil"},"down":{"uv":[0,0,4,0.5],"texture":"#anvil"}}},{"from":[14.25,4.8033,9.72352],"to":[18.25,6.2283,10.22352],"rotation":{"angle":22.5,"axis":"x","origin":[14.25,6.0533,9.72352]},"faces":{"north":{"uv":[0,0,4,1.25],"texture":"#anvil"},"east":{"uv":[0,0,0.5,1.25],"texture":"#anvil"},"south":{"uv":[0,0,4,1.25],"texture":"#anvil"},"west":{"uv":[0,0,0.5,1.25],"texture":"#anvil"},"up":{"uv":[0,0,4,0.5],"texture":"#anvil"},"down":{"uv":[0,0,4,0.5],"texture":"#anvil"}}},{"from":[15.25,10.5,9.5],"to":[17.25,12.75,10],"faces":{"north":{"uv":[0,0,2,2.25],"texture":"#anvil"},"east":{"uv":[0,0,0.5,2.25],"texture":"#anvil"},"south":{"uv":[0,0,2,2.25],"texture":"#anvil"},"west":{"uv":[0,0,0.5,2.25],"texture":"#anvil"},"up":{"uv":[0,0,2,0.5],"texture":"#anvil"},"down":{"uv":[0,0,2,0.5],"texture":"#anvil"}}},{"from":[11.52269,8.15642,9.7501],"to":[12.02269,10.00642,10.2501],"rotation":{"angle":22.5,"axis":"z","origin":[11.52269,10.15642,9.7501]},"faces":{"north":{"uv":[0,0,0.5,2],"texture":"#anvil"},"east":{"uv":[0,0,0.5,2],"texture":"#anvil"},"south":{"uv":[0,0,0.5,2],"texture":"#anvil"},"west":{"uv":[0,0,0.5,2],"texture":"#anvil"},"up":{"uv":[0,0,0.5,0.5],"texture":"#anvil"},"down":{"uv":[0,0,0.5,0.5],"texture":"#anvil"}}},{"from":[14.75,8.5,9.75],"to":[17.75,10.25,10.25],"faces":{"north":{"uv":[0,0,3,2.25],"texture":"#anvil"},"east":{"uv":[0,0,0.5,2.25],"texture":"#anvil"},"south":{"uv":[0,0,3,2.25],"texture":"#anvil"},"west":{"uv":[0,0,0.5,2.25],"texture":"#anvil"},"up":{"uv":[0,0,3,0.5],"texture":"#anvil"},"down":{"uv":[0,0,3,0.5],"texture":"#anvil"}}},{"from":[17.02269,8.15642,9.7501],"to":[17.52269,10.00642,10.2501],"rotation":{"angle":22.5,"axis":"z","origin":[17.02269,10.15642,9.7501]},"faces":{"north":{"uv":[0,0,0.5,2],"texture":"#anvil"},"east":{"uv":[0,0,0.5,2],"texture":"#anvil"},"south":{"uv":[0,0,0.5,2],"texture":"#anvil"},"west":{"uv":[0,0,0.5,2],"texture":"#anvil"},"up":{"uv":[0,0,0.5,0.5],"texture":"#anvil"},"down":{"uv":[0,0,0.5,0.5],"texture":"#anvil"}}},{"from":[14.25,6.02364,9.75],"to":[18.25,8.5,10.25243],"faces":{"north":{"uv":[0,0,4,2.75],"texture":"#anvil"},"east":{"uv":[0,0,0.5,2.75],"texture":"#anvil"},"south":{"uv":[0,0,4,2.75],"texture":"#anvil"},"west":{"uv":[0,0,0.5,2.75],"texture":"#anvil"},"up":{"uv":[0,0,4,0.5],"texture":"#anvil"},"down":{"uv":[0,0,4,0.5],"texture":"#anvil"}}},{"from":[15.25,10,9.5],"to":[17.25,10.5,10],"rotation":{"angle":-22.5,"axis":"x","origin":[15.25,10.5,9.5]},"faces":{"north":{"uv":[0,0,2,0.5],"texture":"#anvil"},"east":{"uv":[0,0,0.5,0.5],"texture":"#anvil"},"south":{"uv":[0,0,2,0.5],"texture":"#anvil"},"west":{"uv":[0,0,0.5,0.5],"texture":"#anvil"},"up":{"uv":[0,0,2,0.5],"texture":"#anvil"},"down":{"uv":[0,0,2,0.5],"texture":"#anvil"}}},{"from":[15.5,9.5,10.25],"to":[17,10.25,10.5],"faces":{"north":{"uv":[10.5,0,16,0],"texture":"#stone_slab_top"},"east":{"uv":[3,0,3.5,0],"texture":"#stone_slab_top"},"south":{"uv":[0,0,5.5,0],"texture":"#stone_slab_top"},"west":{"uv":[12.5,0,13,0],"texture":"#stone_slab_top"},"up":{"uv":[0,12.5,5.5,13],"texture":"#stone_slab_top"},"down":{"uv":[16,13,10.5,12.5],"texture":"#stone_slab_top"}}},{"from":[15.25,9.75,10.2813],"to":[17.25,10.5,10.7813],"rotation":{"angle":22.5,"axis":"x","origin":[15.25,10.5,10.2813]},"faces":{"north":{"uv":[0,0,2,0.75],"texture":"#stone_slab_top"},"east":{"uv":[0,0,0.5,0.75],"texture":"#stone_slab_top"},"south":{"uv":[0,0,2,0.75],"texture":"#stone_slab_top"},"west":{"uv":[0,0,0.5,0.75],"texture":"#stone_slab_top"},"up":{"uv":[0,0,2,0.5],"texture":"#stone_slab_top"},"down":{"uv":[0,0,2,0.5],"texture":"#stone_slab_top"}}},{"from":[14.5,3.5,7.25],"to":[18,4,9],"faces":{"north":{"uv":[0,0,1,1],"texture":"#stone_slab_top"},"east":{"uv":[0,0,1,1],"texture":"#stone_slab_top"},"south":{"uv":[0,0,1,1],"texture":"#stone_slab_top"},"west":{"uv":[0,0,1,1],"texture":"#stone_slab_top"},"up":{"uv":[0,0,1,1],"texture":"#stone_slab_top"},"down":{"uv":[0,0,1,1],"texture":"#stone_slab_top"}}},{"from":[14.25,4,6.5],"to":[18.25,4.5,9],"faces":{"north":{"uv":[0,0,4,0.5],"texture":"#anvil"},"east":{"uv":[0,0,2.5,0.5],"texture":"#anvil"},"south":{"uv":[0,0,4,0.5],"texture":"#anvil"},"west":{"uv":[0,0,2.5,0.5],"texture":"#anvil"},"up":{"uv":[0,0,4,2.5],"texture":"#anvil"},"down":{"uv":[0,0,4,2.5],"texture":"#anvil"}}},{"from":[-1.75,8.5,9.75],"to":[1.25,10.25,10.25],"faces":{"north":{"uv":[0,0,3,2.25],"texture":"#anvil"},"east":{"uv":[0,0,0.5,2.25],"texture":"#anvil"},"south":{"uv":[0,0,3,2.25],"texture":"#anvil"},"west":{"uv":[0,0,0.5,2.25],"texture":"#anvil"},"up":{"uv":[0,0,3,0.5],"texture":"#anvil"},"down":{"uv":[0,0,3,0.5],"texture":"#anvil"}}},{"from":[15.5,11.1875,9.5],"to":[17,12.1875,10.25],"rotation":{"angle":-45,"axis":"x","origin":[15.5,12.1875,9.5]},"faces":{"north":{"uv":[0,0,1,1],"texture":"#stone_slab_top"},"east":{"uv":[0,0,1,1],"texture":"#stone_slab_top"},"south":{"uv":[0,0,1,1],"texture":"#stone_slab_top"},"west":{"uv":[0,0,1,1],"texture":"#stone_slab_top"},"up":{"uv":[0,0,1,1],"texture":"#stone_slab_top"},"down":{"uv":[0,0,1,1],"texture":"#stone_slab_top"}}},{"from":[15.25,10.25,10],"to":[17.25,12,10.75],"faces":{"north":{"uv":[0,0,1,1],"texture":"#stone_slab_top"},"east":{"uv":[0,0,1,1],"texture":"#stone_slab_top"},"south":{"uv":[0,0,1,1],"texture":"#stone_slab_top"},"west":{"uv":[0,0,1,1],"texture":"#stone_slab_top"},"up":{"uv":[0,0,1,1],"texture":"#stone_slab_top"},"down":{"uv":[0,0,1,1],"texture":"#stone_slab_top"}}},{"from":[-7.25,8.5,9.75],"to":[-4.25,10.25,10.25],"faces":{"north":{"uv":[0,0,3,2.25],"texture":"#anvil"},"east":{"uv":[0,0,0.5,2.25],"texture":"#anvil"},"south":{"uv":[0,0,3,2.25],"texture":"#anvil"},"west":{"uv":[0,0,0.5,2.25],"texture":"#anvil"},"up":{"uv":[0,0,3,0.5],"texture":"#anvil"},"down":{"uv":[0,0,3,0.5],"texture":"#anvil"}}},{"from":[-1.48463,8.34776,9.7501],"to":[-0.98463,10.19776,10.2501],"rotation":{"angle":-22.5,"axis":"z","origin":[-1.48463,10.34776,9.7501]},"faces":{"north":{"uv":[0,0,0.5,2],"texture":"#anvil"},"east":{"uv":[0,0,0.5,2],"texture":"#anvil"},"south":{"uv":[0,0,0.5,2],"texture":"#anvil"},"west":{"uv":[0,0,0.5,2],"texture":"#anvil"},"up":{"uv":[0,0,0.5,0.5],"texture":"#anvil"},"down":{"uv":[0,0,0.5,0.5],"texture":"#anvil"}}},{"from":[-6.98463,8.34776,9.7501],"to":[-6.48463,10.19776,10.2501],"rotation":{"angle":-22.5,"axis":"z","origin":[-6.98463,10.34776,9.7501]},"faces":{"north":{"uv":[0,0,0.5,2],"texture":"#anvil"},"east":{"uv":[0,0,0.5,2],"texture":"#anvil"},"south":{"uv":[0,0,0.5,2],"texture":"#anvil"},"west":{"uv":[0,0,0.5,2],"texture":"#anvil"},"up":{"uv":[0,0,0.5,0.5],"texture":"#anvil"},"down":{"uv":[0,0,0.5,0.5],"texture":"#anvil"}}},{"from":[-4.97731,8.15642,9.7501],"to":[-4.47731,10.00642,10.2501],"rotation":{"angle":22.5,"axis":"z","origin":[-4.97731,10.15642,9.7501]},"faces":{"north":{"uv":[0,0,0.5,2],"texture":"#anvil"},"east":{"uv":[0,0,0.5,2],"texture":"#anvil"},"south":{"uv":[0,0,0.5,2],"texture":"#anvil"},"west":{"uv":[0,0,0.5,2],"texture":"#anvil"},"up":{"uv":[0,0,0.5,0.5],"texture":"#anvil"},"down":{"uv":[0,0,0.5,0.5],"texture":"#anvil"}}},{"from":[0.52269,8.15642,9.7501],"to":[1.02269,10.00642,10.2501],"rotation":{"angle":22.5,"axis":"z","origin":[0.52269,10.15642,9.7501]},"faces":{"north":{"uv":[0,0,0.5,2],"texture":"#anvil"},"east":{"uv":[0,0,0.5,2],"texture":"#anvil"},"south":{"uv":[0,0,0.5,2],"texture":"#anvil"},"west":{"uv":[0,0,0.5,2],"texture":"#anvil"},"up":{"uv":[0,0,0.5,0.5],"texture":"#anvil"},"down":{"uv":[0,0,0.5,0.5],"texture":"#anvil"}}},{"from":[-7.75,6.02364,9.75],"to":[-3.75,8.5,10.25243],"faces":{"north":{"uv":[0,0,4,2.75],"texture":"#anvil"},"east":{"uv":[0,0,0.5,2.75],"texture":"#anvil"},"south":{"uv":[0,0,4,2.75],"texture":"#anvil"},"west":{"uv":[0,0,0.5,2.75],"texture":"#anvil"},"up":{"uv":[0,0,4,0.5],"texture":"#anvil"},"down":{"uv":[0,0,4,0.5],"texture":"#anvil"}}},{"from":[-2.25,6.02364,9.75],"to":[1.75,8.5,10.25243],"faces":{"north":{"uv":[0,0,4,2.75],"texture":"#anvil"},"east":{"uv":[0,0,0.5,2.75],"texture":"#anvil"},"south":{"uv":[0,0,4,2.75],"texture":"#anvil"},"west":{"uv":[0,0,0.5,2.75],"texture":"#anvil"},"up":{"uv":[0,0,4,0.5],"texture":"#anvil"},"down":{"uv":[0,0,4,0.5],"texture":"#anvil"}}},{"from":[-2.25,4.8033,9.72352],"to":[1.75,6.2283,10.22352],"rotation":{"angle":22.5,"axis":"x","origin":[-2.25,6.0533,9.72352]},"faces":{"north":{"uv":[0,0,4,1.25],"texture":"#anvil"},"east":{"uv":[0,0,0.5,1.25],"texture":"#anvil"},"south":{"uv":[0,0,4,1.25],"texture":"#anvil"},"west":{"uv":[0,0,0.5,1.25],"texture":"#anvil"},"up":{"uv":[0,0,4,0.5],"texture":"#anvil"},"down":{"uv":[0,0,4,0.5],"texture":"#anvil"}}},{"from":[1.5,4,8],"to":[2,5,9.5],"rotation":{"angle":-45,"axis":"x","origin":[1.5,5,8]},"faces":{"north":{"uv":[0,0,0.5,1],"texture":"#anvil"},"east":{"uv":[0,0,1.5,1],"texture":"#anvil"},"south":{"uv":[0,0,0.5,1],"texture":"#anvil"},"west":{"uv":[0,0,1.5,1],"texture":"#anvil"},"up":{"uv":[0,0,0.5,1.5],"texture":"#anvil"},"down":{"uv":[0,0,0.5,1.5],"texture":"#anvil"}}},{"from":[-2.5,4,8],"to":[-2,5,9.5],"rotation":{"angle":-45,"axis":"x","origin":[-2.5,5,8]},"faces":{"north":{"uv":[0,0,0.5,1],"texture":"#anvil"},"east":{"uv":[0,0,1.5,1],"texture":"#anvil"},"south":{"uv":[0,0,0.5,1],"texture":"#anvil"},"west":{"uv":[0,0,1.5,1],"texture":"#anvil"},"up":{"uv":[0,0,0.5,1.5],"texture":"#anvil"},"down":{"uv":[0,0,0.5,1.5],"texture":"#anvil"}}},{"from":[-4,4,8],"to":[-3.5,5,9.5],"rotation":{"angle":-45,"axis":"x","origin":[-4,5,8]},"faces":{"north":{"uv":[0,0,0.5,1],"texture":"#anvil"},"east":{"uv":[0,0,1.5,1],"texture":"#anvil"},"south":{"uv":[0,0,0.5,1],"texture":"#anvil"},"west":{"uv":[0,0,1.5,1],"texture":"#anvil"},"up":{"uv":[0,0,0.5,1.5],"texture":"#anvil"},"down":{"uv":[0,0,0.5,1.5],"texture":"#anvil"}}},{"from":[-8,4,8],"to":[-7.5,5,9.5],"rotation":{"angle":-45,"axis":"x","origin":[-8,5,8]},"faces":{"north":{"uv":[0,0,0.5,1],"texture":"#anvil"},"east":{"uv":[0,0,1.5,1],"texture":"#anvil"},"south":{"uv":[0,0,0.5,1],"texture":"#anvil"},"west":{"uv":[0,0,1.5,1],"texture":"#anvil"},"up":{"uv":[0,0,0.5,1.5],"texture":"#anvil"},"down":{"uv":[0,0,0.5,1.5],"texture":"#anvil"}}},{"from":[-7.75,4.8033,9.72352],"to":[-3.75,6.2283,10.22352],"rotation":{"angle":22.5,"axis":"x","origin":[-7.75,6.0533,9.72352]},"faces":{"north":{"uv":[0,0,4,1.25],"texture":"#anvil"},"east":{"uv":[0,0,0.5,1.25],"texture":"#anvil"},"south":{"uv":[0,0,4,1.25],"texture":"#anvil"},"west":{"uv":[0,0,0.5,1.25],"texture":"#anvil"},"up":{"uv":[0,0,4,0.5],"texture":"#anvil"},"down":{"uv":[0,0,4,0.5],"texture":"#anvil"}}},{"from":[-2.25,4,6.5],"to":[1.75,4.5,9],"faces":{"north":{"uv":[0,0,4,0.5],"texture":"#anvil"},"east":{"uv":[0,0,2.5,0.5],"texture":"#anvil"},"south":{"uv":[0,0,4,0.5],"texture":"#anvil"},"west":{"uv":[0,0,2.5,0.5],"texture":"#anvil"},"up":{"uv":[0,0,4,2.5],"texture":"#anvil"},"down":{"uv":[0,0,4,2.5],"texture":"#anvil"}}},{"from":[-7.75,4,6.5],"to":[-3.75,4.5,9],"faces":{"north":{"uv":[0,0,4,0.5],"texture":"#anvil"},"east":{"uv":[0,0,2.5,0.5],"texture":"#anvil"},"south":{"uv":[0,0,4,0.5],"texture":"#anvil"},"west":{"uv":[0,0,2.5,0.5],"texture":"#anvil"},"up":{"uv":[0,0,4,2.5],"texture":"#anvil"},"down":{"uv":[0,0,4,2.5],"texture":"#anvil"}}},{"from":[-2.25,3.99816,9.35355],"to":[1.75,4.99816,9.85355],"rotation":{"angle":45,"axis":"x","origin":[-2.25,4.99816,9.35355]},"faces":{"north":{"uv":[0,0,4,1],"texture":"#anvil"},"east":{"uv":[0,0,0.5,1],"texture":"#anvil"},"south":{"uv":[0,0,4,1],"texture":"#anvil"},"west":{"uv":[0,0,0.5,1],"texture":"#anvil"},"up":{"uv":[0,0,4,0.5],"texture":"#anvil"},"down":{"uv":[0,0,4,0.5],"texture":"#anvil"}}},{"from":[-7.75,4.06066,9.35355],"to":[-3.75,5.06066,9.85355],"rotation":{"angle":45,"axis":"x","origin":[-7.75,5.06066,9.35355]},"faces":{"north":{"uv":[0,0,4,1],"texture":"#anvil"},"east":{"uv":[0,0,0.5,1],"texture":"#anvil"},"south":{"uv":[0,0,4,1],"texture":"#anvil"},"west":{"uv":[0,0,0.5,1],"texture":"#anvil"},"up":{"uv":[0,0,4,0.5],"texture":"#anvil"},"down":{"uv":[0,0,4,0.5],"texture":"#anvil"}}},{"from":[-2,3.5,7.25],"to":[1.5,4,9],"faces":{"north":{"uv":[10,8,16,9],"texture":"#stone_slab_top"},"east":{"uv":[6,8,9.5,9],"texture":"#stone_slab_top"},"south":{"uv":[0,8,6,9],"texture":"#stone_slab_top"},"west":{"uv":[6.5,8,10,9],"texture":"#stone_slab_top"},"up":{"uv":[0,6.5,6,10],"texture":"#stone_slab_top"},"down":{"uv":[16,10,10,6.5],"texture":"#stone_slab_top"}}},{"from":[-7.5,3.5,7.25],"to":[-4.25,4,9],"faces":{"north":{"uv":[0,0,1,1],"texture":"#stone_slab_top"},"east":{"uv":[0,0,1,1],"texture":"#stone_slab_top"},"south":{"uv":[0,0,1,1],"texture":"#stone_slab_top"},"west":{"uv":[0,0,1,1],"texture":"#stone_slab_top"},"up":{"uv":[0,0,1,1],"texture":"#stone_slab_top"},"down":{"uv":[0,0,1,1],"texture":"#stone_slab_top"}}},{"from":[-7,4,10],"to":[17.5,10.275,11.25],"faces":{"north":{"uv":[0,0,1,1],"texture":"#stone_slab_top"},"east":{"uv":[0,0,1,1],"texture":"#stone_slab_top"},"south":{"uv":[0,0,1,1],"texture":"#stone_slab_top"},"west":{"uv":[0,0,1,1],"texture":"#stone_slab_top"},"up":{"uv":[0,0,1,1],"texture":"#stone_slab_top"},"down":{"uv":[0,0,1,1],"texture":"#stone_slab_top"}}},{"from":[-7,2.76244,10.01256],"to":[17.5,5.23744,11.76256],"rotation":{"angle":45,"axis":"x","origin":[-7,5.23744,10.01256]},"faces":{"north":{"uv":[0,0,1,1],"texture":"#stone_slab_top"},"east":{"uv":[0,0,1,1],"texture":"#stone_slab_top"},"south":{"uv":[0,0,1,1],"texture":"#stone_slab_top"},"west":{"uv":[0,0,1,1],"texture":"#stone_slab_top"},"up":{"uv":[0,0,1,1],"texture":"#stone_slab_top"},"down":{"uv":[0,0,1,1],"texture":"#stone_slab_top"}}},{"from":[-7,2.5,9.75],"to":[17.5,4.25,10.75],"rotation":{"angle":22.5,"axis":"x","origin":[-7,4.25,9.75]},"faces":{"north":{"uv":[0,0,1,1],"texture":"#stone_slab_top"},"east":{"uv":[0,0,1,1],"texture":"#stone_slab_top"},"south":{"uv":[0,0,1,1],"texture":"#stone_slab_top"},"west":{"uv":[0,0,1,1],"texture":"#stone_slab_top"},"up":{"uv":[0,0,1,1],"texture":"#stone_slab_top"},"down":{"uv":[0,0,1,1],"texture":"#stone_slab_top"}}},{"from":[-7,2.25,7.25],"to":[17.5,3.75,10],"faces":{"north":{"uv":[0,0,1,1],"texture":"#stone_slab_top"},"east":{"uv":[0,0,1,1],"texture":"#stone_slab_top"},"south":{"uv":[0,0,1,1],"texture":"#stone_slab_top"},"west":{"uv":[0,0,1,1],"texture":"#stone_slab_top"},"up":{"uv":[0,0,1,1],"texture":"#stone_slab_top"},"down":{"uv":[0,0,1,1],"texture":"#stone_slab_top"}}},{"from":[-7,2.27356,6.5],"to":[17.5,4.02356,7.5],"rotation":{"angle":-22.5,"axis":"x","origin":[-7,4.02356,6.5]},"faces":{"north":{"uv":[0,0,1,1],"texture":"#stone_slab_top"},"east":{"uv":[0,0,1,1],"texture":"#stone_slab_top"},"south":{"uv":[0,0,1,1],"texture":"#stone_slab_top"},"west":{"uv":[0,0,1,1],"texture":"#stone_slab_top"},"up":{"uv":[0,0,1,1],"texture":"#stone_slab_top"},"down":{"uv":[0,0,1,1],"texture":"#stone_slab_top"}}},{"from":[-1.25,10.5,9.5],"to":[0.75,12.75,10],"faces":{"north":{"uv":[0,0,2,2.25],"texture":"#anvil"},"east":{"uv":[0,0,0.5,2.25],"texture":"#anvil"},"south":{"uv":[0,0,2,2.25],"texture":"#anvil"},"west":{"uv":[0,0,0.5,2.25],"texture":"#anvil"},"up":{"uv":[0,0,2,0.5],"texture":"#anvil"},"down":{"uv":[0,0,2,0.5],"texture":"#anvil"}}},{"from":[-6.75,10.5,9.5],"to":[-4.75,12.75,10],"faces":{"north":{"uv":[0,0,2,2.25],"texture":"#anvil"},"east":{"uv":[0,0,0.5,2.25],"texture":"#anvil"},"south":{"uv":[0,0,2,2.25],"texture":"#anvil"},"west":{"uv":[0,0,0.5,2.25],"texture":"#anvil"},"up":{"uv":[0,0,2,0.5],"texture":"#anvil"},"down":{"uv":[0,0,2,0.5],"texture":"#anvil"}}},{"from":[-1.25,10,9.5],"to":[0.75,10.5,10],"rotation":{"angle":-22.5,"axis":"x","origin":[-1.25,10.5,9.5]},"faces":{"north":{"uv":[0,0,2,0.5],"texture":"#anvil"},"east":{"uv":[0,0,0.5,0.5],"texture":"#anvil"},"south":{"uv":[0,0,2,0.5],"texture":"#anvil"},"west":{"uv":[0,0,0.5,0.5],"texture":"#anvil"},"up":{"uv":[0,0,2,0.5],"texture":"#anvil"},"down":{"uv":[0,0,2,0.5],"texture":"#anvil"}}},{"from":[-6.75,10,9.5],"to":[-4.75,10.5,10],"rotation":{"angle":-22.5,"axis":"x","origin":[-6.75,10.5,9.5]},"faces":{"north":{"uv":[0,0,2,0.5],"texture":"#anvil"},"east":{"uv":[0,0,0.5,0.5],"texture":"#anvil"},"south":{"uv":[0,0,2,0.5],"texture":"#anvil"},"west":{"uv":[0,0,0.5,0.5],"texture":"#anvil"},"up":{"uv":[0,0,2,0.5],"texture":"#anvil"},"down":{"uv":[0,0,2,0.5],"texture":"#anvil"}}},{"from":[-1,11.25,9.5],"to":[0.5,12.25,10.25],"rotation":{"angle":-45,"axis":"x","origin":[-1,12.25,9.5]},"faces":{"north":{"uv":[0,0,1,1],"texture":"#stone_slab_top"},"east":{"uv":[0,0,1,1],"texture":"#stone_slab_top"},"south":{"uv":[0,0,1,1],"texture":"#stone_slab_top"},"west":{"uv":[0,0,1,1],"texture":"#stone_slab_top"},"up":{"uv":[0,0,1,1],"texture":"#stone_slab_top"},"down":{"uv":[0,0,1,1],"texture":"#stone_slab_top"}}},{"from":[-6.5,11.25,9.5],"to":[-5,12.25,10.25],"rotation":{"angle":-45,"axis":"x","origin":[-6.5,12.25,9.5]},"faces":{"north":{"uv":[0,0,1,1],"texture":"#stone_slab_top"},"east":{"uv":[0,0,1,1],"texture":"#stone_slab_top"},"south":{"uv":[0,0,1,1],"texture":"#stone_slab_top"},"west":{"uv":[0,0,1,1],"texture":"#stone_slab_top"},"up":{"uv":[0,0,1,1],"texture":"#stone_slab_top"},"down":{"uv":[0,0,1,1],"texture":"#stone_slab_top"}}},{"from":[-1.25,10.25,10],"to":[0.75,12,10.75],"faces":{"north":{"uv":[0,0,1,1],"texture":"#stone_slab_top"},"east":{"uv":[0,0,1,1],"texture":"#stone_slab_top"},"south":{"uv":[0,0,1,1],"texture":"#stone_slab_top"},"west":{"uv":[0,0,1,1],"texture":"#stone_slab_top"},"up":{"uv":[0,0,1,1],"texture":"#stone_slab_top"},"down":{"uv":[0,0,1,1],"texture":"#stone_slab_top"}}},{"from":[-6.75,10.25,10],"to":[-4.75,12,10.75],"faces":{"north":{"uv":[0,0,1,1],"texture":"#stone_slab_top"},"east":{"uv":[0,0,1,1],"texture":"#stone_slab_top"},"south":{"uv":[0,0,1,1],"texture":"#stone_slab_top"},"west":{"uv":[0,0,1,1],"texture":"#stone_slab_top"},"up":{"uv":[0,0,1,1],"texture":"#stone_slab_top"},"down":{"uv":[0,0,1,1],"texture":"#stone_slab_top"}}},{"from":[-1.25,9.75,10.2813],"to":[0.75,10.5,10.7813],"rotation":{"angle":22.5,"axis":"x","origin":[-1.25,10.5,10.2813]},"faces":{"north":{"uv":[0,0,2,0.75],"texture":"#stone_slab_top"},"east":{"uv":[0,0,0.5,0.75],"texture":"#stone_slab_top"},"south":{"uv":[0,0,2,0.75],"texture":"#stone_slab_top"},"west":{"uv":[0,0,0.5,0.75],"texture":"#stone_slab_top"},"up":{"uv":[0,0,2,0.5],"texture":"#stone_slab_top"},"down":{"uv":[0,0,2,0.5],"texture":"#stone_slab_top"}}},{"from":[-6.75,9.75,10.2813],"to":[-4.75,10.5,10.7813],"rotation":{"angle":22.5,"axis":"x","origin":[-6.75,10.5,10.2813]},"faces":{"north":{"uv":[0,0,2,0.75],"texture":"#stone_slab_top"},"east":{"uv":[0,0,0.5,0.75],"texture":"#stone_slab_top"},"south":{"uv":[0,0,2,0.75],"texture":"#stone_slab_top"},"west":{"uv":[0,0,0.5,0.75],"texture":"#stone_slab_top"},"up":{"uv":[0,0,2,0.5],"texture":"#stone_slab_top"},"down":{"uv":[0,0,2,0.5],"texture":"#stone_slab_top"}}},{"from":[-1,9.5,10.25],"to":[0.5,10.25,10.5],"faces":{"north":{"uv":[10.5,0,16,0],"texture":"#stone_slab_top"},"east":{"uv":[3,0,3.5,0],"texture":"#stone_slab_top"},"south":{"uv":[0,0,5.5,0],"texture":"#stone_slab_top"},"west":{"uv":[12.5,0,13,0],"texture":"#stone_slab_top"},"up":{"uv":[0,12.5,5.5,13],"texture":"#stone_slab_top"},"down":{"uv":[16,13,10.5,12.5],"texture":"#stone_slab_top"}}},{"from":[-6.5,9.5,10.25],"to":[-5,10.25,10.5],"faces":{"north":{"uv":[10.5,0,16,0],"texture":"#stone_slab_top"},"east":{"uv":[3,0,3.5,0],"texture":"#stone_slab_top"},"south":{"uv":[0,0,5.5,0],"texture":"#stone_slab_top"},"west":{"uv":[12.5,0,13,0],"texture":"#stone_slab_top"},"up":{"uv":[0,12.5,5.5,13],"texture":"#stone_slab_top"},"down":{"uv":[16,13,10.5,12.5],"texture":"#stone_slab_top"}}},{"from":[-5.5,3.8125,6.0625],"to":[-3.75,4.3125,6.5625],"rotation":{"angle":-22.5,"axis":"x","origin":[-5.5,4.3125,6.0625]},"faces":{"north":{"uv":[0,0,1.75,0.5],"texture":"#anvil"},"east":{"uv":[0,0,0.5,0.5],"texture":"#anvil"},"south":{"uv":[0,0,1.75,0.5],"texture":"#anvil"},"west":{"uv":[0,0,0.5,0.5],"texture":"#anvil"},"up":{"uv":[0,0,1.75,0.5],"texture":"#anvil"},"down":{"uv":[0,0,1.75,0.5],"texture":"#anvil"}}},{"from":[-7.75,3.8125,6.0625],"to":[-6,4.3125,6.5625],"rotation":{"angle":-22.5,"axis":"x","origin":[-7.75,4.3125,6.0625]},"faces":{"north":{"uv":[0,0,1.75,0.5],"texture":"#anvil"},"east":{"uv":[0,0,0.5,0.5],"texture":"#anvil"},"south":{"uv":[0,0,1.75,0.5],"texture":"#anvil"},"west":{"uv":[0,0,0.5,0.5],"texture":"#anvil"},"up":{"uv":[0,0,1.75,0.5],"texture":"#anvil"},"down":{"uv":[0,0,1.75,0.5],"texture":"#anvil"}}},{"from":[-2.25,3.8125,6.0625],"to":[-0.5,4.3125,6.5625],"rotation":{"angle":-22.5,"axis":"x","origin":[-2.25,4.3125,6.0625]},"faces":{"north":{"uv":[0,0,1.75,0.5],"texture":"#anvil"},"east":{"uv":[0,0,0.5,0.5],"texture":"#anvil"},"south":{"uv":[0,0,1.75,0.5],"texture":"#anvil"},"west":{"uv":[0,0,0.5,0.5],"texture":"#anvil"},"up":{"uv":[0,0,1.75,0.5],"texture":"#anvil"},"down":{"uv":[0,0,1.75,0.5],"texture":"#anvil"}}},{"from":[0,3.8125,6.0625],"to":[1.75,4.3125,6.5625],"rotation":{"angle":-22.5,"axis":"x","origin":[0,4.3125,6.0625]},"faces":{"north":{"uv":[0,0,1.75,0.5],"texture":"#anvil"},"east":{"uv":[0,0,0.5,0.5],"texture":"#anvil"},"south":{"uv":[0,0,1.75,0.5],"texture":"#anvil"},"west":{"uv":[0,0,0.5,0.5],"texture":"#anvil"},"up":{"uv":[0,0,1.75,0.5],"texture":"#anvil"},"down":{"uv":[0,0,1.75,0.5],"texture":"#anvil"}}},{"from":[-0.5,4.28125,6.78509],"to":[0,4.78125,7.53509],"rotation":{"angle":22.5,"axis":"x","origin":[-0.5,4.78125,6.78509]},"faces":{"north":{"uv":[0,0,0.5,0.5],"texture":"#anvil"},"east":{"uv":[0,0,0.75,0.5],"texture":"#anvil"},"south":{"uv":[0,0,0.5,0.5],"texture":"#anvil"},"west":{"uv":[0,0,0.75,0.5],"texture":"#anvil"},"up":{"uv":[0,0,0.5,0.75],"texture":"#anvil"},"down":{"uv":[0,0,0.5,0.75],"texture":"#anvil"}}},{"from":[-6,4.28125,6.78509],"to":[-5.5,4.78125,7.53509],"rotation":{"angle":22.5,"axis":"x","origin":[-6,4.78125,6.78509]},"faces":{"north":{"uv":[0,0,0.5,0.5],"texture":"#anvil"},"east":{"uv":[0,0,0.75,0.5],"texture":"#anvil"},"south":{"uv":[0,0,0.5,0.5],"texture":"#anvil"},"west":{"uv":[0,0,0.75,0.5],"texture":"#anvil"},"up":{"uv":[0,0,0.5,0.75],"texture":"#anvil"},"down":{"uv":[0,0,0.5,0.75],"texture":"#anvil"}}},{"from":[-1,4.5,11.25],"to":[0.5,9.75,15.75],"faces":{"north":{"uv":[0,0,1.5,5.25],"texture":"#stone_slab_top"},"east":{"uv":[0,0,4.5,5.25],"texture":"#stone_slab_top"},"south":{"uv":[0,0,1.5,5.25],"texture":"#stone_slab_top"},"west":{"uv":[0,0,4.5,5.25],"texture":"#stone_slab_top"},"up":{"uv":[0,0,1.5,4.5],"texture":"#stone_slab_top"},"down":{"uv":[0,0,1.5,4.5],"texture":"#stone_slab_top"}}},{"from":[13,4.5,11.25],"to":[14.5,9.75,15.75],"faces":{"north":{"uv":[0,0,1.5,5.25],"texture":"#stone_slab_top"},"east":{"uv":[0,0,4.5,5.25],"texture":"#stone_slab_top"},"south":{"uv":[0,0,1.5,5.25],"texture":"#stone_slab_top"},"west":{"uv":[0,0,4.5,5.25],"texture":"#stone_slab_top"},"up":{"uv":[0,0,1.5,4.5],"texture":"#stone_slab_top"},"down":{"uv":[0,0,1.5,4.5],"texture":"#stone_slab_top"}}},{"from":[10.25,4.5,11.25],"to":[11.75,9.75,15.75],"faces":{"north":{"uv":[0,0,1.5,5.25],"texture":"#stone_slab_top"},"east":{"uv":[0,0,4.5,5.25],"texture":"#stone_slab_top"},"south":{"uv":[0,0,1.5,5.25],"texture":"#stone_slab_top"},"west":{"uv":[0,0,4.5,5.25],"texture":"#stone_slab_top"},"up":{"uv":[0,0,1.5,4.5],"texture":"#stone_slab_top"},"down":{"uv":[0,0,1.5,4.5],"texture":"#stone_slab_top"}}},{"from":[-3.75,4.5,11.25],"to":[-2.25,9.75,15.75],"faces":{"north":{"uv":[0,0,1.5,5.25],"texture":"#stone_slab_top"},"east":{"uv":[0,0,4.5,5.25],"texture":"#stone_slab_top"},"south":{"uv":[0,0,1.5,5.25],"texture":"#stone_slab_top"},"west":{"uv":[0,0,4.5,5.25],"texture":"#stone_slab_top"},"up":{"uv":[0,0,1.5,4.5],"texture":"#stone_slab_top"},"down":{"uv":[0,0,1.5,4.5],"texture":"#stone_slab_top"}}}],"display":{"head":{"rotation":[0,0,0],"translation":[10.5,14,-1],"scale":[3.7,3.7,3.7]},"gui":{"scale":[0.575,0.575,0.575],"rotation":[41,140,0],"translation":[-1.5,0.5,0]}},"credit":"Model by Craftventure"}