{"textures":{"1":"block/pancake","2":"block/pancake_side"},"elements":[{"name":"ribbe","from":[-1,0,2],"to":[17,5,3],"faces":{"north":{"uv":[0,0,16,5],"texture":"#1"},"east":{"uv":[0,0,1,5],"texture":"#2"},"south":{"uv":[0,0,16,5],"texture":"#1"},"west":{"uv":[0,0,1,5],"texture":"#2"},"up":{"uv":[0,0,16,1],"texture":"#2"},"down":{"uv":[0,0,16,1],"texture":"#2"}}},{"name":"ribbe","from":[-3,0,7],"to":[19,5,8],"faces":{"north":{"uv":[0,16,16,11],"texture":"#1"},"east":{"uv":[0,0,1,5],"texture":"#2"},"south":{"uv":[0,16,16,11],"texture":"#1"},"west":{"uv":[0,0,1,5],"texture":"#2"},"up":{"uv":[0,0,16,1],"texture":"#2"},"down":{"uv":[0,0,16,1],"texture":"#2"}}},{"name":"ribbe","from":[-1,0,12],"to":[17,5,13],"faces":{"north":{"uv":[16,0,0,5],"texture":"#1"},"east":{"uv":[0,0,1,5],"texture":"#2"},"south":{"uv":[16,0,0,5],"texture":"#1"},"west":{"uv":[0,0,1,5],"texture":"#2"},"up":{"uv":[0,0,16,1],"texture":"#2"},"down":{"uv":[0,0,16,1],"texture":"#2"}}},{"name":"ribbe","from":[0,0,1],"to":[1,5,14],"faces":{"north":{"uv":[0,0,1,5],"texture":"#2"},"east":{"uv":[0,16,16,11],"texture":"#1"},"south":{"uv":[0,0,1,5],"texture":"#2"},"west":{"uv":[0,16,16,11],"texture":"#1"},"up":{"uv":[0,0,16,1],"rotation":270,"texture":"#2"},"down":{"uv":[0,0,16,1],"rotation":90,"texture":"#2"}}},{"name":"ribbe","from":[5,0,-1],"to":[6,5,16],"faces":{"north":{"uv":[0,0,1,5],"texture":"#2"},"east":{"uv":[16,0,0,5],"texture":"#1"},"south":{"uv":[0,0,1,5],"texture":"#2"},"west":{"uv":[16,16,0,11],"texture":"#1"},"up":{"uv":[0,0,16,1],"rotation":270,"texture":"#2"},"down":{"uv":[0,0,16,1],"rotation":270,"texture":"#2"}}},{"name":"ribbe","from":[10,0,-1],"to":[11,5,16],"faces":{"north":{"uv":[0,0,1,5],"texture":"#2"},"east":{"uv":[0,16,16,11],"texture":"#1"},"south":{"uv":[0,0,1,5],"texture":"#2"},"west":{"uv":[0,16,16,11],"texture":"#1"},"up":{"uv":[0,0,16,1],"rotation":270,"texture":"#2"},"down":{"uv":[0,0,16,1],"rotation":270,"texture":"#2"}}},{"name":"ribbe","from":[15,0,1],"to":[16,5,14],"faces":{"north":{"uv":[0,0,1,5],"texture":"#2"},"east":{"uv":[0,16,16,11],"texture":"#1"},"south":{"uv":[0,0,1,5],"texture":"#2"},"west":{"uv":[0,16,16,11],"texture":"#1"},"up":{"uv":[0,0,16,1],"rotation":270,"texture":"#2"},"down":{"uv":[0,0,16,1],"rotation":270,"texture":"#2"}}},{"from":[-1,0.1,3],"to":[17,3.6,12],"faces":{"north":{"uv":[2,2,14,3.5],"texture":"#1"},"east":{"uv":[2,2,12,5.5],"texture":"#1"},"south":{"uv":[2,2,14,3.5],"texture":"#1"},"west":{"uv":[2,2,12,5.5],"texture":"#1"},"up":{"uv":[2,2,15,9],"texture":"#1"},"down":{"uv":[2,2,14,9],"texture":"#1"}}},{"from":[1,0.1,1],"to":[15,3.6,2],"faces":{"north":{"uv":[2,3,15,5.5],"texture":"#1"},"east":{"uv":[2,3,3,5.5],"texture":"#1"},"south":{"uv":[2,3,15,5.5],"texture":"#1"},"west":{"uv":[2,3,3,5.5],"texture":"#1"},"up":{"uv":[2,3,16,3.5],"texture":"#1"},"down":{"uv":[2,3,16,3.5],"texture":"#1"}}},{"from":[1,0.1,13],"to":[15,3.6,14],"faces":{"north":{"uv":[1,11,15,13.5],"texture":"#1"},"east":{"uv":[1,11,2,13.5],"texture":"#1"},"south":{"uv":[1,11,15,13.5],"texture":"#1"},"west":{"uv":[1,11,2,13.5],"texture":"#1"},"up":{"uv":[0,11,16,11.5],"texture":"#1"},"down":{"uv":[0,11,16,11.5],"texture":"#1"}}}],"display":{"gui":{"rotation":[50,16,0],"translation":[0,1.25,0],"scale":[0.7,0.7,0.7]},"head":{"rotation":[0,90,0],"translation":[1,14,-4.5],"scale":[2.2,2.2,2.2]}},"credit":"Model by Craftventure"}