{"textures":{"0":"block/brown_mushroom","1":"block/brown_mushroom_block","particle":"block/brown_mushroom"},"elements":[{"from":[13,0,2.5],"to":[14,2,3.5],"faces":{"north":{"uv":[7,14,8,16],"texture":"#0"},"east":{"uv":[7,14,8,16],"texture":"#0"},"south":{"uv":[7,14,8,16],"texture":"#0"},"west":{"uv":[7,14,8,16],"texture":"#0"},"up":{"uv":[7,14,8,16],"texture":"#0"},"down":{"uv":[7,14,8,16],"texture":"#0"}}},{"from":[12,2,1.5],"to":[15,3.5,4.5],"faces":{"north":{"uv":[8,10,11,11.5],"texture":"#1"},"east":{"uv":[8,11,11,12.5],"texture":"#1"},"south":{"uv":[3,0,6,1.5],"texture":"#1"},"west":{"uv":[1,3,4,4.5],"texture":"#1"},"up":{"uv":[10,7,13,10],"texture":"#1","rotation":90},"down":{"uv":[0,0,3,3],"texture":"#1"}}},{"from":[8.8,0,4.44],"to":[10.12,2.64,5.76],"faces":{"north":{"uv":[7,14,8,16],"texture":"#0"},"east":{"uv":[7,14,8,16],"texture":"#0"},"south":{"uv":[7,14,8,16],"texture":"#0"},"west":{"uv":[7,14,8,16],"texture":"#0"},"up":{"uv":[7,14,8,16],"texture":"#0"},"down":{"uv":[7,14,8,16],"texture":"#0"}}},{"from":[7.48,2.58,3.12],"to":[11.44,4.56,7.08],"faces":{"north":{"uv":[10,5,13.95938,6.97969],"texture":"#1"},"east":{"uv":[6,10,9.95938,11.97969],"texture":"#1"},"south":{"uv":[1,10,4.95937,11.97969],"texture":"#1"},"west":{"uv":[1,9,4.95937,10.97969],"texture":"#1"},"up":{"uv":[3,6,6.95938,9.95938],"texture":"#1"},"down":{"uv":[0,0,3.96,3.96],"texture":"#1"}}},{"from":[3,2,11.25],"to":[6,3.5,14.25],"faces":{"north":{"uv":[0,0,3,1.5],"texture":"#1"},"east":{"uv":[4,9,7,10.5],"texture":"#1"},"south":{"uv":[3,4,6,5.5],"texture":"#1"},"west":{"uv":[10,6,13,7.5],"texture":"#1"},"up":{"uv":[9,9,12,12],"texture":"#1","rotation":90},"down":{"uv":[0,0,3,3],"texture":"#1"}}},{"from":[4,0,12.25],"to":[5,2,13.25],"faces":{"north":{"uv":[7,14,8,16],"texture":"#0"},"east":{"uv":[7,14,8,16],"texture":"#0"},"south":{"uv":[7,14,8,16],"texture":"#0"},"west":{"uv":[7,14,8,16],"texture":"#0"},"up":{"uv":[7,14,8,16],"texture":"#0"},"down":{"uv":[7,14,8,16],"texture":"#0"}}},{"from":[6.705,1.315,9.555],"to":[8.685,2.305,11.535],"faces":{"north":{"uv":[0,0,1.98,0.99],"texture":"#1"},"east":{"uv":[0,0,1.98,0.99],"texture":"#1"},"south":{"uv":[0,0,1.98,0.99],"texture":"#1"},"west":{"uv":[0,0,1.98,0.99],"texture":"#1"},"up":{"uv":[4,6,5.97969,7.97969],"texture":"#1"},"down":{"uv":[0,0,1.98,1.98],"texture":"#1"}}},{"from":[7.365,0,10.215],"to":[8.025,1.32,10.875],"faces":{"north":{"uv":[7,14,8,16],"texture":"#0"},"east":{"uv":[7,14,8,16],"texture":"#0"},"south":{"uv":[7,14,8,16],"texture":"#0"},"west":{"uv":[7,14,8,16],"texture":"#0"},"up":{"uv":[7,14,8,16],"texture":"#0"},"down":{"uv":[7,14,8,16],"texture":"#0"}}}],"credit":"Model by Craftventure"}