{"textures":{"0":"block/brown_mushroom_block","1":"block/brown_mushroom","particle":"block/brown_mushroom_block"},"elements":[{"from":[10,0,9],"to":[12,4,11],"faces":{"north":{"uv":[7,14,8,16],"texture":"#1"},"east":{"uv":[7,14,8,16],"texture":"#1"},"south":{"uv":[7,14,8,16],"texture":"#1"},"west":{"uv":[7,14,8,16],"texture":"#1"},"up":{"uv":[7,14,8,16],"texture":"#1"},"down":{"uv":[7,14,8,16],"texture":"#1"}}},{"from":[8,4,7],"to":[14,7,13],"faces":{"north":{"uv":[10,5,16,8],"texture":"#0"},"east":{"uv":[10,4,16,7],"texture":"#0"},"south":{"uv":[10,8,16,11],"texture":"#0"},"west":{"uv":[10,13,16,16],"texture":"#0"},"up":{"uv":[0,6,6,12],"texture":"#0"},"down":{"uv":[0,0,6,6],"texture":"#0"}}},{"from":[5.1,0,5.1],"to":[6.26,2.32,6.26],"faces":{"north":{"uv":[7,14,8,16],"texture":"#1"},"east":{"uv":[7,14,8,16],"texture":"#1"},"south":{"uv":[7,14,8,16],"texture":"#1"},"west":{"uv":[7,14,8,16],"texture":"#1"},"up":{"uv":[7,14,8,16],"texture":"#1"},"down":{"uv":[7,14,8,16],"texture":"#1"}}},{"from":[3.94,2.18,3.94],"to":[7.42,3.92,7.42],"faces":{"north":{"uv":[8,9,11.47969,10.73984],"texture":"#0"},"east":{"uv":[4,9,7.47969,10.73984],"texture":"#0"},"south":{"uv":[3,5,6.47969,6.73984],"texture":"#0"},"west":{"uv":[10,4,13.47969,5.73984],"texture":"#0"},"up":{"uv":[3,2,6.47969,5.47969],"texture":"#0"},"down":{"uv":[0,0,3.48,3.48],"texture":"#0"}}}],"credit":"Model by Craftventure"}