{"textures":{"0":"block/green_terracotta","1":"block/cake_side","2":"block/cake_top","3":"block/yellow_terracotta","4":"block/blue_terracotta","5":"block/purple_terracotta","6":"block/pink_terracotta","7":"block/lime_terracotta","8":"block/fire_0"},"elements":[{"from":[0,0,0],"to":[16,1.5,16],"faces":{"north":{"uv":[0,0,16,1.5],"texture":"#0"},"east":{"uv":[0,0,16,1.5],"texture":"#0"},"south":{"uv":[0,0,16,1.5],"texture":"#0"},"west":{"uv":[0,0,16,1.5],"texture":"#0"},"up":{"uv":[0,0,16,16],"texture":"#0"},"down":{"uv":[0,0,16,16],"texture":"#0"}}},{"from":[1.5,1.5,1.5],"to":[14.5,7.5,14.5],"faces":{"north":{"uv":[1,8,15,16],"texture":"#1"},"east":{"uv":[1,8,15,16],"texture":"#1"},"south":{"uv":[1,8,15,16],"texture":"#1"},"west":{"uv":[1,8,15,16],"texture":"#1"},"up":{"uv":[1,1,15,15],"texture":"#2"},"down":{"uv":[0,0,13,13],"texture":"#1"}}},{"from":[4,7,4],"to":[5,10,5],"faces":{"north":{"uv":[0,0,1,3],"texture":"#3"},"east":{"uv":[0,0,1,3],"texture":"#3"},"south":{"uv":[0,0,1,3],"texture":"#3"},"west":{"uv":[0,0,1,3],"texture":"#3"},"up":{"uv":[0,0,1,1],"texture":"#3"},"down":{"uv":[0,0,1,1],"texture":"#3"}}},{"from":[10,7,3],"to":[11,10.5,4],"faces":{"north":{"uv":[0,0,1,3.5],"texture":"#4"},"east":{"uv":[0,0,1,3.5],"texture":"#4"},"south":{"uv":[0,0,1,3.5],"texture":"#4"},"west":{"uv":[0,0,1,3.5],"texture":"#4"},"up":{"uv":[0,0,1,1],"texture":"#4"},"down":{"uv":[0,0,1,1],"texture":"#4"}}},{"from":[12,7,11],"to":[13,9.5,12],"faces":{"north":{"uv":[0,0,1,2.5],"texture":"#5"},"east":{"uv":[0,0,1,2.5],"texture":"#5"},"south":{"uv":[0,0,1,2.5],"texture":"#5"},"west":{"uv":[0,0,1,2.5],"texture":"#5"},"up":{"uv":[0,0,1,1],"texture":"#5"},"down":{"uv":[0,0,1,1],"texture":"#5"}}},{"from":[8,7,7],"to":[9,10,8],"faces":{"north":{"uv":[0,0,1,3],"texture":"#6"},"east":{"uv":[0,0,1,3],"texture":"#6"},"south":{"uv":[0,0,1,3],"texture":"#6"},"west":{"uv":[0,0,1,3],"texture":"#6"},"up":{"uv":[0,0,1,1],"texture":"#6"},"down":{"uv":[0,0,1,1],"texture":"#6"}}},{"from":[3,7,12],"to":[4,10.5,13],"faces":{"north":{"uv":[0,0,1,3.5],"texture":"#7"},"east":{"uv":[0,0,1,3.5],"texture":"#7"},"south":{"uv":[0,0,1,3.5],"texture":"#7"},"west":{"uv":[0,0,1,3.5],"texture":"#7"},"up":{"uv":[0,0,1,1],"texture":"#7"},"down":{"uv":[0,0,1,1],"texture":"#7"}}},{"from":[11.9,7.5,10.9],"to":[13.1,7.6,12.1],"faces":{"north":{"uv":[0,0,1.2,0.1],"texture":"#8"},"east":{"uv":[0,0,1.2,0.1],"texture":"#5"},"south":{"uv":[0,0,1.2,0.1],"texture":"#5"},"west":{"uv":[0,0,1.2,0.1],"texture":"#5"},"up":{"uv":[0,0,1.2,1.2],"texture":"#5"},"down":{"uv":[0,0,1.2,1.2],"texture":"#5"}}},{"from":[2.9,7.5,11.9],"to":[4.1,7.6,13.1],"faces":{"north":{"uv":[0,0,1.2,0.1],"texture":"#7"},"east":{"uv":[0,0,1.2,0.1],"texture":"#7"},"south":{"uv":[0,0,1.2,0.1],"texture":"#7"},"west":{"uv":[0,0,1.2,0.1],"texture":"#7"},"up":{"uv":[0,0,1.2,1.2],"texture":"#7"},"down":{"uv":[0,0,1.2,1.2],"texture":"#7"}}},{"from":[7.9,7.5,6.9],"to":[9.1,7.6,8.1],"faces":{"north":{"uv":[0,0,1.2,0.1],"texture":"#6"},"east":{"uv":[0,0,1.2,0.1],"texture":"#6"},"south":{"uv":[0,0,1.2,0.1],"texture":"#6"},"west":{"uv":[0,0,1.2,0.1],"texture":"#6"},"up":{"uv":[0,0,1.2,1.2],"texture":"#6"},"down":{"uv":[0,0,1.2,1.2],"texture":"#6"}}},{"from":[9.9,7.5,2.9],"to":[11.1,7.6,4.1],"faces":{"north":{"uv":[0,0,1.2,0.1],"texture":"#4"},"east":{"uv":[0,0,1.2,0.1],"texture":"#4"},"south":{"uv":[0,0,1.2,0.1],"texture":"#4"},"west":{"uv":[0,0,1.2,0.1],"texture":"#4"},"up":{"uv":[0,0,1.2,1.2],"texture":"#4"},"down":{"uv":[0,0,1.2,1.2],"texture":"#4"}}},{"from":[3.9,7.5,3.9],"to":[5.1,7.6,5.1],"faces":{"north":{"uv":[0,0,1.2,0.1],"texture":"#3"},"east":{"uv":[0,0,1.2,0.1],"texture":"#3"},"south":{"uv":[0,0,1.2,0.1],"texture":"#3"},"west":{"uv":[0,0,1.2,0.1],"texture":"#3"},"up":{"uv":[0,0,1.2,1.2],"texture":"#3"},"down":{"uv":[0,0,1.2,1.2],"texture":"#3"}}},{"from":[0,1.5,0],"to":[1,1.6,16],"faces":{"north":{"uv":[0,0,1,0.1],"texture":"#7"},"east":{"uv":[0,0,16,0.1],"texture":"#7"},"south":{"uv":[0,0,1,0.1],"texture":"#7"},"west":{"uv":[0,0,16,0.1],"texture":"#7"},"up":{"uv":[0,0,1,16],"texture":"#7"},"down":{"uv":[0,0,1,16],"texture":"#7"}}},{"from":[2,1.5,0],"to":[3,1.6,16],"faces":{"north":{"uv":[0,0,1,0.1],"texture":"#7"},"east":{"uv":[0,0,16,0.1],"texture":"#7"},"south":{"uv":[0,0,1,0.1],"texture":"#7"},"west":{"uv":[0,0,16,0.1],"texture":"#7"},"up":{"uv":[0,0,1,16],"texture":"#7"},"down":{"uv":[0,0,1,16],"texture":"#7"}}},{"from":[4,1.5,0],"to":[5,1.6,16],"faces":{"north":{"uv":[0,0,1,0.1],"texture":"#7"},"east":{"uv":[0,0,16,0.1],"texture":"#7"},"south":{"uv":[0,0,1,0.1],"texture":"#7"},"west":{"uv":[0,0,16,0.1],"texture":"#7"},"up":{"uv":[0,0,1,16],"texture":"#7"},"down":{"uv":[0,0,1,16],"texture":"#7"}}},{"from":[6,1.5,0],"to":[7,1.6,16],"faces":{"north":{"uv":[0,0,1,0.1],"texture":"#7"},"east":{"uv":[0,0,16,0.1],"texture":"#7"},"south":{"uv":[0,0,1,0.1],"texture":"#7"},"west":{"uv":[0,0,16,0.1],"texture":"#7"},"up":{"uv":[0,0,1,16],"texture":"#7"},"down":{"uv":[0,0,1,16],"texture":"#7"}}},{"from":[8,1.5,0],"to":[9,1.6,16],"faces":{"north":{"uv":[0,0,1,0.1],"texture":"#7"},"east":{"uv":[0,0,16,0.1],"texture":"#7"},"south":{"uv":[0,0,1,0.1],"texture":"#7"},"west":{"uv":[0,0,16,0.1],"texture":"#7"},"up":{"uv":[0,0,1,16],"texture":"#7"},"down":{"uv":[0,0,1,16],"texture":"#7"}}},{"from":[10,1.5,0],"to":[11,1.6,16],"faces":{"north":{"uv":[0,0,1,0.1],"texture":"#7"},"east":{"uv":[0,0,16,0.1],"texture":"#7"},"south":{"uv":[0,0,1,0.1],"texture":"#7"},"west":{"uv":[0,0,16,0.1],"texture":"#7"},"up":{"uv":[0,0,1,16],"texture":"#7"},"down":{"uv":[0,0,1,16],"texture":"#7"}}},{"from":[12,1.5,0],"to":[13,1.6,16],"faces":{"north":{"uv":[0,0,1,0.1],"texture":"#7"},"east":{"uv":[0,0,16,0.1],"texture":"#7"},"south":{"uv":[0,0,1,0.1],"texture":"#7"},"west":{"uv":[0,0,16,0.1],"texture":"#7"},"up":{"uv":[0,0,1,16],"texture":"#7"},"down":{"uv":[0,0,1,16],"texture":"#7"}}},{"from":[14,1.5,0],"to":[15,1.6,16],"faces":{"north":{"uv":[0,0,1,0.1],"texture":"#7"},"east":{"uv":[0,0,16,0.1],"texture":"#7"},"south":{"uv":[0,0,1,0.1],"texture":"#7"},"west":{"uv":[0,0,16,0.1],"texture":"#7"},"up":{"uv":[0,0,1,16],"texture":"#7"},"down":{"uv":[0,0,1,16],"texture":"#7"}}},{"from":[2.4,6.8,7],"to":[3.4,7.8,8],"faces":{"north":{"uv":[3,4,5,6],"texture":"#2"},"east":{"uv":[3,4,5,6],"texture":"#2"},"south":{"uv":[3,4,5,6],"texture":"#2"},"west":{"uv":[3,4,5,6],"texture":"#2"},"up":{"uv":[3,4,5,6],"texture":"#2"},"down":{"uv":[3,4,5,6],"texture":"#2"}}},{"from":[9.8,6.8,6.1],"to":[10.8,7.8,7.1],"faces":{"north":{"uv":[3,4,5,6],"texture":"#2"},"east":{"uv":[3,4,5,6],"texture":"#2"},"south":{"uv":[3,4,5,6],"texture":"#2"},"west":{"uv":[3,4,5,6],"texture":"#2"},"up":{"uv":[3,4,5,6],"texture":"#2"},"down":{"uv":[3,4,5,6],"texture":"#2"}}},{"from":[7.9,6.8,10.8],"to":[9.9,7.8,12.8],"faces":{"north":{"uv":[3,4,5,6],"texture":"#2"},"east":{"uv":[3,4,5,6],"texture":"#2"},"south":{"uv":[3,4,5,6],"texture":"#2"},"west":{"uv":[3,4,5,6],"texture":"#2"},"up":{"uv":[3,4,5,6],"texture":"#2"},"down":{"uv":[3,4,5,6],"texture":"#2"}}},{"from":[6.8,6.8,3.1],"to":[7.8,7.8,4.1],"faces":{"north":{"uv":[3,4,5,6],"texture":"#2"},"east":{"uv":[3,4,5,6],"texture":"#2"},"south":{"uv":[3,4,5,6],"texture":"#2"},"west":{"uv":[3,4,5,6],"texture":"#2"},"up":{"uv":[3,4,5,6],"texture":"#2"},"down":{"uv":[3,4,5,6],"texture":"#2"}}}],"display":{"thirdperson_righthand":{"rotation":[26,0,0],"translation":[0,14.17,-4.72],"scale":[1.5,1.5,1.5]},"head":{"rotation":[0,0,0],"translation":[0,12.28,0],"scale":[1.2,1.2,1.2]}},"credit":"Model by Craftventure"}