{"textures":{"0":"block/yellow_concrete","1":"block/brown_concrete","particle":"block/yellow_concrete"},"elements":[{"from":[2,0,2],"to":[14,9,14],"faces":{"north":{"uv":[0,0,12,9],"texture":"#0"},"east":{"uv":[0,0,12,9],"texture":"#0"},"south":{"uv":[0,0,12,9],"texture":"#0"},"west":{"uv":[0,0,12,9],"texture":"#0"},"up":{"uv":[0,0,12,12],"texture":"#0"},"down":{"uv":[0,0,12,12],"texture":"#0"}}},{"from":[3.25,6.6,2.35],"to":[12.75,15.6,11.85],"rotation":{"angle":-22.5,"axis":"x","origin":[8,11.1,7.1]},"faces":{"north":{"uv":[0,0,9.5,9],"texture":"#0"},"east":{"uv":[0,0,9.5,9],"texture":"#0"},"south":{"uv":[0,0,9.5,9],"texture":"#0"},"west":{"uv":[0,0,9.5,9],"texture":"#0"},"up":{"uv":[0,0,9.5,9.5],"texture":"#0"},"down":{"uv":[0,0,9.5,9.5],"texture":"#0"}}},{"from":[4.5,12.475,0.025],"to":[11.5,21.475,7.025],"rotation":{"angle":-45,"axis":"x","origin":[8,16.975,3.525]},"faces":{"north":{"uv":[0,0,7,9],"texture":"#0"},"east":{"uv":[0,0,7,9],"texture":"#0"},"south":{"uv":[0,0,7,9],"texture":"#0"},"west":{"uv":[0,0,7,9],"texture":"#0"},"up":{"uv":[0,0,7,7],"texture":"#0"},"down":{"uv":[0,0,7,7],"texture":"#0"}}},{"from":[6.25,19.275,-4.225],"to":[9.75,23.275,2.025],"rotation":{"angle":22.5,"axis":"x","origin":[8,21.275,-2.475]},"faces":{"north":{"uv":[0,0,3.5,4],"texture":"#1","rotation":180},"east":{"uv":[0,0,4,6.25],"texture":"#1","rotation":90},"south":{"uv":[0,0,3.5,4],"texture":"#1"},"west":{"uv":[0,0,4,6.25],"texture":"#1","rotation":270},"up":{"uv":[0,0,3.5,6.25],"texture":"#1"},"down":{"uv":[0,0,3.5,6.25],"texture":"#1","rotation":180}}},{"from":[1.99994,-2.59451,0.22093],"to":[13.99994,0.70549,1.72093],"rotation":{"angle":22.5,"axis":"x","origin":[7.99994,-3.79451,0.97093]},"faces":{"north":{"uv":[0,0,12,3.3],"texture":"#0"},"east":{"uv":[0,0,1.5,3.3],"texture":"#0"},"south":{"uv":[0,0,12,3.3],"texture":"#0"},"west":{"uv":[0,0,1.5,3.3],"texture":"#0"},"up":{"uv":[0,0,12,1.5],"texture":"#0"},"down":{"uv":[0,0,12,1.5],"texture":"#0"}}},{"from":[2.49965,-4.42424,-2.33924],"to":[13.49965,-1.12424,-0.83924],"rotation":{"angle":45,"axis":"x","origin":[7.99965,-5.62424,-1.58924]},"faces":{"north":{"uv":[0,0,11,3.3],"texture":"#0"},"east":{"uv":[0,0,1.5,3.3],"texture":"#0"},"south":{"uv":[0,0,11,3.3],"texture":"#0"},"west":{"uv":[0,0,1.5,3.3],"texture":"#0"},"up":{"uv":[0,0,11,1.5],"texture":"#0"},"down":{"uv":[0,0,11,1.5],"texture":"#0"}}},{"from":[3.25427,-7.08727,-3.45741],"to":[12.75427,-5.58727,-0.15741],"rotation":{"angle":-22.5,"axis":"x","origin":[8.00427,-6.33727,-4.65741]},"faces":{"north":{"uv":[0,0,9.5,1.5],"texture":"#0","rotation":180},"east":{"uv":[0,0,1.5,3.3],"texture":"#0","rotation":270},"south":{"uv":[0,0,9.5,1.5],"texture":"#0"},"west":{"uv":[0,0,1.5,3.3],"texture":"#0","rotation":90},"up":{"uv":[0,0,9.5,3.3],"texture":"#0","rotation":180},"down":{"uv":[0,0,9.5,3.3],"texture":"#0"}}},{"from":[4.50486,-4.9082,-5.93055],"to":[11.50486,-3.4082,-2.63055],"rotation":{"angle":22.5,"axis":"x","origin":[8.00486,-4.1582,-7.13055]},"faces":{"north":{"uv":[0,0,7,1.5],"texture":"#0","rotation":180},"east":{"uv":[0,0,1.5,3.3],"texture":"#0","rotation":270},"south":{"uv":[0,0,7,1.5],"texture":"#0"},"west":{"uv":[0,0,1.5,3.3],"texture":"#0","rotation":90},"up":{"uv":[0,0,7,3.3],"texture":"#0","rotation":180},"down":{"uv":[0,0,7,3.3],"texture":"#0"}}},{"from":[5.75627,-2.34887,-6.76112],"to":[10.25627,-0.84887,-4.46112],"rotation":{"angle":45,"axis":"x","origin":[8.00627,-1.59887,-8.96112]},"faces":{"north":{"uv":[0,0,4.5,1.5],"texture":"#0","rotation":180},"east":{"uv":[0,0,1.5,2.3],"texture":"#0","rotation":270},"south":{"uv":[0,0,4.5,1.5],"texture":"#0"},"west":{"uv":[0,0,1.5,2.3],"texture":"#0","rotation":90},"up":{"uv":[0,0,4.5,2.3],"texture":"#0","rotation":180},"down":{"uv":[0,0,4.5,2.3],"texture":"#0"}}},{"from":[6.76106,-0.72448,-6.3903],"to":[9.26106,0.27552,-6.0903],"rotation":{"angle":45,"axis":"x","origin":[8.76106,0.02552,-10.5903]},"faces":{"north":{"uv":[0,0,2.5,1],"texture":"#1","rotation":180},"east":{"uv":[0,0,1,0.3],"texture":"#1","rotation":270},"south":{"uv":[0,0,2.5,1],"texture":"#1"},"west":{"uv":[0,0,1,0.3],"texture":"#1","rotation":90},"up":{"uv":[0,0,2.5,0.3],"texture":"#1","rotation":180},"down":{"uv":[0,0,2.5,0.3],"texture":"#1"}}},{"from":[2.49965,-4.42424,16.66076],"to":[13.49965,-1.12424,18.16076],"rotation":{"angle":-45,"axis":"x","origin":[7.99965,-5.62424,17.41076]},"faces":{"north":{"uv":[0,0,11,3.3],"texture":"#0"},"east":{"uv":[0,0,1.5,3.3],"texture":"#0"},"south":{"uv":[0,0,11,3.3],"texture":"#0"},"west":{"uv":[0,0,1.5,3.3],"texture":"#0"},"up":{"uv":[0,0,11,1.5],"texture":"#0","rotation":180},"down":{"uv":[0,0,11,1.5],"texture":"#0","rotation":180}}},{"from":[3.24504,-7.08727,15.97893],"to":[12.74504,-5.58727,19.27893],"rotation":{"angle":22.5,"axis":"x","origin":[7.99504,-6.33727,20.47893]},"faces":{"north":{"uv":[0,0,9.5,1.5],"texture":"#0"},"east":{"uv":[0,0,1.5,3.3],"texture":"#0","rotation":90},"south":{"uv":[0,0,9.5,1.5],"texture":"#0","rotation":180},"west":{"uv":[0,0,1.5,3.3],"texture":"#0","rotation":270},"up":{"uv":[0,0,9.5,3.3],"texture":"#0"},"down":{"uv":[0,0,9.5,3.3],"texture":"#0","rotation":180}}},{"from":[4.49444,-4.9082,18.45208],"to":[11.49444,-3.4082,21.75208],"rotation":{"angle":-22.5,"axis":"x","origin":[7.99444,-4.1582,22.95208]},"faces":{"north":{"uv":[0,0,7,1.5],"texture":"#0"},"east":{"uv":[0,0,1.5,3.3],"texture":"#0","rotation":90},"south":{"uv":[0,0,7,1.5],"texture":"#0","rotation":180},"west":{"uv":[0,0,1.5,3.3],"texture":"#0","rotation":270},"up":{"uv":[0,0,7,3.3],"texture":"#0"},"down":{"uv":[0,0,7,3.3],"texture":"#0","rotation":180}}},{"from":[5.74304,-2.34887,20.28264],"to":[10.24304,-0.84887,22.58264],"rotation":{"angle":-45,"axis":"x","origin":[7.99304,-1.59887,24.78264]},"faces":{"north":{"uv":[0,0,4.5,1.5],"texture":"#0"},"east":{"uv":[0,0,1.5,2.3],"texture":"#0","rotation":90},"south":{"uv":[0,0,4.5,1.5],"texture":"#0","rotation":180},"west":{"uv":[0,0,1.5,2.3],"texture":"#0","rotation":270},"up":{"uv":[0,0,4.5,2.3],"texture":"#0"},"down":{"uv":[0,0,4.5,2.3],"texture":"#0","rotation":180}}},{"from":[6.73825,-0.72448,21.91182],"to":[9.23825,0.27552,22.21182],"rotation":{"angle":-45,"axis":"x","origin":[7.23825,0.02552,26.41182]},"faces":{"north":{"uv":[0,0,2.5,1],"texture":"#1"},"east":{"uv":[0,0,1,0.3],"texture":"#1","rotation":90},"south":{"uv":[0,0,2.5,1],"texture":"#1","rotation":180},"west":{"uv":[0,0,1,0.3],"texture":"#1","rotation":270},"up":{"uv":[0,0,2.5,0.3],"texture":"#1"},"down":{"uv":[0,0,2.5,0.3],"texture":"#1","rotation":180}}},{"from":[1.99937,-2.59451,14.10059],"to":[13.99937,0.70549,15.60059],"rotation":{"angle":-22.5,"axis":"x","origin":[7.99937,-3.79451,14.85059]},"faces":{"north":{"uv":[0,0,12,3.3],"texture":"#0"},"east":{"uv":[0,0,1.5,3.3],"texture":"#0"},"south":{"uv":[0,0,12,3.3],"texture":"#0"},"west":{"uv":[0,0,1.5,3.3],"texture":"#0"},"up":{"uv":[0,0,12,1.5],"texture":"#0","rotation":180},"down":{"uv":[0,0,12,1.5],"texture":"#0","rotation":180}}},{"from":[-2.35035,-4.42424,2.51076],"to":[-0.85035,-1.12424,13.51076],"rotation":{"angle":-45,"axis":"z","origin":[-1.60035,-5.62424,8.01076]},"faces":{"north":{"uv":[0,0,1.5,3.3],"texture":"#0"},"east":{"uv":[0,0,11,3.3],"texture":"#0"},"south":{"uv":[0,0,1.5,3.3],"texture":"#0"},"west":{"uv":[0,0,11,3.3],"texture":"#0"},"up":{"uv":[0,0,11,1.5],"texture":"#0","rotation":270},"down":{"uv":[0,0,11,1.5],"texture":"#0","rotation":90}}},{"from":[-3.46851,-7.08727,3.25615],"to":[-0.16851,-5.58727,12.75615],"rotation":{"angle":22.5,"axis":"z","origin":[-4.66851,-6.33727,8.00615]},"faces":{"north":{"uv":[0,0,1.5,3.3],"texture":"#0","rotation":270},"east":{"uv":[0,0,9.5,1.5],"texture":"#0"},"south":{"uv":[0,0,1.5,3.3],"texture":"#0","rotation":90},"west":{"uv":[0,0,9.5,1.5],"texture":"#0","rotation":180},"up":{"uv":[0,0,9.5,3.3],"texture":"#0","rotation":90},"down":{"uv":[0,0,9.5,3.3],"texture":"#0","rotation":90}}},{"from":[-5.94166,-4.9082,4.50555],"to":[-2.64166,-3.4082,11.50555],"rotation":{"angle":-22.5,"axis":"z","origin":[-7.14166,-4.1582,8.00555]},"faces":{"north":{"uv":[0,0,1.5,3.3],"texture":"#0","rotation":270},"east":{"uv":[0,0,7,1.5],"texture":"#0"},"south":{"uv":[0,0,1.5,3.3],"texture":"#0","rotation":90},"west":{"uv":[0,0,7,1.5],"texture":"#0","rotation":180},"up":{"uv":[0,0,7,3.3],"texture":"#0","rotation":90},"down":{"uv":[0,0,7,3.3],"texture":"#0","rotation":90}}},{"from":[-6.77222,-2.34887,5.75415],"to":[-4.47222,-0.84887,10.25415],"rotation":{"angle":-45,"axis":"z","origin":[-8.97222,-1.59887,8.00415]},"faces":{"north":{"uv":[0,0,1.5,2.3],"texture":"#0","rotation":270},"east":{"uv":[0,0,4.5,1.5],"texture":"#0"},"south":{"uv":[0,0,1.5,2.3],"texture":"#0","rotation":90},"west":{"uv":[0,0,4.5,1.5],"texture":"#0","rotation":180},"up":{"uv":[0,0,4.5,2.3],"texture":"#0","rotation":90},"down":{"uv":[0,0,4.5,2.3],"texture":"#0","rotation":90}}},{"from":[-6.40141,-0.72448,6.74935],"to":[-6.10141,0.27552,9.24935],"rotation":{"angle":-45,"axis":"z","origin":[-10.60141,0.02552,7.24935]},"faces":{"north":{"uv":[0,0,1,0.3],"texture":"#1","rotation":270},"east":{"uv":[0,0,2.5,1],"texture":"#1"},"south":{"uv":[0,0,1,0.3],"texture":"#1","rotation":90},"west":{"uv":[0,0,2.5,1],"texture":"#1","rotation":180},"up":{"uv":[0,0,2.5,0.3],"texture":"#1","rotation":90},"down":{"uv":[0,0,2.5,0.3],"texture":"#1","rotation":90}}},{"from":[0.20982,-2.59451,2.01047],"to":[1.70982,0.70549,14.01047],"rotation":{"angle":-22.5,"axis":"z","origin":[0.95982,-3.79451,8.01047]},"faces":{"north":{"uv":[0,0,1.5,3.3],"texture":"#0"},"east":{"uv":[0,0,12,3.3],"texture":"#0"},"south":{"uv":[0,0,1.5,3.3],"texture":"#0"},"west":{"uv":[0,0,12,3.3],"texture":"#0"},"up":{"uv":[0,0,12,1.5],"texture":"#0","rotation":270},"down":{"uv":[0,0,12,1.5],"texture":"#0","rotation":90}}},{"from":[13.19937,1.65549,2.00059],"to":[16.49937,3.15549,14.00059],"rotation":{"angle":22.5,"axis":"z","origin":[17.69937,2.40549,8.00059]},"faces":{"north":{"uv":[0,0,1.5,3.3],"texture":"#0","rotation":90},"east":{"uv":[0,0,12,1.5],"texture":"#0","rotation":180},"south":{"uv":[0,0,1.5,3.3],"texture":"#0","rotation":270},"west":{"uv":[0,0,12,1.5],"texture":"#0"},"up":{"uv":[0,0,12,3.3],"texture":"#0","rotation":270},"down":{"uv":[0,0,12,3.3],"texture":"#0","rotation":270}}},{"from":[15.0291,4.21566,2.5003],"to":[18.3291,5.71566,13.5003],"rotation":{"angle":45,"axis":"z","origin":[19.5291,4.96566,8.0003]},"faces":{"north":{"uv":[0,0,1.5,3.3],"texture":"#0","rotation":90},"east":{"uv":[0,0,11,1.5],"texture":"#0","rotation":180},"south":{"uv":[0,0,1.5,3.3],"texture":"#0","rotation":270},"west":{"uv":[0,0,11,1.5],"texture":"#0"},"up":{"uv":[0,0,11,3.3],"texture":"#0","rotation":270},"down":{"uv":[0,0,11,3.3],"texture":"#0","rotation":270}}},{"from":[19.49213,3.53383,3.25492],"to":[20.99213,6.83383,12.75492],"rotation":{"angle":-22.5,"axis":"z","origin":[20.24213,8.03383,8.00492]},"faces":{"north":{"uv":[0,0,1.5,3.3],"texture":"#0","rotation":180},"east":{"uv":[0,0,9.5,3.3],"texture":"#0","rotation":180},"south":{"uv":[0,0,1.5,3.3],"texture":"#0","rotation":180},"west":{"uv":[0,0,9.5,3.3],"texture":"#0","rotation":180},"up":{"uv":[0,0,9.5,1.5],"texture":"#0","rotation":90},"down":{"uv":[0,0,9.5,1.5],"texture":"#0","rotation":270}}},{"from":[20.51306,6.60698,4.50551],"to":[22.01306,9.30698,11.50551],"rotation":{"angle":-22.5,"axis":"z","origin":[21.26306,10.50698,8.00551]},"faces":{"north":{"uv":[0,0,1.5,2.7],"texture":"#0","rotation":180},"east":{"uv":[0,0,7,2.7],"texture":"#0","rotation":180},"south":{"uv":[0,0,1.5,2.7],"texture":"#0","rotation":180},"west":{"uv":[0,0,7,2.7],"texture":"#0","rotation":180},"up":{"uv":[0,0,7,1.5],"texture":"#0","rotation":90},"down":{"uv":[0,0,7,1.5],"texture":"#0","rotation":270}}},{"from":[19.3267,11.58119,5.75784],"to":[21.6267,13.08119,10.25784],"rotation":{"angle":45,"axis":"z","origin":[23.8267,12.33119,8.00784]},"faces":{"north":{"uv":[0,0,1.5,2.3],"texture":"#0","rotation":90},"east":{"uv":[0,0,4.5,1.5],"texture":"#0","rotation":180},"south":{"uv":[0,0,1.5,2.3],"texture":"#0","rotation":270},"west":{"uv":[0,0,4.5,1.5],"texture":"#0"},"up":{"uv":[0,0,4.5,2.3],"texture":"#0","rotation":270},"down":{"uv":[0,0,4.5,2.3],"texture":"#0","rotation":270}}},{"from":[20.95589,13.20558,6.76264],"to":[21.25589,14.20558,9.26264],"rotation":{"angle":45,"axis":"z","origin":[25.45589,13.95558,8.76264]},"faces":{"north":{"uv":[0,0,1,0.3],"texture":"#1","rotation":90},"east":{"uv":[0,0,2.5,1],"texture":"#1","rotation":180},"south":{"uv":[0,0,1,0.3],"texture":"#1","rotation":270},"west":{"uv":[0,0,2.5,1],"texture":"#1"},"up":{"uv":[0,0,2.5,0.3],"texture":"#1","rotation":270},"down":{"uv":[0,0,2.5,0.3],"texture":"#1","rotation":270}}}],"display":{"head":{"scale":[1.3,1.1,1.3],"rotation":[0,90,0],"translation":[0,13.5,0]},"gui":{"scale":[0.44,0.44,0.44],"rotation":[13,-113,0],"translation":[0,0,0]}},"credit":"Model by Craftventure"}