{"textures":{"0":"block/yellow_shulker_box","2":"block/slime_block","particle":"block/slime_block","2_anvil":"block/black_concrete"},"elements":[{"name":"octagon","from":[4.67893,20,10],"to":[8.82107,20.25,15],"rotation":{"angle":22.5,"axis":"y","origin":[6.75,21,10]},"faces":{"north":{"uv":[4,0,12,10.998],"rotation":180,"texture":"#0"},"east":{"uv":[4,0,12,10.998],"rotation":180,"texture":"#0"},"south":{"uv":[5,4,6,5],"rotation":180,"texture":"#0"},"west":{"uv":[4,0,12,10.998],"rotation":180,"texture":"#0"},"up":{"uv":[4,0,12,10.998],"rotation":180,"texture":"#0"},"down":{"uv":[4,0,12,10.998],"texture":"#0"}}},{"name":"octagon","from":[4.67893,20,5],"to":[8.82107,20.25,10],"rotation":{"angle":22.5,"axis":"y","origin":[6.75,21,10]},"faces":{"north":{"uv":[5,4,6,5],"rotation":180,"texture":"#0"},"east":{"uv":[4,0,12,10.998],"rotation":180,"texture":"#0"},"south":{"uv":[4,0,12,10.998],"rotation":180,"texture":"#0"},"west":{"uv":[4,0,12,10.998],"rotation":180,"texture":"#0"},"up":{"uv":[4,0,12,10.998],"texture":"#0"},"down":{"uv":[4,0,12,10.998],"rotation":180,"texture":"#0"}}},{"name":"octagon","from":[1.75,20,7.92893],"to":[6.75,20.25,12.07107],"rotation":{"angle":22.5,"axis":"y","origin":[6.75,21,10]},"faces":{"north":{"uv":[4,0,12,10.998],"rotation":180,"texture":"#0"},"east":{"uv":[4,0,12,10.998],"rotation":180,"texture":"#0"},"south":{"uv":[4,0,12,10.998],"rotation":180,"texture":"#0"},"west":{"uv":[5,4,6,5],"rotation":180,"texture":"#0"},"up":{"uv":[4,0,12,10.998],"rotation":270,"texture":"#0"},"down":{"uv":[4,0,12,10.998],"rotation":270,"texture":"#0"}}},{"name":"octagon","from":[6.75,20,7.92893],"to":[11.75,20.25,12.07107],"rotation":{"angle":22.5,"axis":"y","origin":[6.75,21,10]},"faces":{"north":{"uv":[4,0,12,10.998],"rotation":180,"texture":"#0"},"east":{"uv":[5,4,6,5],"rotation":180,"texture":"#0"},"south":{"uv":[4,0,12,10.998],"rotation":180,"texture":"#0"},"west":{"uv":[4,0,12,10.998],"rotation":180,"texture":"#0"},"up":{"uv":[4,0,12,10.998],"rotation":90,"texture":"#0"},"down":{"uv":[4,0,12,10.998],"rotation":90,"texture":"#0"}}},{"name":"octagon","from":[4.67893,20,10],"to":[8.82107,20.2501,15],"rotation":{"angle":-22.5,"axis":"y","origin":[6.75,21,10]},"faces":{"north":{"uv":[4,0,12,10.998],"rotation":180,"texture":"#0"},"east":{"uv":[4,0,12,10.998],"rotation":180,"texture":"#0"},"south":{"uv":[5,4,6,5],"rotation":180,"texture":"#0"},"west":{"uv":[4,0,12,10.998],"rotation":180,"texture":"#0"},"up":{"uv":[4,0,12,10.998],"rotation":180,"texture":"#0"},"down":{"uv":[4,0,12,10.998],"texture":"#0"}}},{"name":"octagon","from":[4.67893,20,5],"to":[8.82107,20.2501,10],"rotation":{"angle":-22.5,"axis":"y","origin":[6.75,21,10]},"faces":{"north":{"uv":[5,4,6,5],"rotation":180,"texture":"#0"},"east":{"uv":[4,0,12,10.998],"rotation":180,"texture":"#0"},"south":{"uv":[4,0,12,10.998],"rotation":180,"texture":"#0"},"west":{"uv":[4,0,12,10.998],"rotation":180,"texture":"#0"},"up":{"uv":[4,0,12,10.998],"texture":"#0"},"down":{"uv":[4,0,12,10.998],"rotation":180,"texture":"#0"}}},{"name":"octagon","from":[1.75,20,7.92893],"to":[6.75,20.2501,12.07107],"rotation":{"angle":-22.5,"axis":"y","origin":[6.75,21,10]},"faces":{"north":{"uv":[4,0,12,10.998],"rotation":180,"texture":"#0"},"east":{"uv":[4,0,12,10.998],"rotation":180,"texture":"#0"},"south":{"uv":[4,0,12,10.998],"rotation":180,"texture":"#0"},"west":{"uv":[5,4,6,5],"rotation":180,"texture":"#0"},"up":{"uv":[4,0,12,10.998],"rotation":270,"texture":"#0"},"down":{"uv":[4,0,12,10.998],"rotation":270,"texture":"#0"}}},{"name":"octagon","from":[6.75,20,7.92893],"to":[11.75,20.2501,12.07107],"rotation":{"angle":-22.5,"axis":"y","origin":[6.75,21,10]},"faces":{"north":{"uv":[4,0,12,10.998],"rotation":180,"texture":"#0"},"east":{"uv":[5,4,6,5],"rotation":180,"texture":"#0"},"south":{"uv":[4,0,12,10.998],"rotation":180,"texture":"#0"},"west":{"uv":[4,0,12,10.998],"rotation":180,"texture":"#0"},"up":{"uv":[4,0,12,10.998],"rotation":90,"texture":"#0"},"down":{"uv":[4,0,12,10.998],"rotation":90,"texture":"#0"}}},{"name":"octagon","from":[6.13604,5.25,3.5],"to":[9.86396,5.5,12.5],"rotation":{"angle":45,"axis":"y","origin":[8,6.25,8]},"faces":{"north":{"uv":[4,3,4.25,3.25],"texture":"#0"},"east":{"uv":[4,3,4.25,3.25],"texture":"#0"},"south":{"uv":[4,3,4.25,3.25],"texture":"#0"},"west":{"uv":[4,3,4.25,3.25],"texture":"#0"},"up":{"uv":[4,3,4.25,3.25],"texture":"#0"},"down":{"uv":[4,3,4.25,3.25],"texture":"#0"}}},{"name":"octagon","from":[6.13604,5.25,3.5],"to":[9.86396,5.5,12.5],"rotation":{"angle":0,"axis":"y","origin":[8,6.25,8]},"faces":{"north":{"uv":[4,3,4.25,3.25],"texture":"#0"},"east":{"uv":[4,3,4.25,3.25],"texture":"#0"},"south":{"uv":[4,3,4.25,3.25],"texture":"#0"},"west":{"uv":[4,3,4.25,3.25],"texture":"#0"},"up":{"uv":[4,3,4.25,3.25],"texture":"#0"},"down":{"uv":[4,3,4.25,3.25],"texture":"#0"}}},{"name":"octagon","from":[3.5,5.25,6.13604],"to":[12.5,5.5,9.86396],"rotation":{"angle":45,"axis":"y","origin":[8,6.25,8]},"faces":{"north":{"uv":[4,3,4.25,3.25],"texture":"#0"},"east":{"uv":[4,3,4.25,3.25],"texture":"#0"},"south":{"uv":[4,3,4.25,3.25],"texture":"#0"},"west":{"uv":[4,3,4.25,3.25],"texture":"#0"},"up":{"uv":[4,3,4.25,3.25],"texture":"#0"},"down":{"uv":[4,3,4.25,3.25],"texture":"#0"}}},{"name":"octagon","from":[3.5,5.25,6.13604],"to":[12.5,5.5,9.86396],"rotation":{"angle":0,"axis":"y","origin":[8,6.25,8]},"faces":{"north":{"uv":[4,3,4.25,3.25],"texture":"#0"},"east":{"uv":[4,3,4.25,3.25],"texture":"#0"},"south":{"uv":[4,3,4.25,3.25],"texture":"#0"},"west":{"uv":[4,3,4.25,3.25],"texture":"#0"},"up":{"uv":[4,3,4.25,3.25],"texture":"#0"},"down":{"uv":[4,3,4.25,3.25],"texture":"#0"}}},{"name":"octagon","from":[5.84609,5,2.8],"to":[10.15391,5.5,3.32],"rotation":{"angle":45,"axis":"y","origin":[8,6,8]},"faces":{"north":{"uv":[3,3,7,5],"texture":"#0"},"east":{"uv":[4,3,8.142,12.999],"texture":"#0"},"south":{"uv":[4,3,8.142,12.999],"texture":"#0"},"west":{"uv":[4,3,8.142,12.999],"texture":"#0"},"up":{"uv":[4,3,8.142,12.999],"texture":"#0"},"down":{"uv":[4,3,8.142,12.999],"texture":"#0"}}},{"name":"octagon","from":[5.84609,5,2.8],"to":[10.15391,5.5,3.32],"rotation":{"angle":0,"axis":"y","origin":[8,6,8]},"faces":{"north":{"uv":[9,3,13,5],"texture":"#0"},"east":{"uv":[4,3,8.142,12.999],"texture":"#0"},"south":{"uv":[4,3,8.142,12.999],"texture":"#0"},"west":{"uv":[4,3,8.142,12.999],"texture":"#0"},"up":{"uv":[4,3,8.142,12.999],"texture":"#0"},"down":{"uv":[4,3,8.142,12.999],"texture":"#0"}}},{"name":"octagon","from":[5.84609,5,12.68],"to":[10.15391,5.5,13.2],"rotation":{"angle":45,"axis":"y","origin":[8,6,8]},"faces":{"north":{"uv":[4,3,8.142,12.999],"texture":"#0"},"east":{"uv":[4,3,8.142,12.999],"texture":"#0"},"south":{"uv":[4,3,8,5],"texture":"#0"},"west":{"uv":[4,3,8.142,12.999],"texture":"#0"},"up":{"uv":[4,3,8.142,12.999],"texture":"#0"},"down":{"uv":[4,3,8.142,12.999],"texture":"#0"}}},{"name":"octagon","from":[5.84609,5,12.68],"to":[10.15391,5.5,13.2],"rotation":{"angle":0,"axis":"y","origin":[8,6,8]},"faces":{"north":{"uv":[4,3,8.142,12.999],"texture":"#0"},"east":{"uv":[4,3,8.142,12.999],"texture":"#0"},"south":{"uv":[9,3,13,5],"texture":"#0"},"west":{"uv":[4,3,8.142,12.999],"texture":"#0"},"up":{"uv":[4,3,8.142,12.999],"texture":"#0"},"down":{"uv":[4,3,8.142,12.999],"texture":"#0"}}},{"name":"octagon","from":[2.8,5,5.84609],"to":[3.32,5.5,10.15391],"rotation":{"angle":45,"axis":"y","origin":[8,6,8]},"faces":{"north":{"uv":[4,3,8.142,12.999],"texture":"#0"},"east":{"uv":[4,3,8.142,12.999],"texture":"#0"},"south":{"uv":[4,3,8.142,12.999],"texture":"#0"},"west":{"uv":[5.999,3,9.999,5],"texture":"#0"},"up":{"uv":[4,3,8.142,12.999],"texture":"#0"},"down":{"uv":[4,3,8.142,12.999],"texture":"#0"}}},{"name":"octagon","from":[2.8,5,5.84609],"to":[3.32,5.5,10.15391],"rotation":{"angle":0,"axis":"y","origin":[8,6,8]},"faces":{"north":{"uv":[4,3,8.142,12.999],"texture":"#0"},"east":{"uv":[4,3,8.142,12.999],"texture":"#0"},"south":{"uv":[4,3,8.142,12.999],"texture":"#0"},"west":{"uv":[4,3,8,5],"texture":"#0"},"up":{"uv":[4,3,8.142,12.999],"texture":"#0"},"down":{"uv":[4,3,8.142,12.999],"texture":"#0"}}},{"name":"octagon","from":[12.68,5,5.84609],"to":[13.2,5.5,10.15391],"rotation":{"angle":45,"axis":"y","origin":[8,6,8]},"faces":{"north":{"uv":[4,3,8.142,12.999],"texture":"#0"},"east":{"uv":[5.999,3,9.999,5],"texture":"#0"},"south":{"uv":[4,3,8.142,12.999],"texture":"#0"},"west":{"uv":[4,3,8.142,12.999],"texture":"#0"},"up":{"uv":[4,3,8.142,12.999],"texture":"#0"},"down":{"uv":[4,3,8.142,12.999],"texture":"#0"}}},{"name":"octagon","from":[12.68,5,5.84609],"to":[13.2,5.5,10.15391],"rotation":{"angle":0,"axis":"y","origin":[8,6,8]},"faces":{"north":{"uv":[4,3,8.142,12.999],"texture":"#0"},"east":{"uv":[5.999,3,9.999,5],"texture":"#0"},"south":{"uv":[4,3,8.142,12.999],"texture":"#0"},"west":{"uv":[4,3,8.142,12.999],"texture":"#0"},"up":{"uv":[4,3,8.142,12.999],"texture":"#0"},"down":{"uv":[4,3,8.142,12.999],"texture":"#0"}}},{"name":"octagon","from":[5.84609,9.25,2.8],"to":[10.15391,9.75,3.32],"rotation":{"angle":45,"axis":"y","origin":[8,10.25,8]},"faces":{"north":{"uv":[3,3,7,5],"texture":"#0"},"east":{"uv":[4,3,8.142,12.999],"texture":"#0"},"south":{"uv":[4,3,8.142,12.999],"texture":"#0"},"west":{"uv":[4,3,8.142,12.999],"texture":"#0"},"up":{"uv":[4,3,8.142,12.999],"texture":"#0"},"down":{"uv":[4,3,8.142,12.999],"texture":"#0"}}},{"name":"octagon","from":[5.84609,9.25,2.8],"to":[10.15391,9.75,3.32],"rotation":{"angle":0,"axis":"y","origin":[8,10.25,8]},"faces":{"north":{"uv":[9,3,13,5],"texture":"#0"},"east":{"uv":[4,3,8.142,12.999],"texture":"#0"},"south":{"uv":[4,3,8.142,12.999],"texture":"#0"},"west":{"uv":[4,3,8.142,12.999],"texture":"#0"},"up":{"uv":[4,3,8.142,12.999],"texture":"#0"},"down":{"uv":[4,3,8.142,12.999],"texture":"#0"}}},{"name":"octagon","from":[5.84609,9.25,12.68],"to":[10.15391,9.75,13.2],"rotation":{"angle":45,"axis":"y","origin":[8,10.25,8]},"faces":{"north":{"uv":[4,3,8.142,12.999],"texture":"#0"},"east":{"uv":[4,3,8.142,12.999],"texture":"#0"},"south":{"uv":[4,3,8,5],"texture":"#0"},"west":{"uv":[4,3,8.142,12.999],"texture":"#0"},"up":{"uv":[4,3,8.142,12.999],"texture":"#0"},"down":{"uv":[4,3,8.142,12.999],"texture":"#0"}}},{"name":"octagon","from":[5.84609,9.25,12.68],"to":[10.15391,9.75,13.2],"rotation":{"angle":0,"axis":"y","origin":[8,10.25,8]},"faces":{"north":{"uv":[4,3,8.142,12.999],"texture":"#0"},"east":{"uv":[4,3,8.142,12.999],"texture":"#0"},"south":{"uv":[9,3,13,5],"texture":"#0"},"west":{"uv":[4,3,8.142,12.999],"texture":"#0"},"up":{"uv":[4,3,8.142,12.999],"texture":"#0"},"down":{"uv":[4,3,8.142,12.999],"texture":"#0"}}},{"name":"octagon","from":[2.8,9.25,5.84609],"to":[3.32,9.75,10.15391],"rotation":{"angle":45,"axis":"y","origin":[8,10.25,8]},"faces":{"north":{"uv":[4,3,8.142,12.999],"texture":"#0"},"east":{"uv":[4,3,8.142,12.999],"texture":"#0"},"south":{"uv":[4,3,8.142,12.999],"texture":"#0"},"west":{"uv":[5.999,3,9.999,5],"texture":"#0"},"up":{"uv":[4,3,8.142,12.999],"texture":"#0"},"down":{"uv":[4,3,8.142,12.999],"texture":"#0"}}},{"name":"octagon","from":[2.8,9.25,5.84609],"to":[3.32,9.75,10.15391],"rotation":{"angle":0,"axis":"y","origin":[8,10.25,8]},"faces":{"north":{"uv":[4,3,8.142,12.999],"texture":"#0"},"east":{"uv":[4,3,8.142,12.999],"texture":"#0"},"south":{"uv":[4,3,8.142,12.999],"texture":"#0"},"west":{"uv":[4,3,8,5],"texture":"#0"},"up":{"uv":[4,3,8.142,12.999],"texture":"#0"},"down":{"uv":[4,3,8.142,12.999],"texture":"#0"}}},{"name":"octagon","from":[12.68,9.25,5.84609],"to":[13.2,9.75,10.15391],"rotation":{"angle":45,"axis":"y","origin":[8,10.25,8]},"faces":{"north":{"uv":[4,3,8.142,12.999],"texture":"#0"},"east":{"uv":[5.999,3,9.999,5],"texture":"#0"},"south":{"uv":[4,3,8.142,12.999],"texture":"#0"},"west":{"uv":[4,3,8.142,12.999],"texture":"#0"},"up":{"uv":[4,3,8.142,12.999],"texture":"#0"},"down":{"uv":[4,3,8.142,12.999],"texture":"#0"}}},{"name":"octagon","from":[12.68,9.25,5.84609],"to":[13.2,9.75,10.15391],"rotation":{"angle":0,"axis":"y","origin":[8,10.25,8]},"faces":{"north":{"uv":[4,3,8.142,12.999],"texture":"#0"},"east":{"uv":[5.999,3,9.999,5],"texture":"#0"},"south":{"uv":[4,3,8.142,12.999],"texture":"#0"},"west":{"uv":[4,3,8.142,12.999],"texture":"#0"},"up":{"uv":[4,3,8.142,12.999],"texture":"#0"},"down":{"uv":[4,3,8.142,12.999],"texture":"#0"}}},{"name":"octagon","from":[5.84609,14.25,2.8],"to":[10.15391,14.75,3.32],"rotation":{"angle":45,"axis":"y","origin":[8,15.25,8]},"faces":{"north":{"uv":[3,3,7,5],"texture":"#0"},"east":{"uv":[4,3,8.142,12.999],"texture":"#0"},"south":{"uv":[4,3,8.142,12.999],"texture":"#0"},"west":{"uv":[4,3,8.142,12.999],"texture":"#0"},"up":{"uv":[4,3,8.142,12.999],"texture":"#0"},"down":{"uv":[4,3,8.142,12.999],"texture":"#0"}}},{"name":"octagon","from":[5.84609,14.25,2.8],"to":[10.15391,14.75,3.32],"rotation":{"angle":0,"axis":"y","origin":[8,15.25,8]},"faces":{"north":{"uv":[9,3,13,5],"texture":"#0"},"east":{"uv":[4,3,8.142,12.999],"texture":"#0"},"south":{"uv":[4,3,8.142,12.999],"texture":"#0"},"west":{"uv":[4,3,8.142,12.999],"texture":"#0"},"up":{"uv":[4,3,8.142,12.999],"texture":"#0"},"down":{"uv":[4,3,8.142,12.999],"texture":"#0"}}},{"name":"octagon","from":[5.84609,14.25,12.68],"to":[10.15391,14.75,13.2],"rotation":{"angle":45,"axis":"y","origin":[8,15.25,8]},"faces":{"north":{"uv":[4,3,8.142,12.999],"texture":"#0"},"east":{"uv":[4,3,8.142,12.999],"texture":"#0"},"south":{"uv":[4,3,8,5],"texture":"#0"},"west":{"uv":[4,3,8.142,12.999],"texture":"#0"},"up":{"uv":[4,3,8.142,12.999],"texture":"#0"},"down":{"uv":[4,3,8.142,12.999],"texture":"#0"}}},{"name":"octagon","from":[5.84609,14.25,12.68],"to":[10.15391,14.75,13.2],"rotation":{"angle":0,"axis":"y","origin":[8,15.25,8]},"faces":{"north":{"uv":[4,3,8.142,12.999],"texture":"#0"},"east":{"uv":[4,3,8.142,12.999],"texture":"#0"},"south":{"uv":[9,3,13,5],"texture":"#0"},"west":{"uv":[4,3,8.142,12.999],"texture":"#0"},"up":{"uv":[4,3,8.142,12.999],"texture":"#0"},"down":{"uv":[4,3,8.142,12.999],"texture":"#0"}}},{"name":"octagon","from":[2.8,14.25,5.84609],"to":[3.32,14.75,10.15391],"rotation":{"angle":45,"axis":"y","origin":[8,15.25,8]},"faces":{"north":{"uv":[4,3,8.142,12.999],"texture":"#0"},"east":{"uv":[4,3,8.142,12.999],"texture":"#0"},"south":{"uv":[4,3,8.142,12.999],"texture":"#0"},"west":{"uv":[5.999,3,9.999,5],"texture":"#0"},"up":{"uv":[4,3,8.142,12.999],"texture":"#0"},"down":{"uv":[4,3,8.142,12.999],"texture":"#0"}}},{"name":"octagon","from":[2.8,14.25,5.84609],"to":[3.32,14.75,10.15391],"rotation":{"angle":0,"axis":"y","origin":[8,15.25,8]},"faces":{"north":{"uv":[4,3,8.142,12.999],"texture":"#0"},"east":{"uv":[4,3,8.142,12.999],"texture":"#0"},"south":{"uv":[4,3,8.142,12.999],"texture":"#0"},"west":{"uv":[4,3,8,5],"texture":"#0"},"up":{"uv":[4,3,8.142,12.999],"texture":"#0"},"down":{"uv":[4,3,8.142,12.999],"texture":"#0"}}},{"name":"octagon","from":[12.68,14.25,5.84609],"to":[13.2,14.75,10.15391],"rotation":{"angle":45,"axis":"y","origin":[8,15.25,8]},"faces":{"north":{"uv":[4,3,8.142,12.999],"texture":"#0"},"east":{"uv":[5.999,3,9.999,5],"texture":"#0"},"south":{"uv":[4,3,8.142,12.999],"texture":"#0"},"west":{"uv":[4,3,8.142,12.999],"texture":"#0"},"up":{"uv":[4,3,8.142,12.999],"texture":"#0"},"down":{"uv":[4,3,8.142,12.999],"texture":"#0"}}},{"name":"octagon","from":[12.68,14.25,5.84609],"to":[13.2,14.75,10.15391],"rotation":{"angle":0,"axis":"y","origin":[8,15.25,8]},"faces":{"north":{"uv":[4,3,8.142,12.999],"texture":"#0"},"east":{"uv":[5.999,3,9.999,5],"texture":"#0"},"south":{"uv":[4,3,8.142,12.999],"texture":"#0"},"west":{"uv":[4,3,8.142,12.999],"texture":"#0"},"up":{"uv":[4,3,8.142,12.999],"texture":"#0"},"down":{"uv":[4,3,8.142,12.999],"texture":"#0"}}},{"name":"octagon","from":[5.84609,18.5,2.8],"to":[10.15391,19,3.32],"rotation":{"angle":45,"axis":"y","origin":[8,19.5,8]},"faces":{"north":{"uv":[3,3,7,5],"texture":"#0"},"east":{"uv":[4,3,8.142,12.999],"texture":"#0"},"south":{"uv":[4,3,8.142,12.999],"texture":"#0"},"west":{"uv":[4,3,8.142,12.999],"texture":"#0"},"up":{"uv":[4,3,8.142,12.999],"texture":"#0"},"down":{"uv":[4,3,8.142,12.999],"texture":"#0"}}},{"name":"octagon","from":[5.84609,18.5,2.8],"to":[10.15391,19,3.32],"rotation":{"angle":0,"axis":"y","origin":[8,19.5,8]},"faces":{"north":{"uv":[9,3,13,5],"texture":"#0"},"east":{"uv":[4,3,8.142,12.999],"texture":"#0"},"south":{"uv":[4,3,8.142,12.999],"texture":"#0"},"west":{"uv":[4,3,8.142,12.999],"texture":"#0"},"up":{"uv":[4,3,8.142,12.999],"texture":"#0"},"down":{"uv":[4,3,8.142,12.999],"texture":"#0"}}},{"name":"octagon","from":[5.84609,18.5,12.68],"to":[10.15391,19,13.2],"rotation":{"angle":45,"axis":"y","origin":[8,19.5,8]},"faces":{"north":{"uv":[4,3,8.142,12.999],"texture":"#0"},"east":{"uv":[4,3,8.142,12.999],"texture":"#0"},"south":{"uv":[4,3,8,5],"texture":"#0"},"west":{"uv":[4,3,8.142,12.999],"texture":"#0"},"up":{"uv":[4,3,8.142,12.999],"texture":"#0"},"down":{"uv":[4,3,8.142,12.999],"texture":"#0"}}},{"name":"octagon","from":[5.84609,18.5,12.68],"to":[10.15391,19,13.2],"rotation":{"angle":0,"axis":"y","origin":[8,19.5,8]},"faces":{"north":{"uv":[4,3,8.142,12.999],"texture":"#0"},"east":{"uv":[4,3,8.142,12.999],"texture":"#0"},"south":{"uv":[9,3,13,5],"texture":"#0"},"west":{"uv":[4,3,8.142,12.999],"texture":"#0"},"up":{"uv":[4,3,8.142,12.999],"texture":"#0"},"down":{"uv":[4,3,8.142,12.999],"texture":"#0"}}},{"name":"octagon","from":[2.8,18.5,5.84609],"to":[3.32,19,10.15391],"rotation":{"angle":45,"axis":"y","origin":[8,19.5,8]},"faces":{"north":{"uv":[4,3,8.142,12.999],"texture":"#0"},"east":{"uv":[4,3,8.142,12.999],"texture":"#0"},"south":{"uv":[4,3,8.142,12.999],"texture":"#0"},"west":{"uv":[5.999,3,9.999,5],"texture":"#0"},"up":{"uv":[4,3,8.142,12.999],"texture":"#0"},"down":{"uv":[4,3,8.142,12.999],"texture":"#0"}}},{"name":"octagon","from":[2.8,18.5,5.84609],"to":[3.32,19,10.15391],"rotation":{"angle":0,"axis":"y","origin":[8,19.5,8]},"faces":{"north":{"uv":[4,3,8.142,12.999],"texture":"#0"},"east":{"uv":[4,3,8.142,12.999],"texture":"#0"},"south":{"uv":[4,3,8.142,12.999],"texture":"#0"},"west":{"uv":[4,3,8,5],"texture":"#0"},"up":{"uv":[4,3,8.142,12.999],"texture":"#0"},"down":{"uv":[4,3,8.142,12.999],"texture":"#0"}}},{"name":"octagon","from":[12.68,18.5,5.84609],"to":[13.2,19,10.15391],"rotation":{"angle":45,"axis":"y","origin":[8,19.5,8]},"faces":{"north":{"uv":[4,3,8.142,12.999],"texture":"#0"},"east":{"uv":[5.999,3,9.999,5],"texture":"#0"},"south":{"uv":[4,3,8.142,12.999],"texture":"#0"},"west":{"uv":[4,3,8.142,12.999],"texture":"#0"},"up":{"uv":[4,3,8.142,12.999],"texture":"#0"},"down":{"uv":[4,3,8.142,12.999],"texture":"#0"}}},{"name":"octagon","from":[12.68,18.5,5.84609],"to":[13.2,19,10.15391],"rotation":{"angle":0,"axis":"y","origin":[8,19.5,8]},"faces":{"north":{"uv":[4,3,8.142,12.999],"texture":"#0"},"east":{"uv":[5.999,3,9.999,5],"texture":"#0"},"south":{"uv":[4,3,8.142,12.999],"texture":"#0"},"west":{"uv":[4,3,8.142,12.999],"texture":"#0"},"up":{"uv":[4,3,8.142,12.999],"texture":"#0"},"down":{"uv":[4,3,8.142,12.999],"texture":"#0"}}},{"name":"hexadecagon","from":[7.87582,11.48522,2.875],"to":[8.12418,12.73375,3.375],"rotation":{"angle":-45,"axis":"z","origin":[8,12.10949,2.125]},"faces":{"north":{"uv":[0,0,0.5,0.5],"texture":"#2_anvil"},"east":{"uv":[0,0,0.5,0.5],"texture":"#2_anvil"},"south":{"uv":[0,0,0.5,0.5],"texture":"#2_anvil"},"west":{"uv":[0,0,0.5,0.5],"texture":"#2_anvil"},"up":{"uv":[0,0,0.5,0.5],"texture":"#2_anvil"},"down":{"uv":[0,0,0.5,0.5],"texture":"#2_anvil"}}},{"name":"hexadecagon","from":[7.87582,11.48522,2.875],"to":[8.12418,12.73375,3.375],"rotation":{"angle":-22.5,"axis":"z","origin":[8,12.10949,2.125]},"faces":{"north":{"uv":[0,0,0.5,0.5],"texture":"#2_anvil"},"east":{"uv":[0,0,0.5,0.5],"texture":"#2_anvil"},"south":{"uv":[0,0,0.5,0.5],"texture":"#2_anvil"},"west":{"uv":[0,0,0.5,0.5],"texture":"#2_anvil"},"up":{"uv":[0,0,0.5,0.5],"texture":"#2_anvil"},"down":{"uv":[0,0,0.5,0.5],"texture":"#2_anvil"}}},{"name":"hexadecagon","from":[7.87582,11.48522,2.875],"to":[8.12418,12.73375,3.375],"rotation":{"angle":0,"axis":"z","origin":[8,12.10949,2.125]},"faces":{"north":{"uv":[0,0,0.5,0.5],"texture":"#2_anvil"},"east":{"uv":[0,0,0.5,0.5],"texture":"#2_anvil"},"south":{"uv":[0,0,0.5,0.5],"texture":"#2_anvil"},"west":{"uv":[0,0,0.5,0.5],"texture":"#2_anvil"},"up":{"uv":[0,0,0.5,0.5],"texture":"#2_anvil"},"down":{"uv":[0,0,0.5,0.5],"texture":"#2_anvil"}}},{"name":"hexadecagon","from":[7.87582,11.48522,2.875],"to":[8.12418,12.73375,3.375],"rotation":{"angle":22.5,"axis":"z","origin":[8,12.10949,2.125]},"faces":{"north":{"uv":[0,0,0.5,0.5],"texture":"#2_anvil"},"east":{"uv":[0,0,0.5,0.5],"texture":"#2_anvil"},"south":{"uv":[0,0,0.5,0.5],"texture":"#2_anvil"},"west":{"uv":[0,0,0.5,0.5],"texture":"#2_anvil"},"up":{"uv":[0,0,0.5,0.5],"texture":"#2_anvil"},"down":{"uv":[0,0,0.5,0.5],"texture":"#2_anvil"}}},{"name":"hexadecagon","from":[7.87582,11.48522,2.875],"to":[8.12418,12.73375,3.375],"rotation":{"angle":45,"axis":"z","origin":[8,12.10949,2.125]},"faces":{"north":{"uv":[0,0,0.5,0.5],"texture":"#2_anvil"},"east":{"uv":[0,0,0.5,0.5],"texture":"#2_anvil"},"south":{"uv":[0,0,0.5,0.5],"texture":"#2_anvil"},"west":{"uv":[0,0,0.5,0.5],"texture":"#2_anvil"},"up":{"uv":[0,0,0.5,0.5],"texture":"#2_anvil"},"down":{"uv":[0,0,0.5,0.5],"texture":"#2_anvil"}}},{"name":"hexadecagon","from":[7.37573,11.98532,2.875],"to":[8.62427,12.23366,3.375],"rotation":{"angle":-22.5,"axis":"z","origin":[8,12.10949,2.125]},"faces":{"north":{"uv":[0,0,0.5,0.5],"texture":"#2_anvil"},"east":{"uv":[0,0,0.5,0.5],"texture":"#2_anvil"},"south":{"uv":[0,0,0.5,0.5],"texture":"#2_anvil"},"west":{"uv":[0,0,0.5,0.5],"texture":"#2_anvil"},"up":{"uv":[0,0,0.5,0.5],"texture":"#2_anvil"},"down":{"uv":[0,0,0.5,0.5],"texture":"#2_anvil"}}},{"name":"hexadecagon","from":[7.37573,11.98532,2.875],"to":[8.62427,12.23366,3.375],"rotation":{"angle":0,"axis":"z","origin":[8,12.10949,2.125]},"faces":{"north":{"uv":[0,0,0.5,0.5],"texture":"#2_anvil"},"east":{"uv":[0,0,0.5,0.5],"texture":"#2_anvil"},"south":{"uv":[0,0,0.5,0.5],"texture":"#2_anvil"},"west":{"uv":[0,0,0.5,0.5],"texture":"#2_anvil"},"up":{"uv":[0,0,0.5,0.5],"texture":"#2_anvil"},"down":{"uv":[0,0,0.5,0.5],"texture":"#2_anvil"}}},{"name":"hexadecagon","from":[7.37573,11.98532,2.875],"to":[8.62427,12.23366,3.375],"rotation":{"angle":22.5,"axis":"z","origin":[8,12.10949,2.125]},"faces":{"north":{"uv":[0,0,0.5,0.5],"texture":"#2_anvil"},"east":{"uv":[0,0,0.5,0.5],"texture":"#2_anvil"},"south":{"uv":[0,0,0.5,0.5],"texture":"#2_anvil"},"west":{"uv":[0,0,0.5,0.5],"texture":"#2_anvil"},"up":{"uv":[0,0,0.5,0.5],"texture":"#2_anvil"},"down":{"uv":[0,0,0.5,0.5],"texture":"#2_anvil"}}},{"name":"hexadecagon","from":[7.67106,9.89879,2.875],"to":[8.43939,11.22416,3.375],"rotation":{"angle":-22.5,"axis":"z","origin":[8,12.10774,2.125]},"faces":{"north":{"uv":[0,0,0.5,0.5],"texture":"#2_anvil"},"east":{"uv":[0,0,0.5,0.5],"texture":"#2_anvil"},"south":{"uv":[0,0,0.5,0.5],"texture":"#2_anvil"},"west":{"uv":[0,0,0.5,0.5],"texture":"#2_anvil"},"up":{"uv":[0,0,0.5,0.5],"texture":"#2_anvil"},"down":{"uv":[0,0,0.5,0.5],"texture":"#2_anvil"}}},{"name":"hexadecagon","from":[7.56061,9.89879,2.875],"to":[8.43939,11.22416,3.375],"rotation":{"angle":0,"axis":"z","origin":[8,12.10774,2.125]},"faces":{"north":{"uv":[0,0,0.5,0.5],"texture":"#2_anvil"},"east":{"uv":[0,0,0.5,0.5],"texture":"#2_anvil"},"south":{"uv":[0,0,0.5,0.5],"texture":"#2_anvil"},"west":{"uv":[0,0,0.5,0.5],"texture":"#2_anvil"},"up":{"uv":[0,0,0.5,0.5],"texture":"#2_anvil"},"down":{"uv":[0,0,0.5,0.5],"texture":"#2_anvil"}}},{"name":"hexadecagon","from":[7.56061,9.89879,2.875],"to":[8.32894,11.22416,3.375],"rotation":{"angle":22.5,"axis":"z","origin":[8,12.10774,2.125]},"faces":{"north":{"uv":[0,0,0.5,0.5],"texture":"#2_anvil"},"east":{"uv":[0,0,0.5,0.5],"texture":"#2_anvil"},"south":{"uv":[0,0,0.5,0.5],"texture":"#2_anvil"},"west":{"uv":[0,0,0.5,0.5],"texture":"#2_anvil"},"up":{"uv":[0,0,0.5,0.5],"texture":"#2_anvil"},"down":{"uv":[0,0,0.5,0.5],"texture":"#2_anvil"}}},{"name":"hexadecagon","from":[7.78151,12.99132,2.875],"to":[8.43939,14.31668,3.375],"rotation":{"angle":-45,"axis":"z","origin":[8,12.10774,2.125]},"faces":{"north":{"uv":[0,0,0.5,0.5],"texture":"#2_anvil"},"east":{"uv":[0,0,0.5,0.5],"texture":"#2_anvil"},"south":{"uv":[0,0,0.5,0.5],"texture":"#2_anvil"},"west":{"uv":[0,0,0.5,0.5],"texture":"#2_anvil"},"up":{"uv":[0,0,0.5,0.5],"texture":"#2_anvil"},"down":{"uv":[0,0,0.5,0.5],"texture":"#2_anvil"}}},{"name":"hexadecagon","from":[5.79105,11.88925,2.875],"to":[7.11642,12.54713,3.375],"rotation":{"angle":-22.5,"axis":"z","origin":[8,12.10774,2.125]},"faces":{"north":{"uv":[0,0,0.5,0.5],"rotation":90,"texture":"#2_anvil"},"east":{"uv":[0,0,0.5,0.5],"rotation":270,"texture":"#2_anvil"},"south":{"uv":[0,0,0.5,0.5],"rotation":270,"texture":"#2_anvil"},"west":{"uv":[0,0,0.5,0.5],"rotation":270,"texture":"#2_anvil"},"up":{"uv":[0,0,0.5,0.5],"rotation":270,"texture":"#2_anvil"},"down":{"uv":[0,0,0.5,0.5],"rotation":270,"texture":"#2_anvil"}}},{"name":"hexadecagon","from":[7.56061,13.654,2.875],"to":[8.43939,14.31668,3.375],"rotation":{"angle":-45,"axis":"z","origin":[8,12.10774,2.125]},"faces":{"north":{"uv":[0,0,0.5,0.5],"texture":"#2_anvil"},"east":{"uv":[0,0,0.5,0.5],"texture":"#2_anvil"},"south":{"uv":[0,0,0.5,0.5],"texture":"#2_anvil"},"west":{"uv":[0,0,0.5,0.5],"texture":"#2_anvil"},"up":{"uv":[0,0,0.5,0.5],"texture":"#2_anvil"},"down":{"uv":[0,0,0.5,0.5],"texture":"#2_anvil"}}},{"name":"hexadecagon","from":[5.79105,11.66835,2.875],"to":[6.45374,12.54713,3.375],"rotation":{"angle":-22.5,"axis":"z","origin":[8,12.10774,2.125]},"faces":{"north":{"uv":[0,0,0.5,0.5],"rotation":90,"texture":"#2_anvil"},"east":{"uv":[0,0,0.5,0.5],"rotation":270,"texture":"#2_anvil"},"south":{"uv":[0,0,0.5,0.5],"rotation":270,"texture":"#2_anvil"},"west":{"uv":[0,0,0.5,0.5],"rotation":270,"texture":"#2_anvil"},"up":{"uv":[0,0,0.5,0.5],"rotation":270,"texture":"#2_anvil"},"down":{"uv":[0,0,0.5,0.5],"rotation":270,"texture":"#2_anvil"}}},{"name":"hexadecagon","from":[8.0024,12.99132,2.875],"to":[8.43939,14.31668,3.375],"rotation":{"angle":-22.5,"axis":"z","origin":[8,12.10774,2.125]},"faces":{"north":{"uv":[0,0,0.5,0.5],"texture":"#2_anvil"},"east":{"uv":[0,0,0.5,0.5],"texture":"#2_anvil"},"south":{"uv":[0,0,0.5,0.5],"texture":"#2_anvil"},"west":{"uv":[0,0,0.5,0.5],"texture":"#2_anvil"},"up":{"uv":[0,0,0.5,0.5],"texture":"#2_anvil"},"down":{"uv":[0,0,0.5,0.5],"texture":"#2_anvil"}}},{"name":"hexadecagon","from":[5.79105,12.11014,2.875],"to":[7.11642,12.54713,3.375],"rotation":{"angle":0,"axis":"z","origin":[8,12.10774,2.125]},"faces":{"north":{"uv":[0,0,0.5,0.5],"rotation":90,"texture":"#2_anvil"},"east":{"uv":[0,0,0.5,0.5],"rotation":270,"texture":"#2_anvil"},"south":{"uv":[0,0,0.5,0.5],"rotation":270,"texture":"#2_anvil"},"west":{"uv":[0,0,0.5,0.5],"rotation":270,"texture":"#2_anvil"},"up":{"uv":[0,0,0.5,0.5],"rotation":270,"texture":"#2_anvil"},"down":{"uv":[0,0,0.5,0.5],"rotation":270,"texture":"#2_anvil"}}},{"name":"hexadecagon","from":[7.56061,12.99132,2.875],"to":[7.9976,14.31668,3.375],"rotation":{"angle":22.5,"axis":"z","origin":[8,12.10774,2.125]},"faces":{"north":{"uv":[0,0,0.5,0.5],"texture":"#2_anvil"},"east":{"uv":[0,0,0.5,0.5],"texture":"#2_anvil"},"south":{"uv":[0,0,0.5,0.5],"texture":"#2_anvil"},"west":{"uv":[0,0,0.5,0.5],"texture":"#2_anvil"},"up":{"uv":[0,0,0.5,0.5],"texture":"#2_anvil"},"down":{"uv":[0,0,0.5,0.5],"texture":"#2_anvil"}}},{"name":"hexadecagon","from":[8.88358,12.11014,2.875],"to":[10.20895,12.54713,3.375],"rotation":{"angle":0,"axis":"z","origin":[8,12.10774,2.125]},"faces":{"north":{"uv":[0,0,0.5,0.5],"rotation":270,"texture":"#2_anvil"},"east":{"uv":[0,0,0.5,0.5],"rotation":90,"texture":"#2_anvil"},"south":{"uv":[0,0,0.5,0.5],"rotation":90,"texture":"#2_anvil"},"west":{"uv":[0,0,0.5,0.5],"rotation":90,"texture":"#2_anvil"},"up":{"uv":[0,0,0.5,0.5],"rotation":90,"texture":"#2_anvil"},"down":{"uv":[0,0,0.5,0.5],"rotation":90,"texture":"#2_anvil"}}},{"name":"hexadecagon","from":[7.56061,12.99132,2.875],"to":[8.21849,14.31668,3.375],"rotation":{"angle":45,"axis":"z","origin":[8,12.10774,2.125]},"faces":{"north":{"uv":[0,0,0.5,0.5],"texture":"#2_anvil"},"east":{"uv":[0,0,0.5,0.5],"texture":"#2_anvil"},"south":{"uv":[0,0,0.5,0.5],"texture":"#2_anvil"},"west":{"uv":[0,0,0.5,0.5],"texture":"#2_anvil"},"up":{"uv":[0,0,0.5,0.5],"texture":"#2_anvil"},"down":{"uv":[0,0,0.5,0.5],"texture":"#2_anvil"}}},{"name":"hexadecagon","from":[8.88358,11.88925,2.875],"to":[10.20895,12.54713,3.375],"rotation":{"angle":22.5,"axis":"z","origin":[8,12.10774,2.125]},"faces":{"north":{"uv":[0,0,0.5,0.5],"rotation":270,"texture":"#2_anvil"},"east":{"uv":[0,0,0.5,0.5],"rotation":90,"texture":"#2_anvil"},"south":{"uv":[0,0,0.5,0.5],"rotation":90,"texture":"#2_anvil"},"west":{"uv":[0,0,0.5,0.5],"rotation":90,"texture":"#2_anvil"},"up":{"uv":[0,0,0.5,0.5],"rotation":90,"texture":"#2_anvil"},"down":{"uv":[0,0,0.5,0.5],"rotation":90,"texture":"#2_anvil"}}},{"name":"hexadecagon","from":[7.56061,13.654,2.875],"to":[8.43939,14.31668,3.375],"rotation":{"angle":45,"axis":"z","origin":[8,12.10774,2.125]},"faces":{"north":{"uv":[0,0,0.5,0.5],"texture":"#2_anvil"},"east":{"uv":[0,0,0.5,0.5],"texture":"#2_anvil"},"south":{"uv":[0,0,0.5,0.5],"texture":"#2_anvil"},"west":{"uv":[0,0,0.5,0.5],"texture":"#2_anvil"},"up":{"uv":[0,0,0.5,0.5],"texture":"#2_anvil"},"down":{"uv":[0,0,0.5,0.5],"texture":"#2_anvil"}}},{"name":"hexadecagon","from":[9.54626,11.66835,2.875],"to":[10.20895,12.54713,3.375],"rotation":{"angle":22.5,"axis":"z","origin":[8,12.10774,2.125]},"faces":{"north":{"uv":[0,0,0.5,0.5],"rotation":270,"texture":"#2_anvil"},"east":{"uv":[0,0,0.5,0.5],"rotation":90,"texture":"#2_anvil"},"south":{"uv":[0,0,0.5,0.5],"rotation":90,"texture":"#2_anvil"},"west":{"uv":[0,0,0.5,0.5],"rotation":90,"texture":"#2_anvil"},"up":{"uv":[0,0,0.5,0.5],"rotation":90,"texture":"#2_anvil"},"down":{"uv":[0,0,0.5,0.5],"rotation":90,"texture":"#2_anvil"}}},{"name":"octagon","from":[5.84609,19.5,2.8],"to":[10.15391,20,3.32],"rotation":{"angle":45,"axis":"y","origin":[8,20.5,8]},"faces":{"north":{"uv":[3,3,7,5],"texture":"#0"},"east":{"uv":[4,3,8.142,12.999],"texture":"#0"},"south":{"uv":[4,3,8.142,12.999],"texture":"#0"},"west":{"uv":[4,3,8.142,12.999],"texture":"#0"},"up":{"uv":[4,3,8.30782,3.52],"texture":"#0"},"down":{"uv":[4,3,8.142,12.999],"texture":"#0"}}},{"name":"octagon","from":[5.84609,19.5,2.8],"to":[10.15391,20,3.32],"rotation":{"angle":0,"axis":"y","origin":[8,20.5,8]},"faces":{"north":{"uv":[9,3,13,5],"texture":"#0"},"east":{"uv":[4,3,8.142,12.999],"texture":"#0"},"south":{"uv":[4,3,8.142,12.999],"texture":"#0"},"west":{"uv":[4,3,8.142,12.999],"texture":"#0"},"up":{"uv":[4,3,8.30782,3.52],"texture":"#0"},"down":{"uv":[4,3,8.142,12.999],"texture":"#0"}}},{"name":"octagon","from":[5.84609,19.5,12.68],"to":[10.15391,20,13.2],"rotation":{"angle":45,"axis":"y","origin":[8,20.5,8]},"faces":{"north":{"uv":[4,3,8.142,12.999],"texture":"#0"},"east":{"uv":[4,3,8.142,12.999],"texture":"#0"},"south":{"uv":[4,3,8,5],"texture":"#0"},"west":{"uv":[4,3,8.142,12.999],"texture":"#0"},"up":{"uv":[4,3,8.30782,3.52],"texture":"#0"},"down":{"uv":[4,3,8.142,12.999],"texture":"#0"}}},{"name":"octagon","from":[5.84609,19.5,12.68],"to":[10.15391,20,13.2],"rotation":{"angle":0,"axis":"y","origin":[8,20.5,8]},"faces":{"north":{"uv":[4,3,8.142,12.999],"texture":"#0"},"east":{"uv":[4,3,8.142,12.999],"texture":"#0"},"south":{"uv":[9,3,13,5],"texture":"#0"},"west":{"uv":[4,3,8.142,12.999],"texture":"#0"},"up":{"uv":[4,3,8.142,12.999],"texture":"#0"},"down":{"uv":[4,3,8.142,12.999],"texture":"#0"}}},{"name":"octagon","from":[2.8,19.5,5.84609],"to":[3.32,20,10.15391],"rotation":{"angle":45,"axis":"y","origin":[8,20.5,8]},"faces":{"north":{"uv":[4,3,8.142,12.999],"texture":"#0"},"east":{"uv":[4,3,8.142,12.999],"texture":"#0"},"south":{"uv":[4,3,8.142,12.999],"texture":"#0"},"west":{"uv":[5.999,3,9.999,5],"texture":"#0"},"up":{"uv":[4,3,8.142,12.999],"texture":"#0"},"down":{"uv":[4,3,8.142,12.999],"texture":"#0"}}},{"name":"octagon","from":[2.8,19.5,5.84609],"to":[3.32,20,10.15391],"rotation":{"angle":0,"axis":"y","origin":[8,20.5,8]},"faces":{"north":{"uv":[4,3,8.142,12.999],"texture":"#0"},"east":{"uv":[4,3,8.142,12.999],"texture":"#0"},"south":{"uv":[4,3,8.142,12.999],"texture":"#0"},"west":{"uv":[4,3,8,5],"texture":"#0"},"up":{"uv":[4,3,4.52,7.30782],"texture":"#0"},"down":{"uv":[4,3,8.142,12.999],"texture":"#0"}}},{"name":"octagon","from":[12.68,19.5,5.84609],"to":[13.2,20,10.15391],"rotation":{"angle":45,"axis":"y","origin":[8,20.5,8]},"faces":{"north":{"uv":[4,3,8.142,12.999],"texture":"#0"},"east":{"uv":[5.999,3,9.999,5],"texture":"#0"},"south":{"uv":[4,3,8.142,12.999],"texture":"#0"},"west":{"uv":[4,3,8.142,12.999],"texture":"#0"},"up":{"uv":[4,3,4.52,7.30782],"texture":"#0"},"down":{"uv":[4,3,8.142,12.999],"texture":"#0"}}},{"name":"octagon","from":[12.68,19.5,5.84609],"to":[13.2,20,10.15391],"rotation":{"angle":0,"axis":"y","origin":[8,20.5,8]},"faces":{"north":{"uv":[4,3,8.142,12.999],"texture":"#0"},"east":{"uv":[5.999,3,9.999,5],"texture":"#0"},"south":{"uv":[4,3,8.142,12.999],"texture":"#0"},"west":{"uv":[4,3,8.142,12.999],"texture":"#0"},"up":{"uv":[4,3,4.52,7.30782],"texture":"#0"},"down":{"uv":[4,3,8.142,12.999],"texture":"#0"}}},{"name":"octagon","from":[5.92893,5.25,3],"to":[10.07107,19.75,3.875],"rotation":{"angle":45,"axis":"y","origin":[8,8,8]},"faces":{"north":{"uv":[3,3,7,12.999],"texture":"#0"},"east":{"uv":[4,3,8.142,12.999],"texture":"#0"},"south":{"uv":[4,3,8.142,12.999],"texture":"#0"},"west":{"uv":[4,3,8.142,12.999],"texture":"#0"},"up":{"uv":[4,3,8.14214,3.875],"texture":"#0"},"down":{"uv":[4,3,8.142,12.999],"texture":"#0"}}},{"name":"octagon","from":[5.92893,5.25,3],"to":[10.07107,19.75,3.875],"faces":{"north":{"uv":[9,3,13,12.999],"texture":"#0"},"east":{"uv":[4,3,8.142,12.999],"texture":"#0"},"south":{"uv":[4,3,8.142,12.999],"texture":"#0"},"west":{"uv":[4,3,8.142,12.999],"texture":"#0"},"up":{"uv":[4,3,8.142,12.999],"texture":"#0"},"down":{"uv":[4,3,8.142,12.999],"texture":"#0"}}},{"name":"octagon","from":[5.92893,5.25,12.125],"to":[10.07107,19.75,13],"rotation":{"angle":45,"axis":"y","origin":[8,8,8]},"faces":{"north":{"uv":[4,3,8.142,12.999],"texture":"#0"},"east":{"uv":[4,3,8.142,12.999],"texture":"#0"},"south":{"uv":[4,3,8,12.999],"texture":"#0"},"west":{"uv":[4,3,8.142,12.999],"texture":"#0"},"up":{"uv":[4,3,8.14214,3.875],"texture":"#0"},"down":{"uv":[4,3,8.142,12.999],"texture":"#0"}}},{"name":"octagon","from":[5.92893,5.25,12.125],"to":[10.07107,19.75,13],"faces":{"north":{"uv":[4,3,8.142,12.999],"texture":"#0"},"east":{"uv":[4,3,8.142,12.999],"texture":"#0"},"south":{"uv":[9,3,13,12.999],"texture":"#0"},"west":{"uv":[4,3,8.142,12.999],"texture":"#0"},"up":{"uv":[4,3,8.142,12.999],"texture":"#0"},"down":{"uv":[4,3,8.142,12.999],"texture":"#0"}}},{"name":"octagon","from":[3,5.25,5.92893],"to":[3.875,19.75,10.07107],"faces":{"north":{"uv":[4,3,8.142,12.999],"texture":"#0"},"east":{"uv":[4,3,8.142,12.999],"texture":"#0"},"south":{"uv":[4,3,8.142,12.999],"texture":"#0"},"west":{"uv":[4,3,8,12.999],"texture":"#0"},"up":{"uv":[4,3,8.142,12.999],"texture":"#0"},"down":{"uv":[4,3,8.142,12.999],"texture":"#0"}}},{"name":"octagon","from":[3,5.25,5.92893],"to":[3.875,19.75,10.07107],"rotation":{"angle":45,"axis":"y","origin":[8,8,8]},"faces":{"north":{"uv":[4,3,8.142,12.999],"texture":"#0"},"east":{"uv":[4,3,8.142,12.999],"texture":"#0"},"south":{"uv":[4,3,8.142,12.999],"texture":"#0"},"west":{"uv":[4,3,8,12.999],"texture":"#0"},"up":{"uv":[4,3,8.142,12.999],"texture":"#0"},"down":{"uv":[4,3,8.142,12.999],"texture":"#0"}}},{"name":"octagon","from":[12.125,5.25,5.92893],"to":[13,19.75,10.07107],"rotation":{"angle":45,"axis":"y","origin":[8,8,8]},"faces":{"north":{"uv":[4,3,8.142,12.999],"texture":"#0"},"east":{"uv":[5.999,3,9.999,12.999],"texture":"#0"},"south":{"uv":[4,3,8.142,12.999],"texture":"#0"},"west":{"uv":[4,3,8.142,12.999],"texture":"#0"},"up":{"uv":[4,3,4.875,7.14214],"texture":"#0"},"down":{"uv":[4,3,8.142,12.999],"texture":"#0"}}},{"name":"octagon","from":[12.125,5.25,5.92893],"to":[13,19.75,10.07107],"faces":{"north":{"uv":[4,3,8.142,12.999],"texture":"#0"},"east":{"uv":[5.999,3,9.999,12.999],"texture":"#0"},"south":{"uv":[4,3,8.142,12.999],"texture":"#0"},"west":{"uv":[4,3,8.142,12.999],"texture":"#0"},"up":{"uv":[4,3,4.875,7.14214],"texture":"#0"},"down":{"uv":[4,3,8.142,12.999],"texture":"#0"}}},{"from":[5.696,18.5,3.8528],"to":[10.304,19.5,12.1472],"rotation":{"angle":0,"axis":"y","origin":[8,8.75,8]},"faces":{"up":{"uv":[3.5,0,12.5,16],"texture":"#2"}}},{"from":[6.696,19.5,2.6028],"to":[9.054,20.25,4.1472],"faces":{"north":{"uv":[2,0,6,1],"texture":"#2"},"east":{"uv":[2,0,3,2],"texture":"#2"},"south":{"uv":[2,0,6,1],"texture":"#2"},"west":{"uv":[2,0,3,2],"texture":"#2"},"up":{"uv":[2,0,6,2],"texture":"#2"},"down":{"uv":[2,0,6,2],"texture":"#2"}}},{"from":[12.3528,19.5,6.946],"to":[13.7722,20.125,9.054],"rotation":{"angle":-22.5,"axis":"y","origin":[8,8,8]},"faces":{"north":{"uv":[2,0,3,2],"texture":"#2"},"east":{"uv":[2,0,6,1],"texture":"#2"},"south":{"uv":[2,0,3,2],"texture":"#2"},"west":{"uv":[2,0,6,1],"texture":"#2"},"up":{"uv":[2,0,6,2],"rotation":90,"texture":"#2"},"down":{"uv":[2,0,6,2],"rotation":270,"texture":"#2"}}},{"from":[6.946,18.5,2.4778],"to":[8.804,19.5,2.8972],"faces":{"north":{"uv":[2,0,5,2],"texture":"#2"},"east":{"uv":[2,0,3,2],"texture":"#2"},"west":{"uv":[2,0,3,2],"texture":"#2"},"up":{"uv":[2,0,5,2],"texture":"#2"},"down":{"uv":[2,0,5,2],"texture":"#2"}}},{"from":[13.4778,18.5,7.696],"to":[13.8972,19.5,9.304],"rotation":{"angle":-22.5,"axis":"y","origin":[8,8,8]},"faces":{"north":{"uv":[2,0,3,2],"texture":"#2"},"east":{"uv":[2,0,5,2],"texture":"#2"},"south":{"uv":[2,0,3,2],"texture":"#2"},"up":{"uv":[2,0,5,2],"rotation":90,"texture":"#2"},"down":{"uv":[2,0,5,2],"rotation":270,"texture":"#2"}}},{"from":[7.196,17.75,2.6028],"to":[8.054,18.5,2.7722],"rotation":{"angle":0,"axis":"y","origin":[7.75,8,8]},"faces":{"north":{"uv":[2,0,4,2],"texture":"#2"},"east":{"uv":[2,0,3,2],"texture":"#2"},"west":{"uv":[2,0,3,2],"texture":"#2"},"up":{"uv":[2,0,5,2],"texture":"#2"},"down":{"uv":[2,0,5,2],"texture":"#2"}}},{"from":[13.4778,17.75,8.446],"to":[13.7722,18.5,9.054],"rotation":{"angle":-22.5,"axis":"y","origin":[8,8,8]},"faces":{"north":{"uv":[2,0,3,2],"texture":"#2"},"east":{"uv":[2,0,4,2],"texture":"#2"},"south":{"uv":[2,0,3,2],"texture":"#2"},"up":{"uv":[2,0,5,2],"rotation":90,"texture":"#2"},"down":{"uv":[2,0,5,2],"rotation":270,"texture":"#2"}}},{"from":[5.946,14.5,2.7278],"to":[7.554,14.875,3.0222],"rotation":{"angle":0,"axis":"y","origin":[6.5,4.5,0]},"faces":{"north":{"uv":[2,0,4,2],"texture":"#2"},"east":{"uv":[2,0,3,2],"texture":"#2"},"west":{"uv":[2,0,3,2],"texture":"#2"},"up":{"uv":[2,0,5,2],"texture":"#2"},"down":{"uv":[2,0,5,2],"texture":"#2"}}},{"from":[7.554,14.74997,2.85283],"to":[8.662,14.87497,3.02223],"rotation":{"angle":0,"axis":"y","origin":[8.108,4.49997,3E-05]},"faces":{"north":{"uv":[2,0,4,2],"texture":"#2"},"east":{"uv":[2,0,3,2],"texture":"#2"},"up":{"uv":[2,0,5,2],"texture":"#2"},"down":{"uv":[2,0,5,2],"texture":"#2"}}},{"name":"octagon","from":[13.055,9.5,6.84609],"to":[13.325,9.875,9.15391],"rotation":{"angle":45,"axis":"y","origin":[8,10.25,8]},"faces":{"north":{"uv":[3,5,7.307,5.375],"texture":"#2"},"east":{"uv":[3,5,7.307,5.375],"texture":"#2"},"south":{"uv":[3,5,7.307,5.375],"texture":"#2"},"west":{"uv":[3,5,7.307,5.375],"texture":"#2"},"up":{"uv":[3,5,7.30782,5.27],"rotation":90,"texture":"#2"},"down":{"uv":[3,5,7.307,5.375],"texture":"#2"}}},{"name":"octagon","from":[13.055,9.75,5.97109],"to":[13.2,9.875,6.84609],"rotation":{"angle":45,"axis":"y","origin":[8,10.25,8]},"faces":{"north":{"uv":[3,5,7.307,5.375],"texture":"#2"},"east":{"uv":[3,5,7.307,5.375],"texture":"#2"},"south":{"uv":[3,5,7.307,5.375],"texture":"#2"},"west":{"uv":[3,5,7.307,5.375],"texture":"#2"},"up":{"uv":[3,5,7.30782,5.27],"rotation":90,"texture":"#2"},"down":{"uv":[3,5,7.307,5.375],"texture":"#2"}}},{"from":[7.554,14.62519,2.72761],"to":[8.037,14.87519,2.85261],"rotation":{"angle":0,"axis":"y","origin":[6.983,4.50019,-0.00019]},"faces":{"north":{"uv":[2,0,4,2],"texture":"#2"},"east":{"uv":[2,0,3,2],"texture":"#2"},"up":{"uv":[2,0,5,2],"texture":"#2"},"down":{"uv":[2,0,5,2],"texture":"#2"}}},{"from":[5.946,9.5,12.9778],"to":[7.554,9.875,13.2722],"rotation":{"angle":45,"axis":"y","origin":[8,8,8]},"faces":{"east":{"uv":[3,0,2,2],"texture":"#2"},"south":{"uv":[4,0,2,2],"texture":"#2"},"west":{"uv":[3,0,2,2],"texture":"#2"},"up":{"uv":[2,2,5,0],"texture":"#2"},"down":{"uv":[2,2,5,0],"texture":"#2"}}},{"from":[7.554,9.74997,12.97777],"to":[8.662,9.87497,13.14717],"rotation":{"angle":45,"axis":"y","origin":[8,8,8]},"faces":{"east":{"uv":[3,0,2,2],"texture":"#2"},"south":{"uv":[4,0,2,2],"texture":"#2"},"up":{"uv":[2,2,5,0],"texture":"#2"},"down":{"uv":[2,2,5,0],"texture":"#2"}}},{"name":"octagon","from":[2.675,5.25,6.84609],"to":[2.945,5.625,9.15391],"rotation":{"angle":45,"axis":"y","origin":[8,6,8]},"faces":{"north":{"uv":[3,5,7.307,5.375],"texture":"#2"},"east":{"uv":[3,5,7.307,5.375],"texture":"#2"},"south":{"uv":[3,5,7.307,5.375],"texture":"#2"},"west":{"uv":[3,5,7.307,5.375],"texture":"#2"},"up":{"uv":[7.30782,5.27,3,5],"rotation":90,"texture":"#2"},"down":{"uv":[7.307,5.375,3,5],"texture":"#2"}}},{"name":"octagon","from":[2.8,5.5,9.15391],"to":[2.945,5.625,10.02891],"rotation":{"angle":45,"axis":"y","origin":[8,6,8]},"faces":{"north":{"uv":[3,5,7.307,5.375],"texture":"#2"},"east":{"uv":[3,5,7.307,5.375],"texture":"#2"},"south":{"uv":[3,5,7.307,5.375],"texture":"#2"},"west":{"uv":[3,5,7.307,5.375],"texture":"#2"},"up":{"uv":[7.30782,5.27,3,5],"rotation":90,"texture":"#2"},"down":{"uv":[7.307,5.375,3,5],"texture":"#2"}}},{"from":[7.554,9.62519,13.14739],"to":[8.037,9.87519,13.27239],"rotation":{"angle":45,"axis":"y","origin":[8,8,8]},"faces":{"east":{"uv":[3,0,2,2],"texture":"#2"},"south":{"uv":[4,0,2,2],"texture":"#2"},"up":{"uv":[2,2,5,0],"texture":"#2"},"down":{"uv":[2,2,5,0],"texture":"#2"}}},{"from":[10.304,18.5,4.39309],"to":[11.5712,19.5,5.67296],"rotation":{"angle":0,"axis":"y","origin":[8,8.75,8]},"faces":{"up":{"uv":[12.5,1,14.998,3.5],"texture":"#2"}}},{"from":[10.304,18.5,5.67296],"to":[12.1472,19.5,10.32704],"rotation":{"angle":0,"axis":"y","origin":[8,8.75,8]},"faces":{"up":{"uv":[12.501,3.5,16,12.499],"texture":"#2"}}},{"from":[10.304,18.5,10.32704],"to":[11.5712,19.5,11.60691],"rotation":{"angle":0,"axis":"y","origin":[8,8.75,8]},"faces":{"up":{"uv":[12.5,12.5,15,15],"texture":"#2"}}},{"from":[4.4288,18.5,10.32704],"to":[5.696,19.5,11.60691],"rotation":{"angle":0,"axis":"y","origin":[8,8.75,8]},"faces":{"up":{"uv":[1,12.5,3.5,14.998],"texture":"#2"}}},{"from":[3.8528,18.5,5.67296],"to":[5.696,19.5,10.32704],"rotation":{"angle":0,"axis":"y","origin":[8,8.75,8]},"faces":{"up":{"uv":[0,3.5,3.499,12.499],"texture":"#2"}}},{"from":[4.4288,18.5,4.39309],"to":[5.696,19.5,5.67296],"rotation":{"angle":0,"axis":"y","origin":[8,8.75,8]},"faces":{"up":{"uv":[0,1,2.5,3.5],"texture":"#2"}}}],"display":{"thirdperson_righthand":{"translation":[0,-0.5,-3],"scale":[0.8,0.8,0.8]},"thirdperson_lefthand":{"translation":[0,-0.5,-3],"scale":[0.8,0.8,0.8]},"firstperson_righthand":{"rotation":[20,135,-16.5],"translation":[0,2.25,0],"scale":[0.6,0.6,0.6]},"firstperson_lefthand":{"rotation":[20,135,-16.5],"translation":[0,2.25,0],"scale":[0.6,0.6,0.6]},"gui":{"rotation":[22.5,145,0],"translation":[0,-3.75,0],"scale":[0.8,0.8,0.8]},"head":{"translation":[0,10,0],"scale":[1.2,1.2,1.2]},"fixed":{"translation":[0,-5.25,-6.25],"scale":[1.2,1.2,1.2]}},"groups":[{"name":"group","origin":[8,8,8],"children":[{"name":"octagon","origin":[8,8,8],"children":[0,1,2,3,4,5,6,7]},{"name":"octagon","origin":[8,8,8],"children":[8,9,10,11]},{"name":"group","origin":[8,8,8],"children":[{"name":"octagon","origin":[8,8,8],"children":[12,13,14,15,16,17,18,19]},{"name":"octagon","origin":[8,8,8],"children":[20,21,22,23,24,25,26,27]}]},{"name":"group","origin":[8,8,8],"children":[{"name":"octagon","origin":[8,8,8],"children":[28,29,30,31,32,33,34,35]},{"name":"octagon","origin":[8,8,8],"children":[36,37,38,39,40,41,42,43]}]},{"name":"radioactive sign","origin":[8,8,8],"children":[{"name":"radioactive sign","origin":[8,8,8],"children":[44,45,46,47,48,49,50,51,{"name":"hexadecagon","origin":[8,8,8],"children":[52,53,54,55,56,57,58,59,60,61,62,63,64,65,66]}]}]},{"name":"octagon","origin":[8,8,8],"children":[67,68,69,70,71,72,73,74]},{"name":"octagon","origin":[8,8,8],"children":[75,76,77,78,79,80,81,82]}]},{"name":"slime","origin":[8,8,8],"children":[83,84,85,86,87,88,89,{"name":"group","origin":[6.983,4.50019,-0.00019],"children":[90,91,92,93,94]},{"name":"group","origin":[6.983,4.50019,-0.00019],"children":[95,96,97,98,99]},100,101,102,103,104,105]}],"credit":"Model by Craftventure"}