{"textures":{"0":"item/cookie","1":"block/black_terracotta"},"elements":[{"name":"Cube","from":[0.0,0.0,0.0],"to":[16.0,1.5,16.0],"faces":{"north":{"texture":"#0","uv":[2.0,6.0,13.0,7.5]},"east":{"texture":"#0","uv":[3.0,6.0,13.0,7.5]},"south":{"texture":"#0","uv":[3.0,6.0,13.0,7.5]},"west":{"texture":"#0","uv":[2.0,6.0,13.0,8.5]},"up":{"texture":"#0","uv":[3.0,3.0,13.0,11.0]},"down":{"texture":"#0","uv":[3.0,3.0,13.0,11.0]}}},{"name":"Cube","from":[2.0,0.5,2.0],"to":[14.0,7.5,14.0],"faces":{"north":{"texture":"#0","uv":[3.0,3.0,13.0,12.0]},"east":{"texture":"#0","uv":[3.0,3.0,13.0,12.0]},"south":{"texture":"#0","uv":[3.0,3.0,13.0,11.0]},"west":{"texture":"#0","uv":[3.0,3.0,13.0,11.0]},"up":{"texture":"#0","uv":[3.0,3.0,12.0,11.0]},"down":{"texture":"#0","uv":[3.0,3.0,13.0,11.0]}}},{"name":"Cube","from":[1.7000000000000002,1.5,1.7000000000000002],"to":[14.3,2.8,14.3],"faces":{"north":{"texture":"#1","uv":[0.0,0.0,12.6,1.3]},"east":{"texture":"#1","uv":[0.0,0.0,12.6,1.3]},"south":{"texture":"#1","uv":[0.0,0.0,12.6,1.3]},"west":{"texture":"#1","uv":[0.0,0.0,12.6,1.3]},"up":{"texture":"#1","uv":[0.0,0.0,12.6,12.6]},"down":{"texture":"#1","uv":[0.0,0.0,12.6,12.6]}}},{"name":"Cube","from":[3.0,6.25,3.0],"to":[13.0,8.25,13.0],"faces":{"north":{"texture":"#0","uv":[3.0,4.0,13.0,6.0]},"east":{"texture":"#0","uv":[3.0,4.0,13.0,6.0]},"south":{"texture":"#0","uv":[3.0,4.0,13.0,6.0]},"west":{"texture":"#0","uv":[3.0,6.0,13.0,8.0]},"up":{"texture":"#0","uv":[3.0,3.0,13.0,12.0]},"down":{"texture":"#0","uv":[3.0,3.0,13.0,11.0]}}}],"display":{"head":{"rotation":[0,0,0],"translation":[0,11.54,0],"scale":[1.21,1.21,1.21]},"gui":{"rotation":[0,0,0],"translation":[0,3.4,1.13],"scale":[0.9,0.9,0.9]}},"credit":"Model by Craftventure"}