{"textures":{"0":"block/cooling","1":"block/lime_stained_glass","2":"block/white_concrete","3":"block/light_gray_stained_glass","particle":"block/cooling"},"elements":[{"from":[1,0,14],"to":[15,2,15],"faces":{"north":{"uv":[0,0,1,1],"rotation":90,"texture":"#0"},"east":{"uv":[0,0,1,1],"rotation":90,"texture":"#0"},"south":{"uv":[0,0,1,1],"rotation":90,"texture":"#0"},"west":{"uv":[0,0,1,1],"rotation":90,"texture":"#0"},"up":{"uv":[0,0,1,1],"rotation":90,"texture":"#0"},"down":{"uv":[0,0,1,1],"rotation":90,"texture":"#0"}}},{"from":[2,4.25,13],"to":[14,6.75,14],"faces":{"north":{"uv":[0,0,1,1],"rotation":90,"texture":"#0"},"east":{"uv":[0,0,1,1],"rotation":90,"texture":"#0"},"south":{"uv":[0,0,1,1],"rotation":90,"texture":"#0"},"west":{"uv":[0,0,1,1],"rotation":90,"texture":"#0"},"up":{"uv":[0,0,1,1],"rotation":90,"texture":"#0"},"down":{"uv":[0,0,1,1],"rotation":90,"texture":"#0"}}},{"from":[2,13.25,13],"to":[14,15,14],"faces":{"north":{"uv":[0,0,1,1],"rotation":90,"texture":"#0"},"east":{"uv":[0,0,1,1],"rotation":90,"texture":"#0"},"south":{"uv":[0,0,1,1],"rotation":90,"texture":"#0"},"west":{"uv":[0,0,1,1],"rotation":90,"texture":"#0"},"up":{"uv":[0,0,1,1],"rotation":90,"texture":"#0"},"down":{"uv":[0,0,1,1],"rotation":90,"texture":"#0"}}},{"from":[1.5,2,13.5],"to":[14.5,4.25,14.5],"faces":{"north":{"uv":[0,0,1,1],"rotation":90,"texture":"#0"},"east":{"uv":[0,0,1,1],"rotation":90,"texture":"#0"},"south":{"uv":[0,0,1,1],"rotation":90,"texture":"#0"},"west":{"uv":[0,0,1,1],"rotation":90,"texture":"#0"},"up":{"uv":[0,0,1,1],"rotation":90,"texture":"#0"},"down":{"uv":[0,0,1,1],"rotation":90,"texture":"#0"}}},{"from":[2.5,6.75,12.5],"to":[13.5,9.75,13.5],"faces":{"north":{"uv":[0,0,1,1],"rotation":90,"texture":"#0"},"east":{"uv":[0,0,1,1],"rotation":90,"texture":"#0"},"south":{"uv":[0,0,1,1],"rotation":90,"texture":"#0"},"west":{"uv":[0,0,1,1],"rotation":90,"texture":"#0"},"up":{"uv":[0,0,1,1],"rotation":90,"texture":"#0"},"down":{"uv":[0,0,1,1],"rotation":90,"texture":"#0"}}},{"from":[2.5,11.25,12.5],"to":[13.5,13.25,13.5],"faces":{"north":{"uv":[0,0,1,1],"rotation":90,"texture":"#0"},"east":{"uv":[0,0,1,1],"rotation":90,"texture":"#0"},"south":{"uv":[0,0,1,1],"rotation":90,"texture":"#0"},"west":{"uv":[0,0,1,1],"rotation":90,"texture":"#0"},"up":{"uv":[0,0,1,1],"rotation":90,"texture":"#0"},"down":{"uv":[0,0,1,1],"rotation":90,"texture":"#0"}}},{"from":[2.75,9.75,12.25],"to":[13.25,11.25,13.25],"faces":{"north":{"uv":[0,0,1,1],"rotation":90,"texture":"#0"},"east":{"uv":[0,0,1,1],"rotation":90,"texture":"#0"},"south":{"uv":[0,0,1,1],"rotation":90,"texture":"#0"},"west":{"uv":[0,0,1,1],"rotation":90,"texture":"#0"},"up":{"uv":[0,0,1,1],"rotation":90,"texture":"#0"},"down":{"uv":[0,0,1,1],"rotation":90,"texture":"#0"}}},{"from":[1,0,2],"to":[2,2,14],"faces":{"north":{"uv":[0,0,1,1],"rotation":180,"texture":"#0"},"east":{"uv":[0,0,1,1],"rotation":180,"texture":"#0"},"south":{"uv":[0,0,1,1],"rotation":180,"texture":"#0"},"west":{"uv":[0,0,1,1],"rotation":180,"texture":"#0"},"up":{"uv":[0,0,1,1],"rotation":180,"texture":"#0"},"down":{"uv":[0,0,1,1],"rotation":180,"texture":"#0"}}},{"from":[2,4.25,3],"to":[3,6.75,13],"faces":{"north":{"uv":[0,0,1,1],"rotation":180,"texture":"#0"},"east":{"uv":[0,0,1,1],"rotation":180,"texture":"#0"},"south":{"uv":[0,0,1,1],"rotation":180,"texture":"#0"},"west":{"uv":[0,0,1,1],"rotation":180,"texture":"#0"},"up":{"uv":[0,0,1,1],"rotation":180,"texture":"#0"},"down":{"uv":[0,0,1,1],"rotation":180,"texture":"#0"}}},{"from":[2,13.25,3],"to":[3,15,13],"faces":{"north":{"uv":[0,0,1,1],"rotation":180,"texture":"#0"},"east":{"uv":[0,0,1,1],"rotation":180,"texture":"#0"},"south":{"uv":[0,0,1,1],"rotation":180,"texture":"#0"},"west":{"uv":[0,0,1,1],"rotation":180,"texture":"#0"},"up":{"uv":[0,0,1,1],"rotation":180,"texture":"#0"},"down":{"uv":[0,0,1,1],"rotation":180,"texture":"#0"}}},{"from":[1.5,2,2.5],"to":[2.5,4.25,13.5],"faces":{"north":{"uv":[0,0,1,1],"rotation":180,"texture":"#0"},"east":{"uv":[0,0,1,1],"rotation":180,"texture":"#0"},"south":{"uv":[0,0,1,1],"rotation":180,"texture":"#0"},"west":{"uv":[0,0,1,1],"rotation":180,"texture":"#0"},"up":{"uv":[0,0,1,1],"rotation":180,"texture":"#0"},"down":{"uv":[0,0,1,1],"rotation":180,"texture":"#0"}}},{"from":[2.5,6.75,3.5],"to":[3.5,9.75,12.5],"faces":{"north":{"uv":[0,0,1,1],"rotation":180,"texture":"#0"},"east":{"uv":[0,0,1,1],"rotation":180,"texture":"#0"},"south":{"uv":[0,0,1,1],"rotation":180,"texture":"#0"},"west":{"uv":[0,0,1,1],"rotation":180,"texture":"#0"},"up":{"uv":[0,0,1,1],"rotation":180,"texture":"#0"},"down":{"uv":[0,0,1,1],"rotation":180,"texture":"#0"}}},{"from":[2.5,11.25,3.5],"to":[3.5,13.25,12.5],"faces":{"north":{"uv":[0,0,1,1],"rotation":180,"texture":"#0"},"east":{"uv":[0,0,1,1],"rotation":180,"texture":"#0"},"south":{"uv":[0,0,1,1],"rotation":180,"texture":"#0"},"west":{"uv":[0,0,1,1],"rotation":180,"texture":"#0"},"up":{"uv":[0,0,1,1],"rotation":180,"texture":"#0"},"down":{"uv":[0,0,1,1],"rotation":180,"texture":"#0"}}},{"from":[2.75,9.75,3.75],"to":[3.75,11.25,12.25],"faces":{"north":{"uv":[0,0,1,1],"rotation":180,"texture":"#0"},"east":{"uv":[0,0,1,1],"rotation":180,"texture":"#0"},"south":{"uv":[0,0,1,1],"rotation":180,"texture":"#0"},"west":{"uv":[0,0,1,1],"rotation":180,"texture":"#0"},"up":{"uv":[0,0,1,1],"rotation":180,"texture":"#0"},"down":{"uv":[0,0,1,1],"rotation":180,"texture":"#0"}}},{"from":[1,0,1],"to":[15,2,2],"faces":{"north":{"uv":[0,0,1,1],"rotation":270,"texture":"#0"},"east":{"uv":[0,0,1,1],"rotation":270,"texture":"#0"},"south":{"uv":[0,0,1,1],"rotation":270,"texture":"#0"},"west":{"uv":[0,0,1,1],"rotation":270,"texture":"#0"},"up":{"uv":[0,0,1,1],"rotation":270,"texture":"#0"},"down":{"uv":[0,0,1,1],"rotation":270,"texture":"#0"}}},{"from":[2,4.25,2],"to":[14,6.75,3],"faces":{"north":{"uv":[0,0,1,1],"rotation":270,"texture":"#0"},"east":{"uv":[0,0,1,1],"rotation":270,"texture":"#0"},"south":{"uv":[0,0,1,1],"rotation":270,"texture":"#0"},"west":{"uv":[0,0,1,1],"rotation":270,"texture":"#0"},"up":{"uv":[0,0,1,1],"rotation":270,"texture":"#0"},"down":{"uv":[0,0,1,1],"rotation":270,"texture":"#0"}}},{"from":[2,13.25,2],"to":[14,15,3],"faces":{"north":{"uv":[0,0,1,1],"rotation":270,"texture":"#0"},"east":{"uv":[0,0,1,1],"rotation":270,"texture":"#0"},"south":{"uv":[0,0,1,1],"rotation":270,"texture":"#0"},"west":{"uv":[0,0,1,1],"rotation":270,"texture":"#0"},"up":{"uv":[0,0,1,1],"rotation":270,"texture":"#0"},"down":{"uv":[0,0,1,1],"rotation":270,"texture":"#0"}}},{"from":[1.5,2,1.5],"to":[14.5,4.25,2.5],"faces":{"north":{"uv":[0,0,1,1],"rotation":270,"texture":"#0"},"east":{"uv":[0,0,1,1],"rotation":270,"texture":"#0"},"south":{"uv":[0,0,1,1],"rotation":270,"texture":"#0"},"west":{"uv":[0,0,1,1],"rotation":270,"texture":"#0"},"up":{"uv":[0,0,1,1],"rotation":270,"texture":"#0"},"down":{"uv":[0,0,1,1],"rotation":270,"texture":"#0"}}},{"from":[2.5,6.75,2.5],"to":[13.5,9.75,3.5],"faces":{"north":{"uv":[0,0,1,1],"rotation":270,"texture":"#0"},"east":{"uv":[0,0,1,1],"rotation":270,"texture":"#0"},"south":{"uv":[0,0,1,1],"rotation":270,"texture":"#0"},"west":{"uv":[0,0,1,1],"rotation":270,"texture":"#0"},"up":{"uv":[0,0,1,1],"rotation":270,"texture":"#0"},"down":{"uv":[0,0,1,1],"rotation":270,"texture":"#0"}}},{"from":[2.5,11.25,2.5],"to":[13.5,13.25,3.5],"faces":{"north":{"uv":[0,0,1,1],"rotation":270,"texture":"#0"},"east":{"uv":[0,0,1,1],"rotation":270,"texture":"#0"},"south":{"uv":[0,0,1,1],"rotation":270,"texture":"#0"},"west":{"uv":[0,0,1,1],"rotation":270,"texture":"#0"},"up":{"uv":[0,0,1,1],"rotation":270,"texture":"#0"},"down":{"uv":[0,0,1,1],"rotation":270,"texture":"#0"}}},{"from":[2.75,9.75,2.75],"to":[13.25,11.25,3.75],"faces":{"north":{"uv":[0,0,1,1],"rotation":270,"texture":"#0"},"east":{"uv":[0,0,1,1],"rotation":270,"texture":"#0"},"south":{"uv":[0,0,1,1],"rotation":270,"texture":"#0"},"west":{"uv":[0,0,1,1],"rotation":270,"texture":"#0"},"up":{"uv":[0,0,1,1],"rotation":270,"texture":"#0"},"down":{"uv":[0,0,1,1],"rotation":270,"texture":"#0"}}},{"from":[14,0,2],"to":[15,2,14],"faces":{"north":{"uv":[0,0,1,1],"texture":"#0"},"east":{"uv":[0,0,1,1],"texture":"#0"},"south":{"uv":[0,0,1,1],"texture":"#0"},"west":{"uv":[0,0,1,1],"texture":"#0"},"up":{"uv":[0,0,1,1],"texture":"#0"},"down":{"uv":[0,0,1,1],"texture":"#0"}}},{"from":[13,4.25,3],"to":[14,6.75,13],"faces":{"north":{"uv":[0,0,1,1],"texture":"#0"},"east":{"uv":[0,0,1,1],"texture":"#0"},"south":{"uv":[0,0,1,1],"texture":"#0"},"west":{"uv":[0,0,1,1],"texture":"#0"},"up":{"uv":[0,0,1,1],"texture":"#0"},"down":{"uv":[0,0,1,1],"texture":"#0"}}},{"from":[13,13.25,3],"to":[14,15,13],"faces":{"north":{"uv":[0,0,1,1],"texture":"#0"},"east":{"uv":[0,0,1,1],"texture":"#0"},"south":{"uv":[0,0,1,1],"texture":"#0"},"west":{"uv":[0,0,1,1],"texture":"#0"},"up":{"uv":[0,0,1,1],"texture":"#0"},"down":{"uv":[0,0,1,1],"texture":"#0"}}},{"from":[13.5,2,2.5],"to":[14.5,4.25,13.5],"faces":{"north":{"uv":[0,0,1,1],"texture":"#0"},"east":{"uv":[0,0,1,1],"texture":"#0"},"south":{"uv":[0,0,1,1],"texture":"#0"},"west":{"uv":[0,0,1,1],"texture":"#0"},"up":{"uv":[0,0,1,1],"texture":"#0"},"down":{"uv":[0,0,1,1],"texture":"#0"}}},{"from":[12.5,6.75,3.5],"to":[13.5,9.75,12.5],"faces":{"north":{"uv":[0,0,1,1],"texture":"#0"},"east":{"uv":[0,0,1,1],"texture":"#0"},"south":{"uv":[0,0,1,1],"texture":"#0"},"west":{"uv":[0,0,1,1],"texture":"#0"},"up":{"uv":[0,0,1,1],"texture":"#0"},"down":{"uv":[0,0,1,1],"texture":"#0"}}},{"from":[12.5,11.25,3.5],"to":[13.5,13.25,12.5],"faces":{"north":{"uv":[0,0,1,1],"texture":"#0"},"east":{"uv":[0,0,1,1],"texture":"#0"},"south":{"uv":[0,0,1,1],"texture":"#0"},"west":{"uv":[0,0,1,1],"texture":"#0"},"up":{"uv":[0,0,1,1],"texture":"#0"},"down":{"uv":[0,0,1,1],"texture":"#0"}}},{"from":[12.25,9.75,3.75],"to":[13.25,11.25,12.25],"faces":{"north":{"uv":[0,0,1,1],"texture":"#0"},"east":{"uv":[0,0,1,1],"texture":"#0"},"south":{"uv":[0,0,1,1],"texture":"#0"},"west":{"uv":[0,0,1,1],"texture":"#0"},"up":{"uv":[0,0,1,1],"texture":"#0"},"down":{"uv":[0,0,1,1],"texture":"#0"}}},{"from":[2.5,0,15],"to":[13.5,2,16],"faces":{"north":{"uv":[0,0,1,1],"rotation":90,"texture":"#0"},"east":{"uv":[0,0,1,1],"rotation":90,"texture":"#0"},"south":{"uv":[0,0,1,1],"rotation":90,"texture":"#0"},"west":{"uv":[0,0,1,1],"rotation":90,"texture":"#0"},"up":{"uv":[0,0,1,1],"rotation":90,"texture":"#0"},"down":{"uv":[0,0,1,1],"rotation":90,"texture":"#0"}}},{"from":[3.5,4.25,14],"to":[12.5,6.75,15],"faces":{"north":{"uv":[0,0,1,1],"rotation":90,"texture":"#0"},"east":{"uv":[0,0,1,1],"rotation":90,"texture":"#0"},"south":{"uv":[0,0,1,1],"rotation":90,"texture":"#0"},"west":{"uv":[0,0,1,1],"rotation":90,"texture":"#0"},"up":{"uv":[0,0,1,1],"rotation":90,"texture":"#0"},"down":{"uv":[0,0,1,1],"rotation":90,"texture":"#0"}}},{"from":[3.5,13.25,14],"to":[12.5,15,15],"faces":{"north":{"uv":[0,0,1,1],"rotation":90,"texture":"#0"},"east":{"uv":[0,0,1,1],"rotation":90,"texture":"#0"},"south":{"uv":[0,0,1,1],"rotation":90,"texture":"#0"},"west":{"uv":[0,0,1,1],"rotation":90,"texture":"#0"},"up":{"uv":[0,0,1,1],"rotation":90,"texture":"#0"},"down":{"uv":[0,0,1,1],"rotation":90,"texture":"#0"}}},{"from":[3,2,14.5],"to":[13,4.25,15.5],"faces":{"north":{"uv":[0,0,1,1],"rotation":90,"texture":"#0"},"east":{"uv":[0,0,1,1],"rotation":90,"texture":"#0"},"south":{"uv":[0,0,1,1],"rotation":90,"texture":"#0"},"west":{"uv":[0,0,1,1],"rotation":90,"texture":"#0"},"up":{"uv":[0,0,1,1],"rotation":90,"texture":"#0"},"down":{"uv":[0,0,1,1],"rotation":90,"texture":"#0"}}},{"from":[4,6.75,13.5],"to":[12,9.75,14.5],"faces":{"north":{"uv":[0,0,1,1],"rotation":90,"texture":"#0"},"east":{"uv":[0,0,1,1],"rotation":90,"texture":"#0"},"south":{"uv":[0,0,1,1],"rotation":90,"texture":"#0"},"west":{"uv":[0,0,1,1],"rotation":90,"texture":"#0"},"up":{"uv":[0,0,1,1],"rotation":90,"texture":"#0"},"down":{"uv":[0,0,1,1],"rotation":90,"texture":"#0"}}},{"from":[4,11.25,13.5],"to":[12,13.25,14.5],"faces":{"north":{"uv":[0,0,1,1],"rotation":90,"texture":"#0"},"east":{"uv":[0,0,1,1],"rotation":90,"texture":"#0"},"south":{"uv":[0,0,1,1],"rotation":90,"texture":"#0"},"west":{"uv":[0,0,1,1],"rotation":90,"texture":"#0"},"up":{"uv":[0,0,1,1],"rotation":90,"texture":"#0"},"down":{"uv":[0,0,1,1],"rotation":90,"texture":"#0"}}},{"from":[4.25,9.75,13.25],"to":[11.75,11.25,14.25],"faces":{"north":{"uv":[0,0,1,1],"rotation":90,"texture":"#0"},"east":{"uv":[0,0,1,1],"rotation":90,"texture":"#0"},"south":{"uv":[0,0,1,1],"rotation":90,"texture":"#0"},"west":{"uv":[0,0,1,1],"rotation":90,"texture":"#0"},"up":{"uv":[0,0,1,1],"rotation":90,"texture":"#0"},"down":{"uv":[0,0,1,1],"rotation":90,"texture":"#0"}}},{"from":[0,0,2.5],"to":[1,2,13.5],"faces":{"north":{"uv":[0,0,1,1],"rotation":180,"texture":"#0"},"east":{"uv":[0,0,1,1],"rotation":180,"texture":"#0"},"south":{"uv":[0,0,1,1],"rotation":180,"texture":"#0"},"west":{"uv":[0,0,1,1],"rotation":180,"texture":"#0"},"up":{"uv":[0,0,1,1],"rotation":180,"texture":"#0"},"down":{"uv":[0,0,1,1],"rotation":180,"texture":"#0"}}},{"from":[1,4.25,3.5],"to":[2,6.75,12.5],"faces":{"north":{"uv":[0,0,1,1],"rotation":180,"texture":"#0"},"east":{"uv":[0,0,1,1],"rotation":180,"texture":"#0"},"south":{"uv":[0,0,1,1],"rotation":180,"texture":"#0"},"west":{"uv":[0,0,1,1],"rotation":180,"texture":"#0"},"up":{"uv":[0,0,1,1],"rotation":180,"texture":"#0"},"down":{"uv":[0,0,1,1],"rotation":180,"texture":"#0"}}},{"from":[1,13.25,3.5],"to":[2,15,12.5],"faces":{"north":{"uv":[0,0,1,1],"rotation":180,"texture":"#0"},"east":{"uv":[0,0,1,1],"rotation":180,"texture":"#0"},"south":{"uv":[0,0,1,1],"rotation":180,"texture":"#0"},"west":{"uv":[0,0,1,1],"rotation":180,"texture":"#0"},"up":{"uv":[0,0,1,1],"rotation":180,"texture":"#0"},"down":{"uv":[0,0,1,1],"rotation":180,"texture":"#0"}}},{"from":[0.5,2,3],"to":[1.5,4.25,13],"faces":{"north":{"uv":[0,0,1,1],"rotation":180,"texture":"#0"},"east":{"uv":[0,0,1,1],"rotation":180,"texture":"#0"},"south":{"uv":[0,0,1,1],"rotation":180,"texture":"#0"},"west":{"uv":[0,0,1,1],"rotation":180,"texture":"#0"},"up":{"uv":[0,0,1,1],"rotation":180,"texture":"#0"},"down":{"uv":[0,0,1,1],"rotation":180,"texture":"#0"}}},{"from":[1.5,6.75,4],"to":[2.5,9.75,12],"faces":{"north":{"uv":[0,0,1,1],"rotation":180,"texture":"#0"},"east":{"uv":[0,0,1,1],"rotation":180,"texture":"#0"},"south":{"uv":[0,0,1,1],"rotation":180,"texture":"#0"},"west":{"uv":[0,0,1,1],"rotation":180,"texture":"#0"},"up":{"uv":[0,0,1,1],"rotation":180,"texture":"#0"},"down":{"uv":[0,0,1,1],"rotation":180,"texture":"#0"}}},{"from":[1.5,11.25,4],"to":[2.5,13.25,12],"faces":{"north":{"uv":[0,0,1,1],"rotation":180,"texture":"#0"},"east":{"uv":[0,0,1,1],"rotation":180,"texture":"#0"},"south":{"uv":[0,0,1,1],"rotation":180,"texture":"#0"},"west":{"uv":[0,0,1,1],"rotation":180,"texture":"#0"},"up":{"uv":[0,0,1,1],"rotation":180,"texture":"#0"},"down":{"uv":[0,0,1,1],"rotation":180,"texture":"#0"}}},{"from":[1.75,9.75,4.25],"to":[2.75,11.25,11.75],"faces":{"north":{"uv":[0,0,1,1],"rotation":180,"texture":"#0"},"east":{"uv":[0,0,1,1],"rotation":180,"texture":"#0"},"south":{"uv":[0,0,1,1],"rotation":180,"texture":"#0"},"west":{"uv":[0,0,1,1],"rotation":180,"texture":"#0"},"up":{"uv":[0,0,1,1],"rotation":180,"texture":"#0"},"down":{"uv":[0,0,1,1],"rotation":180,"texture":"#0"}}},{"from":[2.5,0,0],"to":[13.5,2,1],"faces":{"north":{"uv":[0,0,1,1],"rotation":270,"texture":"#0"},"east":{"uv":[0,0,1,1],"rotation":270,"texture":"#0"},"south":{"uv":[0,0,1,1],"rotation":270,"texture":"#0"},"west":{"uv":[0,0,1,1],"rotation":270,"texture":"#0"},"up":{"uv":[0,0,1,1],"rotation":270,"texture":"#0"},"down":{"uv":[0,0,1,1],"rotation":270,"texture":"#0"}}},{"from":[3.5,4.25,1],"to":[12.5,6.75,2],"faces":{"north":{"uv":[0,0,1,1],"rotation":270,"texture":"#0"},"east":{"uv":[0,0,1,1],"rotation":270,"texture":"#0"},"south":{"uv":[0,0,1,1],"rotation":270,"texture":"#0"},"west":{"uv":[0,0,1,1],"rotation":270,"texture":"#0"},"up":{"uv":[0,0,1,1],"rotation":270,"texture":"#0"},"down":{"uv":[0,0,1,1],"rotation":270,"texture":"#0"}}},{"from":[3.5,13.25,1],"to":[12.5,15,2],"faces":{"north":{"uv":[0,0,1,1],"rotation":270,"texture":"#0"},"east":{"uv":[0,0,1,1],"rotation":270,"texture":"#0"},"south":{"uv":[0,0,1,1],"rotation":270,"texture":"#0"},"west":{"uv":[0,0,1,1],"rotation":270,"texture":"#0"},"up":{"uv":[0,0,1,1],"rotation":270,"texture":"#0"},"down":{"uv":[0,0,1,1],"rotation":270,"texture":"#0"}}},{"from":[3,2,0.5],"to":[13,4.25,1.5],"faces":{"north":{"uv":[0,0,1,1],"rotation":270,"texture":"#0"},"east":{"uv":[0,0,1,1],"rotation":270,"texture":"#0"},"south":{"uv":[0,0,1,1],"rotation":270,"texture":"#0"},"west":{"uv":[0,0,1,1],"rotation":270,"texture":"#0"},"up":{"uv":[0,0,1,1],"rotation":270,"texture":"#0"},"down":{"uv":[0,0,1,1],"rotation":270,"texture":"#0"}}},{"from":[4,6.75,1.5],"to":[12,9.75,2.5],"faces":{"north":{"uv":[0,0,1,1],"rotation":270,"texture":"#0"},"east":{"uv":[0,0,1,1],"rotation":270,"texture":"#0"},"south":{"uv":[0,0,1,1],"rotation":270,"texture":"#0"},"west":{"uv":[0,0,1,1],"rotation":270,"texture":"#0"},"up":{"uv":[0,0,1,1],"rotation":270,"texture":"#0"},"down":{"uv":[0,0,1,1],"rotation":270,"texture":"#0"}}},{"from":[4,11.25,1.5],"to":[12,13.25,2.5],"faces":{"north":{"uv":[0,0,1,1],"rotation":270,"texture":"#0"},"east":{"uv":[0,0,1,1],"rotation":270,"texture":"#0"},"south":{"uv":[0,0,1,1],"rotation":270,"texture":"#0"},"west":{"uv":[0,0,1,1],"rotation":270,"texture":"#0"},"up":{"uv":[0,0,1,1],"rotation":270,"texture":"#0"},"down":{"uv":[0,0,1,1],"rotation":270,"texture":"#0"}}},{"from":[4.25,9.75,1.75],"to":[11.75,11.25,2.75],"faces":{"north":{"uv":[0,0,1,1],"rotation":270,"texture":"#0"},"east":{"uv":[0,0,1,1],"rotation":270,"texture":"#0"},"south":{"uv":[0,0,1,1],"rotation":270,"texture":"#0"},"west":{"uv":[0,0,1,1],"rotation":270,"texture":"#0"},"up":{"uv":[0,0,1,1],"rotation":270,"texture":"#0"},"down":{"uv":[0,0,1,1],"rotation":270,"texture":"#0"}}},{"from":[15,0,2.5],"to":[16,2,13.5],"faces":{"north":{"uv":[0,0,1,1],"texture":"#0"},"east":{"uv":[0,0,1,1],"texture":"#0"},"south":{"uv":[0,0,1,1],"texture":"#0"},"west":{"uv":[0,0,1,1],"texture":"#0"},"up":{"uv":[0,0,1,1],"texture":"#0"},"down":{"uv":[0,0,1,1],"texture":"#0"}}},{"from":[14,4.25,3.5],"to":[15,6.75,12.5],"faces":{"north":{"uv":[0,0,1,1],"texture":"#0"},"east":{"uv":[0,0,1,1],"texture":"#0"},"south":{"uv":[0,0,1,1],"texture":"#0"},"west":{"uv":[0,0,1,1],"texture":"#0"},"up":{"uv":[0,0,1,1],"texture":"#0"},"down":{"uv":[0,0,1,1],"texture":"#0"}}},{"from":[14,13.25,3.5],"to":[15,15,12.5],"faces":{"north":{"uv":[0,0,1,1],"texture":"#0"},"east":{"uv":[0,0,1,1],"texture":"#0"},"south":{"uv":[0,0,1,1],"texture":"#0"},"west":{"uv":[0,0,1,1],"texture":"#0"},"up":{"uv":[0,0,1,1],"texture":"#0"},"down":{"uv":[0,0,1,1],"texture":"#0"}}},{"from":[14.5,2,3],"to":[15.5,4.25,13],"faces":{"north":{"uv":[0,0,1,1],"texture":"#0"},"east":{"uv":[0,0,1,1],"texture":"#0"},"south":{"uv":[0,0,1,1],"texture":"#0"},"west":{"uv":[0,0,1,1],"texture":"#0"},"up":{"uv":[0,0,1,1],"texture":"#0"},"down":{"uv":[0,0,1,1],"texture":"#0"}}},{"from":[13.5,6.75,4],"to":[14.5,9.75,12],"faces":{"north":{"uv":[0,0,1,1],"texture":"#0"},"east":{"uv":[0,0,1,1],"texture":"#0"},"south":{"uv":[0,0,1,1],"texture":"#0"},"west":{"uv":[0,0,1,1],"texture":"#0"},"up":{"uv":[0,0,1,1],"texture":"#0"},"down":{"uv":[0,0,1,1],"texture":"#0"}}},{"from":[13.5,11.25,4],"to":[14.5,13.25,12],"faces":{"north":{"uv":[0,0,1,1],"texture":"#0"},"east":{"uv":[0,0,1,1],"texture":"#0"},"south":{"uv":[0,0,1,1],"texture":"#0"},"west":{"uv":[0,0,1,1],"texture":"#0"},"up":{"uv":[0,0,1,1],"texture":"#0"},"down":{"uv":[0,0,1,1],"texture":"#0"}}},{"from":[13.25,9.75,4.25],"to":[14.25,11.25,11.75],"faces":{"north":{"uv":[0,0,1,1],"texture":"#0"},"east":{"uv":[0,0,1,1],"texture":"#0"},"south":{"uv":[0,0,1,1],"texture":"#0"},"west":{"uv":[0,0,1,1],"texture":"#0"},"up":{"uv":[0,0,1,1],"texture":"#0"},"down":{"uv":[0,0,1,1],"texture":"#0"}}},{"from":[1,0.05,14],"to":[15,1.85,15],"rotation":{"angle":0,"axis":"y","origin":[8,7.25,8]},"faces":{"north":{"uv":[8,0,8.999,1],"rotation":90,"texture":"#0"},"east":{"uv":[8,0,8.999,1],"rotation":90,"texture":"#0"},"south":{"uv":[8,0,8.999,1],"rotation":90,"texture":"#0"},"west":{"uv":[8,0,8.999,1],"rotation":90,"texture":"#0"},"up":{"uv":[8,0,8.999,1],"rotation":90,"texture":"#0"},"down":{"uv":[8,0,8.999,1],"rotation":90,"texture":"#0"}}},{"from":[2,3.875,13],"to":[14,6.125,14],"rotation":{"angle":0,"axis":"y","origin":[8,7.25,8]},"faces":{"north":{"uv":[8,0,8.999,1],"rotation":90,"texture":"#0"},"east":{"uv":[8,0,8.999,1],"rotation":90,"texture":"#0"},"south":{"uv":[8,0,8.999,1],"rotation":90,"texture":"#0"},"west":{"uv":[8,0,8.999,1],"rotation":90,"texture":"#0"},"up":{"uv":[8,0,8.999,1],"rotation":90,"texture":"#0"},"down":{"uv":[8,0,8.999,1],"rotation":90,"texture":"#0"}}},{"from":[2,11.975,13],"to":[14,13.55,14],"rotation":{"angle":0,"axis":"y","origin":[8,7.25,8]},"faces":{"north":{"uv":[8,0,8.999,1],"rotation":90,"texture":"#0"},"east":{"uv":[8,0,8.999,1],"rotation":90,"texture":"#0"},"south":{"uv":[8,0,8.999,1],"rotation":90,"texture":"#0"},"west":{"uv":[8,0,8.999,1],"rotation":90,"texture":"#0"},"up":{"uv":[8,0,8.999,1],"rotation":90,"texture":"#0"},"down":{"uv":[8,0,8.999,1],"rotation":90,"texture":"#0"}}},{"from":[1.5,1.85,13.5],"to":[14.5,3.875,14.5],"rotation":{"angle":0,"axis":"y","origin":[8,7.25,8]},"faces":{"north":{"uv":[8,0,8.999,1],"rotation":90,"texture":"#0"},"east":{"uv":[8,0,8.999,1],"rotation":90,"texture":"#0"},"south":{"uv":[8,0,8.999,1],"rotation":90,"texture":"#0"},"west":{"uv":[8,0,8.999,1],"rotation":90,"texture":"#0"},"up":{"uv":[8,0,8.999,1],"rotation":90,"texture":"#0"},"down":{"uv":[8,0,8.999,1],"rotation":90,"texture":"#0"}}},{"from":[2.5,6.125,12.5],"to":[13.5,8.825,13.5],"rotation":{"angle":0,"axis":"y","origin":[8,7.25,8]},"faces":{"north":{"uv":[8,0,8.999,1],"rotation":90,"texture":"#0"},"east":{"uv":[8,0,8.999,1],"rotation":90,"texture":"#0"},"south":{"uv":[8,0,8.999,1],"rotation":90,"texture":"#0"},"west":{"uv":[8,0,8.999,1],"rotation":90,"texture":"#0"},"up":{"uv":[8,0,8.999,1],"rotation":90,"texture":"#0"},"down":{"uv":[8,0,8.999,1],"rotation":90,"texture":"#0"}}},{"from":[2.5,10.175,12.5],"to":[13.5,11.975,13.5],"rotation":{"angle":0,"axis":"y","origin":[8,7.25,8]},"faces":{"north":{"uv":[8,0,8.999,1],"rotation":90,"texture":"#0"},"east":{"uv":[8,0,8.999,1],"rotation":90,"texture":"#0"},"south":{"uv":[8,0,8.999,1],"rotation":90,"texture":"#0"},"west":{"uv":[8,0,8.999,1],"rotation":90,"texture":"#0"},"up":{"uv":[8,0,8.999,1],"rotation":90,"texture":"#0"},"down":{"uv":[8,0,8.999,1],"rotation":90,"texture":"#0"}}},{"from":[2.75,8.825,12.25],"to":[13.25,10.175,13.25],"rotation":{"angle":0,"axis":"y","origin":[8,7.25,8]},"faces":{"north":{"uv":[8,0,8.999,1],"rotation":90,"texture":"#0"},"east":{"uv":[8,0,8.999,1],"rotation":90,"texture":"#0"},"south":{"uv":[8,0,8.999,1],"rotation":90,"texture":"#0"},"west":{"uv":[8,0,8.999,1],"rotation":90,"texture":"#0"},"up":{"uv":[8,0,8.999,1],"rotation":90,"texture":"#0"},"down":{"uv":[8,0,8.999,1],"rotation":90,"texture":"#0"}}},{"from":[1,0.05,2],"to":[2,1.85,14],"rotation":{"angle":0,"axis":"y","origin":[8,7.25,8]},"faces":{"north":{"uv":[8,0,8.999,1],"rotation":180,"texture":"#0"},"east":{"uv":[8,0,8.999,1],"rotation":180,"texture":"#0"},"south":{"uv":[8,0,8.999,1],"rotation":180,"texture":"#0"},"west":{"uv":[8,0,8.999,1],"rotation":180,"texture":"#0"},"up":{"uv":[8,0,8.999,1],"rotation":180,"texture":"#0"},"down":{"uv":[8,0,8.999,1],"rotation":180,"texture":"#0"}}},{"from":[2,3.875,3],"to":[3,6.125,13],"rotation":{"angle":0,"axis":"y","origin":[8,7.25,8]},"faces":{"north":{"uv":[8,0,8.999,1],"rotation":180,"texture":"#0"},"east":{"uv":[8,0,8.999,1],"rotation":180,"texture":"#0"},"south":{"uv":[8,0,8.999,1],"rotation":180,"texture":"#0"},"west":{"uv":[8,0,8.999,1],"rotation":180,"texture":"#0"},"up":{"uv":[8,0,8.999,1],"rotation":180,"texture":"#0"},"down":{"uv":[8,0,8.999,1],"rotation":180,"texture":"#0"}}},{"from":[2,11.975,3],"to":[3,13.55,13],"rotation":{"angle":0,"axis":"y","origin":[8,7.25,8]},"faces":{"north":{"uv":[8,0,8.999,1],"rotation":180,"texture":"#0"},"east":{"uv":[8,0,8.999,1],"rotation":180,"texture":"#0"},"south":{"uv":[8,0,8.999,1],"rotation":180,"texture":"#0"},"west":{"uv":[8,0,8.999,1],"rotation":180,"texture":"#0"},"up":{"uv":[8,0,8.999,1],"rotation":180,"texture":"#0"},"down":{"uv":[8,0,8.999,1],"rotation":180,"texture":"#0"}}},{"from":[1.5,1.85,2.5],"to":[2.5,3.875,13.5],"rotation":{"angle":0,"axis":"y","origin":[8,7.25,8]},"faces":{"north":{"uv":[8,0,8.999,1],"rotation":180,"texture":"#0"},"east":{"uv":[8,0,8.999,1],"rotation":180,"texture":"#0"},"south":{"uv":[8,0,8.999,1],"rotation":180,"texture":"#0"},"west":{"uv":[8,0,8.999,1],"rotation":180,"texture":"#0"},"up":{"uv":[8,0,8.999,1],"rotation":180,"texture":"#0"},"down":{"uv":[8,0,8.999,1],"rotation":180,"texture":"#0"}}},{"from":[2.5,6.125,3.5],"to":[3.5,8.825,12.5],"rotation":{"angle":0,"axis":"y","origin":[8,7.25,8]},"faces":{"north":{"uv":[8,0,8.999,1],"rotation":180,"texture":"#0"},"east":{"uv":[8,0,8.999,1],"rotation":180,"texture":"#0"},"south":{"uv":[8,0,8.999,1],"rotation":180,"texture":"#0"},"west":{"uv":[8,0,8.999,1],"rotation":180,"texture":"#0"},"up":{"uv":[8,0,8.999,1],"rotation":180,"texture":"#0"},"down":{"uv":[8,0,8.999,1],"rotation":180,"texture":"#0"}}},{"from":[2.5,10.175,3.5],"to":[3.5,11.975,12.5],"rotation":{"angle":0,"axis":"y","origin":[8,7.25,8]},"faces":{"north":{"uv":[8,0,8.999,1],"rotation":180,"texture":"#0"},"east":{"uv":[8,0,8.999,1],"rotation":180,"texture":"#0"},"south":{"uv":[8,0,8.999,1],"rotation":180,"texture":"#0"},"west":{"uv":[8,0,8.999,1],"rotation":180,"texture":"#0"},"up":{"uv":[8,0,8.999,1],"rotation":180,"texture":"#0"},"down":{"uv":[8,0,8.999,1],"rotation":180,"texture":"#0"}}},{"from":[2.75,8.825,3.75],"to":[3.75,10.175,12.25],"rotation":{"angle":0,"axis":"y","origin":[8,7.25,8]},"faces":{"north":{"uv":[8,0,8.999,1],"rotation":180,"texture":"#0"},"east":{"uv":[8,0,8.999,1],"rotation":180,"texture":"#0"},"south":{"uv":[8,0,8.999,1],"rotation":180,"texture":"#0"},"west":{"uv":[8,0,8.999,1],"rotation":180,"texture":"#0"},"up":{"uv":[8,0,8.999,1],"rotation":180,"texture":"#0"},"down":{"uv":[8,0,8.999,1],"rotation":180,"texture":"#0"}}},{"from":[1,0.05,1],"to":[15,1.85,2],"rotation":{"angle":0,"axis":"y","origin":[8,7.25,8]},"faces":{"north":{"uv":[8,0,8.999,1],"rotation":270,"texture":"#0"},"east":{"uv":[8,0,8.999,1],"rotation":270,"texture":"#0"},"south":{"uv":[8,0,8.999,1],"rotation":270,"texture":"#0"},"west":{"uv":[8,0,8.999,1],"rotation":270,"texture":"#0"},"up":{"uv":[8,0,8.999,1],"rotation":270,"texture":"#0"},"down":{"uv":[8,0,8.999,1],"rotation":270,"texture":"#0"}}},{"from":[2,3.875,2],"to":[14,6.125,3],"rotation":{"angle":0,"axis":"y","origin":[8,7.25,8]},"faces":{"north":{"uv":[8,0,8.999,1],"rotation":270,"texture":"#0"},"east":{"uv":[8,0,8.999,1],"rotation":270,"texture":"#0"},"south":{"uv":[8,0,8.999,1],"rotation":270,"texture":"#0"},"west":{"uv":[8,0,8.999,1],"rotation":270,"texture":"#0"},"up":{"uv":[8,0,8.999,1],"rotation":270,"texture":"#0"},"down":{"uv":[8,0,8.999,1],"rotation":270,"texture":"#0"}}},{"from":[2,11.975,2],"to":[14,13.55,3],"rotation":{"angle":0,"axis":"y","origin":[8,7.25,8]},"faces":{"north":{"uv":[8,0,8.999,1],"rotation":270,"texture":"#0"},"east":{"uv":[8,0,8.999,1],"rotation":270,"texture":"#0"},"south":{"uv":[8,0,8.999,1],"rotation":270,"texture":"#0"},"west":{"uv":[8,0,8.999,1],"rotation":270,"texture":"#0"},"up":{"uv":[8,0,8.999,1],"rotation":270,"texture":"#0"},"down":{"uv":[8,0,8.999,1],"rotation":270,"texture":"#0"}}},{"from":[1.5,1.85,1.5],"to":[14.5,3.875,2.5],"rotation":{"angle":0,"axis":"y","origin":[8,7.25,8]},"faces":{"north":{"uv":[8,0,8.999,1],"rotation":270,"texture":"#0"},"east":{"uv":[8,0,8.999,1],"rotation":270,"texture":"#0"},"south":{"uv":[8,0,8.999,1],"rotation":270,"texture":"#0"},"west":{"uv":[8,0,8.999,1],"rotation":270,"texture":"#0"},"up":{"uv":[8,0,8.999,1],"rotation":270,"texture":"#0"},"down":{"uv":[8,0,8.999,1],"rotation":270,"texture":"#0"}}},{"from":[2.5,6.125,2.5],"to":[13.5,8.825,3.5],"rotation":{"angle":0,"axis":"y","origin":[8,7.25,8]},"faces":{"north":{"uv":[8,0,8.999,1],"rotation":270,"texture":"#0"},"east":{"uv":[8,0,8.999,1],"rotation":270,"texture":"#0"},"south":{"uv":[8,0,8.999,1],"rotation":270,"texture":"#0"},"west":{"uv":[8,0,8.999,1],"rotation":270,"texture":"#0"},"up":{"uv":[8,0,8.999,1],"rotation":270,"texture":"#0"},"down":{"uv":[8,0,8.999,1],"rotation":270,"texture":"#0"}}},{"from":[2.5,10.175,2.5],"to":[13.5,11.975,3.5],"rotation":{"angle":0,"axis":"y","origin":[8,7.25,8]},"faces":{"north":{"uv":[8,0,8.999,1],"rotation":270,"texture":"#0"},"east":{"uv":[8,0,8.999,1],"rotation":270,"texture":"#0"},"south":{"uv":[8,0,8.999,1],"rotation":270,"texture":"#0"},"west":{"uv":[8,0,8.999,1],"rotation":270,"texture":"#0"},"up":{"uv":[8,0,8.999,1],"rotation":270,"texture":"#0"},"down":{"uv":[8,0,8.999,1],"rotation":270,"texture":"#0"}}},{"from":[2.75,8.825,2.75],"to":[13.25,10.175,3.75],"rotation":{"angle":0,"axis":"y","origin":[8,7.25,8]},"faces":{"north":{"uv":[8,0,8.999,1],"rotation":270,"texture":"#0"},"east":{"uv":[8,0,8.999,1],"rotation":270,"texture":"#0"},"south":{"uv":[8,0,8.999,1],"rotation":270,"texture":"#0"},"west":{"uv":[8,0,8.999,1],"rotation":270,"texture":"#0"},"up":{"uv":[8,0,8.999,1],"rotation":270,"texture":"#0"},"down":{"uv":[8,0,8.999,1],"rotation":270,"texture":"#0"}}},{"from":[14,0.05,2],"to":[15,1.85,14],"rotation":{"angle":0,"axis":"y","origin":[8,7.25,8]},"faces":{"north":{"uv":[8,0,8.999,1],"texture":"#0"},"east":{"uv":[8,0,8.999,1],"texture":"#0"},"south":{"uv":[8,0,8.999,1],"texture":"#0"},"west":{"uv":[8,0,8.999,1],"texture":"#0"},"up":{"uv":[8,0,8.999,1],"texture":"#0"},"down":{"uv":[8,0,8.999,1],"texture":"#0"}}},{"from":[13,3.875,3],"to":[14,6.125,13],"rotation":{"angle":0,"axis":"y","origin":[8,7.25,8]},"faces":{"north":{"uv":[8,0,8.999,1],"texture":"#0"},"east":{"uv":[8,0,8.999,1],"texture":"#0"},"south":{"uv":[8,0,8.999,1],"texture":"#0"},"west":{"uv":[8,0,8.999,1],"texture":"#0"},"up":{"uv":[8,0,8.999,1],"texture":"#0"},"down":{"uv":[8,0,8.999,1],"texture":"#0"}}},{"from":[13,11.975,3],"to":[14,13.55,13],"rotation":{"angle":0,"axis":"y","origin":[8,7.25,8]},"faces":{"north":{"uv":[8,0,8.999,1],"texture":"#0"},"east":{"uv":[8,0,8.999,1],"texture":"#0"},"south":{"uv":[8,0,8.999,1],"texture":"#0"},"west":{"uv":[8,0,8.999,1],"texture":"#0"},"up":{"uv":[8,0,8.999,1],"texture":"#0"},"down":{"uv":[8,0,8.999,1],"texture":"#0"}}},{"from":[13.5,1.85,2.5],"to":[14.5,3.875,13.5],"rotation":{"angle":0,"axis":"y","origin":[8,7.25,8]},"faces":{"north":{"uv":[8,0,8.999,1],"texture":"#0"},"east":{"uv":[8,0,8.999,1],"texture":"#0"},"south":{"uv":[8,0,8.999,1],"texture":"#0"},"west":{"uv":[8,0,8.999,1],"texture":"#0"},"up":{"uv":[8,0,8.999,1],"texture":"#0"},"down":{"uv":[8,0,8.999,1],"texture":"#0"}}},{"from":[12.5,6.125,3.5],"to":[13.5,8.825,12.5],"rotation":{"angle":0,"axis":"y","origin":[8,7.25,8]},"faces":{"north":{"uv":[8,0,8.999,1],"texture":"#0"},"east":{"uv":[8,0,8.999,1],"texture":"#0"},"south":{"uv":[8,0,8.999,1],"texture":"#0"},"west":{"uv":[8,0,8.999,1],"texture":"#0"},"up":{"uv":[8,0,8.999,1],"texture":"#0"},"down":{"uv":[8,0,8.999,1],"texture":"#0"}}},{"from":[12.5,10.175,3.5],"to":[13.5,11.975,12.5],"rotation":{"angle":0,"axis":"y","origin":[8,7.25,8]},"faces":{"north":{"uv":[8,0,8.999,1],"texture":"#0"},"east":{"uv":[8,0,8.999,1],"texture":"#0"},"south":{"uv":[8,0,8.999,1],"texture":"#0"},"west":{"uv":[8,0,8.999,1],"texture":"#0"},"up":{"uv":[8,0,8.999,1],"texture":"#0"},"down":{"uv":[8,0,8.999,1],"texture":"#0"}}},{"from":[12.25,8.825,3.75],"to":[13.25,10.175,12.25],"rotation":{"angle":0,"axis":"y","origin":[8,7.25,8]},"faces":{"north":{"uv":[8,0,8.999,1],"texture":"#0"},"east":{"uv":[8,0,8.999,1],"texture":"#0"},"south":{"uv":[8,0,8.999,1],"texture":"#0"},"west":{"uv":[8,0,8.999,1],"texture":"#0"},"up":{"uv":[8,0,8.999,1],"texture":"#0"},"down":{"uv":[8,0,8.999,1],"texture":"#0"}}},{"from":[2.5,0.05,15],"to":[13.5,1.85,16],"rotation":{"angle":0,"axis":"y","origin":[8,7.25,8]},"faces":{"north":{"uv":[8,0,8.999,1],"rotation":90,"texture":"#0"},"east":{"uv":[8,0,8.999,1],"rotation":90,"texture":"#0"},"south":{"uv":[8,0,8.999,1],"rotation":90,"texture":"#0"},"west":{"uv":[8,0,8.999,1],"rotation":90,"texture":"#0"},"up":{"uv":[8,0,8.999,1],"rotation":90,"texture":"#0"},"down":{"uv":[8,0,8.999,1],"rotation":90,"texture":"#0"}}},{"from":[3.5,3.875,14],"to":[12.5,6.125,15],"rotation":{"angle":0,"axis":"y","origin":[8,7.25,8]},"faces":{"north":{"uv":[8,0,8.999,1],"rotation":90,"texture":"#0"},"east":{"uv":[8,0,8.999,1],"rotation":90,"texture":"#0"},"south":{"uv":[8,0,8.999,1],"rotation":90,"texture":"#0"},"west":{"uv":[8,0,8.999,1],"rotation":90,"texture":"#0"},"up":{"uv":[8,0,8.999,1],"rotation":90,"texture":"#0"},"down":{"uv":[8,0,8.999,1],"rotation":90,"texture":"#0"}}},{"from":[3.5,11.975,14],"to":[12.5,13.55,15],"rotation":{"angle":0,"axis":"y","origin":[8,7.25,8]},"faces":{"north":{"uv":[8,0,8.999,1],"rotation":90,"texture":"#0"},"east":{"uv":[8,0,8.999,1],"rotation":90,"texture":"#0"},"south":{"uv":[8,0,8.999,1],"rotation":90,"texture":"#0"},"west":{"uv":[8,0,8.999,1],"rotation":90,"texture":"#0"},"up":{"uv":[8,0,8.999,1],"rotation":90,"texture":"#0"},"down":{"uv":[8,0,8.999,1],"rotation":90,"texture":"#0"}}},{"from":[3,1.85,14.5],"to":[13,3.875,15.5],"rotation":{"angle":0,"axis":"y","origin":[8,7.25,8]},"faces":{"north":{"uv":[8,0,8.999,1],"rotation":90,"texture":"#0"},"east":{"uv":[8,0,8.999,1],"rotation":90,"texture":"#0"},"south":{"uv":[8,0,8.999,1],"rotation":90,"texture":"#0"},"west":{"uv":[8,0,8.999,1],"rotation":90,"texture":"#0"},"up":{"uv":[8,0,8.999,1],"rotation":90,"texture":"#0"},"down":{"uv":[8,0,8.999,1],"rotation":90,"texture":"#0"}}},{"from":[4,6.125,13.5],"to":[12,8.825,14.5],"rotation":{"angle":0,"axis":"y","origin":[8,7.25,8]},"faces":{"north":{"uv":[8,0,8.999,1],"rotation":90,"texture":"#0"},"east":{"uv":[8,0,8.999,1],"rotation":90,"texture":"#0"},"south":{"uv":[8,0,8.999,1],"rotation":90,"texture":"#0"},"west":{"uv":[8,0,8.999,1],"rotation":90,"texture":"#0"},"up":{"uv":[8,0,8.999,1],"rotation":90,"texture":"#0"},"down":{"uv":[8,0,8.999,1],"rotation":90,"texture":"#0"}}},{"from":[4,10.175,13.5],"to":[12,11.975,14.5],"rotation":{"angle":0,"axis":"y","origin":[8,7.25,8]},"faces":{"north":{"uv":[8,0,8.999,1],"rotation":90,"texture":"#0"},"east":{"uv":[8,0,8.999,1],"rotation":90,"texture":"#0"},"south":{"uv":[8,0,8.999,1],"rotation":90,"texture":"#0"},"west":{"uv":[8,0,8.999,1],"rotation":90,"texture":"#0"},"up":{"uv":[8,0,8.999,1],"rotation":90,"texture":"#0"},"down":{"uv":[8,0,8.999,1],"rotation":90,"texture":"#0"}}},{"from":[4.25,8.825,13.25],"to":[11.75,10.175,14.25],"rotation":{"angle":0,"axis":"y","origin":[8,7.25,8]},"faces":{"north":{"uv":[8,0,8.999,1],"rotation":90,"texture":"#0"},"east":{"uv":[8,0,8.999,1],"rotation":90,"texture":"#0"},"south":{"uv":[8,0,8.999,1],"rotation":90,"texture":"#0"},"west":{"uv":[8,0,8.999,1],"rotation":90,"texture":"#0"},"up":{"uv":[8,0,8.999,1],"rotation":90,"texture":"#0"},"down":{"uv":[8,0,8.999,1],"rotation":90,"texture":"#0"}}},{"from":[0,0.05,2.5],"to":[1,1.85,13.5],"rotation":{"angle":0,"axis":"y","origin":[8,7.25,8]},"faces":{"north":{"uv":[8,0,8.999,1],"rotation":180,"texture":"#0"},"east":{"uv":[8,0,8.999,1],"rotation":180,"texture":"#0"},"south":{"uv":[8,0,8.999,1],"rotation":180,"texture":"#0"},"west":{"uv":[8,0,8.999,1],"rotation":180,"texture":"#0"},"up":{"uv":[8,0,8.999,1],"rotation":180,"texture":"#0"},"down":{"uv":[8,0,8.999,1],"rotation":180,"texture":"#0"}}},{"from":[1,3.875,3.5],"to":[2,6.125,12.5],"rotation":{"angle":0,"axis":"y","origin":[8,7.25,8]},"faces":{"north":{"uv":[8,0,8.999,1],"rotation":180,"texture":"#0"},"east":{"uv":[8,0,8.999,1],"rotation":180,"texture":"#0"},"south":{"uv":[8,0,8.999,1],"rotation":180,"texture":"#0"},"west":{"uv":[8,0,8.999,1],"rotation":180,"texture":"#0"},"up":{"uv":[8,0,8.999,1],"rotation":180,"texture":"#0"},"down":{"uv":[8,0,8.999,1],"rotation":180,"texture":"#0"}}},{"from":[1,11.975,3.5],"to":[2,13.55,12.5],"rotation":{"angle":0,"axis":"y","origin":[8,7.25,8]},"faces":{"north":{"uv":[8,0,8.999,1],"rotation":180,"texture":"#0"},"east":{"uv":[8,0,8.999,1],"rotation":180,"texture":"#0"},"south":{"uv":[8,0,8.999,1],"rotation":180,"texture":"#0"},"west":{"uv":[8,0,8.999,1],"rotation":180,"texture":"#0"},"up":{"uv":[8,0,8.999,1],"rotation":180,"texture":"#0"},"down":{"uv":[8,0,8.999,1],"rotation":180,"texture":"#0"}}},{"from":[0.5,1.85,3],"to":[1.5,3.875,13],"rotation":{"angle":0,"axis":"y","origin":[8,7.25,8]},"faces":{"north":{"uv":[8,0,8.999,1],"rotation":180,"texture":"#0"},"east":{"uv":[8,0,8.999,1],"rotation":180,"texture":"#0"},"south":{"uv":[8,0,8.999,1],"rotation":180,"texture":"#0"},"west":{"uv":[8,0,8.999,1],"rotation":180,"texture":"#0"},"up":{"uv":[8,0,8.999,1],"rotation":180,"texture":"#0"},"down":{"uv":[8,0,8.999,1],"rotation":180,"texture":"#0"}}},{"from":[1.5,6.125,4],"to":[2.5,8.825,12],"rotation":{"angle":0,"axis":"y","origin":[8,7.25,8]},"faces":{"north":{"uv":[8,0,8.999,1],"rotation":180,"texture":"#0"},"east":{"uv":[8,0,8.999,1],"rotation":180,"texture":"#0"},"south":{"uv":[8,0,8.999,1],"rotation":180,"texture":"#0"},"west":{"uv":[8,0,8.999,1],"rotation":180,"texture":"#0"},"up":{"uv":[8,0,8.999,1],"rotation":180,"texture":"#0"},"down":{"uv":[8,0,8.999,1],"rotation":180,"texture":"#0"}}},{"from":[1.5,10.175,4],"to":[2.5,11.975,12],"rotation":{"angle":0,"axis":"y","origin":[8,7.25,8]},"faces":{"north":{"uv":[8,0,8.999,1],"rotation":180,"texture":"#0"},"east":{"uv":[8,0,8.999,1],"rotation":180,"texture":"#0"},"south":{"uv":[8,0,8.999,1],"rotation":180,"texture":"#0"},"west":{"uv":[8,0,8.999,1],"rotation":180,"texture":"#0"},"up":{"uv":[8,0,8.999,1],"rotation":180,"texture":"#0"},"down":{"uv":[8,0,8.999,1],"rotation":180,"texture":"#0"}}},{"from":[1.75,8.825,4.25],"to":[2.75,10.175,11.75],"rotation":{"angle":0,"axis":"y","origin":[8,7.25,8]},"faces":{"north":{"uv":[8,0,8.999,1],"rotation":180,"texture":"#0"},"east":{"uv":[8,0,8.999,1],"rotation":180,"texture":"#0"},"south":{"uv":[8,0,8.999,1],"rotation":180,"texture":"#0"},"west":{"uv":[8,0,8.999,1],"rotation":180,"texture":"#0"},"up":{"uv":[8,0,8.999,1],"rotation":180,"texture":"#0"},"down":{"uv":[8,0,8.999,1],"rotation":180,"texture":"#0"}}},{"from":[2.5,0.05,0],"to":[13.5,1.85,1],"rotation":{"angle":0,"axis":"y","origin":[8,7.25,8]},"faces":{"north":{"uv":[8,0,8.999,1],"rotation":270,"texture":"#0"},"east":{"uv":[8,0,8.999,1],"rotation":270,"texture":"#0"},"south":{"uv":[8,0,8.999,1],"rotation":270,"texture":"#0"},"west":{"uv":[8,0,8.999,1],"rotation":270,"texture":"#0"},"up":{"uv":[8,0,8.999,1],"rotation":270,"texture":"#0"},"down":{"uv":[8,0,8.999,1],"rotation":270,"texture":"#0"}}},{"from":[3.5,3.875,1],"to":[12.5,6.125,2],"rotation":{"angle":0,"axis":"y","origin":[8,7.25,8]},"faces":{"north":{"uv":[8,0,8.999,1],"rotation":270,"texture":"#0"},"east":{"uv":[8,0,8.999,1],"rotation":270,"texture":"#0"},"south":{"uv":[8,0,8.999,1],"rotation":270,"texture":"#0"},"west":{"uv":[8,0,8.999,1],"rotation":270,"texture":"#0"},"up":{"uv":[8,0,8.999,1],"rotation":270,"texture":"#0"},"down":{"uv":[8,0,8.999,1],"rotation":270,"texture":"#0"}}},{"from":[3.5,11.975,1],"to":[12.5,13.55,2],"rotation":{"angle":0,"axis":"y","origin":[8,7.25,8]},"faces":{"north":{"uv":[8,0,8.999,1],"rotation":270,"texture":"#0"},"east":{"uv":[8,0,8.999,1],"rotation":270,"texture":"#0"},"south":{"uv":[8,0,8.999,1],"rotation":270,"texture":"#0"},"west":{"uv":[8,0,8.999,1],"rotation":270,"texture":"#0"},"up":{"uv":[8,0,8.999,1],"rotation":270,"texture":"#0"},"down":{"uv":[8,0,8.999,1],"rotation":270,"texture":"#0"}}},{"from":[3,1.85,0.5],"to":[13,3.875,1.5],"rotation":{"angle":0,"axis":"y","origin":[8,7.25,8]},"faces":{"north":{"uv":[8,0,8.999,1],"rotation":270,"texture":"#0"},"east":{"uv":[8,0,8.999,1],"rotation":270,"texture":"#0"},"south":{"uv":[8,0,8.999,1],"rotation":270,"texture":"#0"},"west":{"uv":[8,0,8.999,1],"rotation":270,"texture":"#0"},"up":{"uv":[8,0,8.999,1],"rotation":270,"texture":"#0"},"down":{"uv":[8,0,8.999,1],"rotation":270,"texture":"#0"}}},{"from":[4,6.125,1.5],"to":[12,8.825,2.5],"rotation":{"angle":0,"axis":"y","origin":[8,7.25,8]},"faces":{"north":{"uv":[8,0,8.999,1],"rotation":270,"texture":"#0"},"east":{"uv":[8,0,8.999,1],"rotation":270,"texture":"#0"},"south":{"uv":[8,0,8.999,1],"rotation":270,"texture":"#0"},"west":{"uv":[8,0,8.999,1],"rotation":270,"texture":"#0"},"up":{"uv":[8,0,8.999,1],"rotation":270,"texture":"#0"},"down":{"uv":[8,0,8.999,1],"rotation":270,"texture":"#0"}}},{"from":[4,10.175,1.5],"to":[12,11.975,2.5],"rotation":{"angle":0,"axis":"y","origin":[8,7.25,8]},"faces":{"north":{"uv":[8,0,8.999,1],"rotation":270,"texture":"#0"},"east":{"uv":[8,0,8.999,1],"rotation":270,"texture":"#0"},"south":{"uv":[8,0,8.999,1],"rotation":270,"texture":"#0"},"west":{"uv":[8,0,8.999,1],"rotation":270,"texture":"#0"},"up":{"uv":[8,0,8.999,1],"rotation":270,"texture":"#0"},"down":{"uv":[8,0,8.999,1],"rotation":270,"texture":"#0"}}},{"from":[4.25,8.825,1.75],"to":[11.75,10.175,2.75],"rotation":{"angle":0,"axis":"y","origin":[8,7.25,8]},"faces":{"north":{"uv":[8,0,8.999,1],"rotation":270,"texture":"#0"},"east":{"uv":[8,0,8.999,1],"rotation":270,"texture":"#0"},"south":{"uv":[8,0,8.999,1],"rotation":270,"texture":"#0"},"west":{"uv":[8,0,8.999,1],"rotation":270,"texture":"#0"},"up":{"uv":[8,0,8.999,1],"rotation":270,"texture":"#0"},"down":{"uv":[8,0,8.999,1],"rotation":270,"texture":"#0"}}},{"from":[15,0.05,2.5],"to":[16,1.85,13.5],"rotation":{"angle":0,"axis":"y","origin":[8,7.25,8]},"faces":{"north":{"uv":[8,0,8.999,1],"texture":"#0"},"east":{"uv":[8,0,8.999,1],"texture":"#0"},"south":{"uv":[8,0,8.999,1],"texture":"#0"},"west":{"uv":[8,0,8.999,1],"texture":"#0"},"up":{"uv":[8,0,8.999,1],"texture":"#0"},"down":{"uv":[8,0,8.999,1],"texture":"#0"}}},{"from":[14,3.875,3.5],"to":[15,6.125,12.5],"rotation":{"angle":0,"axis":"y","origin":[8,7.25,8]},"faces":{"north":{"uv":[8,0,8.999,1],"texture":"#0"},"east":{"uv":[8,0,8.999,1],"texture":"#0"},"south":{"uv":[8,0,8.999,1],"texture":"#0"},"west":{"uv":[8,0,8.999,1],"texture":"#0"},"up":{"uv":[8,0,8.999,1],"texture":"#0"},"down":{"uv":[8,0,8.999,1],"texture":"#0"}}},{"from":[14,11.975,3.5],"to":[15,13.55,12.5],"rotation":{"angle":0,"axis":"y","origin":[8,7.25,8]},"faces":{"north":{"uv":[8,0,8.999,1],"texture":"#0"},"east":{"uv":[8,0,8.999,1],"texture":"#0"},"south":{"uv":[8,0,8.999,1],"texture":"#0"},"west":{"uv":[8,0,8.999,1],"texture":"#0"},"up":{"uv":[8,0,8.999,1],"texture":"#0"},"down":{"uv":[8,0,8.999,1],"texture":"#0"}}},{"from":[14.5,1.85,3],"to":[15.5,3.875,13],"rotation":{"angle":0,"axis":"y","origin":[8,7.25,8]},"faces":{"north":{"uv":[8,0,8.999,1],"texture":"#0"},"east":{"uv":[8,0,8.999,1],"texture":"#0"},"south":{"uv":[8,0,8.999,1],"texture":"#0"},"west":{"uv":[8,0,8.999,1],"texture":"#0"},"up":{"uv":[8,0,8.999,1],"texture":"#0"},"down":{"uv":[8,0,8.999,1],"texture":"#0"}}},{"from":[13.5,6.125,4],"to":[14.5,8.825,12],"rotation":{"angle":0,"axis":"y","origin":[8,7.25,8]},"faces":{"north":{"uv":[8,0,8.999,1],"texture":"#0"},"east":{"uv":[8,0,8.999,1],"texture":"#0"},"south":{"uv":[8,0,8.999,1],"texture":"#0"},"west":{"uv":[8,0,8.999,1],"texture":"#0"},"up":{"uv":[8,0,8.999,1],"texture":"#0"},"down":{"uv":[8,0,8.999,1],"texture":"#0"}}},{"from":[13.5,10.175,4],"to":[14.5,11.975,12],"rotation":{"angle":0,"axis":"y","origin":[8,7.25,8]},"faces":{"north":{"uv":[8,0,8.999,1],"texture":"#0"},"east":{"uv":[8,0,8.999,1],"texture":"#0"},"south":{"uv":[8,0,8.999,1],"texture":"#0"},"west":{"uv":[8,0,8.999,1],"texture":"#0"},"up":{"uv":[8,0,8.999,1],"texture":"#0"},"down":{"uv":[8,0,8.999,1],"texture":"#0"}}},{"from":[13.25,8.825,4.25],"to":[14.25,10.175,11.75],"rotation":{"angle":0,"axis":"y","origin":[8,7.25,8]},"faces":{"north":{"uv":[8,0,8.999,1],"texture":"#0"},"east":{"uv":[8,0,8.999,1],"texture":"#0"},"south":{"uv":[8,0,8.999,1],"texture":"#0"},"west":{"uv":[8,0,8.999,1],"texture":"#0"},"up":{"uv":[8,0,8.999,1],"texture":"#0"},"down":{"uv":[8,0,8.999,1],"texture":"#0"}}},{"from":[1,0.1,14],"to":[15,1.7,15],"rotation":{"angle":0,"axis":"y","origin":[8,6.5,8]},"faces":{"north":{"uv":[15,0,15.999,1],"rotation":90,"texture":"#0"},"east":{"uv":[15,0,15.999,1],"rotation":90,"texture":"#0"},"south":{"uv":[15,0,15.999,1],"rotation":90,"texture":"#0"},"west":{"uv":[15,0,15.999,1],"rotation":90,"texture":"#0"},"up":{"uv":[15,0,15.999,1],"rotation":90,"texture":"#0"},"down":{"uv":[15,0,15.999,1],"rotation":90,"texture":"#0"}}},{"from":[2,3.5,13],"to":[14,5.5,14],"rotation":{"angle":0,"axis":"y","origin":[8,6.5,8]},"faces":{"north":{"uv":[15,0,15.999,1],"rotation":90,"texture":"#0"},"east":{"uv":[15,0,15.999,1],"rotation":90,"texture":"#0"},"south":{"uv":[15,0,15.999,1],"rotation":90,"texture":"#0"},"west":{"uv":[15,0,15.999,1],"rotation":90,"texture":"#0"},"up":{"uv":[15,0,15.999,1],"rotation":90,"texture":"#0"},"down":{"uv":[15,0,15.999,1],"rotation":90,"texture":"#0"}}},{"from":[2,10.7,13],"to":[14,12.1,14],"rotation":{"angle":0,"axis":"y","origin":[8,6.5,8]},"faces":{"north":{"uv":[15,0,15.999,1],"rotation":90,"texture":"#0"},"east":{"uv":[15,0,15.999,1],"rotation":90,"texture":"#0"},"south":{"uv":[15,0,15.999,1],"rotation":90,"texture":"#0"},"west":{"uv":[15,0,15.999,1],"rotation":90,"texture":"#0"},"up":{"uv":[15,0,15.999,1],"rotation":90,"texture":"#0"},"down":{"uv":[15,0,15.999,1],"rotation":90,"texture":"#0"}}},{"from":[1.5,1.7,13.5],"to":[14.5,3.5,14.5],"rotation":{"angle":0,"axis":"y","origin":[8,6.5,8]},"faces":{"north":{"uv":[15,0,15.999,1],"rotation":90,"texture":"#0"},"east":{"uv":[15,0,15.999,1],"rotation":90,"texture":"#0"},"south":{"uv":[15,0,15.999,1],"rotation":90,"texture":"#0"},"west":{"uv":[15,0,15.999,1],"rotation":90,"texture":"#0"},"up":{"uv":[15,0,15.999,1],"rotation":90,"texture":"#0"},"down":{"uv":[15,0,15.999,1],"rotation":90,"texture":"#0"}}},{"from":[2.5,5.5,12.5],"to":[13.5,7.9,13.5],"rotation":{"angle":0,"axis":"y","origin":[8,6.5,8]},"faces":{"north":{"uv":[15,0,15.999,1],"rotation":90,"texture":"#0"},"east":{"uv":[15,0,15.999,1],"rotation":90,"texture":"#0"},"south":{"uv":[15,0,15.999,1],"rotation":90,"texture":"#0"},"west":{"uv":[15,0,15.999,1],"rotation":90,"texture":"#0"},"up":{"uv":[15,0,15.999,1],"rotation":90,"texture":"#0"},"down":{"uv":[15,0,15.999,1],"rotation":90,"texture":"#0"}}},{"from":[2.5,9.1,12.5],"to":[13.5,10.7,13.5],"rotation":{"angle":0,"axis":"y","origin":[8,6.5,8]},"faces":{"north":{"uv":[15,0,15.999,1],"rotation":90,"texture":"#0"},"east":{"uv":[15,0,15.999,1],"rotation":90,"texture":"#0"},"south":{"uv":[15,0,15.999,1],"rotation":90,"texture":"#0"},"west":{"uv":[15,0,15.999,1],"rotation":90,"texture":"#0"},"up":{"uv":[15,0,15.999,1],"rotation":90,"texture":"#0"},"down":{"uv":[15,0,15.999,1],"rotation":90,"texture":"#0"}}},{"from":[2.75,7.9,12.25],"to":[13.25,9.1,13.25],"rotation":{"angle":0,"axis":"y","origin":[8,6.5,8]},"faces":{"north":{"uv":[15,0,15.999,1],"rotation":90,"texture":"#0"},"east":{"uv":[15,0,15.999,1],"rotation":90,"texture":"#0"},"south":{"uv":[15,0,15.999,1],"rotation":90,"texture":"#0"},"west":{"uv":[15,0,15.999,1],"rotation":90,"texture":"#0"},"up":{"uv":[15,0,15.999,1],"rotation":90,"texture":"#0"},"down":{"uv":[15,0,15.999,1],"rotation":90,"texture":"#0"}}},{"from":[1,0.1,2],"to":[2,1.7,14],"rotation":{"angle":0,"axis":"y","origin":[8,6.5,8]},"faces":{"north":{"uv":[15,0,15.999,1],"rotation":180,"texture":"#0"},"east":{"uv":[15,0,15.999,1],"rotation":180,"texture":"#0"},"south":{"uv":[15,0,15.999,1],"rotation":180,"texture":"#0"},"west":{"uv":[15,0,15.999,1],"rotation":180,"texture":"#0"},"up":{"uv":[15,0,15.999,1],"rotation":180,"texture":"#0"},"down":{"uv":[15,0,15.999,1],"rotation":180,"texture":"#0"}}},{"from":[2,3.5,3],"to":[3,5.5,13],"rotation":{"angle":0,"axis":"y","origin":[8,6.5,8]},"faces":{"north":{"uv":[15,0,15.999,1],"rotation":180,"texture":"#0"},"east":{"uv":[15,0,15.999,1],"rotation":180,"texture":"#0"},"south":{"uv":[15,0,15.999,1],"rotation":180,"texture":"#0"},"west":{"uv":[15,0,15.999,1],"rotation":180,"texture":"#0"},"up":{"uv":[15,0,15.999,1],"rotation":180,"texture":"#0"},"down":{"uv":[15,0,15.999,1],"rotation":180,"texture":"#0"}}},{"from":[2,10.7,3],"to":[3,12.1,13],"rotation":{"angle":0,"axis":"y","origin":[8,6.5,8]},"faces":{"north":{"uv":[15,0,15.999,1],"rotation":180,"texture":"#0"},"east":{"uv":[15,0,15.999,1],"rotation":180,"texture":"#0"},"south":{"uv":[15,0,15.999,1],"rotation":180,"texture":"#0"},"west":{"uv":[15,0,15.999,1],"rotation":180,"texture":"#0"},"up":{"uv":[15,0,15.999,1],"rotation":180,"texture":"#0"},"down":{"uv":[15,0,15.999,1],"rotation":180,"texture":"#0"}}},{"from":[1.5,1.7,2.5],"to":[2.5,3.5,13.5],"rotation":{"angle":0,"axis":"y","origin":[8,6.5,8]},"faces":{"north":{"uv":[15,0,15.999,1],"rotation":180,"texture":"#0"},"east":{"uv":[15,0,15.999,1],"rotation":180,"texture":"#0"},"south":{"uv":[15,0,15.999,1],"rotation":180,"texture":"#0"},"west":{"uv":[15,0,15.999,1],"rotation":180,"texture":"#0"},"up":{"uv":[15,0,15.999,1],"rotation":180,"texture":"#0"},"down":{"uv":[15,0,15.999,1],"rotation":180,"texture":"#0"}}},{"from":[2.5,5.5,3.5],"to":[3.5,7.9,12.5],"rotation":{"angle":0,"axis":"y","origin":[8,6.5,8]},"faces":{"north":{"uv":[15,0,15.999,1],"rotation":180,"texture":"#0"},"east":{"uv":[15,0,15.999,1],"rotation":180,"texture":"#0"},"south":{"uv":[15,0,15.999,1],"rotation":180,"texture":"#0"},"west":{"uv":[15,0,15.999,1],"rotation":180,"texture":"#0"},"up":{"uv":[15,0,15.999,1],"rotation":180,"texture":"#0"},"down":{"uv":[15,0,15.999,1],"rotation":180,"texture":"#0"}}},{"from":[2.5,9.1,3.5],"to":[3.5,10.7,12.5],"rotation":{"angle":0,"axis":"y","origin":[8,6.5,8]},"faces":{"north":{"uv":[15,0,15.999,1],"rotation":180,"texture":"#0"},"east":{"uv":[15,0,15.999,1],"rotation":180,"texture":"#0"},"south":{"uv":[15,0,15.999,1],"rotation":180,"texture":"#0"},"west":{"uv":[15,0,15.999,1],"rotation":180,"texture":"#0"},"up":{"uv":[15,0,15.999,1],"rotation":180,"texture":"#0"},"down":{"uv":[15,0,15.999,1],"rotation":180,"texture":"#0"}}},{"from":[2.75,7.9,3.75],"to":[3.75,9.1,12.25],"rotation":{"angle":0,"axis":"y","origin":[8,6.5,8]},"faces":{"north":{"uv":[15,0,15.999,1],"rotation":180,"texture":"#0"},"east":{"uv":[15,0,15.999,1],"rotation":180,"texture":"#0"},"south":{"uv":[15,0,15.999,1],"rotation":180,"texture":"#0"},"west":{"uv":[15,0,15.999,1],"rotation":180,"texture":"#0"},"up":{"uv":[15,0,15.999,1],"rotation":180,"texture":"#0"},"down":{"uv":[15,0,15.999,1],"rotation":180,"texture":"#0"}}},{"from":[1,0.1,1],"to":[15,1.7,2],"rotation":{"angle":0,"axis":"y","origin":[8,6.5,8]},"faces":{"north":{"uv":[15,0,15.999,1],"rotation":270,"texture":"#0"},"east":{"uv":[15,0,15.999,1],"rotation":270,"texture":"#0"},"south":{"uv":[15,0,15.999,1],"rotation":270,"texture":"#0"},"west":{"uv":[15,0,15.999,1],"rotation":270,"texture":"#0"},"up":{"uv":[15,0,15.999,1],"rotation":270,"texture":"#0"},"down":{"uv":[15,0,15.999,1],"rotation":270,"texture":"#0"}}},{"from":[2,3.5,2],"to":[14,5.5,3],"rotation":{"angle":0,"axis":"y","origin":[8,6.5,8]},"faces":{"north":{"uv":[15,0,15.999,1],"rotation":270,"texture":"#0"},"east":{"uv":[15,0,15.999,1],"rotation":270,"texture":"#0"},"south":{"uv":[15,0,15.999,1],"rotation":270,"texture":"#0"},"west":{"uv":[15,0,15.999,1],"rotation":270,"texture":"#0"},"up":{"uv":[15,0,15.999,1],"rotation":270,"texture":"#0"},"down":{"uv":[15,0,15.999,1],"rotation":270,"texture":"#0"}}},{"from":[2,10.7,2],"to":[14,12.1,3],"rotation":{"angle":0,"axis":"y","origin":[8,6.5,8]},"faces":{"north":{"uv":[15,0,15.999,1],"rotation":270,"texture":"#0"},"east":{"uv":[15,0,15.999,1],"rotation":270,"texture":"#0"},"south":{"uv":[15,0,15.999,1],"rotation":270,"texture":"#0"},"west":{"uv":[15,0,15.999,1],"rotation":270,"texture":"#0"},"up":{"uv":[15,0,15.999,1],"rotation":270,"texture":"#0"},"down":{"uv":[15,0,15.999,1],"rotation":270,"texture":"#0"}}},{"from":[1.5,1.7,1.5],"to":[14.5,3.5,2.5],"rotation":{"angle":0,"axis":"y","origin":[8,6.5,8]},"faces":{"north":{"uv":[15,0,15.999,1],"rotation":270,"texture":"#0"},"east":{"uv":[15,0,15.999,1],"rotation":270,"texture":"#0"},"south":{"uv":[15,0,15.999,1],"rotation":270,"texture":"#0"},"west":{"uv":[15,0,15.999,1],"rotation":270,"texture":"#0"},"up":{"uv":[15,0,15.999,1],"rotation":270,"texture":"#0"},"down":{"uv":[15,0,15.999,1],"rotation":270,"texture":"#0"}}},{"from":[2.5,5.5,2.5],"to":[13.5,7.9,3.5],"rotation":{"angle":0,"axis":"y","origin":[8,6.5,8]},"faces":{"north":{"uv":[15,0,15.999,1],"rotation":270,"texture":"#0"},"east":{"uv":[15,0,15.999,1],"rotation":270,"texture":"#0"},"south":{"uv":[15,0,15.999,1],"rotation":270,"texture":"#0"},"west":{"uv":[15,0,15.999,1],"rotation":270,"texture":"#0"},"up":{"uv":[15,0,15.999,1],"rotation":270,"texture":"#0"},"down":{"uv":[15,0,15.999,1],"rotation":270,"texture":"#0"}}},{"from":[2.5,9.1,2.5],"to":[13.5,10.7,3.5],"rotation":{"angle":0,"axis":"y","origin":[8,6.5,8]},"faces":{"north":{"uv":[15,0,15.999,1],"rotation":270,"texture":"#0"},"east":{"uv":[15,0,15.999,1],"rotation":270,"texture":"#0"},"south":{"uv":[15,0,15.999,1],"rotation":270,"texture":"#0"},"west":{"uv":[15,0,15.999,1],"rotation":270,"texture":"#0"},"up":{"uv":[15,0,15.999,1],"rotation":270,"texture":"#0"},"down":{"uv":[15,0,15.999,1],"rotation":270,"texture":"#0"}}},{"from":[2.75,7.9,2.75],"to":[13.25,9.1,3.75],"rotation":{"angle":0,"axis":"y","origin":[8,6.5,8]},"faces":{"north":{"uv":[15,0,15.999,1],"rotation":270,"texture":"#0"},"east":{"uv":[15,0,15.999,1],"rotation":270,"texture":"#0"},"south":{"uv":[15,0,15.999,1],"rotation":270,"texture":"#0"},"west":{"uv":[15,0,15.999,1],"rotation":270,"texture":"#0"},"up":{"uv":[15,0,15.999,1],"rotation":270,"texture":"#0"},"down":{"uv":[15,0,15.999,1],"rotation":270,"texture":"#0"}}},{"from":[14,0.1,2],"to":[15,1.7,14],"rotation":{"angle":0,"axis":"y","origin":[8,6.5,8]},"faces":{"north":{"uv":[15,0,15.999,1],"texture":"#0"},"east":{"uv":[15,0,15.999,1],"texture":"#0"},"south":{"uv":[15,0,15.999,1],"texture":"#0"},"west":{"uv":[15,0,15.999,1],"texture":"#0"},"up":{"uv":[15,0,15.999,1],"texture":"#0"},"down":{"uv":[15,0,15.999,1],"texture":"#0"}}},{"from":[13,3.5,3],"to":[14,5.5,13],"rotation":{"angle":0,"axis":"y","origin":[8,6.5,8]},"faces":{"north":{"uv":[15,0,15.999,1],"texture":"#0"},"east":{"uv":[15,0,15.999,1],"texture":"#0"},"south":{"uv":[15,0,15.999,1],"texture":"#0"},"west":{"uv":[15,0,15.999,1],"texture":"#0"},"up":{"uv":[15,0,15.999,1],"texture":"#0"},"down":{"uv":[15,0,15.999,1],"texture":"#0"}}},{"from":[13,10.7,3],"to":[14,12.1,13],"rotation":{"angle":0,"axis":"y","origin":[8,6.5,8]},"faces":{"north":{"uv":[15,0,15.999,1],"texture":"#0"},"east":{"uv":[15,0,15.999,1],"texture":"#0"},"south":{"uv":[15,0,15.999,1],"texture":"#0"},"west":{"uv":[15,0,15.999,1],"texture":"#0"},"up":{"uv":[15,0,15.999,1],"texture":"#0"},"down":{"uv":[15,0,15.999,1],"texture":"#0"}}},{"from":[13.5,1.7,2.5],"to":[14.5,3.5,13.5],"rotation":{"angle":0,"axis":"y","origin":[8,6.5,8]},"faces":{"north":{"uv":[15,0,15.999,1],"texture":"#0"},"east":{"uv":[15,0,15.999,1],"texture":"#0"},"south":{"uv":[15,0,15.999,1],"texture":"#0"},"west":{"uv":[15,0,15.999,1],"texture":"#0"},"up":{"uv":[15,0,15.999,1],"texture":"#0"},"down":{"uv":[15,0,15.999,1],"texture":"#0"}}},{"from":[12.5,5.5,3.5],"to":[13.5,7.9,12.5],"rotation":{"angle":0,"axis":"y","origin":[8,6.5,8]},"faces":{"north":{"uv":[15,0,15.999,1],"texture":"#0"},"east":{"uv":[15,0,15.999,1],"texture":"#0"},"south":{"uv":[15,0,15.999,1],"texture":"#0"},"west":{"uv":[15,0,15.999,1],"texture":"#0"},"up":{"uv":[15,0,15.999,1],"texture":"#0"},"down":{"uv":[15,0,15.999,1],"texture":"#0"}}},{"from":[12.5,9.1,3.5],"to":[13.5,10.7,12.5],"rotation":{"angle":0,"axis":"y","origin":[8,6.5,8]},"faces":{"north":{"uv":[15,0,15.999,1],"texture":"#0"},"east":{"uv":[15,0,15.999,1],"texture":"#0"},"south":{"uv":[15,0,15.999,1],"texture":"#0"},"west":{"uv":[15,0,15.999,1],"texture":"#0"},"up":{"uv":[15,0,15.999,1],"texture":"#0"},"down":{"uv":[15,0,15.999,1],"texture":"#0"}}},{"from":[12.25,7.9,3.75],"to":[13.25,9.1,12.25],"rotation":{"angle":0,"axis":"y","origin":[8,6.5,8]},"faces":{"north":{"uv":[15,0,15.999,1],"texture":"#0"},"east":{"uv":[15,0,15.999,1],"texture":"#0"},"south":{"uv":[15,0,15.999,1],"texture":"#0"},"west":{"uv":[15,0,15.999,1],"texture":"#0"},"up":{"uv":[15,0,15.999,1],"texture":"#0"},"down":{"uv":[15,0,15.999,1],"texture":"#0"}}},{"from":[2.5,0.1,15],"to":[13.5,1.7,16],"rotation":{"angle":0,"axis":"y","origin":[8,6.5,8]},"faces":{"north":{"uv":[15,0,15.999,1],"rotation":90,"texture":"#0"},"east":{"uv":[15,0,15.999,1],"rotation":90,"texture":"#0"},"south":{"uv":[15,0,15.999,1],"rotation":90,"texture":"#0"},"west":{"uv":[15,0,15.999,1],"rotation":90,"texture":"#0"},"up":{"uv":[15,0,15.999,1],"rotation":90,"texture":"#0"},"down":{"uv":[15,0,15.999,1],"rotation":90,"texture":"#0"}}},{"from":[3.5,3.5,14],"to":[12.5,5.5,15],"rotation":{"angle":0,"axis":"y","origin":[8,6.5,8]},"faces":{"north":{"uv":[15,0,15.999,1],"rotation":90,"texture":"#0"},"east":{"uv":[15,0,15.999,1],"rotation":90,"texture":"#0"},"south":{"uv":[15,0,15.999,1],"rotation":90,"texture":"#0"},"west":{"uv":[15,0,15.999,1],"rotation":90,"texture":"#0"},"up":{"uv":[15,0,15.999,1],"rotation":90,"texture":"#0"},"down":{"uv":[15,0,15.999,1],"rotation":90,"texture":"#0"}}},{"from":[3.5,10.7,14],"to":[12.5,12.1,15],"rotation":{"angle":0,"axis":"y","origin":[8,6.5,8]},"faces":{"north":{"uv":[15,0,15.999,1],"rotation":90,"texture":"#0"},"east":{"uv":[15,0,15.999,1],"rotation":90,"texture":"#0"},"south":{"uv":[15,0,15.999,1],"rotation":90,"texture":"#0"},"west":{"uv":[15,0,15.999,1],"rotation":90,"texture":"#0"},"up":{"uv":[15,0,15.999,1],"rotation":90,"texture":"#0"},"down":{"uv":[15,0,15.999,1],"rotation":90,"texture":"#0"}}},{"from":[3,1.7,14.5],"to":[13,3.5,15.5],"rotation":{"angle":0,"axis":"y","origin":[8,6.5,8]},"faces":{"north":{"uv":[15,0,15.999,1],"rotation":90,"texture":"#0"},"east":{"uv":[15,0,15.999,1],"rotation":90,"texture":"#0"},"south":{"uv":[15,0,15.999,1],"rotation":90,"texture":"#0"},"west":{"uv":[15,0,15.999,1],"rotation":90,"texture":"#0"},"up":{"uv":[15,0,15.999,1],"rotation":90,"texture":"#0"},"down":{"uv":[15,0,15.999,1],"rotation":90,"texture":"#0"}}},{"from":[4,5.5,13.5],"to":[12,7.9,14.5],"rotation":{"angle":0,"axis":"y","origin":[8,6.5,8]},"faces":{"north":{"uv":[15,0,15.999,1],"rotation":90,"texture":"#0"},"east":{"uv":[15,0,15.999,1],"rotation":90,"texture":"#0"},"south":{"uv":[15,0,15.999,1],"rotation":90,"texture":"#0"},"west":{"uv":[15,0,15.999,1],"rotation":90,"texture":"#0"},"up":{"uv":[15,0,15.999,1],"rotation":90,"texture":"#0"},"down":{"uv":[15,0,15.999,1],"rotation":90,"texture":"#0"}}},{"from":[4,9.1,13.5],"to":[12,10.7,14.5],"rotation":{"angle":0,"axis":"y","origin":[8,6.5,8]},"faces":{"north":{"uv":[15,0,15.999,1],"rotation":90,"texture":"#0"},"east":{"uv":[15,0,15.999,1],"rotation":90,"texture":"#0"},"south":{"uv":[15,0,15.999,1],"rotation":90,"texture":"#0"},"west":{"uv":[15,0,15.999,1],"rotation":90,"texture":"#0"},"up":{"uv":[15,0,15.999,1],"rotation":90,"texture":"#0"},"down":{"uv":[15,0,15.999,1],"rotation":90,"texture":"#0"}}},{"from":[4.25,7.9,13.25],"to":[11.75,9.1,14.25],"rotation":{"angle":0,"axis":"y","origin":[8,6.5,8]},"faces":{"north":{"uv":[15,0,15.999,1],"rotation":90,"texture":"#0"},"east":{"uv":[15,0,15.999,1],"rotation":90,"texture":"#0"},"south":{"uv":[15,0,15.999,1],"rotation":90,"texture":"#0"},"west":{"uv":[15,0,15.999,1],"rotation":90,"texture":"#0"},"up":{"uv":[15,0,15.999,1],"rotation":90,"texture":"#0"},"down":{"uv":[15,0,15.999,1],"rotation":90,"texture":"#0"}}},{"from":[0,0.1,2.5],"to":[1,1.7,13.5],"rotation":{"angle":0,"axis":"y","origin":[8,6.5,8]},"faces":{"north":{"uv":[15,0,15.999,1],"rotation":180,"texture":"#0"},"east":{"uv":[15,0,15.999,1],"rotation":180,"texture":"#0"},"south":{"uv":[15,0,15.999,1],"rotation":180,"texture":"#0"},"west":{"uv":[15,0,15.999,1],"rotation":180,"texture":"#0"},"up":{"uv":[15,0,15.999,1],"rotation":180,"texture":"#0"},"down":{"uv":[15,0,15.999,1],"rotation":180,"texture":"#0"}}},{"from":[1,3.5,3.5],"to":[2,5.5,12.5],"rotation":{"angle":0,"axis":"y","origin":[8,6.5,8]},"faces":{"north":{"uv":[15,0,15.999,1],"rotation":180,"texture":"#0"},"east":{"uv":[15,0,15.999,1],"rotation":180,"texture":"#0"},"south":{"uv":[15,0,15.999,1],"rotation":180,"texture":"#0"},"west":{"uv":[15,0,15.999,1],"rotation":180,"texture":"#0"},"up":{"uv":[15,0,15.999,1],"rotation":180,"texture":"#0"},"down":{"uv":[15,0,15.999,1],"rotation":180,"texture":"#0"}}},{"from":[1,10.7,3.5],"to":[2,12.1,12.5],"rotation":{"angle":0,"axis":"y","origin":[8,6.5,8]},"faces":{"north":{"uv":[15,0,15.999,1],"rotation":180,"texture":"#0"},"east":{"uv":[15,0,15.999,1],"rotation":180,"texture":"#0"},"south":{"uv":[15,0,15.999,1],"rotation":180,"texture":"#0"},"west":{"uv":[15,0,15.999,1],"rotation":180,"texture":"#0"},"up":{"uv":[15,0,15.999,1],"rotation":180,"texture":"#0"},"down":{"uv":[15,0,15.999,1],"rotation":180,"texture":"#0"}}},{"from":[0.5,1.7,3],"to":[1.5,3.5,13],"rotation":{"angle":0,"axis":"y","origin":[8,6.5,8]},"faces":{"north":{"uv":[15,0,15.999,1],"rotation":180,"texture":"#0"},"east":{"uv":[15,0,15.999,1],"rotation":180,"texture":"#0"},"south":{"uv":[15,0,15.999,1],"rotation":180,"texture":"#0"},"west":{"uv":[15,0,15.999,1],"rotation":180,"texture":"#0"},"up":{"uv":[15,0,15.999,1],"rotation":180,"texture":"#0"},"down":{"uv":[15,0,15.999,1],"rotation":180,"texture":"#0"}}},{"from":[1.5,5.5,4],"to":[2.5,7.9,12],"rotation":{"angle":0,"axis":"y","origin":[8,6.5,8]},"faces":{"north":{"uv":[15,0,15.999,1],"rotation":180,"texture":"#0"},"east":{"uv":[15,0,15.999,1],"rotation":180,"texture":"#0"},"south":{"uv":[15,0,15.999,1],"rotation":180,"texture":"#0"},"west":{"uv":[15,0,15.999,1],"rotation":180,"texture":"#0"},"up":{"uv":[15,0,15.999,1],"rotation":180,"texture":"#0"},"down":{"uv":[15,0,15.999,1],"rotation":180,"texture":"#0"}}},{"from":[1.5,9.1,4],"to":[2.5,10.7,12],"rotation":{"angle":0,"axis":"y","origin":[8,6.5,8]},"faces":{"north":{"uv":[15,0,15.999,1],"rotation":180,"texture":"#0"},"east":{"uv":[15,0,15.999,1],"rotation":180,"texture":"#0"},"south":{"uv":[15,0,15.999,1],"rotation":180,"texture":"#0"},"west":{"uv":[15,0,15.999,1],"rotation":180,"texture":"#0"},"up":{"uv":[15,0,15.999,1],"rotation":180,"texture":"#0"},"down":{"uv":[15,0,15.999,1],"rotation":180,"texture":"#0"}}},{"from":[1.75,7.9,4.25],"to":[2.75,9.1,11.75],"rotation":{"angle":0,"axis":"y","origin":[8,6.5,8]},"faces":{"north":{"uv":[15,0,15.999,1],"rotation":180,"texture":"#0"},"east":{"uv":[15,0,15.999,1],"rotation":180,"texture":"#0"},"south":{"uv":[15,0,15.999,1],"rotation":180,"texture":"#0"},"west":{"uv":[15,0,15.999,1],"rotation":180,"texture":"#0"},"up":{"uv":[15,0,15.999,1],"rotation":180,"texture":"#0"},"down":{"uv":[15,0,15.999,1],"rotation":180,"texture":"#0"}}},{"from":[2.5,0.1,0],"to":[13.5,1.7,1],"rotation":{"angle":0,"axis":"y","origin":[8,6.5,8]},"faces":{"north":{"uv":[15,0,15.999,1],"rotation":270,"texture":"#0"},"east":{"uv":[15,0,15.999,1],"rotation":270,"texture":"#0"},"south":{"uv":[15,0,15.999,1],"rotation":270,"texture":"#0"},"west":{"uv":[15,0,15.999,1],"rotation":270,"texture":"#0"},"up":{"uv":[15,0,15.999,1],"rotation":270,"texture":"#0"},"down":{"uv":[15,0,15.999,1],"rotation":270,"texture":"#0"}}},{"from":[3.5,3.5,1],"to":[12.5,5.5,2],"rotation":{"angle":0,"axis":"y","origin":[8,6.5,8]},"faces":{"north":{"uv":[15,0,15.999,1],"rotation":270,"texture":"#0"},"east":{"uv":[15,0,15.999,1],"rotation":270,"texture":"#0"},"south":{"uv":[15,0,15.999,1],"rotation":270,"texture":"#0"},"west":{"uv":[15,0,15.999,1],"rotation":270,"texture":"#0"},"up":{"uv":[15,0,15.999,1],"rotation":270,"texture":"#0"},"down":{"uv":[15,0,15.999,1],"rotation":270,"texture":"#0"}}},{"from":[3.5,10.7,1],"to":[12.5,12.1,2],"rotation":{"angle":0,"axis":"y","origin":[8,6.5,8]},"faces":{"north":{"uv":[15,0,15.999,1],"rotation":270,"texture":"#0"},"east":{"uv":[15,0,15.999,1],"rotation":270,"texture":"#0"},"south":{"uv":[15,0,15.999,1],"rotation":270,"texture":"#0"},"west":{"uv":[15,0,15.999,1],"rotation":270,"texture":"#0"},"up":{"uv":[15,0,15.999,1],"rotation":270,"texture":"#0"},"down":{"uv":[15,0,15.999,1],"rotation":270,"texture":"#0"}}},{"from":[3,1.7,0.5],"to":[13,3.5,1.5],"rotation":{"angle":0,"axis":"y","origin":[8,6.5,8]},"faces":{"north":{"uv":[15,0,15.999,1],"rotation":270,"texture":"#0"},"east":{"uv":[15,0,15.999,1],"rotation":270,"texture":"#0"},"south":{"uv":[15,0,15.999,1],"rotation":270,"texture":"#0"},"west":{"uv":[15,0,15.999,1],"rotation":270,"texture":"#0"},"up":{"uv":[15,0,15.999,1],"rotation":270,"texture":"#0"},"down":{"uv":[15,0,15.999,1],"rotation":270,"texture":"#0"}}},{"from":[4,5.5,1.5],"to":[12,7.9,2.5],"rotation":{"angle":0,"axis":"y","origin":[8,6.5,8]},"faces":{"north":{"uv":[15,0,15.999,1],"rotation":270,"texture":"#0"},"east":{"uv":[15,0,15.999,1],"rotation":270,"texture":"#0"},"south":{"uv":[15,0,15.999,1],"rotation":270,"texture":"#0"},"west":{"uv":[15,0,15.999,1],"rotation":270,"texture":"#0"},"up":{"uv":[15,0,15.999,1],"rotation":270,"texture":"#0"},"down":{"uv":[15,0,15.999,1],"rotation":270,"texture":"#0"}}},{"from":[4,9.1,1.5],"to":[12,10.7,2.5],"rotation":{"angle":0,"axis":"y","origin":[8,6.5,8]},"faces":{"north":{"uv":[15,0,15.999,1],"rotation":270,"texture":"#0"},"east":{"uv":[15,0,15.999,1],"rotation":270,"texture":"#0"},"south":{"uv":[15,0,15.999,1],"rotation":270,"texture":"#0"},"west":{"uv":[15,0,15.999,1],"rotation":270,"texture":"#0"},"up":{"uv":[15,0,15.999,1],"rotation":270,"texture":"#0"},"down":{"uv":[15,0,15.999,1],"rotation":270,"texture":"#0"}}},{"from":[4.25,7.9,1.75],"to":[11.75,9.1,2.75],"rotation":{"angle":0,"axis":"y","origin":[8,6.5,8]},"faces":{"north":{"uv":[15,0,15.999,1],"rotation":270,"texture":"#0"},"east":{"uv":[15,0,15.999,1],"rotation":270,"texture":"#0"},"south":{"uv":[15,0,15.999,1],"rotation":270,"texture":"#0"},"west":{"uv":[15,0,15.999,1],"rotation":270,"texture":"#0"},"up":{"uv":[15,0,15.999,1],"rotation":270,"texture":"#0"},"down":{"uv":[15,0,15.999,1],"rotation":270,"texture":"#0"}}},{"from":[15,0.1,2.5],"to":[16,1.7,13.5],"rotation":{"angle":0,"axis":"y","origin":[8,6.5,8]},"faces":{"north":{"uv":[15,0,15.999,1],"texture":"#0"},"east":{"uv":[15,0,15.999,1],"texture":"#0"},"south":{"uv":[15,0,15.999,1],"texture":"#0"},"west":{"uv":[15,0,15.999,1],"texture":"#0"},"up":{"uv":[15,0,15.999,1],"texture":"#0"},"down":{"uv":[15,0,15.999,1],"texture":"#0"}}},{"from":[14,3.5,3.5],"to":[15,5.5,12.5],"rotation":{"angle":0,"axis":"y","origin":[8,6.5,8]},"faces":{"north":{"uv":[15,0,15.999,1],"texture":"#0"},"east":{"uv":[15,0,15.999,1],"texture":"#0"},"south":{"uv":[15,0,15.999,1],"texture":"#0"},"west":{"uv":[15,0,15.999,1],"texture":"#0"},"up":{"uv":[15,0,15.999,1],"texture":"#0"},"down":{"uv":[15,0,15.999,1],"texture":"#0"}}},{"from":[14,10.7,3.5],"to":[15,12.1,12.5],"rotation":{"angle":0,"axis":"y","origin":[8,6.5,8]},"faces":{"north":{"uv":[15,0,15.999,1],"texture":"#0"},"east":{"uv":[15,0,15.999,1],"texture":"#0"},"south":{"uv":[15,0,15.999,1],"texture":"#0"},"west":{"uv":[15,0,15.999,1],"texture":"#0"},"up":{"uv":[15,0,15.999,1],"texture":"#0"},"down":{"uv":[15,0,15.999,1],"texture":"#0"}}},{"from":[14.5,1.7,3],"to":[15.5,3.5,13],"rotation":{"angle":0,"axis":"y","origin":[8,6.5,8]},"faces":{"north":{"uv":[15,0,15.999,1],"texture":"#0"},"east":{"uv":[15,0,15.999,1],"texture":"#0"},"south":{"uv":[15,0,15.999,1],"texture":"#0"},"west":{"uv":[15,0,15.999,1],"texture":"#0"},"up":{"uv":[15,0,15.999,1],"texture":"#0"},"down":{"uv":[15,0,15.999,1],"texture":"#0"}}},{"from":[13.5,5.5,4],"to":[14.5,7.9,12],"rotation":{"angle":0,"axis":"y","origin":[8,6.5,8]},"faces":{"north":{"uv":[15,0,15.999,1],"texture":"#0"},"east":{"uv":[15,0,15.999,1],"texture":"#0"},"south":{"uv":[15,0,15.999,1],"texture":"#0"},"west":{"uv":[15,0,15.999,1],"texture":"#0"},"up":{"uv":[15,0,15.999,1],"texture":"#0"},"down":{"uv":[15,0,15.999,1],"texture":"#0"}}},{"from":[13.5,9.1,4],"to":[14.5,10.7,12],"rotation":{"angle":0,"axis":"y","origin":[8,6.5,8]},"faces":{"north":{"uv":[15,0,15.999,1],"texture":"#0"},"east":{"uv":[15,0,15.999,1],"texture":"#0"},"south":{"uv":[15,0,15.999,1],"texture":"#0"},"west":{"uv":[15,0,15.999,1],"texture":"#0"},"up":{"uv":[15,0,15.999,1],"texture":"#0"},"down":{"uv":[15,0,15.999,1],"texture":"#0"}}},{"from":[13.25,7.9,4.25],"to":[14.25,9.1,11.75],"rotation":{"angle":0,"axis":"y","origin":[8,6.5,8]},"faces":{"north":{"uv":[15,0,15.999,1],"texture":"#0"},"east":{"uv":[15,0,15.999,1],"texture":"#0"},"south":{"uv":[15,0,15.999,1],"texture":"#0"},"west":{"uv":[15,0,15.999,1],"texture":"#0"},"up":{"uv":[15,0,15.999,1],"texture":"#0"},"down":{"uv":[15,0,15.999,1],"texture":"#0"}}},{"name":"1","from":[3.8,16,8],"to":[12.2,24.4,8],"rotation":{"angle":0,"axis":"y","origin":[8,7.6,8]},"faces":{"north":{"uv":[0,4,1.998,5.998],"texture":"#0"},"east":{"uv":[0,14,1.999,15.998],"texture":"#0"},"south":{"uv":[2,4,0,6],"texture":"#0"},"west":{"uv":[0,14,1.999,15.998],"texture":"#0"},"up":{"uv":[0,14,1.999,15.998],"texture":"#0"},"down":{"uv":[0,14,1.999,15.998],"texture":"#0"}}},{"name":"2","from":[3.8,18.4,8],"to":[12.2,26.8,8],"rotation":{"angle":0,"axis":"y","origin":[8,10,8]},"faces":{"north":{"uv":[4,4,5.998,5.998],"texture":"#0"},"east":{"uv":[0,14,1.999,15.998],"texture":"#0"},"south":{"uv":[6,4,4,6],"texture":"#0"},"west":{"uv":[0,14,1.999,15.998],"texture":"#0"},"up":{"uv":[0,14,1.999,15.998],"texture":"#0"},"down":{"uv":[0,14,1.999,15.998],"texture":"#0"}}},{"name":"3","from":[3.8,20.8,8],"to":[12.2,29.2,8],"rotation":{"angle":0,"axis":"y","origin":[8,10,8]},"faces":{"north":{"uv":[8,4,10,6],"texture":"#0"},"east":{"uv":[0,14,1.999,15.998],"texture":"#0"},"south":{"uv":[10,4,8,6],"texture":"#0"},"west":{"uv":[0,14,1.999,15.998],"texture":"#0"},"up":{"uv":[0,14,1.999,15.998],"texture":"#0"},"down":{"uv":[0,14,1.999,15.998],"texture":"#0"}}},{"name":"4","from":[3.8,23.2,8],"to":[12.2,31.6,8],"rotation":{"angle":0,"axis":"y","origin":[8,10,8]},"faces":{"north":{"uv":[12,4,14,6],"texture":"#0"},"east":{"uv":[0,14,1.999,15.998],"texture":"#0"},"south":{"uv":[14,4,12,6],"texture":"#0"},"west":{"uv":[0,14,1.999,15.998],"texture":"#0"},"up":{"uv":[0,14,1.999,15.998],"texture":"#0"},"down":{"uv":[0,14,1.999,15.998],"texture":"#0"}}},{"from":[3,7.625,3],"to":[13,7.875,13],"rotation":{"angle":0,"axis":"y","origin":[11,13.375,11]},"faces":{"up":{"uv":[0,0,16,16],"texture":"#1"}}},{"from":[3,7.125,3],"to":[13,7.375,13],"rotation":{"angle":0,"axis":"y","origin":[11,12.875,11]},"faces":{"up":{"uv":[0,0,16,16],"texture":"#3"}}},{"from":[2,0,2],"to":[14,2,14],"faces":{"north":{"uv":[0,0,1,1],"rotation":180,"texture":"#2"},"east":{"uv":[0,0,1,1],"rotation":180,"texture":"#2"},"south":{"uv":[0,0,1,1],"rotation":180,"texture":"#2"},"west":{"uv":[0,0,1,1],"rotation":180,"texture":"#2"},"up":{"uv":[0,0,1,1],"rotation":180,"texture":"#2"},"down":{"uv":[0,0,1,1],"rotation":180,"texture":"#2"}}}],"display":{"thirdperson_righthand":{"translation":[0,1.75,-3.25],"scale":[0.5,0.5,0.5]},"thirdperson_lefthand":{"translation":[0,1.75,-3.25],"scale":[0.5,0.5,0.5]},"firstperson_righthand":{"rotation":[0,22.5,0],"translation":[-2,1.75,0],"scale":[0.6,0.6,0.6]},"firstperson_lefthand":{"rotation":[0,22.5,0],"translation":[-2,1.75,0],"scale":[0.6,0.6,0.6]},"ground":{"translation":[0,2,0],"scale":[0.8,0.8,0.8]},"gui":{"rotation":[22.5,-22.5,0],"translation":[0,-1.5,0],"scale":[0.5,0.5,0.5]},"head":{"translation":[0,12,0],"scale":[0.7,0.7,0.7]},"fixed":{"translation":[0,0,-6.5]}},"groups":[{"name":"1","origin":[8,8,8],"children":[{"name":"group","origin":[8,8,8],"children":[{"name":"group","origin":[8,8,9.5],"children":[0,1,2,3,4,5,6]},{"name":"group","origin":[8,8,9.5],"children":[7,8,9,10,11,12,13]},{"name":"group","origin":[8,8,9.5],"children":[14,15,16,17,18,19,20]},{"name":"group","origin":[8,8,9.5],"children":[21,22,23,24,25,26,27]}]},{"name":"group","origin":[8,8,8],"children":[{"name":"group","origin":[8,8,9.5],"children":[28,29,30,31,32,33,34]},{"name":"group","origin":[8,8,9.5],"children":[35,36,37,38,39,40,41]},{"name":"group","origin":[8,8,9.5],"children":[42,43,44,45,46,47,48]},{"name":"group","origin":[8,8,9.5],"children":[49,50,51,52,53,54,55]}]}]},{"name":"2","origin":[8,8,8],"children":[{"name":"group","origin":[8,8,8],"children":[{"name":"group","origin":[8,8,9.5],"children":[56,57,58,59,60,61,62]},{"name":"group","origin":[8,8,9.5],"children":[63,64,65,66,67,68,69]},{"name":"group","origin":[8,8,9.5],"children":[70,71,72,73,74,75,76]},{"name":"group","origin":[8,8,9.5],"children":[77,78,79,80,81,82,83]}]},{"name":"group","origin":[8,8,8],"children":[{"name":"group","origin":[8,8,9.5],"children":[84,85,86,87,88,89,90]},{"name":"group","origin":[8,8,9.5],"children":[91,92,93,94,95,96,97]},{"name":"group","origin":[8,8,9.5],"children":[98,99,100,101,102,103,104]},{"name":"group","origin":[8,8,9.5],"children":[105,106,107,108,109,110,111]}]}]},{"name":"3","origin":[8,8,8],"children":[{"name":"group","origin":[8,8,8],"children":[{"name":"group","origin":[8,8,9.5],"children":[112,113,114,115,116,117,118]},{"name":"group","origin":[8,8,9.5],"children":[119,120,121,122,123,124,125]},{"name":"group","origin":[8,8,9.5],"children":[126,127,128,129,130,131,132]},{"name":"group","origin":[8,8,9.5],"children":[133,134,135,136,137,138,139]}]},{"name":"group","origin":[8,8,8],"children":[{"name":"group","origin":[8,8,9.5],"children":[140,141,142,143,144,145,146]},{"name":"group","origin":[8,8,9.5],"children":[147,148,149,150,151,152,153]},{"name":"group","origin":[8,8,9.5],"children":[154,155,156,157,158,159,160]},{"name":"group","origin":[8,8,9.5],"children":[161,162,163,164,165,166,167]}]}]},{"name":"group","origin":[8,10,8],"children":[168,169,170,171]},172,173,174],"credit":"Model by Craftventure"}