{"textures":{"0":"block/cardboardbox","1":"block/creeper_gezicht","2":"block/cardboardbox","3":"block/cardboardbox"},"elements":[{"name":"Cube","from":[0.0,1.0,0.0],"to":[16.0,19.0,1.0],"faces":{"north":{"texture":"#0","uv":[5.0,0.0,11.0,14.0]},"east":{"texture":"#0","uv":[7.0,0.0,8.0,15.0]},"south":{"texture":"#0","uv":[5.0,0.0,11.0,15.0]},"west":{"texture":"#0","uv":[6.0,0.0,10.0,15.0]},"up":{"texture":"#0","uv":[6.0,1.0,10.0,10.0]},"down":{"texture":"#0","uv":[7.0,4.0,11.0,9.0]}}},{"name":"Cube","from":[0.0,1.9999999850988388,15.0],"to":[16.0,17.999999985098839,16.0],"faces":{"north":{"texture":"#0","uv":[6.0,2.0,10.0,10.499999992549419]},"east":{"texture":"#0","uv":[8.0,4.0,9.0,9.49999999254942]},"south":{"texture":"#1","uv":[3.0,3.0,13.0,12.499999992549419]},"west":{"texture":"#0","uv":[7.0,2.0,8.0,7.4999999925494194]},"up":{"texture":"#0","uv":[6.0,3.0,10.0,7.0]},"down":{"texture":"#0","uv":[5.0,3.0,11.0,10.0]}}},{"name":"Cube","from":[0.0,18.0,1.0],"to":[16.0,19.0,16.0],"faces":{"north":{"texture":"#0","uv":[5.0,0.0,11.0,14.0]},"east":{"texture":"#0","uv":[7.0,0.0,8.0,15.0]},"south":{"texture":"#0","uv":[5.0,0.0,11.0,15.0]},"west":{"texture":"#0","uv":[6.0,0.0,10.0,15.0]},"up":{"texture":"#0","uv":[6.0,1.0,10.0,10.0]},"down":{"texture":"#0","uv":[7.0,4.0,11.0,9.0]}}},{"name":"Cube","from":[15.0,1.0,1.0],"to":[16.0,18.0,15.0],"faces":{"north":{"texture":"#0","uv":[5.0,0.0,11.0,14.0]},"east":{"texture":"#0","uv":[7.0,0.0,8.0,15.0]},"south":{"texture":"#0","uv":[5.0,0.0,11.0,15.0]},"west":{"texture":"#0","uv":[6.0,0.0,10.0,15.0]},"up":{"texture":"#0","uv":[6.0,1.0,10.0,10.0]},"down":{"texture":"#0","uv":[7.0,4.0,11.0,9.0]}}},{"name":"Cube","from":[0.0,1.0,1.0],"to":[1.0,18.0,15.0],"faces":{"north":{"texture":"#0","uv":[5.0,0.0,11.0,14.0]},"east":{"texture":"#0","uv":[7.0,0.0,8.0,15.0]},"south":{"texture":"#0","uv":[5.0,0.0,11.0,15.0]},"west":{"texture":"#0","uv":[6.0,0.0,10.0,15.0]},"up":{"texture":"#0","uv":[6.0,1.0,10.0,10.0]},"down":{"texture":"#0","uv":[7.0,4.0,11.0,9.0]}}},{"name":"Cube","from":[0.0,-2.4999999925494194,6.6000000089406967],"to":[1.0,-0.4999999925494194,8.6000000089406967],"rotation":{"origin":[8.0,8.0,8.0],"axis":"x","angle":-45.0},"faces":{"north":{"texture":"#2","uv":[7.0,4.0,8.0,5.0]},"east":{"texture":"#2","uv":[8.0,6.0,9.0,7.0]},"south":{"texture":"#2","uv":[7.0,5.0,8.0,6.0]},"west":{"texture":"#2","uv":[8.0,4.0,9.0,5.0]},"up":{"texture":"#2","uv":[8.0,5.0,9.0,6.0]},"down":{"texture":"#2","uv":[7.0,4.0,8.0,5.0]}}},{"name":"Cube","from":[15.0,-2.5000000074505806,6.7000000104308128],"to":[16.0,-0.5000000074505806,8.7000000104308128],"rotation":{"origin":[8.0,8.0,8.0],"axis":"x","angle":-45.0},"faces":{"north":{"texture":"#2","uv":[7.0,4.0,8.0,5.0]},"east":{"texture":"#2","uv":[8.0,6.0,9.0,7.0]},"south":{"texture":"#2","uv":[7.0,5.0,8.0,6.0]},"west":{"texture":"#2","uv":[8.0,4.0,9.0,5.0]},"up":{"texture":"#2","uv":[8.0,5.0,9.0,6.0]},"down":{"texture":"#2","uv":[7.0,4.0,8.0,5.0]}}},{"name":"Cube","from":[0.0,0.99999998509883881,15.0],"to":[16.0,1.9999999850988388,16.0],"faces":{"north":{"texture":"#0","uv":[6.0,2.0,10.0,10.499999992549419]},"east":{"texture":"#0","uv":[8.0,4.0,9.0,9.49999999254942]},"south":{"texture":"#0","uv":[5.0,3.0,12.0,12.499999992549419]},"west":{"texture":"#0","uv":[7.0,2.0,8.0,7.4999999925494194]},"up":{"texture":"#0","uv":[6.0,3.0,10.0,7.0]},"down":{"texture":"#0","uv":[5.0,3.0,11.0,10.0]}}},{"name":"Cube","from":[-2.1000000163912773,6.700000025331974,14.999999985098839],"to":[-0.50000002235174179,8.30000001937151,15.999999985098839],"rotation":{"origin":[8.0,8.0,8.0],"axis":"z","angle":45.0},"faces":{"north":{"texture":"#3","uv":[7.0,4.0,8.0,5.0]},"east":{"texture":"#3","uv":[8.0,6.0,9.0,7.0]},"south":{"texture":"#3","uv":[7.0,5.0,8.0,6.0]},"west":{"texture":"#3","uv":[8.0,4.0,9.0,5.0]},"up":{"texture":"#3","uv":[8.0,5.0,9.0,6.0]},"down":{"texture":"#3","uv":[7.0,4.0,8.0,5.0]}}},{"name":"Cube","from":[-0.50000002235174179,4.6000000238418579,14.999999985098839],"to":[1.4999999776482582,6.6000000238418579,15.999999985098839],"rotation":{"origin":[8.0,8.0,8.0],"axis":"z","angle":45.0},"faces":{"north":{"texture":"#3","uv":[7.0,4.0,8.0,5.0]},"east":{"texture":"#3","uv":[8.0,6.0,9.0,7.0]},"south":{"texture":"#3","uv":[7.0,5.0,8.0,6.0]},"west":{"texture":"#3","uv":[8.0,4.0,9.0,5.0]},"up":{"texture":"#3","uv":[8.0,5.0,9.0,6.0]},"down":{"texture":"#3","uv":[7.0,4.0,8.0,5.0]}}},{"name":"Cube","from":[1.6999999806284905,3.1000000312924385,14.999999985098839],"to":[3.19999997317791,4.6000000238418579,15.999999985098839],"rotation":{"origin":[8.0,8.0,8.0],"axis":"z","angle":45.0},"faces":{"north":{"texture":"#3","uv":[7.0,4.0,8.0,5.0]},"east":{"texture":"#3","uv":[8.0,6.0,9.0,7.0]},"south":{"texture":"#3","uv":[7.0,5.0,8.0,6.0]},"west":{"texture":"#3","uv":[8.0,4.0,9.0,5.0]},"up":{"texture":"#3","uv":[8.0,5.0,9.0,6.0]},"down":{"texture":"#3","uv":[7.0,4.0,8.0,5.0]}}},{"name":"Cube","from":[3.4999999776482582,0.60000002384185791,14.999999985098839],"to":[5.4999999776482582,2.6000000238418579,15.999999985098839],"rotation":{"origin":[8.0,8.0,8.0],"axis":"z","angle":45.0},"faces":{"north":{"texture":"#3","uv":[7.0,4.0,8.0,5.0]},"east":{"texture":"#3","uv":[8.0,6.0,9.0,7.0]},"south":{"texture":"#3","uv":[7.0,5.0,8.0,6.0]},"west":{"texture":"#3","uv":[8.0,4.0,9.0,5.0]},"up":{"texture":"#3","uv":[8.0,5.0,9.0,6.0]},"down":{"texture":"#3","uv":[7.0,4.0,8.0,5.0]}}},{"name":"Cube","from":[5.4999999776482582,-1.3999999761581421,14.999999985098839],"to":[7.4999999776482582,0.60000002384185791,15.999999985098839],"rotation":{"origin":[8.0,8.0,8.0],"axis":"z","angle":45.0},"faces":{"north":{"texture":"#3","uv":[7.0,4.0,8.0,5.0]},"east":{"texture":"#3","uv":[8.0,6.0,9.0,7.0]},"south":{"texture":"#3","uv":[7.0,5.0,8.0,6.0]},"west":{"texture":"#3","uv":[8.0,4.0,9.0,5.0]},"up":{"texture":"#3","uv":[8.0,5.0,9.0,6.0]},"down":{"texture":"#3","uv":[7.0,4.0,8.0,5.0]}}},{"name":"Cube","from":[7.5999999642372131,-2.2999999597668648,14.999999985098839],"to":[8.5999999642372131,-1.2999999597668648,15.999999985098839],"rotation":{"origin":[8.0,8.0,8.0],"axis":"z","angle":45.0},"faces":{"north":{"texture":"#3","uv":[7.0,4.0,8.0,5.0]},"east":{"texture":"#3","uv":[8.0,6.0,9.0,7.0]},"south":{"texture":"#3","uv":[7.0,5.0,8.0,6.0]},"west":{"texture":"#3","uv":[8.0,4.0,9.0,5.0]},"up":{"texture":"#3","uv":[8.0,5.0,9.0,6.0]},"down":{"texture":"#3","uv":[7.0,4.0,8.0,5.0]}}},{"name":"Cube","from":[0.0,-0.19999998807907105,5.0000000149011612],"to":[1.0,1.3000000044703484,6.5000000074505806],"rotation":{"origin":[8.0,8.0,8.0],"axis":"x","angle":-45.0},"faces":{"north":{"texture":"#2","uv":[7.0,4.0,8.0,5.0]},"east":{"texture":"#2","uv":[8.0,6.0,9.0,7.0]},"south":{"texture":"#2","uv":[7.0,5.0,8.0,6.0]},"west":{"texture":"#2","uv":[8.0,4.0,9.0,5.0]},"up":{"texture":"#2","uv":[8.0,5.0,9.0,6.0]},"down":{"texture":"#2","uv":[7.0,4.0,8.0,5.0]}}},{"name":"Cube","from":[0.0,1.1000000163912773,3.2000000178813934],"to":[1.0,2.9000000134110451,5.0000000149011612],"rotation":{"origin":[8.0,8.0,8.0],"axis":"x","angle":-45.0},"faces":{"north":{"texture":"#2","uv":[7.0,4.0,8.0,5.0]},"east":{"texture":"#2","uv":[8.0,6.0,9.0,7.0]},"south":{"texture":"#2","uv":[7.0,5.0,8.0,6.0]},"west":{"texture":"#2","uv":[8.0,4.0,9.0,5.0]},"up":{"texture":"#2","uv":[8.0,5.0,9.0,6.0]},"down":{"texture":"#2","uv":[7.0,4.0,8.0,5.0]}}},{"name":"Cube","from":[0.0,3.1000000163912773,2.3000000342726707],"to":[1.0,4.3000000044703484,3.3000000193715096],"rotation":{"origin":[8.0,8.0,8.0],"axis":"x","angle":-45.0},"faces":{"north":{"texture":"#2","uv":[7.0,4.0,8.0,5.0]},"east":{"texture":"#2","uv":[8.0,6.0,9.0,7.0]},"south":{"texture":"#2","uv":[7.0,5.0,8.0,6.0]},"west":{"texture":"#2","uv":[8.0,4.0,9.0,5.0]},"up":{"texture":"#2","uv":[8.0,5.0,9.0,6.0]},"down":{"texture":"#2","uv":[7.0,4.0,8.0,5.0]}}},{"name":"Cube","from":[0.0,4.1000000163912773,0.20000001788139343],"to":[1.0,5.9000000134110451,2.0000000149011612],"rotation":{"origin":[8.0,8.0,8.0],"axis":"x","angle":-45.0},"faces":{"north":{"texture":"#2","uv":[7.0,4.0,8.0,5.0]},"east":{"texture":"#2","uv":[8.0,6.0,9.0,7.0]},"south":{"texture":"#2","uv":[7.0,5.0,8.0,6.0]},"west":{"texture":"#2","uv":[8.0,4.0,9.0,5.0]},"up":{"texture":"#2","uv":[8.0,5.0,9.0,6.0]},"down":{"texture":"#2","uv":[7.0,4.0,8.0,5.0]}}},{"name":"Cube","from":[0.0,6.5000000223517418,-2.3999999910593033],"to":[1.0,8.5000000223517418,-0.39999999105930328],"rotation":{"origin":[8.0,8.0,8.0],"axis":"x","angle":-45.0},"faces":{"north":{"texture":"#2","uv":[7.0,4.0,8.0,5.0]},"east":{"texture":"#2","uv":[8.0,6.0,9.0,7.0]},"south":{"texture":"#2","uv":[7.0,5.0,8.0,6.0]},"west":{"texture":"#2","uv":[8.0,4.0,9.0,5.0]},"up":{"texture":"#2","uv":[8.0,5.0,9.0,6.0]},"down":{"texture":"#2","uv":[7.0,4.0,8.0,5.0]}}},{"name":"Cube","from":[5.4999999925494194,-0.39999999105930328,-1.4901161193847656E-08],"to":[6.4999999776482582,0.89999999850988388,0.99999998509883881],"rotation":{"origin":[8.0,8.0,8.0],"axis":"z","angle":45.0},"faces":{"north":{"texture":"#2","uv":[7.0,4.0,8.0,5.0]},"east":{"texture":"#2","uv":[8.0,6.0,9.0,7.0]},"south":{"texture":"#2","uv":[7.0,5.0,8.0,6.0]},"west":{"texture":"#2","uv":[8.0,4.0,9.0,5.0]},"up":{"texture":"#2","uv":[8.0,5.0,9.0,6.0]},"down":{"texture":"#2","uv":[7.0,4.0,8.0,5.0]}}},{"name":"Cube","from":[3.7999999970197678,0.70000001043081284,-1.4901161193847656E-08],"to":[5.4999999925494194,2.4000000059604645,0.99999998509883881],"rotation":{"origin":[8.0,8.0,8.0],"axis":"z","angle":45.0},"faces":{"north":{"texture":"#2","uv":[7.0,4.0,8.0,5.0]},"east":{"texture":"#2","uv":[8.0,6.0,9.0,7.0]},"south":{"texture":"#2","uv":[7.0,5.0,8.0,6.0]},"west":{"texture":"#2","uv":[8.0,4.0,9.0,5.0]},"up":{"texture":"#2","uv":[8.0,5.0,9.0,6.0]},"down":{"texture":"#2","uv":[7.0,4.0,8.0,5.0]}}},{"name":"Cube","from":[1.7999999970197678,2.1000000312924385,-1.4901161193847656E-08],"to":[4.2000000029802322,4.4000000357627869,0.99999998509883881],"rotation":{"origin":[8.0,8.0,8.0],"axis":"z","angle":45.0},"faces":{"north":{"texture":"#2","uv":[7.0,4.0,8.0,5.0]},"east":{"texture":"#2","uv":[8.0,6.0,9.0,7.0]},"south":{"texture":"#2","uv":[7.0,5.0,8.0,6.0]},"west":{"texture":"#2","uv":[8.0,4.0,9.0,5.0]},"up":{"texture":"#2","uv":[8.0,5.0,9.0,6.0]},"down":{"texture":"#2","uv":[7.0,4.0,8.0,5.0]}}},{"name":"Cube","from":[0.20000000298023224,4.500000037252903,-1.4901161193847656E-08],"to":[1.8999999985098839,6.1000000312924385,0.99999998509883881],"rotation":{"origin":[8.0,8.0,8.0],"axis":"z","angle":45.0},"faces":{"north":{"texture":"#2","uv":[7.0,4.0,8.0,5.0]},"east":{"texture":"#2","uv":[8.0,6.0,9.0,7.0]},"south":{"texture":"#2","uv":[7.0,5.0,8.0,6.0]},"west":{"texture":"#2","uv":[8.0,4.0,9.0,5.0]},"up":{"texture":"#2","uv":[8.0,5.0,9.0,6.0]},"down":{"texture":"#2","uv":[7.0,4.0,8.0,5.0]}}},{"name":"Cube","from":[-2.4000000059604645,6.2000000327825546,-1.4901161193847656E-08],"to":[0.10000000149011612,8.500000037252903,0.99999998509883881],"rotation":{"origin":[8.0,8.0,8.0],"axis":"z","angle":45.0},"faces":{"north":{"texture":"#2","uv":[7.0,4.0,8.0,5.0]},"east":{"texture":"#2","uv":[8.0,6.0,9.0,7.0]},"south":{"texture":"#2","uv":[7.0,5.0,8.0,6.0]},"west":{"texture":"#2","uv":[8.0,4.0,9.0,5.0]},"up":{"texture":"#2","uv":[8.0,5.0,9.0,6.0]},"down":{"texture":"#2","uv":[7.0,4.0,8.0,5.0]}}},{"name":"Cube","from":[6.5000000074505806,-2.2999999597668648,-1.4901161193847656E-08],"to":[8.9000000134110451,4.4703483581542969E-08,0.99999998509883881],"rotation":{"origin":[8.0,8.0,8.0],"axis":"z","angle":45.0},"faces":{"north":{"texture":"#2","uv":[7.0,4.0,8.0,5.0]},"east":{"texture":"#2","uv":[8.0,6.0,9.0,7.0]},"south":{"texture":"#2","uv":[7.0,5.0,8.0,6.0]},"west":{"texture":"#2","uv":[8.0,4.0,9.0,5.0]},"up":{"texture":"#2","uv":[8.0,5.0,9.0,6.0]},"down":{"texture":"#2","uv":[7.0,4.0,8.0,5.0]}}},{"name":"Cube","from":[15.0,-0.30000000447034836,5.3000000342726707],"to":[16.0,0.99999998509883881,6.6000000238418579],"rotation":{"origin":[8.0,8.0,8.0],"axis":"x","angle":-45.0},"faces":{"north":{"texture":"#2","uv":[7.0,4.0,8.0,5.0]},"east":{"texture":"#2","uv":[8.0,6.0,9.0,7.0]},"south":{"texture":"#2","uv":[7.0,5.0,8.0,6.0]},"west":{"texture":"#2","uv":[8.0,4.0,9.0,5.0]},"up":{"texture":"#2","uv":[8.0,5.0,9.0,6.0]},"down":{"texture":"#2","uv":[7.0,4.0,8.0,5.0]}}},{"name":"Cube","from":[15.0,0.4999999925494194,3.3000000342726707],"to":[16.0,2.7999999821186066,5.6000000238418579],"rotation":{"origin":[8.0,8.0,8.0],"axis":"x","angle":-45.0},"faces":{"north":{"texture":"#2","uv":[7.0,4.0,8.0,5.0]},"east":{"texture":"#2","uv":[8.0,6.0,9.0,7.0]},"south":{"texture":"#2","uv":[7.0,5.0,8.0,6.0]},"west":{"texture":"#2","uv":[8.0,4.0,9.0,5.0]},"up":{"texture":"#2","uv":[8.0,5.0,9.0,6.0]},"down":{"texture":"#2","uv":[7.0,4.0,8.0,5.0]}}},{"name":"Cube","from":[15.0,2.8999999836087227,1.6000000536441803],"to":[16.0,4.499999962747097,3.1000000312924385],"rotation":{"origin":[8.0,8.0,8.0],"axis":"x","angle":-45.0},"faces":{"north":{"texture":"#2","uv":[7.0,4.0,8.0,5.0]},"east":{"texture":"#2","uv":[8.0,6.0,9.0,7.0]},"south":{"texture":"#2","uv":[7.0,5.0,8.0,6.0]},"west":{"texture":"#2","uv":[8.0,4.0,9.0,5.0]},"up":{"texture":"#2","uv":[8.0,5.0,9.0,6.0]},"down":{"texture":"#2","uv":[7.0,4.0,8.0,5.0]}}},{"name":"Cube","from":[15.0,4.8999999836087227,-1.3999999463558197],"to":[16.0,7.499999962747097,1.1000000312924385],"rotation":{"origin":[8.0,8.0,8.0],"axis":"x","angle":-45.0},"faces":{"north":{"texture":"#2","uv":[7.0,4.0,8.0,5.0]},"east":{"texture":"#2","uv":[8.0,6.0,9.0,7.0]},"south":{"texture":"#2","uv":[7.0,5.0,8.0,6.0]},"west":{"texture":"#2","uv":[8.0,4.0,9.0,5.0]},"up":{"texture":"#2","uv":[8.0,5.0,9.0,6.0]},"down":{"texture":"#2","uv":[7.0,4.0,8.0,5.0]}}},{"name":"Cube","from":[15.0,7.2999999895691872,-2.3999999463558197],"to":[16.0,8.5999999493360519,-1.0999999865889549],"rotation":{"origin":[8.0,8.0,8.0],"axis":"x","angle":-45.0},"faces":{"north":{"texture":"#2","uv":[7.0,4.0,8.0,5.0]},"east":{"texture":"#2","uv":[8.0,6.0,9.0,7.0]},"south":{"texture":"#2","uv":[7.0,5.0,8.0,6.0]},"west":{"texture":"#2","uv":[8.0,4.0,9.0,5.0]},"up":{"texture":"#2","uv":[8.0,5.0,9.0,6.0]},"down":{"texture":"#2","uv":[7.0,4.0,8.0,5.0]}}}],"display":{"head":{"rotation":[0,180,0],"translation":[0,0,0],"scale":[1.05,1.05,1.05]},"gui":{"rotation":[0,180,0],"translation":[0,0,0],"scale":[0.7,0.7,0.7]}},"credit":"Model by Craftventure"}