{"textures":{"0":"block/gold_block","1":"block/red_concrete","3":"block/blue_concrete","particle":"block/gold_block"},"elements":[{"name":"octagon","from":[5.48008,0.50338,1.91638],"to":[10.51992,2.75339,14.08362],"rotation":{"angle":45,"axis":"y","origin":[8,1.07785,8]},"faces":{"north":{"uv":[0.032,0.032,0.968,0.968],"texture":"#1"},"east":{"uv":[0.032,0.032,0.968,0.968],"texture":"#1"},"south":{"uv":[0.032,0.032,0.968,0.968],"texture":"#1"},"west":{"uv":[0.032,0.032,0.968,0.968],"texture":"#1"},"up":{"uv":[0.032,0.032,0.968,0.968],"texture":"#1"},"down":{"uv":[0.032,0.032,0.968,0.968],"texture":"#1"}}},{"name":"octagon","from":[5.48008,0.50338,1.91638],"to":[10.51992,2.75339,14.08362],"rotation":{"angle":0,"axis":"y","origin":[8,1.07785,8]},"faces":{"north":{"uv":[0.032,0.032,0.968,0.968],"texture":"#1"},"east":{"uv":[0.032,0.032,0.968,0.968],"texture":"#1"},"south":{"uv":[0.032,0.032,0.968,0.968],"texture":"#1"},"west":{"uv":[0.032,0.032,0.968,0.968],"texture":"#1"},"up":{"uv":[0.032,0.032,0.968,0.968],"texture":"#1"},"down":{"uv":[0.032,0.032,0.968,0.968],"texture":"#1"}}},{"name":"octagon","from":[1.91638,0.50338,5.48008],"to":[14.08362,2.75339,10.51992],"rotation":{"angle":45,"axis":"y","origin":[8,1.07785,8]},"faces":{"north":{"uv":[0.032,0.032,0.968,0.968],"texture":"#1"},"east":{"uv":[0.032,0.032,0.968,0.968],"texture":"#1"},"south":{"uv":[0.032,0.032,0.968,0.968],"texture":"#1"},"west":{"uv":[0.032,0.032,0.968,0.968],"texture":"#1"},"up":{"uv":[0.032,0.032,0.968,0.968],"texture":"#1"},"down":{"uv":[0.032,0.032,0.968,0.968],"texture":"#1"}}},{"name":"octagon","from":[1.91638,0.50338,5.48008],"to":[14.08362,2.75339,10.51992],"rotation":{"angle":0,"axis":"y","origin":[8,1.07785,8]},"faces":{"north":{"uv":[0.032,0.032,0.968,0.968],"texture":"#1"},"east":{"uv":[0.032,0.032,0.968,0.968],"texture":"#1"},"south":{"uv":[0.032,0.032,0.968,0.968],"texture":"#1"},"west":{"uv":[0.032,0.032,0.968,0.968],"texture":"#1"},"up":{"uv":[0.032,0.032,0.968,0.968],"texture":"#1"},"down":{"uv":[0.032,0.032,0.968,0.968],"texture":"#1"}}},{"name":"octagon","from":[5.73207,2.64674,2.52474],"to":[10.26793,4.19801,13.47526],"rotation":{"angle":45,"axis":"y","origin":[8,2.98894,8]},"faces":{"north":{"uv":[0.032,0.032,4.968,1.968],"texture":"#1"},"east":{"uv":[0.032,0.032,12.2112,1.968],"texture":"#1"},"south":{"uv":[0.032,0.032,4.968,1.968],"texture":"#1"},"west":{"uv":[0.032,0.032,12.2112,1.968],"texture":"#1"},"up":{"uv":[0.032,0.032,4.968,12.2112],"texture":"#1"},"down":{"uv":[0.032,0.032,4.968,12.2112],"texture":"#1"}}},{"name":"octagon","from":[5.73207,2.64674,2.52474],"to":[10.26793,4.19801,13.47526],"rotation":{"angle":0,"axis":"y","origin":[8,2.98894,8]},"faces":{"north":{"uv":[0.032,0.032,4.968,1.968],"texture":"#1"},"east":{"uv":[0.032,0.032,12.2112,1.968],"texture":"#1"},"south":{"uv":[0.032,0.032,4.968,1.968],"texture":"#1"},"west":{"uv":[0.032,0.032,12.2112,1.968],"texture":"#1"},"up":{"uv":[0.032,0.032,4.968,12.2112],"texture":"#1"},"down":{"uv":[0.032,0.032,4.968,12.2112],"texture":"#1"}}},{"name":"octagon","from":[2.52474,2.64674,5.73207],"to":[13.47526,4.19801,10.26793],"rotation":{"angle":45,"axis":"y","origin":[8,2.98894,8]},"faces":{"north":{"uv":[0.032,0.032,12.2112,1.968],"texture":"#1"},"east":{"uv":[0.032,0.032,4.968,1.968],"texture":"#1"},"south":{"uv":[0.032,0.032,12.2112,1.968],"texture":"#1"},"west":{"uv":[0.032,0.032,4.968,1.968],"texture":"#1"},"up":{"uv":[0.032,0.032,12.2112,4.968],"texture":"#1"},"down":{"uv":[0.032,0.032,12.2112,4.968],"texture":"#1"}}},{"name":"octagon","from":[2.52474,2.64674,5.73207],"to":[13.47526,4.19801,10.26793],"rotation":{"angle":0,"axis":"y","origin":[8,2.98894,8]},"faces":{"north":{"uv":[0.032,0.032,12.2112,1.968],"texture":"#1"},"east":{"uv":[0.032,0.032,4.968,1.968],"texture":"#1"},"south":{"uv":[0.032,0.032,12.2112,1.968],"texture":"#1"},"west":{"uv":[0.032,0.032,4.968,1.968],"texture":"#1"},"up":{"uv":[0.032,0.032,12.2112,4.968],"texture":"#1"},"down":{"uv":[0.032,0.032,12.2112,4.968],"texture":"#1"}}},{"name":"octagon","from":[6.23102,4.16445,3.7293],"to":[9.76898,5.27481,12.2707],"rotation":{"angle":45,"axis":"y","origin":[8,4.43137,8]},"faces":{"north":{"uv":[0.032,0.032,4.55224,1.55688],"texture":"#1"},"east":{"uv":[0.032,0.032,10.99008,1.55688],"texture":"#1"},"south":{"uv":[0.032,0.032,4.55224,1.55688],"texture":"#1"},"west":{"uv":[0.032,0.032,10.99008,1.55688],"texture":"#1"},"up":{"uv":[0.032,0.032,4.55224,10.99008],"texture":"#1"},"down":{"uv":[0.032,0.032,4.55224,10.99008],"texture":"#1"}}},{"name":"octagon","from":[6.23102,4.16445,3.7293],"to":[9.76898,5.27481,12.2707],"rotation":{"angle":0,"axis":"y","origin":[8,4.43137,8]},"faces":{"north":{"uv":[0.032,0.032,4.55224,1.55688],"texture":"#1"},"east":{"uv":[0.032,0.032,10.99008,1.55688],"texture":"#1"},"south":{"uv":[0.032,0.032,4.55224,1.55688],"texture":"#1"},"west":{"uv":[0.032,0.032,10.99008,1.55688],"texture":"#1"},"up":{"uv":[0.032,0.032,4.55224,10.99008],"texture":"#1"},"down":{"uv":[0.032,0.032,4.55224,10.99008],"texture":"#1"}}},{"name":"octagon","from":[3.7293,4.16445,6.23102],"to":[12.2707,5.27481,9.76898],"rotation":{"angle":45,"axis":"y","origin":[8,4.43137,8]},"faces":{"north":{"uv":[0.032,0.032,10.99008,1.55688],"texture":"#1"},"east":{"uv":[0.032,0.032,4.55224,1.55688],"texture":"#1"},"south":{"uv":[0.032,0.032,10.99008,1.55688],"texture":"#1"},"west":{"uv":[0.032,0.032,4.55224,1.55688],"texture":"#1"},"up":{"uv":[0.032,0.032,10.99008,4.55224],"texture":"#1"},"down":{"uv":[0.032,0.032,10.99008,4.55224],"texture":"#1"}}},{"name":"octagon","from":[3.7293,4.16445,6.23102],"to":[12.2707,5.27481,9.76898],"rotation":{"angle":0,"axis":"y","origin":[8,4.43137,8]},"faces":{"north":{"uv":[0.032,0.032,10.99008,1.55688],"texture":"#1"},"east":{"uv":[0.032,0.032,4.55224,1.55688],"texture":"#1"},"south":{"uv":[0.032,0.032,10.99008,1.55688],"texture":"#1"},"west":{"uv":[0.032,0.032,4.55224,1.55688],"texture":"#1"},"up":{"uv":[0.032,0.032,10.99008,4.55224],"texture":"#1"},"down":{"uv":[0.032,0.032,10.99008,4.55224],"texture":"#1"}}},{"name":"octagon","from":[6.72633,4.90481,4.9251],"to":[9.27367,5.70426,11.0749],"rotation":{"angle":45,"axis":"y","origin":[8,5.09699,8]},"faces":{"north":{"uv":[0.032,0.032,3.55075,1.11437],"texture":"#1"},"east":{"uv":[0.032,0.032,8.57226,1.11437],"texture":"#1"},"south":{"uv":[0.032,0.032,3.55075,1.11437],"texture":"#1"},"west":{"uv":[0.032,0.032,8.57226,1.11437],"texture":"#1"},"up":{"uv":[0.032,0.032,3.55075,8.57226],"texture":"#1"},"down":{"uv":[0.032,0.032,3.55075,8.57226],"texture":"#1"}}},{"name":"octagon","from":[6.72633,4.90481,4.9251],"to":[9.27367,5.70426,11.0749],"rotation":{"angle":0,"axis":"y","origin":[8,5.09699,8]},"faces":{"north":{"uv":[0.032,0.032,3.55075,1.11437],"texture":"#1"},"east":{"uv":[0.032,0.032,8.57226,1.11437],"texture":"#1"},"south":{"uv":[0.032,0.032,3.55075,1.11437],"texture":"#1"},"west":{"uv":[0.032,0.032,8.57226,1.11437],"texture":"#1"},"up":{"uv":[0.032,0.032,3.55075,8.57226],"texture":"#1"},"down":{"uv":[0.032,0.032,3.55075,8.57226],"texture":"#1"}}},{"name":"octagon","from":[4.9251,4.90481,6.72633],"to":[11.0749,5.70426,9.27367],"rotation":{"angle":45,"axis":"y","origin":[8,5.09699,8]},"faces":{"north":{"uv":[0.032,0.032,8.57226,1.11437],"texture":"#1"},"east":{"uv":[0.032,0.032,3.55075,1.11437],"texture":"#1"},"south":{"uv":[0.032,0.032,8.57226,1.11437],"texture":"#1"},"west":{"uv":[0.032,0.032,3.55075,1.11437],"texture":"#1"},"up":{"uv":[0.032,0.032,8.57226,3.55075],"texture":"#1"},"down":{"uv":[0.032,0.032,8.57226,3.55075],"texture":"#1"}}},{"name":"octagon","from":[4.9251,4.90481,6.72633],"to":[11.0749,5.70426,9.27367],"rotation":{"angle":0,"axis":"y","origin":[8,5.09699,8]},"faces":{"north":{"uv":[0.032,0.032,8.57226,1.11437],"texture":"#1"},"east":{"uv":[0.032,0.032,3.55075,1.11437],"texture":"#1"},"south":{"uv":[0.032,0.032,8.57226,1.11437],"texture":"#1"},"west":{"uv":[0.032,0.032,3.55075,1.11437],"texture":"#1"},"up":{"uv":[0.032,0.032,8.57226,3.55075],"texture":"#1"},"down":{"uv":[0.032,0.032,8.57226,3.55075],"texture":"#1"}}},{"name":"octagon","from":[-0.23026,0.50304,7.53207],"to":[0.01026,1.40305,8.46793],"rotation":{"angle":0,"axis":"y","origin":[5.335,1.02006,8]},"faces":{"north":{"uv":[0.032,0.032,0.26724,0.968],"texture":"#1"},"east":{"uv":[0.032,0.032,0.968,0.968],"texture":"#1"},"south":{"uv":[0.032,0.032,0.26724,0.968],"texture":"#1"},"west":{"uv":[0.032,0.032,0.968,0.968],"texture":"#1"},"up":{"uv":[0.032,0.032,0.26724,0.968],"texture":"#1"},"down":{"uv":[0.032,0.032,0.26724,0.968],"texture":"#1"}}},{"name":"octagon","from":[-0.07276,0.41304,7.44207],"to":[0.01026,1.49305,8.55793],"rotation":{"angle":0,"axis":"y","origin":[5.335,1.02006,8]},"faces":{"north":{"uv":[1.032,2.032,2.23906,3.2],"texture":"#0"},"east":{"uv":[1.032,2.032,2.23906,3.2],"texture":"#0"},"south":{"uv":[1.032,2.032,2.23906,3.2],"texture":"#0"},"west":{"uv":[1.032,2.032,2.23906,3.2],"texture":"#0"},"up":{"uv":[1.032,2.032,2.23906,3.2],"texture":"#0"},"down":{"uv":[1.032,2.032,2.23906,3.2],"texture":"#0"}}},{"name":"octagon","from":[7.37707,0.41304,-0.08276],"to":[8.49293,1.49305,0.00026],"rotation":{"angle":0,"axis":"y","origin":[7.935,1.02006,5.325]},"faces":{"north":{"uv":[1.032,2.032,2.11585,2.968],"texture":"#0"},"east":{"uv":[1.032,2.032,0.968,2.968],"texture":"#0"},"south":{"uv":[1.032,2.032,2.11585,2.968],"texture":"#0"},"west":{"uv":[1.032,2.032,0.968,2.968],"texture":"#0"},"up":{"uv":[1.032,2.032,0.968,3.11585],"texture":"#0","rotation":90},"down":{"uv":[1.032,2.032,0.968,3.11585],"texture":"#0","rotation":270}}},{"name":"octagon","from":[7.46707,0.50304,-0.24026],"to":[8.40293,1.40305,0.00026],"rotation":{"angle":0,"axis":"y","origin":[7.935,1.02006,5.325]},"faces":{"north":{"uv":[0.032,0.032,0.93585,0.90001],"texture":"#1"},"east":{"uv":[0.032,0.032,0.24052,0.90001],"texture":"#1"},"south":{"uv":[0.032,0.032,0.93585,0.90001],"texture":"#1"},"west":{"uv":[0.032,0.032,0.24052,0.90001],"texture":"#1"},"up":{"uv":[0.032,0.032,0.24052,0.93585],"texture":"#1","rotation":90},"down":{"uv":[0.032,0.032,0.24052,0.93585],"texture":"#1","rotation":270}}},{"name":"octagon","from":[7.52707,0.41304,16.02474],"to":[8.64293,1.49305,16.10776],"rotation":{"angle":0,"axis":"y","origin":[8.085,1.02006,10.7]},"faces":{"north":{"uv":[1.032,2.032,2.11585,2.968],"texture":"#0"},"east":{"uv":[1.032,2.032,0.968,2.968],"texture":"#0"},"south":{"uv":[1.032,2.032,2.11585,2.968],"texture":"#0"},"west":{"uv":[1.032,2.032,0.968,2.968],"texture":"#0"},"up":{"uv":[1.032,2.032,0.968,3.11585],"texture":"#0","rotation":270},"down":{"uv":[1.032,2.032,0.968,3.11585],"texture":"#0","rotation":90}}},{"name":"octagon","from":[7.61707,0.50304,16.02474],"to":[8.55293,1.40305,16.26526],"rotation":{"angle":0,"axis":"y","origin":[8.085,1.02006,10.7]},"faces":{"north":{"uv":[0.032,0.032,0.93585,0.90001],"texture":"#1"},"east":{"uv":[0.032,0.032,0.24052,0.90001],"texture":"#1"},"south":{"uv":[0.032,0.032,0.93585,0.90001],"texture":"#1"},"west":{"uv":[0.032,0.032,0.24052,0.90001],"texture":"#1"},"up":{"uv":[0.032,0.032,0.24052,0.93585],"texture":"#1","rotation":270},"down":{"uv":[0.032,0.032,0.24052,0.93585],"texture":"#1","rotation":90}}},{"name":"octagon","from":[16.00974,0.41304,7.46707],"to":[16.09276,1.49305,8.58293],"rotation":{"angle":0,"axis":"y","origin":[10.685,1.02006,8.025]},"faces":{"north":{"uv":[1.032,2.032,0.968,2.968],"texture":"#0"},"east":{"uv":[1.032,2.032,2.11585,2.968],"texture":"#0"},"south":{"uv":[1.032,2.032,0.968,2.968],"texture":"#0"},"west":{"uv":[1.032,2.032,2.11585,2.968],"texture":"#0"},"up":{"uv":[1.032,2.032,0.968,3.11585],"texture":"#0","rotation":180},"down":{"uv":[1.032,2.032,0.968,3.11585],"texture":"#0","rotation":180}}},{"name":"octagon","from":[16.00974,0.50304,7.55707],"to":[16.25026,1.40305,8.49293],"rotation":{"angle":0,"axis":"y","origin":[10.685,1.02006,8.025]},"faces":{"north":{"uv":[0.032,0.032,0.24052,0.90001],"texture":"#1"},"east":{"uv":[0.032,0.032,0.93585,0.90001],"texture":"#1"},"south":{"uv":[0.032,0.032,0.24052,0.90001],"texture":"#1"},"west":{"uv":[0.032,0.032,0.93585,0.90001],"texture":"#1"},"up":{"uv":[0.032,0.032,0.24052,0.93585],"texture":"#1","rotation":180},"down":{"uv":[0.032,0.032,0.24052,0.93585],"texture":"#1","rotation":180}}},{"name":"octagon","from":[2.35224,0.41304,1.66707],"to":[2.43526,1.49305,2.78293],"rotation":{"angle":-45,"axis":"y","origin":[2.35437,0.95305,2.225]},"faces":{"north":{"uv":[1.032,2.032,0.968,2.968],"texture":"#0"},"east":{"uv":[1.032,2.032,2.11585,2.968],"texture":"#0"},"south":{"uv":[1.032,2.032,0.968,2.968],"texture":"#0"},"west":{"uv":[1.032,2.032,2.11585,2.968],"texture":"#0"},"up":{"uv":[1.032,2.032,0.968,3.11585],"texture":"#0"},"down":{"uv":[1.032,2.032,0.968,3.11585],"texture":"#0"}}},{"name":"octagon","from":[2.19474,0.50304,1.75707],"to":[2.43526,1.40305,2.69293],"rotation":{"angle":-45,"axis":"y","origin":[2.35437,0.95305,2.225]},"faces":{"north":{"uv":[0.032,0.032,0.24052,0.90001],"texture":"#1"},"east":{"uv":[0.032,0.032,0.93585,0.90001],"texture":"#1"},"south":{"uv":[0.032,0.032,0.24052,0.90001],"texture":"#1"},"west":{"uv":[0.032,0.032,0.93585,0.90001],"texture":"#1"},"up":{"uv":[0.032,0.032,0.24052,0.93585],"texture":"#1"},"down":{"uv":[0.032,0.032,0.24052,0.93585],"texture":"#1"}}},{"name":"octagon","from":[13.56474,0.41304,1.66707],"to":[13.64776,1.49305,2.78293],"rotation":{"angle":45,"axis":"y","origin":[13.64563,0.95305,2.225]},"faces":{"north":{"uv":[0.968,2.032,0.968,2.968],"texture":"#0"},"east":{"uv":[2.11585,2.032,1.032,2.968],"texture":"#0"},"south":{"uv":[0.968,2.032,0.968,2.968],"texture":"#0"},"west":{"uv":[2.11585,2.032,1.032,2.968],"texture":"#0"},"up":{"uv":[0.968,2.032,0.968,3.11585],"texture":"#0"},"down":{"uv":[0.968,2.032,0.968,3.11585],"texture":"#0"}}},{"name":"octagon","from":[13.56474,0.50304,1.75707],"to":[13.80526,1.40305,2.69293],"rotation":{"angle":45,"axis":"y","origin":[13.64563,0.95305,2.225]},"faces":{"north":{"uv":[0.24052,0.032,0.032,0.90001],"texture":"#1"},"east":{"uv":[0.93585,0.032,0.032,0.90001],"texture":"#1"},"south":{"uv":[0.24052,0.032,0.032,0.90001],"texture":"#1"},"west":{"uv":[0.93585,0.032,0.032,0.90001],"texture":"#1"},"up":{"uv":[0.24052,0.032,0.032,0.93585],"texture":"#1"},"down":{"uv":[0.24052,0.032,0.032,0.93585],"texture":"#1"}}},{"name":"octagon","from":[13.56474,0.41304,13.21707],"to":[13.64776,1.49305,14.33293],"rotation":{"angle":-45,"axis":"y","origin":[13.64563,0.95305,13.775]},"faces":{"north":{"uv":[1.032,2.032,0.968,2.968],"texture":"#0"},"east":{"uv":[1.032,2.032,2.11585,2.968],"texture":"#0"},"south":{"uv":[1.032,2.032,0.968,2.968],"texture":"#0"},"west":{"uv":[1.032,2.032,2.11585,2.968],"texture":"#0"},"up":{"uv":[0.968,3.11585,0.968,2.032],"texture":"#0"},"down":{"uv":[0.968,3.11585,0.968,2.032],"texture":"#0"}}},{"name":"octagon","from":[13.56474,0.50304,13.30707],"to":[13.80526,1.40305,14.24293],"rotation":{"angle":-45,"axis":"y","origin":[13.64563,0.95305,13.775]},"faces":{"north":{"uv":[0.032,0.032,0.24052,0.90001],"texture":"#1"},"east":{"uv":[0.032,0.032,0.93585,0.90001],"texture":"#1"},"south":{"uv":[0.032,0.032,0.24052,0.90001],"texture":"#1"},"west":{"uv":[0.032,0.032,0.93585,0.90001],"texture":"#1"},"up":{"uv":[0.24052,0.93585,0.032,0.032],"texture":"#1"},"down":{"uv":[0.24052,0.93585,0.032,0.032],"texture":"#1"}}},{"name":"octagon","from":[2.35224,0.41304,13.21707],"to":[2.43526,1.49305,14.33293],"rotation":{"angle":45,"axis":"y","origin":[2.35437,0.95305,13.775]},"faces":{"north":{"uv":[0.968,2.032,0.968,2.968],"texture":"#0"},"east":{"uv":[2.11585,2.032,1.032,2.968],"texture":"#0"},"south":{"uv":[0.968,2.032,0.968,2.968],"texture":"#0"},"west":{"uv":[2.11585,2.032,1.032,2.968],"texture":"#0"},"up":{"uv":[1.032,3.11585,0.968,2.032],"texture":"#0"},"down":{"uv":[1.032,3.11585,0.968,2.032],"texture":"#0"}}},{"name":"octagon","from":[2.19474,0.50304,13.30707],"to":[2.43526,1.40305,14.24293],"rotation":{"angle":45,"axis":"y","origin":[2.35437,0.95305,13.775]},"faces":{"north":{"uv":[0.24052,0.032,0.032,0.90001],"texture":"#1"},"east":{"uv":[0.93585,0.032,0.032,0.90001],"texture":"#1"},"south":{"uv":[0.24052,0.032,0.032,0.90001],"texture":"#1"},"west":{"uv":[0.93585,0.032,0.032,0.90001],"texture":"#1"},"up":{"uv":[0.032,0.93585,0.24052,0.032],"texture":"#1"},"down":{"uv":[0.032,0.93585,0.24052,0.032],"texture":"#1"}}},{"name":"octagon","from":[4.65224,0.41304,-0.08293],"to":[4.73526,1.49305,0.48293],"rotation":{"angle":-45,"axis":"y","origin":[4.65437,0.95305,-0.075]},"faces":{"north":{"uv":[1.032,2.032,0.968,2.968],"texture":"#0"},"east":{"uv":[1.032,2.032,1.56586,2.968],"texture":"#0"},"south":{"uv":[1.032,2.032,0.968,2.968],"texture":"#0"},"west":{"uv":[1.032,2.032,1.56586,2.968],"texture":"#0"},"up":{"uv":[1.032,2.032,0.968,2.56586],"texture":"#0"},"down":{"uv":[1.032,2.032,0.968,2.56586],"texture":"#0"}}},{"name":"octagon","from":[4.49474,0.50304,-0.14293],"to":[4.73526,1.40305,0.39293],"rotation":{"angle":-45,"axis":"y","origin":[4.65437,0.95305,-0.075]},"faces":{"north":{"uv":[0.032,0.032,0.24052,0.90001],"texture":"#3"},"east":{"uv":[0.032,0.032,0.53586,0.90001],"texture":"#3"},"south":{"uv":[0.032,0.032,0.24052,0.90001],"texture":"#3"},"west":{"uv":[0.032,0.032,0.53586,0.90001],"texture":"#3"},"up":{"uv":[0.032,0.032,0.24052,0.53586],"texture":"#3"},"down":{"uv":[0.032,0.032,0.24052,0.53586],"texture":"#3"}}},{"name":"octagon","from":[4.65847,0.41304,-0.08211],"to":[5.29293,1.49305,0.00026],"rotation":{"angle":0,"axis":"y","origin":[4.735,1.02006,5.325]},"faces":{"north":{"uv":[1.032,2.032,1.61586,2.968],"texture":"#0"},"east":{"uv":[1.032,2.032,0.968,2.968],"texture":"#0"},"south":{"uv":[1.032,2.032,1.61586,2.968],"texture":"#0"},"west":{"uv":[1.032,2.032,0.968,2.968],"texture":"#0"},"up":{"uv":[1.032,2.032,0.968,2.61586],"texture":"#0","rotation":90},"down":{"uv":[1.032,2.032,0.968,2.61586],"texture":"#0","rotation":270}}},{"name":"octagon","from":[4.58953,0.50304,-0.23591],"to":[5.20293,1.40305,0.00026],"rotation":{"angle":0,"axis":"y","origin":[4.735,1.02006,5.325]},"faces":{"north":{"uv":[0.032,0.032,0.58586,0.90001],"texture":"#3"},"east":{"uv":[0.032,0.032,0.24052,0.90001],"texture":"#3"},"south":{"uv":[0.032,0.032,0.58586,0.90001],"texture":"#3"},"west":{"uv":[0.032,0.032,0.24052,0.90001],"texture":"#3"},"up":{"uv":[0.032,0.032,0.24052,0.58586],"texture":"#3","rotation":90},"down":{"uv":[0.032,0.032,0.24052,0.58586],"texture":"#3","rotation":270}}},{"name":"octagon","from":[10.70707,0.41304,-0.08211],"to":[11.34153,1.49305,0.00026],"rotation":{"angle":0,"axis":"y","origin":[11.265,1.02006,5.325]},"faces":{"north":{"uv":[1.61586,2.032,1.032,2.968],"texture":"#0"},"east":{"uv":[0.968,2.032,0.968,2.968],"texture":"#0"},"south":{"uv":[1.61586,2.032,1.032,2.968],"texture":"#0"},"west":{"uv":[0.968,2.032,0.968,2.968],"texture":"#0"},"up":{"uv":[0.968,2.032,0.968,2.61586],"texture":"#0","rotation":90},"down":{"uv":[0.968,2.032,0.968,2.61586],"texture":"#0","rotation":270}}},{"name":"octagon","from":[11.26474,0.41304,-0.08293],"to":[11.34776,1.49305,0.48293],"rotation":{"angle":45,"axis":"y","origin":[11.34563,0.95305,-0.075]},"faces":{"north":{"uv":[0.968,2.032,0.968,2.968],"texture":"#0"},"east":{"uv":[1.56586,2.032,1.032,2.968],"texture":"#0"},"south":{"uv":[0.968,2.032,0.968,2.968],"texture":"#0"},"west":{"uv":[1.56586,2.032,1.032,2.968],"texture":"#0"},"up":{"uv":[0.968,2.032,0.968,2.56586],"texture":"#0"},"down":{"uv":[0.968,2.032,0.968,2.56586],"texture":"#0"}}},{"name":"octagon","from":[11.26474,0.50304,-0.14293],"to":[11.50526,1.40305,0.39293],"rotation":{"angle":45,"axis":"y","origin":[11.34563,0.95305,-0.075]},"faces":{"north":{"uv":[0.24052,0.032,0.032,0.90001],"texture":"#3"},"east":{"uv":[0.53586,0.032,0.032,0.90001],"texture":"#3"},"south":{"uv":[0.24052,0.032,0.032,0.90001],"texture":"#3"},"west":{"uv":[0.53586,0.032,0.032,0.90001],"texture":"#3"},"up":{"uv":[0.24052,0.032,0.032,0.53586],"texture":"#3"},"down":{"uv":[0.24052,0.032,0.032,0.53586],"texture":"#3"}}},{"name":"octagon","from":[10.79707,0.50304,-0.23591],"to":[11.41047,1.40305,0.00026],"rotation":{"angle":0,"axis":"y","origin":[11.265,1.02006,5.325]},"faces":{"north":{"uv":[0.58586,0.032,0.032,0.90001],"texture":"#3"},"east":{"uv":[0.24052,0.032,0.032,0.90001],"texture":"#3"},"south":{"uv":[0.58586,0.032,0.032,0.90001],"texture":"#3"},"west":{"uv":[0.24052,0.032,0.032,0.90001],"texture":"#3"},"up":{"uv":[0.24052,0.032,0.032,0.58586],"texture":"#3","rotation":90},"down":{"uv":[0.24052,0.032,0.032,0.58586],"texture":"#3","rotation":270}}},{"name":"octagon","from":[4.65847,0.41304,15.99974],"to":[5.29293,1.49305,16.08211],"rotation":{"angle":0,"axis":"y","origin":[4.735,1.02006,10.675]},"faces":{"north":{"uv":[1.63446,2.032,1.032,2.968],"texture":"#0"},"east":{"uv":[0.968,2.032,0.968,2.968],"texture":"#0"},"south":{"uv":[1.63446,2.032,1.032,2.968],"texture":"#0"},"west":{"uv":[0.968,2.032,0.968,2.968],"texture":"#0"},"up":{"uv":[1.032,2.63446,0.968,2.032],"texture":"#0","rotation":90},"down":{"uv":[1.032,2.63446,0.968,2.032],"texture":"#0","rotation":270}}},{"name":"octagon","from":[4.65224,0.41304,15.51707],"to":[4.73526,1.49305,16.08293],"rotation":{"angle":45,"axis":"y","origin":[4.65437,0.95305,16.075]},"faces":{"north":{"uv":[0.968,2.032,0.968,2.968],"texture":"#0"},"east":{"uv":[1.56586,2.032,1.032,2.968],"texture":"#0"},"south":{"uv":[0.968,2.032,0.968,2.968],"texture":"#0"},"west":{"uv":[1.56586,2.032,1.032,2.968],"texture":"#0"},"up":{"uv":[1.032,2.56586,0.968,2.032],"texture":"#0"},"down":{"uv":[1.032,2.56586,0.968,2.032],"texture":"#0"}}},{"name":"octagon","from":[4.49474,0.50304,15.60707],"to":[4.73526,1.40305,16.14293],"rotation":{"angle":45,"axis":"y","origin":[4.65437,0.95305,16.075]},"faces":{"north":{"uv":[0.24052,0.032,0.032,0.90001],"texture":"#3"},"east":{"uv":[0.53586,0.032,0.032,0.90001],"texture":"#3"},"south":{"uv":[0.24052,0.032,0.032,0.90001],"texture":"#3"},"west":{"uv":[0.53586,0.032,0.032,0.90001],"texture":"#3"},"up":{"uv":[0.032,0.53586,0.24052,0.032],"texture":"#3"},"down":{"uv":[0.032,0.53586,0.24052,0.032],"texture":"#3"}}},{"name":"octagon","from":[4.58953,0.50304,15.99974],"to":[5.20293,1.40305,16.23591],"rotation":{"angle":0,"axis":"y","origin":[4.735,1.02006,10.675]},"faces":{"north":{"uv":[0.6134,0.032,0.032,0.90001],"texture":"#3"},"east":{"uv":[0.23617,0.032,0.032,0.90001],"texture":"#3"},"south":{"uv":[0.6134,0.032,0.032,0.90001],"texture":"#3"},"west":{"uv":[0.23617,0.032,0.032,0.90001],"texture":"#3"},"up":{"uv":[0.032,0.6134,0.23617,0.032],"texture":"#3","rotation":90},"down":{"uv":[0.032,0.6134,0.23617,0.032],"texture":"#3","rotation":270}}},{"name":"octagon","from":[10.70707,0.41304,15.99974],"to":[11.34153,1.49305,16.08211],"rotation":{"angle":0,"axis":"y","origin":[11.265,1.02006,10.675]},"faces":{"north":{"uv":[2.25032,2.032,1.61586,2.968],"texture":"#0"},"east":{"uv":[1.16539,2.032,1.08302,2.968],"texture":"#0"},"south":{"uv":[2.25032,2.032,1.61586,2.968],"texture":"#0"},"west":{"uv":[1.16539,2.032,1.08302,2.968],"texture":"#0"},"up":{"uv":[1.08302,2.63446,1.16539,2.032],"texture":"#0","rotation":90},"down":{"uv":[1.08302,2.63446,1.16539,2.032],"texture":"#0","rotation":270}}},{"name":"octagon","from":[11.26474,0.41304,15.51707],"to":[11.34776,1.49305,16.08293],"rotation":{"angle":-45,"axis":"y","origin":[11.34563,0.95305,16.075]},"faces":{"north":{"uv":[1.16604,2.032,1.08302,2.968],"texture":"#0"},"east":{"uv":[2.13172,2.032,1.56586,2.968],"texture":"#0"},"south":{"uv":[1.16604,2.032,1.08302,2.968],"texture":"#0"},"west":{"uv":[2.13172,2.032,1.56586,2.968],"texture":"#0"},"up":{"uv":[1.08302,2.56586,1.16604,2.032],"texture":"#0"},"down":{"uv":[1.08302,2.56586,1.16604,2.032],"texture":"#0"}}},{"name":"octagon","from":[11.26474,0.50304,15.60707],"to":[11.50526,1.40305,16.14293],"rotation":{"angle":-45,"axis":"y","origin":[11.34563,0.95305,16.075]},"faces":{"north":{"uv":[0.48104,0.032,0.24052,0.90001],"texture":"#3"},"east":{"uv":[0.968,0.032,0.53586,0.90001],"texture":"#3"},"south":{"uv":[0.48104,0.032,0.24052,0.90001],"texture":"#3"},"west":{"uv":[0.968,0.032,0.53586,0.90001],"texture":"#3"},"up":{"uv":[0.24052,0.53586,0.48104,0.032],"texture":"#3"},"down":{"uv":[0.24052,0.53586,0.48104,0.032],"texture":"#3"}}},{"name":"octagon","from":[10.79707,0.50304,15.99974],"to":[11.41047,1.40305,16.23591],"rotation":{"angle":0,"axis":"y","origin":[11.265,1.02006,10.675]},"faces":{"north":{"uv":[1.19926,0.032,0.58586,0.90001],"texture":"#3"},"east":{"uv":[0.47669,0.032,0.24052,0.90001],"texture":"#3"},"south":{"uv":[1.19926,0.032,0.58586,0.90001],"texture":"#3"},"west":{"uv":[0.47669,0.032,0.24052,0.90001],"texture":"#3"},"up":{"uv":[0.24052,0.6134,0.47669,0.032],"texture":"#3","rotation":90},"down":{"uv":[0.24052,0.6134,0.47669,0.032],"texture":"#3","rotation":270}}},{"name":"octagon","from":[-0.07211,0.41304,4.67347],"to":[0.01026,1.49305,5.30793],"rotation":{"angle":0,"axis":"y","origin":[5.335,1.02006,4.75]},"faces":{"north":{"uv":[1.08237,2.032,1.16475,2.968],"texture":"#0"},"east":{"uv":[1.63446,2.032,2.26892,2.968],"texture":"#0"},"south":{"uv":[1.08237,2.032,1.16475,2.968],"texture":"#0"},"west":{"uv":[1.63446,2.032,2.26892,2.968],"texture":"#0"},"up":{"uv":[1.032,2.63446,0.968,3.26892],"texture":"#0","rotation":180},"down":{"uv":[1.032,2.63446,0.968,3.26892],"texture":"#0","rotation":180}}},{"name":"octagon","from":[-0.07293,0.41304,4.66724],"to":[0.49293,1.49305,4.75026],"rotation":{"angle":45,"axis":"y","origin":[-0.065,0.95305,4.66937]},"faces":{"north":{"uv":[1.56586,2.032,2.13172,2.968],"texture":"#0"},"east":{"uv":[1.08302,2.032,1.16604,2.968],"texture":"#0"},"south":{"uv":[1.56586,2.032,2.13172,2.968],"texture":"#0"},"west":{"uv":[1.08302,2.032,1.16604,2.968],"texture":"#0"},"up":{"uv":[1.032,2.56586,0.968,3.13172],"texture":"#0","rotation":90},"down":{"uv":[1.032,2.56586,0.968,3.13172],"texture":"#0","rotation":270}}},{"name":"octagon","from":[-0.13293,0.50304,4.50974],"to":[0.40293,1.40305,4.75026],"rotation":{"angle":45,"axis":"y","origin":[-0.065,0.95305,4.66937]},"faces":{"north":{"uv":[0.53586,0.032,0.968,0.90001],"texture":"#3"},"east":{"uv":[0.24052,0.032,0.48104,0.90001],"texture":"#3"},"south":{"uv":[0.53586,0.032,0.968,0.90001],"texture":"#3"},"west":{"uv":[0.24052,0.032,0.48104,0.90001],"texture":"#3"},"up":{"uv":[0.032,0.53586,0.24052,0.968],"texture":"#3","rotation":90},"down":{"uv":[0.032,0.53586,0.24052,0.968],"texture":"#3","rotation":270}}},{"name":"octagon","from":[-0.22591,0.50304,4.60453],"to":[0.01026,1.40305,5.21793],"rotation":{"angle":0,"axis":"y","origin":[5.335,1.02006,4.75]},"faces":{"north":{"uv":[0.23617,0.032,0.47234,0.90001],"texture":"#3"},"east":{"uv":[0.6134,0.032,1.2268,0.90001],"texture":"#3"},"south":{"uv":[0.23617,0.032,0.47234,0.90001],"texture":"#3"},"west":{"uv":[0.6134,0.032,1.2268,0.90001],"texture":"#3"},"up":{"uv":[0.032,0.6134,0.23617,1.2268],"texture":"#3","rotation":180},"down":{"uv":[0.032,0.6134,0.23617,1.2268],"texture":"#3","rotation":180}}},{"name":"octagon","from":[-0.07211,0.41304,10.72207],"to":[0.01026,1.49305,11.35653],"rotation":{"angle":0,"axis":"y","origin":[5.335,1.02006,11.28]},"faces":{"north":{"uv":[1.16539,2.032,1.24777,2.968],"texture":"#0"},"east":{"uv":[2.25032,2.032,2.88478,2.968],"texture":"#0"},"south":{"uv":[1.16539,2.032,1.24777,2.968],"texture":"#0"},"west":{"uv":[2.25032,2.032,2.88478,2.968],"texture":"#0"},"up":{"uv":[1.08302,2.63446,1.16539,3.26892],"texture":"#0","rotation":180},"down":{"uv":[1.08302,2.63446,1.16539,3.26892],"texture":"#0","rotation":180}}},{"name":"octagon","from":[-0.07293,0.41304,11.27974],"to":[0.49293,1.49305,11.36276],"rotation":{"angle":-45,"axis":"y","origin":[-0.065,0.95305,11.36063]},"faces":{"north":{"uv":[2.13172,2.032,2.69758,2.968],"texture":"#0"},"east":{"uv":[1.16604,2.032,1.24906,2.968],"texture":"#0"},"south":{"uv":[2.13172,2.032,2.69758,2.968],"texture":"#0"},"west":{"uv":[1.16604,2.032,1.24906,2.968],"texture":"#0"},"up":{"uv":[1.08302,2.56586,1.16604,3.13172],"texture":"#0","rotation":90},"down":{"uv":[1.08302,2.56586,1.16604,3.13172],"texture":"#0","rotation":270}}},{"name":"octagon","from":[-0.13293,0.50304,11.27974],"to":[0.40293,1.40305,11.52026],"rotation":{"angle":-45,"axis":"y","origin":[-0.065,0.95305,11.36063]},"faces":{"north":{"uv":[1.07172,0.032,1.60758,0.90001],"texture":"#3"},"east":{"uv":[0.48104,0.032,0.72156,0.90001],"texture":"#3"},"south":{"uv":[1.07172,0.032,1.60758,0.90001],"texture":"#3"},"west":{"uv":[0.48104,0.032,0.72156,0.90001],"texture":"#3"},"up":{"uv":[0.24052,0.53586,0.48104,0.968],"texture":"#3","rotation":90},"down":{"uv":[0.24052,0.53586,0.48104,0.968],"texture":"#3","rotation":270}}},{"name":"octagon","from":[-0.22591,0.50304,10.81207],"to":[0.01026,1.40305,11.42547],"rotation":{"angle":0,"axis":"y","origin":[5.335,1.02006,11.28]},"faces":{"north":{"uv":[0.47669,0.032,0.71286,0.90001],"texture":"#3"},"east":{"uv":[1.19926,0.032,1.81266,0.90001],"texture":"#3"},"south":{"uv":[0.47669,0.032,0.71286,0.90001],"texture":"#3"},"west":{"uv":[1.19926,0.032,1.81266,0.90001],"texture":"#3"},"up":{"uv":[0.24052,0.6134,0.47669,1.2268],"texture":"#3","rotation":180},"down":{"uv":[0.24052,0.6134,0.47669,1.2268],"texture":"#3","rotation":180}}},{"name":"octagon","from":[15.98974,0.41304,4.67347],"to":[16.07211,1.49305,5.30793],"rotation":{"angle":0,"axis":"y","origin":[10.665,1.02006,4.75]},"faces":{"north":{"uv":[1.16475,2.032,1.08237,2.968],"texture":"#0"},"east":{"uv":[2.26892,2.032,1.63446,2.968],"texture":"#0"},"south":{"uv":[1.16475,2.032,1.08237,2.968],"texture":"#0"},"west":{"uv":[2.26892,2.032,1.63446,2.968],"texture":"#0"},"up":{"uv":[0.968,2.63446,0.968,3.26892],"texture":"#0","rotation":180},"down":{"uv":[0.968,2.63446,0.968,3.26892],"texture":"#0","rotation":180}}},{"name":"octagon","from":[15.50707,0.41304,4.66724],"to":[16.07293,1.49305,4.75026],"rotation":{"angle":-45,"axis":"y","origin":[16.065,0.95305,4.66937]},"faces":{"north":{"uv":[2.13172,2.032,1.56586,2.968],"texture":"#0"},"east":{"uv":[1.16604,2.032,1.08302,2.968],"texture":"#0"},"south":{"uv":[2.13172,2.032,1.56586,2.968],"texture":"#0"},"west":{"uv":[1.16604,2.032,1.08302,2.968],"texture":"#0"},"up":{"uv":[0.968,2.56586,0.968,3.13172],"texture":"#0","rotation":90},"down":{"uv":[0.968,2.56586,0.968,3.13172],"texture":"#0","rotation":270}}},{"name":"octagon","from":[15.59707,0.50304,4.50974],"to":[16.13293,1.40305,4.75026],"rotation":{"angle":-45,"axis":"y","origin":[16.065,0.95305,4.66937]},"faces":{"north":{"uv":[0.968,0.032,0.53586,0.90001],"texture":"#3"},"east":{"uv":[0.48104,0.032,0.24052,0.90001],"texture":"#3"},"south":{"uv":[0.968,0.032,0.53586,0.90001],"texture":"#3"},"west":{"uv":[0.48104,0.032,0.24052,0.90001],"texture":"#3"},"up":{"uv":[0.24052,0.53586,0.032,0.968],"texture":"#3","rotation":90},"down":{"uv":[0.24052,0.53586,0.032,0.968],"texture":"#3","rotation":270}}},{"name":"octagon","from":[15.98974,0.50304,4.60453],"to":[16.22591,1.40305,5.21793],"rotation":{"angle":0,"axis":"y","origin":[10.665,1.02006,4.75]},"faces":{"north":{"uv":[0.47234,0.032,0.23617,0.90001],"texture":"#3"},"east":{"uv":[1.2268,0.032,0.6134,0.90001],"texture":"#3"},"south":{"uv":[0.47234,0.032,0.23617,0.90001],"texture":"#3"},"west":{"uv":[1.2268,0.032,0.6134,0.90001],"texture":"#3"},"up":{"uv":[0.23617,0.6134,0.032,1.2268],"texture":"#3","rotation":180},"down":{"uv":[0.23617,0.6134,0.032,1.2268],"texture":"#3","rotation":180}}},{"name":"octagon","from":[15.98974,0.41304,10.72207],"to":[16.07211,1.49305,11.35653],"rotation":{"angle":0,"axis":"y","origin":[10.665,1.02006,11.28]},"faces":{"north":{"uv":[1.24777,2.032,1.16539,2.968],"texture":"#0"},"east":{"uv":[2.88478,2.032,2.25032,2.968],"texture":"#0"},"south":{"uv":[1.24777,2.032,1.16539,2.968],"texture":"#0"},"west":{"uv":[2.88478,2.032,2.25032,2.968],"texture":"#0"},"up":{"uv":[1.16539,2.63446,1.08302,3.26892],"texture":"#0","rotation":180},"down":{"uv":[1.16539,2.63446,1.08302,3.26892],"texture":"#0","rotation":180}}},{"name":"octagon","from":[15.50707,0.41304,11.27974],"to":[16.07293,1.49305,11.36276],"rotation":{"angle":45,"axis":"y","origin":[16.065,0.95305,11.36063]},"faces":{"north":{"uv":[2.69758,2.032,2.13172,2.968],"texture":"#0"},"east":{"uv":[1.24906,2.032,1.16604,2.968],"texture":"#0"},"south":{"uv":[2.69758,2.032,2.13172,2.968],"texture":"#0"},"west":{"uv":[1.24906,2.032,1.16604,2.968],"texture":"#0"},"up":{"uv":[1.16604,2.56586,1.08302,3.13172],"texture":"#0","rotation":90},"down":{"uv":[1.16604,2.56586,1.08302,3.13172],"texture":"#0","rotation":270}}},{"name":"octagon","from":[15.59707,0.50304,11.27974],"to":[16.13293,1.40305,11.52026],"rotation":{"angle":45,"axis":"y","origin":[16.065,0.95305,11.36063]},"faces":{"north":{"uv":[1.60758,0.032,1.07172,0.90001],"texture":"#3"},"east":{"uv":[0.72156,0.032,0.48104,0.90001],"texture":"#3"},"south":{"uv":[1.60758,0.032,1.07172,0.90001],"texture":"#3"},"west":{"uv":[0.72156,0.032,0.48104,0.90001],"texture":"#3"},"up":{"uv":[0.48104,0.53586,0.24052,0.968],"texture":"#3","rotation":90},"down":{"uv":[0.48104,0.53586,0.24052,0.968],"texture":"#3","rotation":270}}},{"name":"octagon","from":[15.98974,0.50304,10.81207],"to":[16.22591,1.40305,11.42547],"rotation":{"angle":0,"axis":"y","origin":[10.665,1.02006,11.28]},"faces":{"north":{"uv":[0.71286,0.032,0.47669,0.90001],"texture":"#3"},"east":{"uv":[1.81266,0.032,1.19926,0.90001],"texture":"#3"},"south":{"uv":[0.71286,0.032,0.47669,0.90001],"texture":"#3"},"west":{"uv":[1.81266,0.032,1.19926,0.90001],"texture":"#3"},"up":{"uv":[0.47669,0.6134,0.24052,1.2268],"texture":"#3","rotation":180},"down":{"uv":[0.47669,0.6134,0.24052,1.2268],"texture":"#3","rotation":180}}},{"from":[0,0.55,6.5],"to":[1,5.55,9.5],"rotation":{"angle":22.5,"axis":"z","origin":[0.5,2.05,8]},"faces":{"north":{"uv":[0.032,0.032,1.968,0.968],"texture":"#0"},"east":{"uv":[0.032,0.032,1.968,0.968],"texture":"#0"},"south":{"uv":[0.032,0.032,1.968,0.968],"texture":"#0"},"west":{"uv":[0.032,0.032,1.968,0.968],"texture":"#0"},"up":{"uv":[0.032,0.032,1.968,0.968],"texture":"#0"},"down":{"uv":[0.032,0.032,1.968,0.968],"texture":"#0"}}},{"from":[-1.30133,5.09224,6.5],"to":[-0.30133,8.09224,9.5],"rotation":{"angle":0,"axis":"z","origin":[-0.80133,6.59224,8]},"faces":{"north":{"uv":[0.032,0.032,1.968,0.968],"texture":"#0"},"east":{"uv":[0.032,0.032,1.968,0.968],"texture":"#0"},"south":{"uv":[0.032,0.032,1.968,0.968],"texture":"#0"},"west":{"uv":[0.032,0.032,1.968,0.968],"texture":"#0"},"up":{"uv":[0.032,0.032,1.968,0.968],"texture":"#0"},"down":{"uv":[0.032,0.032,1.968,0.968],"texture":"#0"}}},{"from":[-0.76537,7.78671,6.5],"to":[0.23463,9.78671,9.5],"rotation":{"angle":-22.5,"axis":"z","origin":[-0.26537,9.28671,8]},"faces":{"north":{"uv":[0.032,0.032,1.968,0.968],"texture":"#0"},"east":{"uv":[0.032,0.032,1.968,0.968],"texture":"#0"},"south":{"uv":[0.032,0.032,1.968,0.968],"texture":"#0"},"west":{"uv":[0.032,0.032,1.968,0.968],"texture":"#0"},"up":{"uv":[0.032,0.032,1.968,0.968],"texture":"#0"},"down":{"uv":[0.032,0.032,1.968,0.968],"texture":"#0"}}},{"from":[0.37825,9.1471,6.5],"to":[1.37825,10.3971,9.5],"rotation":{"angle":-45,"axis":"z","origin":[0.87825,10.6471,8]},"faces":{"north":{"uv":[0.032,0.032,1.968,0.968],"texture":"#0"},"east":{"uv":[0.032,0.032,1.968,0.968],"texture":"#0"},"south":{"uv":[0.032,0.032,1.968,0.968],"texture":"#0"},"west":{"uv":[0.032,0.032,1.968,0.968],"texture":"#0"},"up":{"uv":[0.032,0.032,1.968,0.968],"texture":"#0"},"down":{"uv":[0.032,0.032,1.968,0.968],"texture":"#0"}}},{"from":[0.42508,10.43596,6.5],"to":[1.67508,11.43596,9.5],"rotation":{"angle":22.5,"axis":"z","origin":[1.92508,10.93596,8]},"faces":{"north":{"uv":[0.032,0.032,1.968,0.968],"texture":"#0","rotation":270},"east":{"uv":[0.032,0.032,1.968,0.968],"texture":"#0","rotation":90},"south":{"uv":[0.032,0.032,1.968,0.968],"texture":"#0","rotation":90},"west":{"uv":[0.032,0.032,1.968,0.968],"texture":"#0","rotation":90},"up":{"uv":[0.032,0.032,1.968,0.968],"texture":"#0","rotation":90},"down":{"uv":[0.032,0.032,1.968,0.968],"texture":"#0","rotation":90}}},{"from":[1.50277,10.30223,6.5],"to":[2.75277,11.30223,9.5],"rotation":{"angle":0,"axis":"z","origin":[3.00277,10.80223,8]},"faces":{"north":{"uv":[0.032,0.032,1.968,0.968],"texture":"#0","rotation":270},"east":{"uv":[0.032,0.032,1.968,0.968],"texture":"#0","rotation":90},"south":{"uv":[0.032,0.032,1.968,0.968],"texture":"#0","rotation":90},"west":{"uv":[0.032,0.032,1.968,0.968],"texture":"#0","rotation":90},"up":{"uv":[0.032,0.032,1.968,0.968],"texture":"#0","rotation":90},"down":{"uv":[0.032,0.032,1.968,0.968],"texture":"#0","rotation":90}}},{"from":[2.44725,9.76627,6.5],"to":[6.89725,10.76627,9.5],"rotation":{"angle":-22.5,"axis":"z","origin":[3.94725,10.26627,8]},"faces":{"north":{"uv":[0.032,0.032,1.968,0.968],"texture":"#0","rotation":270},"east":{"uv":[0.032,0.032,1.968,0.968],"texture":"#0","rotation":90},"south":{"uv":[0.032,0.032,1.968,0.968],"texture":"#0","rotation":90},"west":{"uv":[0.032,0.032,1.968,0.968],"texture":"#0","rotation":90},"up":{"uv":[0.032,0.032,1.968,0.968],"texture":"#0","rotation":90},"down":{"uv":[0.032,0.032,1.968,0.968],"texture":"#0","rotation":90}}},{"from":[6.45,0.55,0],"to":[9.45,5.55,1],"rotation":{"angle":-22.5,"axis":"x","origin":[7.95,2.05,0.5]},"faces":{"north":{"uv":[0.032,0.032,1.968,0.968],"texture":"#0"},"east":{"uv":[0.032,0.032,1.968,0.968],"texture":"#0"},"south":{"uv":[0.032,0.032,1.968,0.968],"texture":"#0"},"west":{"uv":[0.032,0.032,1.968,0.968],"texture":"#0"},"up":{"uv":[0.032,0.032,1.968,0.968],"texture":"#0","rotation":90},"down":{"uv":[0.032,0.032,1.968,0.968],"texture":"#0","rotation":270}}},{"from":[6.45,5.09224,-1.30133],"to":[9.45,8.09224,-0.30133],"rotation":{"angle":0,"axis":"x","origin":[7.95,6.59224,-0.80133]},"faces":{"north":{"uv":[0.032,0.032,1.968,0.968],"texture":"#0"},"east":{"uv":[0.032,0.032,1.968,0.968],"texture":"#0"},"south":{"uv":[0.032,0.032,1.968,0.968],"texture":"#0"},"west":{"uv":[0.032,0.032,1.968,0.968],"texture":"#0"},"up":{"uv":[0.032,0.032,1.968,0.968],"texture":"#0","rotation":90},"down":{"uv":[0.032,0.032,1.968,0.968],"texture":"#0","rotation":270}}},{"from":[6.45,7.78671,-0.76537],"to":[9.45,9.78671,0.23463],"rotation":{"angle":22.5,"axis":"x","origin":[7.95,9.28671,-0.26537]},"faces":{"north":{"uv":[0.032,0.032,1.968,0.968],"texture":"#0"},"east":{"uv":[0.032,0.032,1.968,0.968],"texture":"#0"},"south":{"uv":[0.032,0.032,1.968,0.968],"texture":"#0"},"west":{"uv":[0.032,0.032,1.968,0.968],"texture":"#0"},"up":{"uv":[0.032,0.032,1.968,0.968],"texture":"#0","rotation":90},"down":{"uv":[0.032,0.032,1.968,0.968],"texture":"#0","rotation":270}}},{"from":[6.45,9.1471,0.37825],"to":[9.45,10.3971,1.37825],"rotation":{"angle":45,"axis":"x","origin":[7.95,10.6471,0.87825]},"faces":{"north":{"uv":[0.032,0.032,1.968,0.968],"texture":"#0"},"east":{"uv":[0.032,0.032,1.968,0.968],"texture":"#0"},"south":{"uv":[0.032,0.032,1.968,0.968],"texture":"#0"},"west":{"uv":[0.032,0.032,1.968,0.968],"texture":"#0"},"up":{"uv":[0.032,0.032,1.968,0.968],"texture":"#0","rotation":90},"down":{"uv":[0.032,0.032,1.968,0.968],"texture":"#0","rotation":270}}},{"from":[6.45,10.43596,0.42508],"to":[9.45,11.43596,1.67508],"rotation":{"angle":-22.5,"axis":"x","origin":[7.95,10.93596,1.92508]},"faces":{"north":{"uv":[0.032,0.032,1.968,0.968],"texture":"#0","rotation":90},"east":{"uv":[0.032,0.032,1.968,0.968],"texture":"#0","rotation":270},"south":{"uv":[0.032,0.032,1.968,0.968],"texture":"#0","rotation":90},"west":{"uv":[0.032,0.032,1.968,0.968],"texture":"#0","rotation":90},"up":{"uv":[0.032,0.032,1.968,0.968],"texture":"#0","rotation":180},"down":{"uv":[0.032,0.032,1.968,0.968],"texture":"#0"}}},{"from":[6.45,10.30223,1.50277],"to":[9.45,11.30223,2.75277],"rotation":{"angle":0,"axis":"x","origin":[7.95,10.80223,3.00277]},"faces":{"north":{"uv":[0.032,0.032,1.968,0.968],"texture":"#0","rotation":90},"east":{"uv":[0.032,0.032,1.968,0.968],"texture":"#0","rotation":270},"south":{"uv":[0.032,0.032,1.968,0.968],"texture":"#0","rotation":90},"west":{"uv":[0.032,0.032,1.968,0.968],"texture":"#0","rotation":90},"up":{"uv":[0.032,0.032,1.968,0.968],"texture":"#0","rotation":180},"down":{"uv":[0.032,0.032,1.968,0.968],"texture":"#0"}}},{"from":[6.45,9.76627,2.44725],"to":[9.45,10.76627,6.89725],"rotation":{"angle":22.5,"axis":"x","origin":[7.95,10.26627,3.94725]},"faces":{"north":{"uv":[0.032,0.032,1.968,0.968],"texture":"#0","rotation":90},"east":{"uv":[0.032,0.032,1.968,0.968],"texture":"#0","rotation":270},"south":{"uv":[0.032,0.032,1.968,0.968],"texture":"#0","rotation":90},"west":{"uv":[0.032,0.032,1.968,0.968],"texture":"#0","rotation":90},"up":{"uv":[0.032,0.032,1.968,0.968],"texture":"#0","rotation":180},"down":{"uv":[0.032,0.032,1.968,0.968],"texture":"#0"}}},{"from":[6.5,0.55,15],"to":[9.5,5.55,16],"rotation":{"angle":22.5,"axis":"x","origin":[8,2.05,15.5]},"faces":{"north":{"uv":[0.032,0.032,1.968,0.968],"texture":"#0"},"east":{"uv":[0.032,0.032,1.968,0.968],"texture":"#0"},"south":{"uv":[0.032,0.032,1.968,0.968],"texture":"#0"},"west":{"uv":[0.032,0.032,1.968,0.968],"texture":"#0"},"up":{"uv":[0.032,0.032,1.968,0.968],"texture":"#0","rotation":270},"down":{"uv":[0.032,0.032,1.968,0.968],"texture":"#0","rotation":90}}},{"from":[6.5,5.09224,16.30133],"to":[9.5,8.09224,17.30133],"rotation":{"angle":0,"axis":"x","origin":[8,6.59224,16.80133]},"faces":{"north":{"uv":[0.032,0.032,1.968,0.968],"texture":"#0"},"east":{"uv":[0.032,0.032,1.968,0.968],"texture":"#0"},"south":{"uv":[0.032,0.032,1.968,0.968],"texture":"#0"},"west":{"uv":[0.032,0.032,1.968,0.968],"texture":"#0"},"up":{"uv":[0.032,0.032,1.968,0.968],"texture":"#0","rotation":270},"down":{"uv":[0.032,0.032,1.968,0.968],"texture":"#0","rotation":90}}},{"from":[6.5,7.78671,15.76537],"to":[9.5,9.78671,16.76537],"rotation":{"angle":-22.5,"axis":"x","origin":[8,9.28671,16.26537]},"faces":{"north":{"uv":[0.032,0.032,1.968,0.968],"texture":"#0"},"east":{"uv":[0.032,0.032,1.968,0.968],"texture":"#0"},"south":{"uv":[0.032,0.032,1.968,0.968],"texture":"#0"},"west":{"uv":[0.032,0.032,1.968,0.968],"texture":"#0"},"up":{"uv":[0.032,0.032,1.968,0.968],"texture":"#0","rotation":270},"down":{"uv":[0.032,0.032,1.968,0.968],"texture":"#0","rotation":90}}},{"from":[6.5,9.1471,14.62175],"to":[9.5,10.3971,15.62175],"rotation":{"angle":-45,"axis":"x","origin":[8,10.6471,15.12175]},"faces":{"north":{"uv":[0.032,0.032,1.968,0.968],"texture":"#0"},"east":{"uv":[0.032,0.032,1.968,0.968],"texture":"#0"},"south":{"uv":[0.032,0.032,1.968,0.968],"texture":"#0"},"west":{"uv":[0.032,0.032,1.968,0.968],"texture":"#0"},"up":{"uv":[0.032,0.032,1.968,0.968],"texture":"#0","rotation":270},"down":{"uv":[0.032,0.032,1.968,0.968],"texture":"#0","rotation":90}}},{"from":[6.5,10.43596,14.32492],"to":[9.5,11.43596,15.57492],"rotation":{"angle":22.5,"axis":"x","origin":[8,10.93596,14.07492]},"faces":{"north":{"uv":[0.032,0.032,1.968,0.968],"texture":"#0","rotation":90},"east":{"uv":[0.032,0.032,1.968,0.968],"texture":"#0","rotation":90},"south":{"uv":[0.032,0.032,1.968,0.968],"texture":"#0","rotation":90},"west":{"uv":[0.032,0.032,1.968,0.968],"texture":"#0","rotation":270},"up":{"uv":[0.032,0.032,1.968,0.968],"texture":"#0"},"down":{"uv":[0.032,0.032,1.968,0.968],"texture":"#0","rotation":180}}},{"from":[6.5,10.30223,13.24723],"to":[9.5,11.30223,14.49723],"rotation":{"angle":0,"axis":"x","origin":[8,10.80223,12.99723]},"faces":{"north":{"uv":[0.032,0.032,1.968,0.968],"texture":"#0","rotation":90},"east":{"uv":[0.032,0.032,1.968,0.968],"texture":"#0","rotation":90},"south":{"uv":[0.032,0.032,1.968,0.968],"texture":"#0","rotation":90},"west":{"uv":[0.032,0.032,1.968,0.968],"texture":"#0","rotation":270},"up":{"uv":[0.032,0.032,1.968,0.968],"texture":"#0"},"down":{"uv":[0.032,0.032,1.968,0.968],"texture":"#0","rotation":180}}},{"from":[6.5,9.76627,9.10275],"to":[9.5,10.76627,13.55275],"rotation":{"angle":-22.5,"axis":"x","origin":[8,10.26627,12.05275]},"faces":{"north":{"uv":[0.032,0.032,1.968,0.968],"texture":"#0","rotation":90},"east":{"uv":[0.032,0.032,1.968,0.968],"texture":"#0","rotation":90},"south":{"uv":[0.032,0.032,1.968,0.968],"texture":"#0","rotation":90},"west":{"uv":[0.032,0.032,1.968,0.968],"texture":"#0","rotation":270},"up":{"uv":[0.032,0.032,1.968,0.968],"texture":"#0"},"down":{"uv":[0.032,0.032,1.968,0.968],"texture":"#0","rotation":180}}},{"from":[14.95,0.55,6.5],"to":[15.95,5.55,9.5],"rotation":{"angle":-22.5,"axis":"z","origin":[15.45,2.05,8]},"faces":{"north":{"uv":[0.032,0.032,1.968,0.968],"texture":"#0"},"east":{"uv":[0.032,0.032,1.968,0.968],"texture":"#0"},"south":{"uv":[0.032,0.032,1.968,0.968],"texture":"#0"},"west":{"uv":[0.032,0.032,1.968,0.968],"texture":"#0"},"up":{"uv":[0.032,0.032,1.968,0.968],"texture":"#0","rotation":180},"down":{"uv":[0.032,0.032,1.968,0.968],"texture":"#0","rotation":180}}},{"from":[16.25133,5.09224,6.5],"to":[17.25133,8.09224,9.5],"rotation":{"angle":0,"axis":"z","origin":[16.75133,6.59224,8]},"faces":{"north":{"uv":[0.032,0.032,1.968,0.968],"texture":"#0"},"east":{"uv":[0.032,0.032,1.968,0.968],"texture":"#0"},"south":{"uv":[0.032,0.032,1.968,0.968],"texture":"#0"},"west":{"uv":[0.032,0.032,1.968,0.968],"texture":"#0"},"up":{"uv":[0.032,0.032,1.968,0.968],"texture":"#0","rotation":180},"down":{"uv":[0.032,0.032,1.968,0.968],"texture":"#0","rotation":180}}},{"from":[15.71537,7.78671,6.5],"to":[16.71537,9.78671,9.5],"rotation":{"angle":22.5,"axis":"z","origin":[16.21537,9.28671,8]},"faces":{"north":{"uv":[0.032,0.032,1.968,0.968],"texture":"#0"},"east":{"uv":[0.032,0.032,1.968,0.968],"texture":"#0"},"south":{"uv":[0.032,0.032,1.968,0.968],"texture":"#0"},"west":{"uv":[0.032,0.032,1.968,0.968],"texture":"#0"},"up":{"uv":[0.032,0.032,1.968,0.968],"texture":"#0","rotation":180},"down":{"uv":[0.032,0.032,1.968,0.968],"texture":"#0","rotation":180}}},{"from":[14.57175,9.1471,6.5],"to":[15.57175,10.3971,9.5],"rotation":{"angle":45,"axis":"z","origin":[15.07175,10.6471,8]},"faces":{"north":{"uv":[0.032,0.032,1.968,0.968],"texture":"#0"},"east":{"uv":[0.032,0.032,1.968,0.968],"texture":"#0"},"south":{"uv":[0.032,0.032,1.968,0.968],"texture":"#0"},"west":{"uv":[0.032,0.032,1.968,0.968],"texture":"#0"},"up":{"uv":[0.032,0.032,1.968,0.968],"texture":"#0","rotation":180},"down":{"uv":[0.032,0.032,1.968,0.968],"texture":"#0","rotation":180}}},{"from":[14.27492,10.43596,6.5],"to":[15.52492,11.43596,9.5],"rotation":{"angle":-22.5,"axis":"z","origin":[14.02492,10.93596,8]},"faces":{"north":{"uv":[0.032,0.032,1.968,0.968],"texture":"#0","rotation":90},"east":{"uv":[0.032,0.032,1.968,0.968],"texture":"#0","rotation":90},"south":{"uv":[0.032,0.032,1.968,0.968],"texture":"#0","rotation":270},"west":{"uv":[0.032,0.032,1.968,0.968],"texture":"#0","rotation":90},"up":{"uv":[0.032,0.032,1.968,0.968],"texture":"#0","rotation":270},"down":{"uv":[0.032,0.032,1.968,0.968],"texture":"#0","rotation":270}}},{"from":[13.19723,10.30223,6.5],"to":[14.44723,11.30223,9.5],"rotation":{"angle":0,"axis":"z","origin":[12.94723,10.80223,8]},"faces":{"north":{"uv":[0.032,0.032,1.968,0.968],"texture":"#0","rotation":90},"east":{"uv":[0.032,0.032,1.968,0.968],"texture":"#0","rotation":90},"south":{"uv":[0.032,0.032,1.968,0.968],"texture":"#0","rotation":270},"west":{"uv":[0.032,0.032,1.968,0.968],"texture":"#0","rotation":90},"up":{"uv":[0.032,0.032,1.968,0.968],"texture":"#0","rotation":270},"down":{"uv":[0.032,0.032,1.968,0.968],"texture":"#0","rotation":270}}},{"from":[9.05275,9.76627,6.5],"to":[13.50275,10.76627,9.5],"rotation":{"angle":22.5,"axis":"z","origin":[12.00275,10.26627,8]},"faces":{"north":{"uv":[0.032,0.032,1.968,0.968],"texture":"#0","rotation":90},"east":{"uv":[0.032,0.032,1.968,0.968],"texture":"#0","rotation":90},"south":{"uv":[0.032,0.032,1.968,0.968],"texture":"#0","rotation":270},"west":{"uv":[0.032,0.032,1.968,0.968],"texture":"#0","rotation":90},"up":{"uv":[0.032,0.032,1.968,0.968],"texture":"#0","rotation":270},"down":{"uv":[0.032,0.032,1.968,0.968],"texture":"#0","rotation":270}}},{"name":"octagon","from":[4.68629,0,0],"to":[11.31371,2,2],"rotation":{"angle":45,"axis":"y","origin":[8,0.75,8]},"faces":{"north":{"uv":[0.032,0.032,1.968,0.968],"texture":"#0"},"east":{"uv":[0.032,0.032,1.968,0.968],"texture":"#0"},"south":{"uv":[0.032,0.032,1.968,0.968],"texture":"#0"},"west":{"uv":[0.032,0.032,1.968,0.968],"texture":"#0"},"up":{"uv":[0.032,0.032,1.968,0.968],"texture":"#0"},"down":{"uv":[0.032,0.032,1.968,0.968],"texture":"#0"}}},{"name":"octagon","from":[4.68629,0,0],"to":[11.31371,2,2],"rotation":{"angle":0,"axis":"y","origin":[8,0.75,8]},"faces":{"north":{"uv":[0.032,0.032,1.968,0.968],"texture":"#0"},"east":{"uv":[0.032,0.032,1.968,0.968],"texture":"#0"},"south":{"uv":[0.032,0.032,1.968,0.968],"texture":"#0"},"west":{"uv":[0.032,0.032,1.968,0.968],"texture":"#0"},"up":{"uv":[0.032,0.032,1.968,0.968],"texture":"#0"},"down":{"uv":[0.032,0.032,1.968,0.968],"texture":"#0"}}},{"name":"octagon","from":[4.68629,0,14],"to":[11.31371,2,16],"rotation":{"angle":45,"axis":"y","origin":[8,0.75,8]},"faces":{"north":{"uv":[0.032,0.032,1.968,0.968],"texture":"#0"},"east":{"uv":[0.032,0.032,1.968,0.968],"texture":"#0"},"south":{"uv":[0.032,0.032,1.968,0.968],"texture":"#0"},"west":{"uv":[0.032,0.032,1.968,0.968],"texture":"#0"},"up":{"uv":[0.032,0.032,1.968,0.968],"texture":"#0"},"down":{"uv":[0.032,0.032,1.968,0.968],"texture":"#0"}}},{"name":"octagon","from":[4.68629,0,14],"to":[11.31371,2,16],"rotation":{"angle":0,"axis":"y","origin":[8,0.75,8]},"faces":{"north":{"uv":[0.032,0.032,1.968,0.968],"texture":"#0"},"east":{"uv":[0.032,0.032,1.968,0.968],"texture":"#0"},"south":{"uv":[0.032,0.032,1.968,0.968],"texture":"#0"},"west":{"uv":[0.032,0.032,1.968,0.968],"texture":"#0"},"up":{"uv":[0.032,0.032,1.968,0.968],"texture":"#0"},"down":{"uv":[0.032,0.032,1.968,0.968],"texture":"#0"}}},{"name":"octagon","from":[0,0,4.68629],"to":[2,2,11.31371],"rotation":{"angle":45,"axis":"y","origin":[8,0.75,8]},"faces":{"north":{"uv":[0.032,0.032,1.968,0.968],"texture":"#0"},"east":{"uv":[0.032,0.032,1.968,0.968],"texture":"#0"},"south":{"uv":[0.032,0.032,1.968,0.968],"texture":"#0"},"west":{"uv":[0.032,0.032,1.968,0.968],"texture":"#0"},"up":{"uv":[0.032,0.032,1.968,0.968],"texture":"#0"},"down":{"uv":[0.032,0.032,1.968,0.968],"texture":"#0"}}},{"name":"octagon","from":[0,0,4.68629],"to":[2,2,11.31371],"rotation":{"angle":0,"axis":"y","origin":[8,0.75,8]},"faces":{"north":{"uv":[0.032,0.032,1.968,0.968],"texture":"#0"},"east":{"uv":[0.032,0.032,1.968,0.968],"texture":"#0"},"south":{"uv":[0.032,0.032,1.968,0.968],"texture":"#0"},"west":{"uv":[0.032,0.032,1.968,0.968],"texture":"#0"},"up":{"uv":[0.032,0.032,1.968,0.968],"texture":"#0"},"down":{"uv":[0.032,0.032,1.968,0.968],"texture":"#0"}}},{"name":"octagon","from":[14,0,4.68629],"to":[16,2,11.31371],"rotation":{"angle":45,"axis":"y","origin":[8,0.75,8]},"faces":{"north":{"uv":[0.032,0.032,1.968,0.968],"texture":"#0"},"east":{"uv":[0.032,0.032,1.968,0.968],"texture":"#0"},"south":{"uv":[0.032,0.032,1.968,0.968],"texture":"#0"},"west":{"uv":[0.032,0.032,1.968,0.968],"texture":"#0"},"up":{"uv":[0.032,0.032,1.968,0.968],"texture":"#0"},"down":{"uv":[0.032,0.032,1.968,0.968],"texture":"#0"}}},{"name":"octagon","from":[14,0,4.68629],"to":[16,2,11.31371],"rotation":{"angle":0,"axis":"y","origin":[8,0.75,8]},"faces":{"north":{"uv":[0.032,0.032,1.968,0.968],"texture":"#0"},"east":{"uv":[0.032,0.032,1.968,0.968],"texture":"#0"},"south":{"uv":[0.032,0.032,1.968,0.968],"texture":"#0"},"west":{"uv":[0.032,0.032,1.968,0.968],"texture":"#0"},"up":{"uv":[0.032,0.032,1.968,0.968],"texture":"#0"},"down":{"uv":[0.032,0.032,1.968,0.968],"texture":"#0"}}},{"from":[6.475,8.67541,6.48135],"to":[9.475,9.67541,9.51865],"rotation":{"angle":0,"axis":"x","origin":[8.1,9.17541,8.01865]},"faces":{"north":{"uv":[0.032,0.032,1.968,0.968],"texture":"#0","rotation":90},"east":{"uv":[0.032,0.032,1.968,0.968],"texture":"#0","rotation":90},"south":{"uv":[0.032,0.032,1.968,0.968],"texture":"#0","rotation":90},"west":{"uv":[0.032,0.032,1.968,0.968],"texture":"#0","rotation":270},"up":{"uv":[0.032,0.032,1.968,0.968],"texture":"#0"},"down":{"uv":[0.032,0.032,1.968,0.968],"texture":"#0","rotation":180}}},{"from":[6.78,10.64033,6.78508],"to":[9.18,12.94033,9.21492],"rotation":{"angle":0,"axis":"x","origin":[8.08,11.04033,8.01492]},"faces":{"north":{"uv":[7.032,8.032,7.968,8.968],"texture":"#0","rotation":90},"east":{"uv":[7.032,8.032,7.968,8.968],"texture":"#0","rotation":90},"south":{"uv":[7.032,8.032,7.968,8.968],"texture":"#0","rotation":90},"west":{"uv":[7.032,8.032,7.968,8.968],"texture":"#0","rotation":90},"up":{"uv":[7.032,8.032,7.968,8.968],"texture":"#0","rotation":90},"down":{"uv":[7.032,8.032,7.968,8.968],"texture":"#0","rotation":90}}},{"from":[6.98,12.94033,6.98508],"to":[8.98,13.24033,9.01492],"rotation":{"angle":0,"axis":"x","origin":[8.08,13.34033,8.01492]},"faces":{"north":{"uv":[7.032,8.032,7.968,8.968],"texture":"#0","rotation":90},"east":{"uv":[7.032,8.032,7.968,8.968],"texture":"#0","rotation":90},"south":{"uv":[7.032,8.032,7.968,8.968],"texture":"#0","rotation":90},"west":{"uv":[7.032,8.032,7.968,8.968],"texture":"#0","rotation":90},"up":{"uv":[7.032,8.032,7.968,8.968],"texture":"#0","rotation":90},"down":{"uv":[7.032,8.032,7.968,8.968],"texture":"#0","rotation":90}}},{"from":[6.98,10.34033,6.98508],"to":[8.98,10.64033,9.01492],"rotation":{"angle":0,"axis":"x","origin":[8.08,10.74033,8.01492]},"faces":{"north":{"uv":[7.032,8.032,7.968,8.968],"texture":"#0","rotation":90},"east":{"uv":[7.032,8.032,7.968,8.968],"texture":"#0","rotation":90},"south":{"uv":[7.032,8.032,7.968,8.968],"texture":"#0","rotation":90},"west":{"uv":[7.032,8.032,7.968,8.968],"texture":"#0","rotation":90},"up":{"uv":[7.032,8.032,7.968,8.968],"texture":"#0","rotation":90},"down":{"uv":[7.032,8.032,7.968,8.968],"texture":"#0","rotation":90}}},{"from":[7.48,9.54033,7.48508],"to":[8.48,10.34033,8.51492],"rotation":{"angle":0,"axis":"x","origin":[8.08,10.44033,8.01492]},"faces":{"north":{"uv":[7.032,8.032,7.968,8.968],"texture":"#0","rotation":90},"east":{"uv":[7.032,8.032,7.968,8.968],"texture":"#0","rotation":90},"south":{"uv":[7.032,8.032,7.968,8.968],"texture":"#0","rotation":90},"west":{"uv":[7.032,8.032,7.968,8.968],"texture":"#0","rotation":90},"up":{"uv":[7.032,8.032,7.968,8.968],"texture":"#0","rotation":90},"down":{"uv":[7.032,8.032,7.968,8.968],"texture":"#0","rotation":90}}},{"from":[7.68,13.24033,7.78508],"to":[8.28,17.04033,8.21492],"rotation":{"angle":0,"axis":"x","origin":[8.08,14.14033,8.01492]},"faces":{"north":{"uv":[0.032,0.032,1.968,0.968],"texture":"#0","rotation":180},"east":{"uv":[0.032,0.032,1.968,0.968],"texture":"#0","rotation":180},"south":{"uv":[0.032,0.032,1.968,0.968],"texture":"#0","rotation":180},"west":{"uv":[0.032,0.032,1.968,0.968],"texture":"#0","rotation":180},"up":{"uv":[0.032,0.032,1.968,0.968],"texture":"#0","rotation":180},"down":{"uv":[0.032,0.032,1.968,0.968],"texture":"#0","rotation":180}}},{"from":[7.08,15.74033,7.78508],"to":[7.68,16.34033,8.21492],"rotation":{"angle":0,"axis":"x","origin":[7.48,14.14033,8.01492]},"faces":{"north":{"uv":[0.032,0.032,1.968,0.968],"texture":"#0","rotation":180},"east":{"uv":[0.032,0.032,1.968,0.968],"texture":"#0","rotation":180},"south":{"uv":[0.032,0.032,1.968,0.968],"texture":"#0","rotation":180},"west":{"uv":[0.032,0.032,1.968,0.968],"texture":"#0","rotation":180},"up":{"uv":[0.032,0.032,1.968,0.968],"texture":"#0","rotation":180},"down":{"uv":[0.032,0.032,1.968,0.968],"texture":"#0","rotation":180}}},{"from":[8.28,15.74033,7.78508],"to":[8.88,16.34033,8.21492],"rotation":{"angle":0,"axis":"x","origin":[8.68,14.14033,8.01492]},"faces":{"north":{"uv":[0.032,0.032,1.968,0.968],"texture":"#0","rotation":180},"east":{"uv":[0.032,0.032,1.968,0.968],"texture":"#0","rotation":180},"south":{"uv":[0.032,0.032,1.968,0.968],"texture":"#0","rotation":180},"west":{"uv":[0.032,0.032,1.968,0.968],"texture":"#0","rotation":180},"up":{"uv":[0.032,0.032,1.968,0.968],"texture":"#0","rotation":180},"down":{"uv":[0.032,0.032,1.968,0.968],"texture":"#0","rotation":180}}},{"from":[7.45,2.75,-0.3],"to":[8.45,3.75,-0.1],"rotation":{"angle":-22.5,"axis":"x","origin":[7.95,2.05,-0.6]},"faces":{"north":{"uv":[7.032,8.032,7.968,8.968],"texture":"#0","rotation":90},"east":{"uv":[7.032,8.032,7.968,8.968],"texture":"#0","rotation":90},"south":{"uv":[7.032,8.032,7.968,8.968],"texture":"#0","rotation":90},"west":{"uv":[7.032,8.032,7.968,8.968],"texture":"#0","rotation":90},"up":{"uv":[7.032,8.032,7.968,8.968],"texture":"#0","rotation":90},"down":{"uv":[7.032,8.032,7.968,8.968],"texture":"#0","rotation":90}}},{"from":[7.45,6.05,-1.5],"to":[8.45,7.05,-1.3],"rotation":{"angle":0,"axis":"x","origin":[7.95,5.35,-1.8]},"faces":{"north":{"uv":[7.032,8.032,7.968,8.968],"texture":"#0","rotation":90},"east":{"uv":[7.032,8.032,7.968,8.968],"texture":"#0","rotation":90},"south":{"uv":[7.032,8.032,7.968,8.968],"texture":"#0","rotation":90},"west":{"uv":[7.032,8.032,7.968,8.968],"texture":"#0","rotation":90},"up":{"uv":[7.032,8.032,7.968,8.968],"texture":"#0","rotation":90},"down":{"uv":[7.032,8.032,7.968,8.968],"texture":"#0","rotation":90}}},{"from":[7.45,8.75,-1.5],"to":[8.45,9.75,-1.3],"rotation":{"angle":22.5,"axis":"x","origin":[7.95,8.05,-1.8]},"faces":{"north":{"uv":[7.032,8.032,7.968,8.968],"texture":"#0","rotation":90},"east":{"uv":[7.032,8.032,7.968,8.968],"texture":"#0","rotation":90},"south":{"uv":[7.032,8.032,7.968,8.968],"texture":"#0","rotation":90},"west":{"uv":[7.032,8.032,7.968,8.968],"texture":"#0","rotation":90},"up":{"uv":[7.032,8.032,7.968,8.968],"texture":"#0","rotation":90},"down":{"uv":[7.032,8.032,7.968,8.968],"texture":"#0","rotation":90}}},{"from":[7.45,10.55,0.3],"to":[8.45,10.75,1.3],"rotation":{"angle":-22.5,"axis":"x","origin":[7.95,11.05,-0.4]},"faces":{"north":{"uv":[7.032,8.032,7.968,8.968],"texture":"#0","rotation":270},"east":{"uv":[7.032,8.032,7.968,8.968],"texture":"#0"},"south":{"uv":[7.032,8.032,7.968,8.968],"texture":"#0","rotation":90},"west":{"uv":[7.032,8.032,7.968,8.968],"texture":"#0","rotation":180},"up":{"uv":[7.032,8.032,7.968,8.968],"texture":"#0","rotation":270},"down":{"uv":[7.032,8.032,7.968,8.968],"texture":"#0","rotation":90}}},{"from":[7.45,11.1,4],"to":[8.45,11.3,5],"rotation":{"angle":22.5,"axis":"x","origin":[7.95,11.6,3.3]},"faces":{"north":{"uv":[7.032,8.032,7.968,8.968],"texture":"#0","rotation":270},"east":{"uv":[7.032,8.032,7.968,8.968],"texture":"#0"},"south":{"uv":[7.032,8.032,7.968,8.968],"texture":"#0","rotation":90},"west":{"uv":[7.032,8.032,7.968,8.968],"texture":"#0","rotation":180},"up":{"uv":[7.032,8.032,7.968,8.968],"texture":"#0","rotation":270},"down":{"uv":[7.032,8.032,7.968,8.968],"texture":"#0","rotation":90}}},{"from":[7.45,11.1,11],"to":[8.45,11.3,12],"rotation":{"angle":-22.5,"axis":"x","origin":[7.95,11.6,12.7]},"faces":{"north":{"uv":[7.968,8.032,7.032,8.968],"texture":"#0","rotation":90},"east":{"uv":[7.968,8.032,7.032,8.968],"texture":"#0"},"south":{"uv":[7.968,8.032,7.032,8.968],"texture":"#0","rotation":270},"west":{"uv":[7.968,8.032,7.032,8.968],"texture":"#0","rotation":180},"up":{"uv":[7.032,8.968,7.968,8.032],"texture":"#0","rotation":270},"down":{"uv":[7.032,8.968,7.968,8.032],"texture":"#0","rotation":90}}},{"from":[7.45,10.55,14.7],"to":[8.45,10.75,15.7],"rotation":{"angle":22.5,"axis":"x","origin":[7.95,11.05,16.4]},"faces":{"north":{"uv":[7.968,8.032,7.032,8.968],"texture":"#0","rotation":90},"east":{"uv":[7.968,8.032,7.032,8.968],"texture":"#0"},"south":{"uv":[7.968,8.032,7.032,8.968],"texture":"#0","rotation":270},"west":{"uv":[7.968,8.032,7.032,8.968],"texture":"#0","rotation":180},"up":{"uv":[7.032,8.968,7.968,8.032],"texture":"#0","rotation":270},"down":{"uv":[7.032,8.968,7.968,8.032],"texture":"#0","rotation":90}}},{"from":[7.45,8.75,17.3],"to":[8.45,9.75,17.5],"rotation":{"angle":-22.5,"axis":"x","origin":[7.95,8.05,17.8]},"faces":{"north":{"uv":[7.968,8.032,7.032,8.968],"texture":"#0","rotation":90},"east":{"uv":[7.968,8.032,7.032,8.968],"texture":"#0","rotation":90},"south":{"uv":[7.968,8.032,7.032,8.968],"texture":"#0","rotation":90},"west":{"uv":[7.968,8.032,7.032,8.968],"texture":"#0","rotation":90},"up":{"uv":[7.032,8.968,7.968,8.032],"texture":"#0","rotation":90},"down":{"uv":[7.032,8.968,7.968,8.032],"texture":"#0","rotation":90}}},{"from":[7.45,6.05,17.3],"to":[8.45,7.05,17.5],"rotation":{"angle":0,"axis":"x","origin":[7.95,5.35,17.8]},"faces":{"north":{"uv":[7.968,8.032,7.032,8.968],"texture":"#0","rotation":90},"east":{"uv":[7.968,8.032,7.032,8.968],"texture":"#0","rotation":90},"south":{"uv":[7.968,8.032,7.032,8.968],"texture":"#0","rotation":90},"west":{"uv":[7.968,8.032,7.032,8.968],"texture":"#0","rotation":90},"up":{"uv":[7.032,8.968,7.968,8.032],"texture":"#0","rotation":90},"down":{"uv":[7.032,8.968,7.968,8.032],"texture":"#0","rotation":90}}},{"from":[7.45,2.75,16.075],"to":[8.45,3.75,16.275],"rotation":{"angle":22.5,"axis":"x","origin":[7.95,2.05,16.575]},"faces":{"north":{"uv":[7.968,8.032,7.032,8.968],"texture":"#0","rotation":90},"east":{"uv":[7.968,8.032,7.032,8.968],"texture":"#0","rotation":90},"south":{"uv":[7.968,8.032,7.032,8.968],"texture":"#0","rotation":90},"west":{"uv":[7.968,8.032,7.032,8.968],"texture":"#0","rotation":90},"up":{"uv":[7.032,8.968,7.968,8.032],"texture":"#0","rotation":90},"down":{"uv":[7.032,8.968,7.968,8.032],"texture":"#0","rotation":90}}},{"from":[3.95,11.1,7.5],"to":[4.95,11.3,8.5],"rotation":{"angle":-22.5,"axis":"z","origin":[3.25,11.6,8]},"faces":{"north":{"uv":[7.968,8.032,7.032,8.968],"texture":"#0","rotation":180},"east":{"uv":[7.968,8.032,7.032,8.968],"texture":"#0","rotation":90},"south":{"uv":[7.968,8.032,7.032,8.968],"texture":"#0"},"west":{"uv":[7.968,8.032,7.032,8.968],"texture":"#0","rotation":270},"up":{"uv":[7.032,8.968,7.968,8.032],"texture":"#0"},"down":{"uv":[7.032,8.968,7.968,8.032],"texture":"#0"}}},{"from":[0.25,10.55,7.5],"to":[1.25,10.75,8.5],"rotation":{"angle":22.5,"axis":"z","origin":[-0.45,11.05,8]},"faces":{"north":{"uv":[7.968,8.032,7.032,8.968],"texture":"#0","rotation":180},"east":{"uv":[7.968,8.032,7.032,8.968],"texture":"#0","rotation":90},"south":{"uv":[7.968,8.032,7.032,8.968],"texture":"#0"},"west":{"uv":[7.968,8.032,7.032,8.968],"texture":"#0","rotation":270},"up":{"uv":[7.032,8.968,7.968,8.032],"texture":"#0"},"down":{"uv":[7.032,8.968,7.968,8.032],"texture":"#0"}}},{"from":[-1.55,8.75,7.5],"to":[-1.35,9.75,8.5],"rotation":{"angle":-22.5,"axis":"z","origin":[-1.85,8.05,8]},"faces":{"north":{"uv":[7.968,8.032,7.032,8.968],"texture":"#0","rotation":90},"east":{"uv":[7.968,8.032,7.032,8.968],"texture":"#0","rotation":90},"south":{"uv":[7.968,8.032,7.032,8.968],"texture":"#0","rotation":90},"west":{"uv":[7.968,8.032,7.032,8.968],"texture":"#0","rotation":90},"up":{"uv":[7.032,8.968,7.968,8.032],"texture":"#0","rotation":180},"down":{"uv":[7.032,8.968,7.968,8.032],"texture":"#0"}}},{"from":[-1.55,6.05,7.5],"to":[-1.35,7.05,8.5],"rotation":{"angle":0,"axis":"z","origin":[-1.85,5.35,8]},"faces":{"north":{"uv":[7.968,8.032,7.032,8.968],"texture":"#0","rotation":90},"east":{"uv":[7.968,8.032,7.032,8.968],"texture":"#0","rotation":90},"south":{"uv":[7.968,8.032,7.032,8.968],"texture":"#0","rotation":90},"west":{"uv":[7.968,8.032,7.032,8.968],"texture":"#0","rotation":90},"up":{"uv":[7.032,8.968,7.968,8.032],"texture":"#0","rotation":180},"down":{"uv":[7.032,8.968,7.968,8.032],"texture":"#0"}}},{"from":[-0.275,2.75,7.5],"to":[-0.075,3.75,8.5],"rotation":{"angle":22.5,"axis":"z","origin":[-0.575,2.05,8]},"faces":{"north":{"uv":[7.968,8.032,7.032,8.968],"texture":"#0","rotation":90},"east":{"uv":[7.968,8.032,7.032,8.968],"texture":"#0","rotation":90},"south":{"uv":[7.968,8.032,7.032,8.968],"texture":"#0","rotation":90},"west":{"uv":[7.968,8.032,7.032,8.968],"texture":"#0","rotation":90},"up":{"uv":[7.032,8.968,7.968,8.032],"texture":"#0","rotation":180},"down":{"uv":[7.032,8.968,7.968,8.032],"texture":"#0"}}},{"from":[10.95,11.1,7.5],"to":[11.95,11.3,8.5],"rotation":{"angle":22.5,"axis":"z","origin":[12.65,11.6,8]},"faces":{"north":{"uv":[7.032,8.032,7.968,8.968],"texture":"#0","rotation":180},"east":{"uv":[7.032,8.032,7.968,8.968],"texture":"#0","rotation":270},"south":{"uv":[7.032,8.032,7.968,8.968],"texture":"#0"},"west":{"uv":[7.032,8.032,7.968,8.968],"texture":"#0","rotation":90},"up":{"uv":[7.032,8.032,7.968,8.968],"texture":"#0"},"down":{"uv":[7.032,8.032,7.968,8.968],"texture":"#0"}}},{"from":[14.65,10.55,7.5],"to":[15.65,10.75,8.5],"rotation":{"angle":-22.5,"axis":"z","origin":[16.35,11.05,8]},"faces":{"north":{"uv":[7.032,8.032,7.968,8.968],"texture":"#0","rotation":180},"east":{"uv":[7.032,8.032,7.968,8.968],"texture":"#0","rotation":270},"south":{"uv":[7.032,8.032,7.968,8.968],"texture":"#0"},"west":{"uv":[7.032,8.032,7.968,8.968],"texture":"#0","rotation":90},"up":{"uv":[7.032,8.032,7.968,8.968],"texture":"#0"},"down":{"uv":[7.032,8.032,7.968,8.968],"texture":"#0"}}},{"from":[17.25,8.75,7.5],"to":[17.45,9.75,8.5],"rotation":{"angle":22.5,"axis":"z","origin":[17.75,8.05,8]},"faces":{"north":{"uv":[7.032,8.032,7.968,8.968],"texture":"#0","rotation":90},"east":{"uv":[7.032,8.032,7.968,8.968],"texture":"#0","rotation":90},"south":{"uv":[7.032,8.032,7.968,8.968],"texture":"#0","rotation":90},"west":{"uv":[7.032,8.032,7.968,8.968],"texture":"#0","rotation":90},"up":{"uv":[7.032,8.032,7.968,8.968],"texture":"#0","rotation":180},"down":{"uv":[7.032,8.032,7.968,8.968],"texture":"#0"}}},{"from":[17.25,6.05,7.5],"to":[17.45,7.05,8.5],"rotation":{"angle":0,"axis":"z","origin":[17.75,5.35,8]},"faces":{"north":{"uv":[7.032,8.032,7.968,8.968],"texture":"#0","rotation":90},"east":{"uv":[7.032,8.032,7.968,8.968],"texture":"#0","rotation":90},"south":{"uv":[7.032,8.032,7.968,8.968],"texture":"#0","rotation":90},"west":{"uv":[7.032,8.032,7.968,8.968],"texture":"#0","rotation":90},"up":{"uv":[7.032,8.032,7.968,8.968],"texture":"#0","rotation":180},"down":{"uv":[7.032,8.032,7.968,8.968],"texture":"#0"}}},{"from":[16.05,2.75,7.5],"to":[16.25,3.75,8.5],"rotation":{"angle":-22.5,"axis":"z","origin":[16.55,2.05,8]},"faces":{"north":{"uv":[7.032,8.032,7.968,8.968],"texture":"#0","rotation":90},"east":{"uv":[7.032,8.032,7.968,8.968],"texture":"#0","rotation":90},"south":{"uv":[7.032,8.032,7.968,8.968],"texture":"#0","rotation":90},"west":{"uv":[7.032,8.032,7.968,8.968],"texture":"#0","rotation":90},"up":{"uv":[7.032,8.032,7.968,8.968],"texture":"#0","rotation":180},"down":{"uv":[7.032,8.032,7.968,8.968],"texture":"#0"}}}],"display":{"head":{"scale":[0.8,0.8,0.8],"translation":[0,12.7,0]},"gui":{"scale":[0.7,0.7,0.7],"rotation":[19,-32,0]}},"groups":[{"name":"octagon","isOpen":true,"shade":true,"display":{"visibility":true,"autouv":true},"children":[0,1,2,3,4,5,6,7,8,9,10,11,12,13,14,15,16,17,18,19,20,21,22,23,24,25,26,27,28,29,30,31,32,33,34,35,36,37,38,39,40,41,42,43,44,45,46,47,48,49,50,51,52,53,54,55,56,57,58,59,60,61,62,63]},64,65,66,67,68,69,70,71,72,73,74,75,76,77,78,79,80,81,82,83,84,85,86,87,88,89,90,91,{"name":"octagon","isOpen":true,"shade":true,"display":{"visibility":true,"autouv":true},"children":[92,93,94,95,96,97,98,99]},100,101,102,103,104,105,106,107,108,109,110,111,112,113,114,115,116,117,118,119,120,121,122,123,124,125,126,127],"credit":"Model by Craftventure"}