{"textures":{"5":"block/fight"},"elements":[{"name":"head","from":[6,12,-1.25],"to":[10,16,2.75],"rotation":{"angle":0,"axis":"y","origin":[8,4.25,0.75]},"faces":{"north":{"uv":[9,0.334,9.332,0.666],"texture":"#5"},"east":{"uv":[8.667,0.334,8.999,0.666],"texture":"#5"},"south":{"uv":[8.334,0.334,8.666,0.666],"texture":"#5"},"west":{"uv":[8,0.334,8.332,0.666],"texture":"#5"},"up":{"uv":[8.667,0.332,8.335,0],"rotation":180,"texture":"#5"},"down":{"uv":[6.332,0.332,6,0],"rotation":90,"texture":"#5"}}},{"name":"body","from":[6,6,-0.25],"to":[10,12,1.75],"rotation":{"angle":0,"axis":"y","origin":[8,4.25,0.75]},"faces":{"north":{"uv":[8.333,0.835,8.663,1.335],"texture":"#5"},"east":{"uv":[8.499,0.835,8.663,1.335],"texture":"#5"},"south":{"uv":[8.833,0.835,9.163,1.335],"texture":"#5"},"west":{"uv":[8,0.835,8.164,1.335],"texture":"#5"},"up":{"uv":[6.497,1.335,6.167,0.835],"texture":"#5"}}},{"name":"right_leg","from":[6,0,-0.25],"to":[8,6,1.75],"rotation":{"angle":0,"axis":"y","origin":[8,4.25,0.75]},"faces":{"north":{"uv":[8,0.835,8.167,1.325],"texture":"#5"},"east":{"uv":[8,0.835,8.167,1.325],"texture":"#5"},"south":{"uv":[8,0.835,8.167,1.325],"texture":"#5"},"west":{"uv":[8,0.835,8.167,1.325],"texture":"#5"},"up":{"uv":[8,0.835,8.167,1.325],"texture":"#5"},"down":{"uv":[8,0.835,8.167,1.002],"texture":"#5"}}},{"name":"right_leg","from":[8,0,-0.25],"to":[10,6,1.75],"rotation":{"angle":0,"axis":"y","origin":[9,3,0.75]},"faces":{"north":{"uv":[8.167,0.835,8,1.325],"rotation":180,"texture":"#5"},"east":{"uv":[8.167,0.835,8,1.325],"texture":"#5"},"south":{"uv":[8.167,0.835,8,1.325],"rotation":180,"texture":"#5"},"west":{"uv":[8.167,0.835,8,1.325],"texture":"#5"},"up":{"uv":[8.167,0.835,8,1.325],"rotation":270,"texture":"#5"},"down":{"uv":[8.167,0.835,8,1.002],"rotation":90,"texture":"#5"}}},{"name":"right_leg","from":[4,10,-0.25],"to":[6,12,5.75],"rotation":{"angle":0,"axis":"x","origin":[5,11,0.75]},"faces":{"north":{"uv":[10,1,10.167,1.167],"texture":"#5"},"east":{"uv":[10.167,1.33,10,0.84],"rotation":270,"texture":"#5"},"south":{"uv":[10,0.667,10.167,0.834],"texture":"#5"},"west":{"uv":[10,1.33,9.833,0.84],"rotation":90,"texture":"#5"},"up":{"uv":[10.334,1.33,10.167,0.84],"rotation":180,"texture":"#5"},"down":{"uv":[10.167,1.33,10,0.84],"texture":"#5"}}},{"name":"right_leg","from":[10,10,-0.25],"to":[12,12,5.75],"rotation":{"angle":0,"axis":"x","origin":[11,11,0.75]},"faces":{"north":{"uv":[10.167,1,10,1.167],"texture":"#5"},"east":{"uv":[10,0.84,9.833,1.33],"rotation":90,"texture":"#5"},"south":{"uv":[10.167,0.667,10,0.834],"texture":"#5"},"west":{"uv":[10.167,0.84,10,1.33],"rotation":270,"texture":"#5"},"up":{"uv":[10.167,1.33,10.334,0.84],"rotation":180,"texture":"#5"},"down":{"uv":[10,1.33,10.167,0.84],"texture":"#5"}}},{"name":"head","from":[6,12,13.25],"to":[10,16,17.25],"rotation":{"angle":0,"axis":"y","origin":[8,4.25,15.25]},"faces":{"north":{"uv":[5.667,0.334,5.999,0.666],"texture":"#5"},"east":{"uv":[5.334,0.334,5.666,0.666],"texture":"#5"},"south":{"uv":[6.334,0.334,6.666,0.666],"texture":"#5"},"west":{"uv":[6,0.334,6.332,0.666],"texture":"#5"},"up":{"uv":[5.667,0,5.999,0.332],"rotation":180,"texture":"#5"},"down":{"uv":[6,0,6.332,0.332],"texture":"#5"}}},{"name":"head","from":[5.75,11.75,13],"to":[10.25,16.25,17.5],"rotation":{"angle":0,"axis":"y","origin":[8,4.25,15.25]},"faces":{"north":{"uv":[7,0.334,7.332,0.666],"texture":"#5"},"east":{"uv":[6.667,0.334,6.999,0.666],"texture":"#5"},"south":{"uv":[7.666,0.334,7.998,0.666],"texture":"#5"},"west":{"uv":[7.333,0.334,7.665,0.666],"texture":"#5"},"up":{"uv":[7,0,7.332,0.332],"rotation":180,"texture":"#5"}}},{"name":"body","from":[6,6,14.25],"to":[10,12,16.25],"rotation":{"angle":0,"axis":"y","origin":[8,4.25,15.25]},"faces":{"north":{"uv":[6.167,0.835,6.497,1.335],"texture":"#5"},"east":{"uv":[6,0.835,6.164,1.335],"texture":"#5"},"south":{"uv":[6.666,0.835,6.996,1.335],"texture":"#5"},"west":{"uv":[6.499,0.835,6.663,1.335],"texture":"#5"},"up":{"uv":[6.167,0.835,6.497,1.335],"texture":"#5"}}},{"name":"right_leg","from":[8,0,14.25],"to":[10,6,16.25],"rotation":{"angle":0,"axis":"y","origin":[8,4.25,15.25]},"faces":{"north":{"uv":[6.167,2.17,6.334,2.66],"texture":"#5"},"east":{"uv":[6,2.17,6.167,2.66],"texture":"#5"},"south":{"uv":[6.499,2.17,6.666,2.66],"texture":"#5"},"west":{"uv":[6.334,2.17,6.501,2.66],"texture":"#5"},"up":{"uv":[6,2.17,6.167,2.66],"texture":"#5"},"down":{"uv":[6.333,2,6.5,2.167],"texture":"#5"}}},{"name":"right_leg","from":[10,10,10.25],"to":[12,12,16.25],"rotation":{"angle":0,"axis":"x","origin":[11,11,15.25]},"faces":{"north":{"uv":[7.5,0.666,7.334,0.833],"rotation":180,"texture":"#5"},"east":{"uv":[7,0.84,7.167,1.33],"rotation":270,"texture":"#5"},"south":{"uv":[7.167,0.666,7.334,0.833],"rotation":270,"texture":"#5"},"west":{"uv":[7.334,0.84,7.501,1.33],"rotation":90,"texture":"#5"},"up":{"uv":[7.167,0.84,7.334,1.33],"rotation":180,"texture":"#5"},"down":{"uv":[7.499,0.84,7.666,1.33],"texture":"#5"}}},{"name":"right_leg","from":[4,10,10.25],"to":[6,12,16.25],"rotation":{"angle":0,"axis":"x","origin":[5,11,15.25]},"faces":{"north":{"uv":[7.334,0.666,7.5,0.833],"rotation":180,"texture":"#5"},"east":{"uv":[7.334,1.33,7.501,0.84],"rotation":90,"texture":"#5"},"south":{"uv":[7.167,0.833,7.334,0.666],"rotation":270,"texture":"#5"},"west":{"uv":[7,1.33,7.167,0.84],"rotation":270,"texture":"#5"},"up":{"uv":[7.334,0.84,7.167,1.33],"rotation":180,"texture":"#5"},"down":{"uv":[7.666,0.84,7.499,1.33],"texture":"#5"}}},{"name":"right_leg","from":[6,0,14.25],"to":[8,6,16.25],"rotation":{"angle":0,"axis":"x","origin":[8,4.25,15.25]},"faces":{"north":{"uv":[6.334,2.17,6.167,2.66],"texture":"#5"},"east":{"uv":[6.501,2.17,6.334,2.66],"texture":"#5"},"south":{"uv":[6.666,2.17,6.499,2.66],"texture":"#5"},"west":{"uv":[6.167,2.17,6,2.66],"texture":"#5"},"up":{"uv":[6.167,2.17,6,2.66],"texture":"#5"},"down":{"uv":[6.5,2,6.333,2.167],"texture":"#5"}}},{"name":"octagon","from":[10.7,7.675,6.75736],"to":[11,12.025,9.24264],"rotation":{"angle":-22.5,"axis":"y","origin":[8,9.625,8]},"faces":{"east":{"uv":[0,0.78,2.65,5.33],"texture":"#5"},"west":{"uv":[4,2,4.249,2.25],"texture":"#5"},"up":{"uv":[11,5,11.25,5.25],"rotation":90,"texture":"#5"},"down":{"uv":[4,2,4.249,2.25],"rotation":270,"texture":"#5"}}},{"name":"octagon","from":[10.7,7.675,6.75736],"to":[11,12.025,9.24264],"rotation":{"angle":22.5,"axis":"y","origin":[8,9.625,8]},"faces":{"east":{"uv":[2.65,0.78,5.3,5.33],"texture":"#5"},"west":{"uv":[4,2,4.249,2.25],"texture":"#5"},"up":{"uv":[11,5,11.25,5.25],"rotation":90,"texture":"#5"},"down":{"uv":[4,2,4.249,2.25],"rotation":270,"texture":"#5"}}},{"name":"octagon","from":[5,7.675,6.75736],"to":[5.3,12.025,9.24264],"rotation":{"angle":22.5,"axis":"y","origin":[8,9.625,8]},"faces":{"east":{"uv":[4,2,4.249,2.25],"texture":"#5"},"west":{"uv":[4,2,4.249,2.25],"texture":"#5"},"up":{"uv":[4,2,4.249,2.25],"rotation":90,"texture":"#5"},"down":{"uv":[4,2,4.249,2.25],"rotation":270,"texture":"#5"}}},{"name":"octagon","from":[5,7.675,6.75736],"to":[5.3,12.025,9.24264],"rotation":{"angle":-22.5,"axis":"y","origin":[8,9.625,8]},"faces":{"east":{"uv":[4,2,4.249,2.25],"texture":"#5"},"west":{"uv":[4,2,4.249,2.25],"texture":"#5"},"up":{"uv":[4,2,4.249,2.25],"rotation":90,"texture":"#5"},"down":{"uv":[4,2,4.249,2.25],"rotation":270,"texture":"#5"}}},{"name":"octagon","from":[6.75736,7.675,5],"to":[9.24264,12.025,5.3],"rotation":{"angle":22.5,"axis":"y","origin":[8,9.625,8]},"faces":{"north":{"uv":[4,2,4.249,2.25],"texture":"#5"},"south":{"uv":[4,2,4.249,2.25],"texture":"#5"},"up":{"uv":[4,2,4.249,2.25],"rotation":90,"texture":"#5"},"down":{"uv":[4,2,4.249,2.25],"rotation":270,"texture":"#5"}}},{"name":"octagon","from":[6.75736,7.675,5],"to":[9.24264,12.025,5.3],"rotation":{"angle":-22.5,"axis":"y","origin":[8,9.625,8]},"faces":{"north":{"uv":[4,2,4.249,2.25],"texture":"#5"},"south":{"uv":[4,2,4.249,2.25],"texture":"#5"},"up":{"uv":[4,2,4.249,2.25],"rotation":90,"texture":"#5"},"down":{"uv":[4,2,4.249,2.25],"rotation":270,"texture":"#5"}}},{"name":"octagon","from":[6.75736,7.675,10.7],"to":[9.24264,12.025,11],"rotation":{"angle":-22.5,"axis":"y","origin":[8,9.625,8]},"faces":{"north":{"uv":[5,2,5.249,2.25],"texture":"#5"},"south":{"uv":[5,2,5.249,2.25],"texture":"#5"},"up":{"uv":[5,2,5.249,2.25],"rotation":90,"texture":"#5"},"down":{"uv":[5,2,5.249,2.25],"rotation":270,"texture":"#5"}}},{"name":"octagon","from":[6.75736,7.675,10.7],"to":[9.24264,12.025,11],"rotation":{"angle":22.5,"axis":"y","origin":[8,9.625,8]},"faces":{"north":{"uv":[4,2,4.249,2.25],"texture":"#5"},"south":{"uv":[4,2,4.249,2.25],"texture":"#5"},"up":{"uv":[4,2,4.249,2.25],"rotation":90,"texture":"#5"},"down":{"uv":[4,2,4.249,2.25],"rotation":270,"texture":"#5"}}},{"name":"octagon","from":[10.6208,12.475,6.70765],"to":[11.12,12.9742,9.29235],"rotation":{"angle":22.5,"axis":"y","origin":[8,13.075,8]},"faces":{"north":{"uv":[0,0,0.25,0.25],"texture":"#5"},"east":{"uv":[0,0,0.25,0.25],"texture":"#5"},"south":{"uv":[0,0,0.25,0.25],"texture":"#5"},"west":{"uv":[0,0,0.25,0.25],"texture":"#5"},"up":{"uv":[0,0,0.25,0.25],"rotation":90,"texture":"#5"},"down":{"uv":[0,0,0.25,0.25],"rotation":270,"texture":"#5"}}},{"name":"octagon","from":[10.6208,12.475,6.70765],"to":[11.12,12.9742,9.29235],"rotation":{"angle":-22.5,"axis":"y","origin":[8,13.075,8]},"faces":{"north":{"uv":[0,0,0.25,0.25],"texture":"#5"},"east":{"uv":[0,0,0.25,0.25],"texture":"#5"},"south":{"uv":[0,0,0.25,0.25],"texture":"#5"},"west":{"uv":[0,0,0.25,0.25],"texture":"#5"},"up":{"uv":[0,0,0.25,0.25],"rotation":90,"texture":"#5"},"down":{"uv":[0,0,0.25,0.25],"rotation":270,"texture":"#5"}}},{"name":"octagon","from":[4.88,12.475,6.70765],"to":[5.3792,12.9742,9.29235],"rotation":{"angle":22.5,"axis":"y","origin":[8,13.075,8]},"faces":{"north":{"uv":[0,0,0.25,0.25],"texture":"#5"},"east":{"uv":[0,0,0.25,0.25],"texture":"#5"},"south":{"uv":[0,0,0.25,0.25],"texture":"#5"},"west":{"uv":[0,0,0.25,0.25],"texture":"#5"},"up":{"uv":[0,0,0.25,0.25],"rotation":90,"texture":"#5"},"down":{"uv":[0,0,0.25,0.25],"rotation":270,"texture":"#5"}}},{"name":"octagon","from":[4.88,12.475,6.70765],"to":[5.3792,12.9742,9.29235],"rotation":{"angle":-22.5,"axis":"y","origin":[8,13.075,8]},"faces":{"north":{"uv":[0,0,0.25,0.25],"texture":"#5"},"east":{"uv":[0,0,0.25,0.25],"texture":"#5"},"south":{"uv":[0,0,0.25,0.25],"texture":"#5"},"west":{"uv":[0,0,0.25,0.25],"texture":"#5"},"up":{"uv":[0,0,0.25,0.25],"rotation":90,"texture":"#5"},"down":{"uv":[0,0,0.25,0.25],"rotation":270,"texture":"#5"}}},{"name":"octagon","from":[6.70765,12.475,4.88],"to":[9.29235,12.9742,5.3792],"rotation":{"angle":22.5,"axis":"y","origin":[8,13.075,8]},"faces":{"north":{"uv":[0,0,0.25,0.25],"texture":"#5"},"east":{"uv":[0,0,0.25,0.25],"texture":"#5"},"south":{"uv":[0,0,0.25,0.25],"texture":"#5"},"west":{"uv":[0,0,0.25,0.25],"texture":"#5"},"up":{"uv":[0,0,0.25,0.25],"rotation":90,"texture":"#5"},"down":{"uv":[0,0,0.25,0.25],"rotation":270,"texture":"#5"}}},{"name":"octagon","from":[6.70765,12.475,4.88],"to":[9.29235,12.9742,5.3792],"rotation":{"angle":-22.5,"axis":"y","origin":[8,13.075,8]},"faces":{"north":{"uv":[0,0,0.25,0.25],"texture":"#5"},"east":{"uv":[0,0,0.25,0.25],"texture":"#5"},"south":{"uv":[0,0,0.25,0.25],"texture":"#5"},"west":{"uv":[0,0,0.25,0.25],"texture":"#5"},"up":{"uv":[0,0,0.25,0.25],"rotation":90,"texture":"#5"},"down":{"uv":[0,0,0.25,0.25],"rotation":270,"texture":"#5"}}},{"name":"octagon","from":[6.70765,12.475,10.6208],"to":[9.29235,12.9742,11.12],"rotation":{"angle":22.5,"axis":"y","origin":[8,13.075,8]},"faces":{"north":{"uv":[0,0,0.25,0.25],"texture":"#5"},"east":{"uv":[0,0,0.25,0.25],"texture":"#5"},"south":{"uv":[0,0,0.25,0.25],"texture":"#5"},"west":{"uv":[0,0,0.25,0.25],"texture":"#5"},"up":{"uv":[0,0,0.25,0.25],"rotation":90,"texture":"#5"},"down":{"uv":[0,0,0.25,0.25],"rotation":270,"texture":"#5"}}},{"name":"octagon","from":[6.70765,12.475,10.6208],"to":[9.29235,12.9742,11.12],"rotation":{"angle":-22.5,"axis":"y","origin":[8,13.075,8]},"faces":{"north":{"uv":[0,0,0.25,0.25],"texture":"#5"},"east":{"uv":[0,0,0.25,0.25],"texture":"#5"},"south":{"uv":[0,0,0.25,0.25],"texture":"#5"},"west":{"uv":[0,0,0.25,0.25],"texture":"#5"},"up":{"uv":[0,0,0.25,0.25],"rotation":90,"texture":"#5"},"down":{"uv":[0,0,0.25,0.25],"rotation":270,"texture":"#5"}}},{"name":"octagon","from":[6.88162,7.75,8],"to":[9.11838,7.9,10.7],"rotation":{"angle":-22.5,"axis":"y","origin":[8,8.35,8]},"faces":{"up":{"uv":[11.33,0,12.663,2],"rotation":180,"texture":"#5"},"down":{"uv":[11.33,0,12.663,2],"texture":"#5"}}},{"name":"octagon","from":[6.88162,7.75,5.3],"to":[9.11838,7.9,8],"rotation":{"angle":-22.5,"axis":"y","origin":[8,8.35,8]},"faces":{"up":{"uv":[11.33,0,12.663,2],"texture":"#5"},"down":{"uv":[11.33,0,12.663,2],"rotation":180,"texture":"#5"}}},{"name":"octagon","from":[8,7.75,6.88162],"to":[10.7,7.9,9.11838],"rotation":{"angle":-22.5,"axis":"y","origin":[8,8.35,8]},"faces":{"up":{"uv":[11.33,0,12.663,2],"rotation":90,"texture":"#5"},"down":{"uv":[11.33,0,12.663,2],"rotation":90,"texture":"#5"}}},{"name":"octagon","from":[5.3,7.75,6.88162],"to":[8,7.9,9.11838],"rotation":{"angle":-22.5,"axis":"y","origin":[8,8.35,8]},"faces":{"up":{"uv":[11.33,0,12.663,2],"rotation":270,"texture":"#5"},"down":{"uv":[11.33,0,12.663,2],"rotation":270,"texture":"#5"}}},{"name":"octagon","from":[6.88162,7.75006,8],"to":[9.11838,7.90006,10.7],"rotation":{"angle":22.5,"axis":"y","origin":[8,8.35,8]},"faces":{"up":{"uv":[11.33,0,12.663,2],"rotation":180,"texture":"#5"},"down":{"uv":[11.33,0,12.663,2],"texture":"#5"}}},{"name":"octagon","from":[6.88162,7.75006,5.3],"to":[9.11838,7.90006,8],"rotation":{"angle":22.5,"axis":"y","origin":[8,8.35,8]},"faces":{"up":{"uv":[11.33,0,12.663,2],"texture":"#5"},"down":{"uv":[11.33,0,12.663,2],"rotation":180,"texture":"#5"}}},{"name":"octagon","from":[8,7.75006,6.88162],"to":[10.7,7.90006,9.11838],"rotation":{"angle":22.5,"axis":"y","origin":[8,8.35,8]},"faces":{"up":{"uv":[11.33,0,12.663,2],"rotation":90,"texture":"#5"},"down":{"uv":[11.33,0,12.663,2],"rotation":90,"texture":"#5"}}},{"name":"octagon","from":[5.3,7.75006,6.88162],"to":[8,7.90006,9.11838],"rotation":{"angle":22.5,"axis":"y","origin":[8,8.35,8]},"faces":{"up":{"uv":[11.33,0,12.663,2],"rotation":270,"texture":"#5"},"down":{"uv":[11.33,0,12.663,2],"rotation":270,"texture":"#5"}}},{"name":"octagon","from":[10.7,12.025,6.75736],"to":[11,12.475,9.24264],"rotation":{"angle":-22.5,"axis":"y","origin":[8,10.075,8]},"faces":{"north":{"uv":[4,2,4.249,2.25],"rotation":270,"texture":"#5"},"east":{"uv":[4,2,4.249,2.25],"rotation":270,"texture":"#5"},"south":{"uv":[4,2,4.249,2.25],"rotation":270,"texture":"#5"},"west":{"uv":[4,2,4.249,2.25],"rotation":270,"texture":"#5"},"up":{"uv":[4,2,4.249,2.25],"texture":"#5"},"down":{"uv":[4,2,4.249,2.25],"rotation":180,"texture":"#5"}}},{"name":"octagon","from":[10.7,12.025,6.75736],"to":[11,12.475,9.24264],"rotation":{"angle":22.5,"axis":"y","origin":[8,10.075,8]},"faces":{"north":{"uv":[4,2,4.249,2.25],"rotation":270,"texture":"#5"},"east":{"uv":[4,2,4.249,2.25],"rotation":270,"texture":"#5"},"south":{"uv":[4,2,4.249,2.25],"rotation":270,"texture":"#5"},"west":{"uv":[4,2,4.249,2.25],"rotation":270,"texture":"#5"},"up":{"uv":[4,2,4.249,2.25],"texture":"#5"},"down":{"uv":[4,2,4.249,2.25],"rotation":180,"texture":"#5"}}},{"name":"octagon","from":[5,12.025,6.75736],"to":[5.3,12.475,9.24264],"rotation":{"angle":22.5,"axis":"y","origin":[8,10.075,8]},"faces":{"north":{"uv":[4,2,4.249,2.25],"rotation":270,"texture":"#5"},"east":{"uv":[4,2,4.249,2.25],"rotation":270,"texture":"#5"},"south":{"uv":[4,2,4.249,2.25],"rotation":270,"texture":"#5"},"west":{"uv":[4,2,4.249,2.25],"rotation":270,"texture":"#5"},"up":{"uv":[4,2,4.249,2.25],"texture":"#5"},"down":{"uv":[4,2,4.249,2.25],"rotation":180,"texture":"#5"}}},{"name":"octagon","from":[5,12.025,6.75736],"to":[5.3,12.475,9.24264],"rotation":{"angle":-22.5,"axis":"y","origin":[8,10.075,8]},"faces":{"north":{"uv":[4,2,4.249,2.25],"rotation":270,"texture":"#5"},"east":{"uv":[4,2,4.249,2.25],"rotation":270,"texture":"#5"},"south":{"uv":[4,2,4.249,2.25],"rotation":270,"texture":"#5"},"west":{"uv":[4,2,4.249,2.25],"rotation":270,"texture":"#5"},"up":{"uv":[4,2,4.249,2.25],"texture":"#5"},"down":{"uv":[4,2,4.249,2.25],"rotation":180,"texture":"#5"}}},{"name":"octagon","from":[6.75736,12.025,5],"to":[9.24264,12.475,5.3],"rotation":{"angle":22.5,"axis":"y","origin":[8,10.075,8]},"faces":{"north":{"uv":[4,2,4.249,2.25],"rotation":270,"texture":"#5"},"east":{"uv":[4,2,4.249,2.25],"rotation":270,"texture":"#5"},"south":{"uv":[4,2,4.249,2.25],"rotation":270,"texture":"#5"},"west":{"uv":[4,2,4.249,2.25],"rotation":270,"texture":"#5"},"up":{"uv":[4,2,4.249,2.25],"texture":"#5"},"down":{"uv":[4,2,4.249,2.25],"rotation":180,"texture":"#5"}}},{"name":"octagon","from":[6.75736,12.025,5],"to":[9.24264,12.475,5.3],"rotation":{"angle":-22.5,"axis":"y","origin":[8,10.075,8]},"faces":{"north":{"uv":[4,2,4.249,2.25],"rotation":270,"texture":"#5"},"east":{"uv":[4,2,4.249,2.25],"rotation":270,"texture":"#5"},"south":{"uv":[4,2,4.249,2.25],"rotation":270,"texture":"#5"},"west":{"uv":[4,2,4.249,2.25],"rotation":270,"texture":"#5"},"up":{"uv":[4,2,4.249,2.25],"texture":"#5"},"down":{"uv":[4,2,4.249,2.25],"rotation":180,"texture":"#5"}}},{"name":"octagon","from":[6.75736,12.025,10.7],"to":[9.24264,12.475,11],"rotation":{"angle":-22.5,"axis":"y","origin":[8,10.075,8]},"faces":{"north":{"uv":[4,2,4.249,2.25],"rotation":270,"texture":"#5"},"east":{"uv":[4,2,4.249,2.25],"rotation":270,"texture":"#5"},"south":{"uv":[4,2,4.249,2.25],"rotation":270,"texture":"#5"},"west":{"uv":[4,2,4.249,2.25],"rotation":270,"texture":"#5"},"up":{"uv":[4,2,4.249,2.25],"texture":"#5"},"down":{"uv":[4,2,4.249,2.25],"rotation":180,"texture":"#5"}}},{"name":"octagon","from":[6.75736,12.025,10.7],"to":[9.24264,12.475,11],"rotation":{"angle":22.5,"axis":"y","origin":[8,10.075,8]},"faces":{"north":{"uv":[4,2,4.249,2.25],"rotation":270,"texture":"#5"},"east":{"uv":[4,2,4.249,2.25],"rotation":270,"texture":"#5"},"south":{"uv":[4,2,4.249,2.25],"rotation":270,"texture":"#5"},"west":{"uv":[4,2,4.249,2.25],"rotation":270,"texture":"#5"},"up":{"uv":[4,2,4.249,2.25],"texture":"#5"},"down":{"uv":[4,2,4.249,2.25],"rotation":180,"texture":"#5"}}},{"name":"octagon","from":[7.49593,8.24701,8.04059],"to":[7.81273,8.90312,9.25111],"rotation":{"angle":0,"axis":"y","origin":[8.288,8.575,8.646]},"faces":{"north":{"uv":[14,0,16,1],"rotation":270,"texture":"#5"},"east":{"uv":[14,0,16,1],"rotation":90,"texture":"#5"},"south":{"uv":[14,0,16,1],"rotation":90,"texture":"#5"},"west":{"uv":[14,0,16,1],"rotation":180,"texture":"#5"},"up":{"uv":[14,0,16,1],"rotation":90,"texture":"#5"},"down":{"uv":[14,0,16,1],"rotation":90,"texture":"#5"}}},{"name":"octagon","from":[7.96001,9.05027,8.04059],"to":[8.61612,9.36707,9.25111],"rotation":{"angle":0,"axis":"y","origin":[8.288,8.575,8.646]},"faces":{"north":{"uv":[14,0,16,1],"rotation":270,"texture":"#5"},"east":{"uv":[14,0,16,1],"rotation":90,"texture":"#5"},"south":{"uv":[14,0,16,1],"rotation":90,"texture":"#5"},"west":{"uv":[14,0,16,1],"rotation":90,"texture":"#5"},"up":{"uv":[14,0,16,1],"rotation":90,"texture":"#5"},"down":{"uv":[14,0,16,1],"rotation":90,"texture":"#5"}}},{"name":"octagon","from":[7.95988,7.58705,8.5138],"to":[8.61599,7.90385,9.16991],"rotation":{"angle":-45,"axis":"x","origin":[8.288,8.575,8.646]},"faces":{"north":{"uv":[14,0,16,1],"rotation":270,"texture":"#5"},"east":{"uv":[14,0,14.5,1],"rotation":90,"texture":"#5"},"south":{"uv":[14,0,16,1],"rotation":90,"texture":"#5"},"west":{"uv":[14,0,14.5,1],"rotation":90,"texture":"#5"},"up":{"uv":[14,0,16,1],"rotation":90,"texture":"#5"},"down":{"uv":[14,0,15,1],"rotation":90,"texture":"#5"}}},{"name":"octagon","from":[7.95988,7.58705,8.12209],"to":[8.61599,7.90385,8.7782],"rotation":{"angle":45,"axis":"x","origin":[8.288,8.575,8.646]},"faces":{"north":{"uv":[14,0,16,1],"rotation":270,"texture":"#5"},"east":{"uv":[14,0,14.528,1.094],"rotation":90,"texture":"#5"},"south":{"uv":[14,0,16,1],"rotation":90,"texture":"#5"},"west":{"uv":[14,0,14.5,1],"rotation":90,"texture":"#5"},"up":{"uv":[14,0,16,1],"rotation":90,"texture":"#5"},"down":{"uv":[15,0,16,1],"rotation":90,"texture":"#5"}}},{"name":"octagon","from":[7.96001,9.24615,8.5138],"to":[8.61612,9.56295,9.16991],"rotation":{"angle":45,"axis":"x","origin":[8.288,8.575,8.646]},"faces":{"north":{"uv":[14,0,16,1],"rotation":270,"texture":"#5"},"east":{"uv":[14,0,14.5,1],"rotation":90,"texture":"#5"},"south":{"uv":[14,0,16,1],"rotation":90,"texture":"#5"},"west":{"uv":[14,0,14.5,1],"rotation":90,"texture":"#5"},"up":{"uv":[14,0,16,1],"rotation":90,"texture":"#5"},"down":{"uv":[14,0,16,1],"rotation":90,"texture":"#5"}}},{"name":"octagon","from":[7.96001,9.24615,8.12209],"to":[8.61612,9.56295,8.7782],"rotation":{"angle":-45,"axis":"x","origin":[8.288,8.575,8.646]},"faces":{"north":{"uv":[14,0,16,1],"rotation":270,"texture":"#5"},"east":{"uv":[14,0,14.5,1],"rotation":90,"texture":"#5"},"south":{"uv":[14,0,16,1],"rotation":90,"texture":"#5"},"west":{"uv":[14,0,14.5,1],"rotation":90,"texture":"#5"},"up":{"uv":[14,0,15,1],"rotation":90,"texture":"#5"},"down":{"uv":[14,0,16,1],"rotation":90,"texture":"#5"}}},{"name":"octagon","from":[8.95915,8.24688,8.5138],"to":[9.27595,8.90299,9.16991],"rotation":{"angle":-45,"axis":"y","origin":[8.288,8.575,8.646]},"faces":{"north":{"uv":[14,0,16,1],"rotation":270,"texture":"#5"},"east":{"uv":[14,0,15,1],"rotation":90,"texture":"#5"},"south":{"uv":[14,0,16,1],"rotation":90,"texture":"#5"},"west":{"uv":[14,0,16,1],"rotation":90,"texture":"#5"},"up":{"uv":[14,0,14.5,1],"rotation":180,"texture":"#5"},"down":{"uv":[14,0,14.5,1],"rotation":180,"texture":"#5"}}},{"name":"octagon","from":[8.95915,8.24688,8.12209],"to":[9.27595,8.90299,8.7782],"rotation":{"angle":45,"axis":"y","origin":[8.288,8.575,8.646]},"faces":{"north":{"uv":[14,0,16,1],"rotation":270,"texture":"#5"},"east":{"uv":[14,0,15,1],"rotation":90,"texture":"#5"},"south":{"uv":[14,0,16,1],"rotation":90,"texture":"#5"},"west":{"uv":[14,0,16,1],"rotation":90,"texture":"#5"},"up":{"uv":[14,0,14.5,1],"rotation":180,"texture":"#5"},"down":{"uv":[14,0,14.5,1],"rotation":180,"texture":"#5"}}},{"name":"octagon","from":[7.30005,8.24701,8.5138],"to":[7.61685,8.90312,9.16991],"rotation":{"angle":45,"axis":"y","origin":[8.288,8.575,8.646]},"faces":{"north":{"uv":[14,0,16,1],"rotation":90,"texture":"#5"},"east":{"uv":[14,0,16,1],"rotation":270,"texture":"#5"},"south":{"uv":[14,0,16,1],"rotation":270,"texture":"#5"},"west":{"uv":[14,0,15,1],"rotation":270,"texture":"#5"},"up":{"uv":[14,0,14.5,1],"rotation":180,"texture":"#5"},"down":{"uv":[14,0,14.5,1],"rotation":180,"texture":"#5"}}},{"name":"octagon","from":[7.30005,8.24701,8.12209],"to":[7.61685,8.90312,8.7782],"rotation":{"angle":-45,"axis":"y","origin":[8.288,8.575,8.646]},"faces":{"north":{"uv":[14,0,16,1],"rotation":90,"texture":"#5"},"east":{"uv":[14,0,16,1],"rotation":270,"texture":"#5"},"south":{"uv":[14,0,16,1],"rotation":270,"texture":"#5"},"west":{"uv":[14,0,15,1],"rotation":270,"texture":"#5"},"up":{"uv":[14,0,14.5,1],"rotation":180,"texture":"#5"},"down":{"uv":[14,0,14.5,1],"rotation":180,"texture":"#5"}}},{"name":"octagon","from":[7.95988,7.78306,8.04059],"to":[8.616,8.09986,9.2511],"rotation":{"angle":-45,"axis":"z","origin":[8.288,8.575,8.646]},"faces":{"north":{"uv":[14,0,14.5,1],"rotation":270,"texture":"#5"},"east":{"uv":[14,0,16,1],"rotation":90,"texture":"#5"},"south":{"uv":[14,0,14.5,1],"rotation":90,"texture":"#5"},"west":{"uv":[14,0,16,1],"rotation":90,"texture":"#5"},"up":{"uv":[14,0,16,1],"rotation":90,"texture":"#5"},"down":{"uv":[14,0,16,1],"rotation":90,"texture":"#5"}}},{"name":"octagon","from":[7.96,7.78306,8.04059],"to":[8.61612,8.09986,9.2511],"rotation":{"angle":45,"axis":"z","origin":[8.288,8.575,8.646]},"faces":{"north":{"uv":[14,0,14.5,1],"rotation":270,"texture":"#5"},"east":{"uv":[14,0,16,1],"rotation":90,"texture":"#5"},"south":{"uv":[14,0,14.5,1],"rotation":90,"texture":"#5"},"west":{"uv":[14,0,16,1],"rotation":90,"texture":"#5"},"up":{"uv":[14,0,16,1],"rotation":90,"texture":"#5"},"down":{"uv":[14,0,16,1],"rotation":90,"texture":"#5"}}},{"name":"octagon","from":[7.95988,9.05014,8.04059],"to":[8.616,9.36694,9.2511],"rotation":{"angle":45,"axis":"z","origin":[8.288,8.575,8.646]},"faces":{"north":{"uv":[14,0,14.5,1],"rotation":90,"texture":"#5"},"east":{"uv":[14,0,16,1],"texture":"#5"},"south":{"uv":[14,0,14.5,1],"rotation":270,"texture":"#5"},"west":{"uv":[14,0,16,1],"texture":"#5"},"up":{"uv":[14,0,16,1],"rotation":270,"texture":"#5"},"down":{"uv":[14,0,16,1],"texture":"#5"}}},{"name":"octagon","from":[7.96,9.05014,8.04059],"to":[8.61612,9.36694,9.2511],"rotation":{"angle":-45,"axis":"z","origin":[8.288,8.575,8.646]},"faces":{"north":{"uv":[14,0,14.5,1],"rotation":90,"texture":"#5"},"east":{"uv":[14,0,16,1],"texture":"#5"},"south":{"uv":[14,0,14.5,1],"rotation":270,"texture":"#5"},"west":{"uv":[14,0,16,1],"texture":"#5"},"up":{"uv":[14,0,15,2],"texture":"#5"},"down":{"uv":[14,0,16,1],"texture":"#5"}}},{"name":"octagon","from":[8.76313,8.24701,8.04059],"to":[9.07993,8.90312,9.25111],"rotation":{"angle":0,"axis":"y","origin":[8.288,8.575,8.646]},"faces":{"north":{"uv":[14,0,16,1],"rotation":270,"texture":"#5"},"east":{"uv":[14,0,15,2],"rotation":90,"texture":"#5"},"south":{"uv":[14,0,16,1],"rotation":90,"texture":"#5"},"west":{"uv":[14,0,16,1],"rotation":90,"texture":"#5"},"up":{"uv":[14,0,16,1],"rotation":90,"texture":"#5"},"down":{"uv":[14,0,16,1],"rotation":90,"texture":"#5"}}},{"name":"octagon","from":[7.96001,7.78307,8.04059],"to":[8.61612,8.09987,9.25111],"rotation":{"angle":0,"axis":"y","origin":[8.288,8.575,8.646]},"faces":{"north":{"uv":[14,0,16,1],"rotation":270,"texture":"#5"},"east":{"uv":[14,0,16,1],"rotation":90,"texture":"#5"},"south":{"uv":[14,0,16,1],"rotation":90,"texture":"#5"},"west":{"uv":[14,0,16,1],"rotation":90,"texture":"#5"},"up":{"uv":[14,0,16,1],"rotation":90,"texture":"#5"},"down":{"uv":[14,0,16,1],"rotation":90,"texture":"#5"}}},{"name":"octagon","from":[7.95988,8.24701,9.39825],"to":[8.61599,8.90312,9.71505],"rotation":{"angle":0,"axis":"y","origin":[8.288,8.575,8.646]},"faces":{"north":{"uv":[14,0,16,1],"rotation":270,"texture":"#5"},"east":{"uv":[14,0,16,1],"rotation":90,"texture":"#5"},"south":{"uv":[14,0,16,1],"rotation":90,"texture":"#5"},"west":{"uv":[14,0,16,1],"rotation":90,"texture":"#5"},"up":{"uv":[14,0,16,1],"rotation":90,"texture":"#5"},"down":{"uv":[14,0,16,1],"rotation":90,"texture":"#5"}}},{"name":"octagon","from":[7.95988,8.24701,7.57695],"to":[8.61599,8.90312,7.89375],"rotation":{"angle":0,"axis":"y","origin":[8.288,8.575,8.646]},"faces":{"north":{"uv":[14,0,16,1],"rotation":270,"texture":"#5"},"east":{"uv":[14,0,16,1],"rotation":90,"texture":"#5"},"south":{"uv":[14,0,16,1],"rotation":90,"texture":"#5"},"west":{"uv":[14,0,16,1],"rotation":90,"texture":"#5"},"up":{"uv":[14,0,16,1],"rotation":90,"texture":"#5"},"down":{"uv":[14,0,16,1],"rotation":90,"texture":"#5"}}},{"name":"octagon","from":[7.96215,8.24919,6.21075],"to":[8.61375,8.90081,6.86415],"rotation":{"angle":0,"axis":"z","origin":[8.288,8.57495,8.7648]},"faces":{"north":{"uv":[14,0,16,1],"texture":"#5"},"east":{"uv":[14,0,16,1],"rotation":180,"texture":"#5"},"south":{"uv":[14,0,16,1],"rotation":180,"texture":"#5"},"west":{"uv":[14,0,16,1],"rotation":180,"texture":"#5"},"up":{"uv":[14,0,16,1],"rotation":180,"texture":"#5"},"down":{"uv":[14,0,16,1],"rotation":180,"texture":"#5"}}},{"name":"octagon","from":[8.05719,8.34423,6.58695],"to":[8.51871,8.80577,7.85415],"rotation":{"angle":45,"axis":"z","origin":[8.288,8.57495,8.7648]},"faces":{"north":{"uv":[14,0,16,1],"rotation":270,"texture":"#5"},"east":{"uv":[14,0,16,1],"rotation":180,"texture":"#5"},"south":{"uv":[14,0,16,1],"rotation":90,"texture":"#5"},"west":{"uv":[14,0,16,1],"rotation":180,"texture":"#5"},"up":{"uv":[14,0,16,1],"rotation":90,"texture":"#5"},"down":{"uv":[14,0,16,1],"rotation":90,"texture":"#5"}}},{"name":"head","from":[5.99812,11.23971,-3.09327],"to":[9.99812,15.23971,0.90673],"rotation":{"angle":0,"axis":"y","origin":[7.99812,3.48971,-1.09327]},"faces":{"north":{"uv":[9,5.667,9.332,5.999],"texture":"#5"},"east":{"uv":[8.667,5.667,8.999,5.999],"texture":"#5"},"south":{"uv":[8.334,5.667,8.666,5.999],"texture":"#5"},"west":{"uv":[8,5.667,8.332,5.999],"texture":"#5"},"up":{"uv":[8.667,5.665,8.335,5.333],"rotation":180,"texture":"#5"},"down":{"uv":[6.332,5.665,6,5.333],"rotation":90,"texture":"#5"}}},{"name":"body","from":[5.99812,5.23971,-2.09327],"to":[9.99812,11.23971,-0.09327],"rotation":{"angle":-22.5,"axis":"x","origin":[7.98459,10.25149,-1.0915]},"faces":{"north":{"uv":[8.333,6.168,8.663,6.668],"texture":"#5"},"east":{"uv":[8.499,6.168,8.663,6.668],"texture":"#5"},"south":{"uv":[8.833,6.168,9.163,6.668],"texture":"#5"},"west":{"uv":[8,6.168,8.164,6.668],"texture":"#5"},"up":{"uv":[8.33,6.183,8.63,6.483],"texture":"#5"}}},{"name":"right_leg","from":[6,0,-0.25],"to":[8,6,1.75],"rotation":{"angle":0,"axis":"y","origin":[8,4.25,0.75]},"faces":{"north":{"uv":[8,6.168,8.167,6.658],"texture":"#5"},"east":{"uv":[8,6.168,8.167,6.658],"texture":"#5"},"south":{"uv":[8,6.168,8.167,6.658],"texture":"#5"},"west":{"uv":[8,6.168,8.167,6.658],"texture":"#5"},"up":{"uv":[8,0.835,8.167,1.325],"texture":"#5"},"down":{"uv":[8,6.168,8.167,6.335],"texture":"#5"}}},{"name":"right_leg","from":[8,0,-0.25],"to":[10,6,1.75],"rotation":{"angle":0,"axis":"y","origin":[9,3,0.75]},"faces":{"north":{"uv":[8.167,6.168,8,6.658],"rotation":180,"texture":"#5"},"east":{"uv":[8.167,6.168,8,6.658],"texture":"#5"},"south":{"uv":[8.167,6.168,8,6.658],"rotation":180,"texture":"#5"},"west":{"uv":[8.167,0.835,8,1.325],"texture":"#5"},"up":{"uv":[8.167,0.835,8,1.325],"rotation":270,"texture":"#5"},"down":{"uv":[8.167,6.168,8,6.335],"rotation":90,"texture":"#5"}}},{"name":"right_leg","from":[3.99812,9.23971,-2.09327],"to":[5.99812,11.23971,3.90673],"rotation":{"angle":0,"axis":"x","origin":[4.99812,10.23971,-1.09327]},"faces":{"north":{"uv":[10,6.333,10.167,6.5],"texture":"#5"},"east":{"uv":[10.167,6.663,10,6.173],"rotation":270,"texture":"#5"},"south":{"uv":[10,6,10.167,6.167],"texture":"#5"},"west":{"uv":[10,6.663,9.833,6.173],"rotation":90,"texture":"#5"},"up":{"uv":[10.334,6.663,10.167,6.173],"rotation":180,"texture":"#5"},"down":{"uv":[10.167,6.663,10,6.173],"texture":"#5"}}},{"name":"right_leg","from":[9.99812,9.23971,-2.09327],"to":[11.99812,11.23971,3.90673],"rotation":{"angle":0,"axis":"x","origin":[10.99812,10.23971,-1.09327]},"faces":{"north":{"uv":[10.167,6.333,10,6.5],"texture":"#5"},"east":{"uv":[10,6.173,9.833,6.663],"rotation":90,"texture":"#5"},"south":{"uv":[10.167,6,10,6.167],"texture":"#5"},"west":{"uv":[10.167,6.173,10,6.663],"rotation":270,"texture":"#5"},"up":{"uv":[10.167,6.663,10.334,6.173],"rotation":180,"texture":"#5"},"down":{"uv":[10,6.663,10.167,6.173],"texture":"#5"}}},{"name":"head","from":[5.99813,11.24147,11.41576],"to":[9.99813,15.24147,15.41576],"rotation":{"angle":0,"axis":"y","origin":[7.99813,3.49147,13.41576]},"faces":{"north":{"uv":[5.667,5.667,5.999,5.999],"texture":"#5"},"east":{"uv":[5.334,5.667,5.666,5.999],"texture":"#5"},"south":{"uv":[6.334,5.667,6.666,5.999],"texture":"#5"},"west":{"uv":[6,5.667,6.332,5.999],"texture":"#5"},"up":{"uv":[5.667,5.334,5.999,5.666],"rotation":180,"texture":"#5"},"down":{"uv":[6,5.334,6.332,5.666],"texture":"#5"}}},{"name":"head","from":[5.74813,10.99147,11.16576],"to":[10.24813,15.49147,15.66576],"rotation":{"angle":0,"axis":"y","origin":[7.99813,3.49147,13.41576]},"faces":{"north":{"uv":[7,5.667,7.332,5.999],"texture":"#5"},"east":{"uv":[6.667,5.667,6.999,5.999],"texture":"#5"},"south":{"uv":[7.666,5.667,7.998,5.999],"texture":"#5"},"west":{"uv":[7.333,5.667,7.665,5.999],"texture":"#5"},"up":{"uv":[7,5.333,7.332,5.665],"rotation":180,"texture":"#5"}}},{"name":"body","from":[5.99813,5.24147,12.41576],"to":[9.99813,11.24147,14.41576],"rotation":{"angle":-22.5,"axis":"x","origin":[8.00817,10.22969,13.41748]},"faces":{"north":{"uv":[6.167,6.168,6.497,6.668],"texture":"#5"},"east":{"uv":[6,6.168,6.164,6.668],"texture":"#5"},"south":{"uv":[6.666,6.168,6.996,6.668],"texture":"#5"},"west":{"uv":[6.499,6.168,6.663,6.668],"texture":"#5"},"up":{"uv":[6.167,6.168,6.497,6.668],"texture":"#5"}}},{"name":"right_leg","from":[8,0,14.25],"to":[10,6,16.25],"rotation":{"angle":0,"axis":"y","origin":[8,4.25,15.25]},"faces":{"north":{"uv":[6.167,7.503,6.334,7.993],"texture":"#5"},"east":{"uv":[6,7.503,6.167,7.993],"texture":"#5"},"south":{"uv":[6.499,7.503,6.666,7.993],"texture":"#5"},"west":{"uv":[6.334,2.17,6.501,2.66],"texture":"#5"},"up":{"uv":[6,2.17,6.167,2.66],"texture":"#5"},"down":{"uv":[6.333,7.333,6.5,7.5],"texture":"#5"}}},{"name":"right_leg","from":[9.99813,9.24147,8.41576],"to":[11.99813,11.24147,14.41576],"rotation":{"angle":0,"axis":"x","origin":[10.99813,10.24147,13.41576]},"faces":{"north":{"uv":[7.5,6.166,7.334,6.333],"rotation":180,"texture":"#5"},"east":{"uv":[7,6.173,7.167,6.663],"rotation":270,"texture":"#5"},"south":{"uv":[7.167,6.166,7.334,6.333],"rotation":270,"texture":"#5"},"west":{"uv":[7.334,6.173,7.501,6.663],"rotation":90,"texture":"#5"},"up":{"uv":[7.167,6.173,7.334,6.663],"rotation":180,"texture":"#5"},"down":{"uv":[7.499,6.173,7.666,6.663],"texture":"#5"}}},{"name":"right_leg","from":[3.99813,9.24147,8.41576],"to":[5.99813,11.24147,14.41576],"rotation":{"angle":0,"axis":"x","origin":[4.99813,10.24147,13.41576]},"faces":{"north":{"uv":[7.334,6.166,7.5,6.333],"rotation":180,"texture":"#5"},"east":{"uv":[7.334,6.663,7.501,6.173],"rotation":90,"texture":"#5"},"south":{"uv":[7.167,6.166,7.334,5.999],"rotation":270,"texture":"#5"},"west":{"uv":[7,6.663,7.167,6.173],"rotation":270,"texture":"#5"},"up":{"uv":[7.334,6.173,7.167,6.663],"rotation":180,"texture":"#5"},"down":{"uv":[7.666,6.173,7.499,6.663],"texture":"#5"}}},{"name":"right_leg","from":[6,0,14.25],"to":[8,6,16.25],"rotation":{"angle":0,"axis":"x","origin":[8,4.25,15.25]},"faces":{"north":{"uv":[6.334,7.503,6.167,7.993],"texture":"#5"},"east":{"uv":[6.501,2.17,6.334,2.66],"texture":"#5"},"south":{"uv":[6.666,7.503,6.499,7.993],"texture":"#5"},"west":{"uv":[6.167,7.503,6,7.993],"texture":"#5"},"up":{"uv":[6.167,2.17,6,2.66],"texture":"#5"},"down":{"uv":[6.5,7.333,6.333,7.5],"texture":"#5"}}},{"name":"octagon","from":[10.7,6.925,4.88236],"to":[11,11.275,7.36764],"rotation":{"angle":-22.5,"axis":"y","origin":[8,8.875,6.125]},"faces":{"east":{"uv":[0,6.113,2.65,10.663],"texture":"#5"},"west":{"uv":[4,6.113,4.249,6.363],"texture":"#5"},"up":{"uv":[11,7.334,11.25,7.584],"rotation":90,"texture":"#5"},"down":{"uv":[4,6.113,4.249,6.363],"rotation":270,"texture":"#5"}}},{"name":"octagon","from":[10.7,6.925,4.88236],"to":[11,11.275,7.36764],"rotation":{"angle":22.5,"axis":"y","origin":[8,8.875,6.125]},"faces":{"east":{"uv":[2.65,6.113,5.3,10.663],"texture":"#5"},"west":{"uv":[4,6.113,4.249,6.363],"texture":"#5"},"up":{"uv":[11,7.334,11.25,7.584],"rotation":90,"texture":"#5"},"down":{"uv":[4,6.113,4.249,6.363],"rotation":270,"texture":"#5"}}},{"name":"octagon","from":[5,6.925,4.88236],"to":[5.3,11.275,7.36764],"rotation":{"angle":22.5,"axis":"y","origin":[8,8.875,6.125]},"faces":{"east":{"uv":[4,6.113,4.249,6.363],"texture":"#5"},"west":{"uv":[4,6.113,4.249,6.363],"texture":"#5"},"up":{"uv":[4,7.334,4.249,7.584],"rotation":90,"texture":"#5"},"down":{"uv":[4,6.113,4.249,6.363],"rotation":270,"texture":"#5"}}},{"name":"octagon","from":[5,6.925,4.88236],"to":[5.3,11.275,7.36764],"rotation":{"angle":-22.5,"axis":"y","origin":[8,8.875,6.125]},"faces":{"east":{"uv":[4,6.113,4.249,6.363],"texture":"#5"},"west":{"uv":[4,6.113,4.249,6.363],"texture":"#5"},"up":{"uv":[4,7.334,4.249,7.584],"rotation":90,"texture":"#5"},"down":{"uv":[4,6.113,4.249,6.363],"rotation":270,"texture":"#5"}}},{"name":"octagon","from":[6.75736,6.925,3.125],"to":[9.24264,11.275,3.425],"rotation":{"angle":22.5,"axis":"y","origin":[8,8.875,6.125]},"faces":{"north":{"uv":[4,6.113,4.249,6.363],"texture":"#5"},"south":{"uv":[4,6.113,4.249,6.363],"texture":"#5"},"up":{"uv":[4,7.334,4.249,7.584],"rotation":90,"texture":"#5"},"down":{"uv":[4,6.113,4.249,6.363],"rotation":270,"texture":"#5"}}},{"name":"octagon","from":[6.75736,6.925,3.125],"to":[9.24264,11.275,3.425],"rotation":{"angle":-22.5,"axis":"y","origin":[8,8.875,6.125]},"faces":{"north":{"uv":[4,6.113,4.249,6.363],"texture":"#5"},"south":{"uv":[4,6.113,4.249,6.363],"texture":"#5"},"up":{"uv":[4,7.334,4.249,7.584],"rotation":90,"texture":"#5"},"down":{"uv":[4,6.113,4.249,6.363],"rotation":270,"texture":"#5"}}},{"name":"octagon","from":[6.75736,6.925,8.825],"to":[9.24264,11.275,9.125],"rotation":{"angle":-22.5,"axis":"y","origin":[8,8.875,6.125]},"faces":{"north":{"uv":[5,6.113,5.249,6.363],"texture":"#5"},"south":{"uv":[5,6.113,5.249,6.363],"texture":"#5"},"up":{"uv":[5,7.334,5.249,7.584],"rotation":90,"texture":"#5"},"down":{"uv":[5,6.113,5.249,6.363],"rotation":270,"texture":"#5"}}},{"name":"octagon","from":[6.75736,6.925,8.825],"to":[9.24264,11.275,9.125],"rotation":{"angle":22.5,"axis":"y","origin":[8,8.875,6.125]},"faces":{"north":{"uv":[4,6.113,4.249,6.363],"texture":"#5"},"south":{"uv":[4,6.113,4.249,6.363],"texture":"#5"},"up":{"uv":[4,7.334,4.249,7.584],"rotation":90,"texture":"#5"},"down":{"uv":[4,6.113,4.249,6.363],"rotation":270,"texture":"#5"}}},{"name":"octagon","from":[10.6208,11.725,4.83265],"to":[11.12,12.2242,7.41735],"rotation":{"angle":22.5,"axis":"y","origin":[8,12.325,6.125]},"faces":{"north":{"uv":[0,5.334,0.25,5.584],"texture":"#5"},"east":{"uv":[0,5.334,0.25,5.584],"texture":"#5"},"south":{"uv":[0,5.334,0.25,5.584],"texture":"#5"},"west":{"uv":[0,5.334,0.25,5.584],"texture":"#5"},"up":{"uv":[0,5.334,0.25,5.584],"texture":"#5"},"down":{"uv":[0,5.334,0.25,5.584],"texture":"#5"}}},{"name":"octagon","from":[10.6208,11.725,4.83265],"to":[11.12,12.2242,7.41735],"rotation":{"angle":-22.5,"axis":"y","origin":[8,12.325,6.125]},"faces":{"north":{"uv":[0,5.334,0.25,5.584],"texture":"#5"},"east":{"uv":[0,5.334,0.25,5.584],"texture":"#5"},"south":{"uv":[0,5.334,0.25,5.584],"texture":"#5"},"west":{"uv":[0,5.334,0.25,5.584],"texture":"#5"},"up":{"uv":[0,5.334,0.25,5.584],"texture":"#5"},"down":{"uv":[0,5.334,0.25,5.584],"texture":"#5"}}},{"name":"octagon","from":[4.88,11.725,4.83265],"to":[5.3792,12.2242,7.41735],"rotation":{"angle":22.5,"axis":"y","origin":[8,12.325,6.125]},"faces":{"north":{"uv":[0,5.334,0.25,5.584],"texture":"#5"},"east":{"uv":[0,5.334,0.25,5.584],"texture":"#5"},"south":{"uv":[0,5.334,0.25,5.584],"texture":"#5"},"west":{"uv":[0,5.334,0.25,5.584],"texture":"#5"},"up":{"uv":[0,5.334,0.25,5.584],"texture":"#5"},"down":{"uv":[0,5.334,0.25,5.584],"texture":"#5"}}},{"name":"octagon","from":[4.88,11.725,4.83265],"to":[5.3792,12.2242,7.41735],"rotation":{"angle":-22.5,"axis":"y","origin":[8,12.325,6.125]},"faces":{"north":{"uv":[0,5.334,0.25,5.584],"texture":"#5"},"east":{"uv":[0,5.334,0.25,5.584],"texture":"#5"},"south":{"uv":[0,5.334,0.25,5.584],"texture":"#5"},"west":{"uv":[0,5.334,0.25,5.584],"texture":"#5"},"up":{"uv":[0,5.334,0.25,5.584],"texture":"#5"},"down":{"uv":[0,5.334,0.25,5.584],"texture":"#5"}}},{"name":"octagon","from":[6.70765,11.725,3.005],"to":[9.29235,12.2242,3.5042],"rotation":{"angle":22.5,"axis":"y","origin":[8,12.325,6.125]},"faces":{"north":{"uv":[0,5.334,0.25,5.584],"texture":"#5"},"east":{"uv":[0,5.334,0.25,5.584],"texture":"#5"},"south":{"uv":[0,5.334,0.25,5.584],"texture":"#5"},"west":{"uv":[0,5.334,0.25,5.584],"texture":"#5"},"up":{"uv":[0,5.334,0.25,5.584],"texture":"#5"},"down":{"uv":[0,5.334,0.25,5.584],"texture":"#5"}}},{"name":"octagon","from":[6.70765,11.725,3.005],"to":[9.29235,12.2242,3.5042],"rotation":{"angle":-22.5,"axis":"y","origin":[8,12.325,6.125]},"faces":{"north":{"uv":[0,5.334,0.25,5.584],"texture":"#5"},"east":{"uv":[0,5.334,0.25,5.584],"texture":"#5"},"south":{"uv":[0,5.334,0.25,5.584],"texture":"#5"},"west":{"uv":[0,5.334,0.25,5.584],"texture":"#5"},"up":{"uv":[0,5.334,0.25,5.584],"texture":"#5"},"down":{"uv":[0,5.334,0.25,5.584],"texture":"#5"}}},{"name":"octagon","from":[6.70765,11.725,8.7458],"to":[9.29235,12.2242,9.245],"rotation":{"angle":22.5,"axis":"y","origin":[8,12.325,6.125]},"faces":{"north":{"uv":[0,5.334,0.25,5.584],"texture":"#5"},"east":{"uv":[0,5.334,0.25,5.584],"texture":"#5"},"south":{"uv":[0,5.334,0.25,5.584],"texture":"#5"},"west":{"uv":[0,5.334,0.25,5.584],"texture":"#5"},"up":{"uv":[0,5.334,0.25,5.584],"texture":"#5"},"down":{"uv":[0,5.334,0.25,5.584],"texture":"#5"}}},{"name":"octagon","from":[6.70765,11.725,8.7458],"to":[9.29235,12.2242,9.245],"rotation":{"angle":-22.5,"axis":"y","origin":[8,12.325,6.125]},"faces":{"north":{"uv":[0,5.334,0.25,5.584],"texture":"#5"},"east":{"uv":[0,5.334,0.25,5.584],"texture":"#5"},"south":{"uv":[0,5.334,0.25,5.584],"texture":"#5"},"west":{"uv":[0,5.334,0.25,5.584],"texture":"#5"},"up":{"uv":[0,5.334,0.25,5.584],"texture":"#5"},"down":{"uv":[0,5.334,0.25,5.584],"texture":"#5"}}},{"name":"octagon","from":[6.88162,7,6.125],"to":[9.11838,7.15,8.825],"rotation":{"angle":-22.5,"axis":"y","origin":[8,7.6,6.125]},"faces":{"up":{"uv":[11.33,5.334,12.663,7.334],"rotation":180,"texture":"#5"},"down":{"uv":[11.33,5.334,12.663,7.334],"texture":"#5"}}},{"name":"octagon","from":[6.88162,7,3.425],"to":[9.11838,7.15,6.125],"rotation":{"angle":-22.5,"axis":"y","origin":[8,7.6,6.125]},"faces":{"up":{"uv":[11.33,5.334,12.663,7.334],"texture":"#5"},"down":{"uv":[11.33,5.334,12.663,7.334],"rotation":180,"texture":"#5"}}},{"name":"octagon","from":[8,7,5.00662],"to":[10.7,7.15,7.24338],"rotation":{"angle":-22.5,"axis":"y","origin":[8,7.6,6.125]},"faces":{"up":{"uv":[11.33,5.334,12.663,7.334],"rotation":90,"texture":"#5"},"down":{"uv":[11.33,5.334,12.663,7.334],"rotation":90,"texture":"#5"}}},{"name":"octagon","from":[5.3,7,5.00662],"to":[8,7.15,7.24338],"rotation":{"angle":-22.5,"axis":"y","origin":[8,7.6,6.125]},"faces":{"up":{"uv":[11.33,5.334,12.663,7.334],"rotation":270,"texture":"#5"},"down":{"uv":[11.33,5.334,12.663,7.334],"rotation":270,"texture":"#5"}}},{"name":"octagon","from":[6.88162,7.00006,6.125],"to":[9.11838,7.15006,8.825],"rotation":{"angle":22.5,"axis":"y","origin":[8,7.6,6.125]},"faces":{"up":{"uv":[11.33,5.334,12.663,7.334],"rotation":180,"texture":"#5"},"down":{"uv":[11.33,5.334,12.663,7.334],"texture":"#5"}}},{"name":"octagon","from":[6.88162,7.00006,3.425],"to":[9.11838,7.15006,6.125],"rotation":{"angle":22.5,"axis":"y","origin":[8,7.6,6.125]},"faces":{"up":{"uv":[11.33,5.334,12.663,7.334],"texture":"#5"},"down":{"uv":[11.33,5.334,12.663,7.334],"rotation":180,"texture":"#5"}}},{"name":"octagon","from":[8,7.00006,5.00662],"to":[10.7,7.15006,7.24338],"rotation":{"angle":22.5,"axis":"y","origin":[8,7.6,6.125]},"faces":{"up":{"uv":[11.33,5.334,12.663,7.334],"rotation":90,"texture":"#5"},"down":{"uv":[11.33,5.334,12.663,7.334],"rotation":90,"texture":"#5"}}},{"name":"octagon","from":[5.3,7.00006,5.00662],"to":[8,7.15006,7.24338],"rotation":{"angle":22.5,"axis":"y","origin":[8,7.6,6.125]},"faces":{"up":{"uv":[11.33,5.334,12.663,7.334],"rotation":270,"texture":"#5"},"down":{"uv":[11.33,5.334,12.663,7.334],"rotation":270,"texture":"#5"}}},{"name":"octagon","from":[10.7,11.275,4.88236],"to":[11,11.725,7.36764],"rotation":{"angle":-22.5,"axis":"y","origin":[8,9.325,6.125]},"faces":{"north":{"uv":[4,6.113,4.249,6.363],"rotation":270,"texture":"#5"},"east":{"uv":[4,6.113,4.249,6.363],"rotation":270,"texture":"#5"},"south":{"uv":[4,6.113,4.249,6.363],"rotation":270,"texture":"#5"},"west":{"uv":[4,6.113,4.249,6.363],"rotation":270,"texture":"#5"},"up":{"uv":[4,6.113,4.249,6.363],"rotation":270,"texture":"#5"},"down":{"uv":[4,6.113,4.249,6.363],"rotation":270,"texture":"#5"}}},{"name":"octagon","from":[10.7,11.275,4.88236],"to":[11,11.725,7.36764],"rotation":{"angle":22.5,"axis":"y","origin":[8,9.325,6.125]},"faces":{"north":{"uv":[4,6.113,4.249,6.363],"rotation":270,"texture":"#5"},"east":{"uv":[4,6.113,4.249,6.363],"rotation":270,"texture":"#5"},"south":{"uv":[4,6.113,4.249,6.363],"rotation":270,"texture":"#5"},"west":{"uv":[4,6.113,4.249,6.363],"rotation":270,"texture":"#5"},"up":{"uv":[4,6.113,4.249,6.363],"rotation":270,"texture":"#5"},"down":{"uv":[4,6.113,4.249,6.363],"rotation":270,"texture":"#5"}}},{"name":"octagon","from":[5,11.275,4.88236],"to":[5.3,11.725,7.36764],"rotation":{"angle":22.5,"axis":"y","origin":[8,9.325,6.125]},"faces":{"north":{"uv":[4,6.113,4.249,6.363],"rotation":270,"texture":"#5"},"east":{"uv":[4,6.113,4.249,6.363],"rotation":270,"texture":"#5"},"south":{"uv":[4,6.113,4.249,6.363],"rotation":270,"texture":"#5"},"west":{"uv":[4,6.113,4.249,6.363],"rotation":270,"texture":"#5"},"up":{"uv":[4,6.113,4.249,6.363],"rotation":270,"texture":"#5"},"down":{"uv":[4,6.113,4.249,6.363],"rotation":270,"texture":"#5"}}},{"name":"octagon","from":[5,11.275,4.88236],"to":[5.3,11.725,7.36764],"rotation":{"angle":-22.5,"axis":"y","origin":[8,9.325,6.125]},"faces":{"north":{"uv":[4,6.113,4.249,6.363],"rotation":270,"texture":"#5"},"east":{"uv":[4,6.113,4.249,6.363],"rotation":270,"texture":"#5"},"south":{"uv":[4,6.113,4.249,6.363],"rotation":270,"texture":"#5"},"west":{"uv":[4,6.113,4.249,6.363],"rotation":270,"texture":"#5"},"up":{"uv":[4,6.113,4.249,6.363],"rotation":270,"texture":"#5"},"down":{"uv":[4,6.113,4.249,6.363],"rotation":270,"texture":"#5"}}},{"name":"octagon","from":[6.75736,11.275,3.125],"to":[9.24264,11.725,3.425],"rotation":{"angle":22.5,"axis":"y","origin":[8,9.325,6.125]},"faces":{"north":{"uv":[4,6.113,4.249,6.363],"rotation":270,"texture":"#5"},"east":{"uv":[4,6.113,4.249,6.363],"rotation":270,"texture":"#5"},"south":{"uv":[4,6.113,4.249,6.363],"rotation":270,"texture":"#5"},"west":{"uv":[4,6.113,4.249,6.363],"rotation":270,"texture":"#5"},"up":{"uv":[4,6.113,4.249,6.363],"rotation":270,"texture":"#5"},"down":{"uv":[4,6.113,4.249,6.363],"rotation":270,"texture":"#5"}}},{"name":"octagon","from":[6.75736,11.275,3.125],"to":[9.24264,11.725,3.425],"rotation":{"angle":-22.5,"axis":"y","origin":[8,9.325,6.125]},"faces":{"north":{"uv":[4,6.113,4.249,6.363],"rotation":270,"texture":"#5"},"east":{"uv":[4,6.113,4.249,6.363],"rotation":270,"texture":"#5"},"south":{"uv":[4,6.113,4.249,6.363],"rotation":270,"texture":"#5"},"west":{"uv":[4,6.113,4.249,6.363],"rotation":270,"texture":"#5"},"up":{"uv":[4,6.113,4.249,6.363],"rotation":270,"texture":"#5"},"down":{"uv":[4,6.113,4.249,6.363],"rotation":270,"texture":"#5"}}},{"name":"octagon","from":[6.75736,11.275,8.825],"to":[9.24264,11.725,9.125],"rotation":{"angle":-22.5,"axis":"y","origin":[8,9.325,6.125]},"faces":{"north":{"uv":[4,6.113,4.249,6.363],"rotation":270,"texture":"#5"},"east":{"uv":[4,6.113,4.249,6.363],"rotation":270,"texture":"#5"},"south":{"uv":[4,6.113,4.249,6.363],"rotation":270,"texture":"#5"},"west":{"uv":[4,6.113,4.249,6.363],"rotation":270,"texture":"#5"},"up":{"uv":[4,6.113,4.249,6.363],"rotation":270,"texture":"#5"},"down":{"uv":[4,6.113,4.249,6.363],"rotation":270,"texture":"#5"}}},{"name":"octagon","from":[6.75736,11.275,8.825],"to":[9.24264,11.725,9.125],"rotation":{"angle":22.5,"axis":"y","origin":[8,9.325,6.125]},"faces":{"north":{"uv":[4,6.113,4.249,6.363],"rotation":270,"texture":"#5"},"east":{"uv":[4,6.113,4.249,6.363],"rotation":270,"texture":"#5"},"south":{"uv":[4,6.113,4.249,6.363],"rotation":270,"texture":"#5"},"west":{"uv":[4,6.113,4.249,6.363],"rotation":270,"texture":"#5"},"up":{"uv":[4,6.113,4.249,6.363],"rotation":270,"texture":"#5"},"down":{"uv":[4,6.113,4.249,6.363],"rotation":270,"texture":"#5"}}},{"name":"octagon","from":[7.49593,7.49701,6.16559],"to":[7.81273,8.15312,7.37611],"rotation":{"angle":0,"axis":"y","origin":[8.288,7.825,6.771]},"faces":{"west":{"uv":[14,5.334,16,6.334],"rotation":180,"texture":"#5"}}},{"name":"octagon","from":[7.96001,8.30027,6.16559],"to":[8.61612,8.61707,7.37611],"rotation":{"angle":0,"axis":"y","origin":[8.288,7.825,6.771]},"faces":{"up":{"uv":[14,5.334,16,6.334],"rotation":90,"texture":"#5"}}},{"name":"octagon","from":[7.95988,6.83705,6.6388],"to":[8.61599,7.15385,7.29491],"rotation":{"angle":-45,"axis":"x","origin":[8.288,7.825,6.771]},"faces":{"east":{"uv":[14,5.334,14.5,6.334],"rotation":90,"texture":"#5"},"west":{"uv":[14,5.334,14.5,6.334],"rotation":90,"texture":"#5"},"down":{"uv":[14,5.334,15,6.334],"rotation":90,"texture":"#5"}}},{"name":"octagon","from":[7.95988,6.83705,6.24709],"to":[8.61599,7.15385,6.9032],"rotation":{"angle":45,"axis":"x","origin":[8.288,7.825,6.771]},"faces":{"east":{"uv":[14,5.334,14.528,6.428],"rotation":90,"texture":"#5"},"west":{"uv":[14,5.334,14.5,6.334],"rotation":90,"texture":"#5"},"down":{"uv":[15,5.334,16,6.334],"rotation":90,"texture":"#5"}}},{"name":"octagon","from":[7.96001,8.49615,6.6388],"to":[8.61612,8.81295,7.29491],"rotation":{"angle":45,"axis":"x","origin":[8.288,7.825,6.771]},"faces":{"east":{"uv":[14,5.334,14.5,6.334],"rotation":90,"texture":"#5"},"west":{"uv":[14,5.334,14.5,6.334],"rotation":90,"texture":"#5"},"up":{"uv":[14,5.334,16,6.334],"rotation":90,"texture":"#5"}}},{"name":"octagon","from":[7.96001,8.49615,6.24709],"to":[8.61612,8.81295,6.9032],"rotation":{"angle":-45,"axis":"x","origin":[8.288,7.825,6.771]},"faces":{"east":{"uv":[14,5.334,14.5,6.334],"rotation":90,"texture":"#5"},"west":{"uv":[14,5.334,14.5,6.334],"rotation":90,"texture":"#5"},"up":{"uv":[14,5.334,15,6.334],"rotation":90,"texture":"#5"}}},{"name":"octagon","from":[8.95915,7.49688,6.6388],"to":[9.27595,8.15299,7.29491],"rotation":{"angle":-45,"axis":"y","origin":[8.288,7.825,6.771]},"faces":{"east":{"uv":[14,5.334,15,6.334],"rotation":90,"texture":"#5"},"up":{"uv":[14,5.334,14.5,6.334],"rotation":180,"texture":"#5"},"down":{"uv":[14,5.334,14.5,6.334],"rotation":180,"texture":"#5"}}},{"name":"octagon","from":[8.95915,7.49688,6.24709],"to":[9.27595,8.15299,6.9032],"rotation":{"angle":45,"axis":"y","origin":[8.288,7.825,6.771]},"faces":{"east":{"uv":[14,5.334,15,6.334],"rotation":90,"texture":"#5"},"up":{"uv":[14,5.334,14.5,6.334],"rotation":180,"texture":"#5"},"down":{"uv":[14,5.334,14.5,6.334],"rotation":180,"texture":"#5"}}},{"name":"octagon","from":[7.30005,7.49701,6.6388],"to":[7.61685,8.15312,7.29491],"rotation":{"angle":45,"axis":"y","origin":[8.288,7.825,6.771]},"faces":{"west":{"uv":[14,5.334,15,6.334],"rotation":270,"texture":"#5"},"up":{"uv":[14,5.334,14.5,6.334],"rotation":180,"texture":"#5"},"down":{"uv":[14,5.334,14.5,6.334],"rotation":180,"texture":"#5"}}},{"name":"octagon","from":[7.30005,7.49701,6.24709],"to":[7.61685,8.15312,6.9032],"rotation":{"angle":-45,"axis":"y","origin":[8.288,7.825,6.771]},"faces":{"west":{"uv":[14,5.334,15,6.334],"rotation":270,"texture":"#5"},"up":{"uv":[14,5.334,14.5,6.334],"rotation":180,"texture":"#5"},"down":{"uv":[14,5.334,14.5,6.334],"rotation":180,"texture":"#5"}}},{"name":"octagon","from":[7.95988,7.03306,6.16559],"to":[8.616,7.34986,7.3761],"rotation":{"angle":-45,"axis":"z","origin":[8.288,7.825,6.771]},"faces":{"north":{"uv":[14,5.334,14.5,6.334],"rotation":270,"texture":"#5"},"south":{"uv":[14,5.334,14.5,6.334],"rotation":90,"texture":"#5"},"down":{"uv":[14,5.334,16,6.334],"rotation":90,"texture":"#5"}}},{"name":"octagon","from":[7.96,7.03306,6.16559],"to":[8.61612,7.34986,7.3761],"rotation":{"angle":45,"axis":"z","origin":[8.288,7.825,6.771]},"faces":{"north":{"uv":[14,5.334,14.5,6.334],"rotation":270,"texture":"#5"},"south":{"uv":[14,5.334,14.5,6.334],"rotation":90,"texture":"#5"},"down":{"uv":[14,5.334,16,6.334],"rotation":90,"texture":"#5"}}},{"name":"octagon","from":[7.95988,8.30014,6.16559],"to":[8.616,8.61694,7.3761],"rotation":{"angle":45,"axis":"z","origin":[8.288,7.825,6.771]},"faces":{"north":{"uv":[14,5.334,14.5,6.334],"rotation":90,"texture":"#5"},"south":{"uv":[14,5.334,14.5,6.334],"rotation":270,"texture":"#5"},"up":{"uv":[14,5.334,16,6.334],"rotation":270,"texture":"#5"}}},{"name":"octagon","from":[7.96,8.30014,6.16559],"to":[8.61612,8.61694,7.3761],"rotation":{"angle":-45,"axis":"z","origin":[8.288,7.825,6.771]},"faces":{"north":{"uv":[14,5.334,14.5,6.334],"rotation":90,"texture":"#5"},"south":{"uv":[14,5.334,14.5,6.334],"rotation":270,"texture":"#5"},"up":{"uv":[14,5.334,15,7.334],"texture":"#5"}}},{"name":"octagon","from":[8.76313,7.49701,6.16559],"to":[9.07993,8.15312,7.37611],"rotation":{"angle":0,"axis":"y","origin":[8.288,7.825,6.771]},"faces":{"east":{"uv":[14,5.334,15,7.334],"rotation":90,"texture":"#5"}}},{"name":"octagon","from":[7.96001,7.03307,6.16559],"to":[8.61612,7.34987,7.37611],"rotation":{"angle":0,"axis":"y","origin":[8.288,7.825,6.771]},"faces":{"down":{"uv":[14,5.334,16,6.334],"rotation":90,"texture":"#5"}}},{"name":"octagon","from":[7.95988,7.49701,7.52325],"to":[8.61599,8.15312,7.84005],"rotation":{"angle":0,"axis":"y","origin":[8.288,7.825,6.771]},"faces":{"south":{"uv":[14,5.334,16,6.334],"rotation":90,"texture":"#5"}}},{"name":"octagon","from":[7.95988,7.49701,5.70195],"to":[8.61599,8.15312,6.01875],"rotation":{"angle":0,"axis":"y","origin":[8.288,7.825,6.771]},"faces":{"north":{"uv":[14,5.334,16,6.334],"rotation":270,"texture":"#5"}}},{"name":"octagon","from":[7.96215,7.49919,4.33575],"to":[8.61375,8.15081,4.98915],"rotation":{"angle":0,"axis":"z","origin":[8.288,7.82495,6.8898]},"faces":{"north":{"uv":[14,5.334,15,6.334],"rotation":180,"texture":"#5"},"east":{"uv":[14,5.334,15,6.334],"rotation":180,"texture":"#5"},"south":{"uv":[14,5.334,15,6.334],"rotation":180,"texture":"#5"},"west":{"uv":[14,5.334,15,6.334],"rotation":180,"texture":"#5"},"up":{"uv":[14,5.334,15,6.334],"rotation":180,"texture":"#5"},"down":{"uv":[14,5.334,15,6.334],"rotation":180,"texture":"#5"}}},{"name":"octagon","from":[8.05719,7.59423,4.71195],"to":[8.51871,8.05577,5.97915],"rotation":{"angle":45,"axis":"z","origin":[8.288,7.82495,6.8898]},"faces":{"north":{"uv":[14,5.334,16,6.334],"rotation":90,"texture":"#5"},"east":{"uv":[14,5.334,16,6.334],"texture":"#5"},"south":{"uv":[14,5.334,16,6.334],"rotation":90,"texture":"#5"},"west":{"uv":[14,5.334,16,6.334],"texture":"#5"},"up":{"uv":[14,5.334,16,6.334],"rotation":90,"texture":"#5"},"down":{"uv":[14,5.334,16,6.334],"rotation":90,"texture":"#5"}}},{"name":"head","from":[6.00455,11.23193,0.59033],"to":[10.00455,15.23193,4.59033],"rotation":{"angle":0,"axis":"y","origin":[8.00455,3.48193,2.59033]},"faces":{"north":{"uv":[9,11,9.332,11.332],"texture":"#5"},"east":{"uv":[8.667,11,8.999,11.332],"texture":"#5"},"south":{"uv":[8.334,11,8.666,11.332],"texture":"#5"},"west":{"uv":[8,11,8.332,11.332],"texture":"#5"},"up":{"uv":[8.667,10.998,8.335,10.666],"rotation":180,"texture":"#5"},"down":{"uv":[6.332,10.998,6,10.666],"rotation":90,"texture":"#5"}}},{"name":"body","from":[6.00455,5.23193,1.59033],"to":[10.00455,11.23193,3.59033],"rotation":{"angle":22.5,"axis":"x","origin":[7.99102,10.24371,2.5921]},"faces":{"north":{"uv":[8.333,11.501,8.663,12.001],"texture":"#5"},"east":{"uv":[8.499,11.501,8.663,12.001],"texture":"#5"},"south":{"uv":[8.833,11.501,9.163,12.001],"texture":"#5"},"west":{"uv":[8,11.501,8.164,12.001],"texture":"#5"},"up":{"uv":[6.497,11.501,6.167,11.001],"texture":"#5"}}},{"name":"right_leg","from":[6,0,-0.25],"to":[8,6,1.75],"rotation":{"angle":0,"axis":"y","origin":[8,4.25,0.75]},"faces":{"north":{"uv":[8,11.501,8.167,11.991],"texture":"#5"},"east":{"uv":[8,0.835,8.167,1.325],"texture":"#5"},"south":{"uv":[8,11.501,8.167,11.991],"texture":"#5"},"west":{"uv":[8,11.501,8.167,11.991],"texture":"#5"},"up":{"uv":[8,0.835,8.167,1.325],"texture":"#5"},"down":{"uv":[8,11.501,8.167,11.668],"texture":"#5"}}},{"name":"right_leg","from":[8,0,-0.25],"to":[10,6,1.75],"rotation":{"angle":0,"axis":"y","origin":[9,3,0.75]},"faces":{"north":{"uv":[8.167,11.501,8,11.991],"rotation":180,"texture":"#5"},"east":{"uv":[8.167,11.501,8,11.991],"texture":"#5"},"south":{"uv":[8.167,11.501,8,11.991],"rotation":180,"texture":"#5"},"west":{"uv":[8.167,0.835,8,1.325],"texture":"#5"},"up":{"uv":[8.167,0.835,8,1.325],"rotation":270,"texture":"#5"},"down":{"uv":[8.167,11.501,8,11.668],"rotation":90,"texture":"#5"}}},{"name":"right_leg","from":[4.00455,9.23193,1.59033],"to":[6.00455,11.23193,7.59033],"rotation":{"angle":0,"axis":"x","origin":[5.00455,10.23193,2.59033]},"faces":{"north":{"uv":[10,11.666,10.167,11.833],"texture":"#5"},"east":{"uv":[10.167,11.996,10,11.506],"rotation":270,"texture":"#5"},"south":{"uv":[10,11.333,10.167,11.5],"texture":"#5"},"west":{"uv":[10,11.996,9.833,11.506],"rotation":90,"texture":"#5"},"up":{"uv":[10.334,11.996,10.167,11.506],"rotation":180,"texture":"#5"},"down":{"uv":[10.167,11.996,10,11.506],"texture":"#5"}}},{"name":"right_leg","from":[10.00455,9.23193,1.59033],"to":[12.00455,11.23193,7.59033],"rotation":{"angle":0,"axis":"x","origin":[11.00455,10.23193,2.59033]},"faces":{"north":{"uv":[10.167,11.666,10,11.833],"texture":"#5"},"east":{"uv":[10,11.506,9.833,11.996],"rotation":90,"texture":"#5"},"south":{"uv":[10.167,11.333,10,11.5],"texture":"#5"},"west":{"uv":[10.167,11.506,10,11.996],"rotation":270,"texture":"#5"},"up":{"uv":[10.167,11.996,10.334,11.506],"rotation":180,"texture":"#5"},"down":{"uv":[10,11.996,10.167,11.506],"texture":"#5"}}},{"name":"head","from":[6.00453,11.23375,15.08132],"to":[10.00453,15.23375,19.08132],"rotation":{"angle":0,"axis":"y","origin":[8.00453,3.48375,17.08132]},"faces":{"north":{"uv":[5.667,11,5.999,11.332],"texture":"#5"},"east":{"uv":[5.334,11,5.666,11.332],"texture":"#5"},"south":{"uv":[6.334,11,6.666,11.332],"texture":"#5"},"west":{"uv":[6,11,6.332,11.332],"texture":"#5"},"up":{"uv":[5.667,10.667,5.999,10.999],"rotation":180,"texture":"#5"},"down":{"uv":[6,10.667,6.332,10.999],"texture":"#5"}}},{"name":"head","from":[5.75453,10.98375,14.83132],"to":[10.25453,15.48375,19.33132],"rotation":{"angle":0,"axis":"y","origin":[8.00453,3.48375,17.08132]},"faces":{"north":{"uv":[7,11,7.332,11.332],"texture":"#5"},"east":{"uv":[6.667,11,6.999,11.332],"texture":"#5"},"south":{"uv":[7.666,11,7.998,11.332],"texture":"#5"},"west":{"uv":[7.333,11,7.665,11.332],"texture":"#5"},"up":{"uv":[7,10.666,7.332,10.998],"rotation":180,"texture":"#5"}}},{"name":"body","from":[6.00453,5.23375,16.08132],"to":[10.00453,11.23375,18.08132],"rotation":{"angle":22.5,"axis":"x","origin":[8.01457,10.22197,17.08304]},"faces":{"north":{"uv":[6.167,11.502,6.497,12.002],"texture":"#5"},"east":{"uv":[6,11.502,6.164,12.002],"texture":"#5"},"south":{"uv":[6.666,11.502,6.996,12.002],"texture":"#5"},"west":{"uv":[6.499,11.502,6.663,12.002],"texture":"#5"},"up":{"uv":[6.167,11.502,6.497,12.002],"texture":"#5"}}},{"name":"right_leg","from":[8,0,14.25],"to":[10,6,16.25],"rotation":{"angle":0,"axis":"y","origin":[8,4.25,15.25]},"faces":{"north":{"uv":[6.167,12.836,6.334,13.326],"texture":"#5"},"east":{"uv":[6,12.836,6.167,13.326],"texture":"#5"},"south":{"uv":[6.499,12.836,6.666,13.326],"texture":"#5"},"west":{"uv":[6.334,2.17,6.501,2.66],"texture":"#5"},"up":{"uv":[6,2.17,6.167,2.66],"texture":"#5"},"down":{"uv":[6.333,12.667,6.5,12.834],"texture":"#5"}}},{"name":"right_leg","from":[10.00453,9.23375,12.08132],"to":[12.00453,11.23375,18.08132],"rotation":{"angle":0,"axis":"x","origin":[11.00453,10.23375,17.08132]},"faces":{"north":{"uv":[7.5,11.332,7.334,11.499],"rotation":180,"texture":"#5"},"east":{"uv":[7,11.506,7.167,11.996],"rotation":270,"texture":"#5"},"south":{"uv":[7.167,11.332,7.334,11.499],"rotation":270,"texture":"#5"},"west":{"uv":[7.334,11.506,7.501,11.996],"rotation":90,"texture":"#5"},"up":{"uv":[7.167,11.506,7.334,11.996],"rotation":180,"texture":"#5"},"down":{"uv":[7.499,11.506,7.666,11.996],"texture":"#5"}}},{"name":"right_leg","from":[4.00453,9.23375,12.08132],"to":[6.00453,11.23375,18.08132],"rotation":{"angle":0,"axis":"x","origin":[5.00453,10.23375,17.08132]},"faces":{"north":{"uv":[7.334,11.332,7.5,11.499],"rotation":180,"texture":"#5"},"east":{"uv":[7.334,11.996,7.501,11.506],"rotation":90,"texture":"#5"},"south":{"uv":[7.167,11.499,7.334,11.332],"rotation":270,"texture":"#5"},"west":{"uv":[7,11.996,7.167,11.506],"rotation":270,"texture":"#5"},"up":{"uv":[7.334,11.506,7.167,11.996],"rotation":180,"texture":"#5"},"down":{"uv":[7.666,11.506,7.499,11.996],"texture":"#5"}}},{"name":"right_leg","from":[6,0,14.25],"to":[8,6,16.25],"rotation":{"angle":0,"axis":"x","origin":[8,4.25,15.25]},"faces":{"north":{"uv":[6.334,12.836,6.167,13.326],"texture":"#5"},"east":{"uv":[6.501,2.17,6.334,2.66],"texture":"#5"},"south":{"uv":[6.666,12.836,6.499,13.326],"texture":"#5"},"west":{"uv":[6.167,12.836,6,13.326],"texture":"#5"},"up":{"uv":[6.167,2.17,6,2.66],"texture":"#5"},"down":{"uv":[6.5,12.667,6.333,12.834],"texture":"#5"}}},{"name":"octagon","from":[10.7,6.925,8.63236],"to":[11,11.275,11.11764],"rotation":{"angle":-22.5,"axis":"y","origin":[8,8.875,9.875]},"faces":{"east":{"uv":[0,11.45,2.65,16],"texture":"#5"},"west":{"uv":[4,11.45,4.249,11.7],"texture":"#5"},"up":{"uv":[11,11.45,11.25,11.7],"rotation":90,"texture":"#5"},"down":{"uv":[4,11.45,4.249,11.7],"rotation":270,"texture":"#5"}}},{"name":"octagon","from":[10.7,6.925,8.63236],"to":[11,11.275,11.11764],"rotation":{"angle":22.5,"axis":"y","origin":[8,8.875,9.875]},"faces":{"east":{"uv":[2.65,11.45,5.3,16],"texture":"#5"},"west":{"uv":[4,11.45,4.249,11.7],"texture":"#5"},"up":{"uv":[11,11.45,11.25,11.7],"rotation":90,"texture":"#5"},"down":{"uv":[4,11.45,4.249,11.7],"rotation":270,"texture":"#5"}}},{"name":"octagon","from":[5,6.925,8.63236],"to":[5.3,11.275,11.11764],"rotation":{"angle":22.5,"axis":"y","origin":[8,8.875,9.875]},"faces":{"north":{"uv":[4,11.45,4.249,11.7],"texture":"#5"},"east":{"uv":[4,11.45,4.249,11.7],"texture":"#5"},"south":{"uv":[4,11.45,4.249,11.7],"texture":"#5"},"west":{"uv":[4,11.45,4.249,11.7],"texture":"#5"},"up":{"uv":[4,11.45,4.249,11.7],"texture":"#5"},"down":{"uv":[4,11.45,4.249,11.7],"texture":"#5"}}},{"name":"octagon","from":[5,6.925,8.63236],"to":[5.3,11.275,11.11764],"rotation":{"angle":-22.5,"axis":"y","origin":[8,8.875,9.875]},"faces":{"north":{"uv":[4,11.45,4.249,11.7],"texture":"#5"},"east":{"uv":[4,11.45,4.249,11.7],"texture":"#5"},"south":{"uv":[4,11.45,4.249,11.7],"texture":"#5"},"west":{"uv":[4,11.45,4.249,11.7],"texture":"#5"},"up":{"uv":[4,11.45,4.249,11.7],"texture":"#5"},"down":{"uv":[4,11.45,4.249,11.7],"texture":"#5"}}},{"name":"octagon","from":[6.75736,6.925,6.875],"to":[9.24264,11.275,7.175],"rotation":{"angle":22.5,"axis":"y","origin":[8,8.875,9.875]},"faces":{"north":{"uv":[4,11.45,4.25,16],"texture":"#5"},"east":{"uv":[4,11.45,4.25,16],"texture":"#5"},"south":{"uv":[4,11.45,4.25,16],"texture":"#5"},"west":{"uv":[4,11.45,4.25,16],"texture":"#5"},"up":{"uv":[4,11.45,4.25,16],"texture":"#5"},"down":{"uv":[4,11.45,4.25,16],"texture":"#5"}}},{"name":"octagon","from":[6.75736,6.925,6.875],"to":[9.24264,11.275,7.175],"rotation":{"angle":-22.5,"axis":"y","origin":[8,8.875,9.875]},"faces":{"north":{"uv":[4,11.45,4.25,11.7],"texture":"#5"},"east":{"uv":[4,11.45,4.25,11.7],"texture":"#5"},"south":{"uv":[4,11.45,4.25,11.7],"texture":"#5"},"west":{"uv":[4,11.45,4.25,11.7],"texture":"#5"},"up":{"uv":[4,11.45,4.25,11.7],"texture":"#5"},"down":{"uv":[4,11.45,4.25,11.7],"texture":"#5"}}},{"name":"octagon","from":[6.75736,6.925,12.575],"to":[9.24264,11.275,12.875],"rotation":{"angle":-22.5,"axis":"y","origin":[8,8.875,9.875]},"faces":{"north":{"uv":[0,11.409,0,16],"texture":"#5"},"east":{"uv":[0,11.409,0,16],"texture":"#5"},"south":{"uv":[0,11.409,0,16],"texture":"#5"},"west":{"uv":[0,11.409,0,16],"texture":"#5"},"up":{"uv":[0,11.409,0,16],"texture":"#5"},"down":{"uv":[0,11.409,0,16],"texture":"#5"}}},{"name":"octagon","from":[6.75736,6.925,12.575],"to":[9.24264,11.275,12.875],"rotation":{"angle":22.5,"axis":"y","origin":[8,8.875,9.875]},"faces":{"north":{"uv":[4,11.409,4.25,11.659],"texture":"#5"},"east":{"uv":[4,11.409,4.25,11.659],"texture":"#5"},"south":{"uv":[4,11.409,4.25,11.659],"texture":"#5"},"west":{"uv":[4,11.409,4.25,11.659],"texture":"#5"},"up":{"uv":[4,11.409,4.25,11.659],"texture":"#5"},"down":{"uv":[4,11.409,4.25,11.659],"texture":"#5"}}},{"name":"octagon","from":[10.6208,11.725,8.58265],"to":[11.12,12.2242,11.16735],"rotation":{"angle":22.5,"axis":"y","origin":[8,12.325,9.875]},"faces":{"north":{"uv":[0,10.667,0.25,10.917],"texture":"#5"},"east":{"uv":[0,10.667,0.25,10.917],"texture":"#5"},"south":{"uv":[0,10.667,0.25,10.917],"texture":"#5"},"west":{"uv":[0,10.667,0.25,10.917],"texture":"#5"},"up":{"uv":[0,10.667,0.25,10.917],"texture":"#5"},"down":{"uv":[0,10.667,0.25,10.917],"texture":"#5"}}},{"name":"octagon","from":[10.6208,11.725,8.58265],"to":[11.12,12.2242,11.16735],"rotation":{"angle":-22.5,"axis":"y","origin":[8,12.325,9.875]},"faces":{"north":{"uv":[0,10.667,0.25,10.917],"texture":"#5"},"east":{"uv":[0,10.667,0.25,10.917],"texture":"#5"},"south":{"uv":[0,10.667,0.25,10.917],"texture":"#5"},"west":{"uv":[0,10.667,0.25,10.917],"texture":"#5"},"up":{"uv":[0,10.667,0.25,10.917],"texture":"#5"},"down":{"uv":[0,10.667,0.25,10.917],"texture":"#5"}}},{"name":"octagon","from":[4.88,11.725,8.58265],"to":[5.3792,12.2242,11.16735],"rotation":{"angle":22.5,"axis":"y","origin":[8,12.325,9.875]},"faces":{"north":{"uv":[0,10.667,0.25,10.917],"texture":"#5"},"east":{"uv":[0,10.667,0.25,10.917],"texture":"#5"},"south":{"uv":[0,10.667,0.25,10.917],"texture":"#5"},"west":{"uv":[0,10.667,0.25,10.917],"texture":"#5"},"up":{"uv":[0,10.667,0.25,10.917],"texture":"#5"},"down":{"uv":[0,10.667,0.25,10.917],"texture":"#5"}}},{"name":"octagon","from":[4.88,11.725,8.58265],"to":[5.3792,12.2242,11.16735],"rotation":{"angle":-22.5,"axis":"y","origin":[8,12.325,9.875]},"faces":{"north":{"uv":[0,10.667,0.25,10.917],"texture":"#5"},"east":{"uv":[0,10.667,0.25,10.917],"texture":"#5"},"south":{"uv":[0,10.667,0.25,10.917],"texture":"#5"},"west":{"uv":[0,10.667,0.25,10.917],"texture":"#5"},"up":{"uv":[0,10.667,0.25,10.917],"texture":"#5"},"down":{"uv":[0,10.667,0.25,10.917],"texture":"#5"}}},{"name":"octagon","from":[6.70765,11.725,6.755],"to":[9.29235,12.2242,7.2542],"rotation":{"angle":22.5,"axis":"y","origin":[8,12.325,9.875]},"faces":{"north":{"uv":[0,10.667,0.25,10.917],"texture":"#5"},"east":{"uv":[0,10.667,0.25,10.917],"texture":"#5"},"south":{"uv":[0,10.667,0.25,10.917],"texture":"#5"},"west":{"uv":[0,10.667,0.25,10.917],"texture":"#5"},"up":{"uv":[0,10.667,0.25,10.917],"texture":"#5"},"down":{"uv":[0,10.667,0.25,10.917],"texture":"#5"}}},{"name":"octagon","from":[6.70765,11.725,6.755],"to":[9.29235,12.2242,7.2542],"rotation":{"angle":-22.5,"axis":"y","origin":[8,12.325,9.875]},"faces":{"north":{"uv":[0,10.667,0.25,10.917],"texture":"#5"},"east":{"uv":[0,10.667,0.25,10.917],"texture":"#5"},"south":{"uv":[0,10.667,0.25,10.917],"texture":"#5"},"west":{"uv":[0,10.667,0.25,10.917],"texture":"#5"},"up":{"uv":[0,10.667,0.25,10.917],"texture":"#5"},"down":{"uv":[0,10.667,0.25,10.917],"texture":"#5"}}},{"name":"octagon","from":[6.70765,11.725,12.4958],"to":[9.29235,12.2242,12.995],"rotation":{"angle":22.5,"axis":"y","origin":[8,12.325,9.875]},"faces":{"north":{"uv":[0,10.667,0.25,10.917],"texture":"#5"},"east":{"uv":[0,10.667,0.25,10.917],"texture":"#5"},"south":{"uv":[0,10.667,0.25,10.917],"texture":"#5"},"west":{"uv":[0,10.667,0.25,10.917],"texture":"#5"},"up":{"uv":[0,10.667,0.25,10.917],"texture":"#5"},"down":{"uv":[0,10.667,0.25,10.917],"texture":"#5"}}},{"name":"octagon","from":[6.70765,11.725,12.4958],"to":[9.29235,12.2242,12.995],"rotation":{"angle":-22.5,"axis":"y","origin":[8,12.325,9.875]},"faces":{"north":{"uv":[0,10.667,0.25,10.917],"texture":"#5"},"east":{"uv":[0,10.667,0.25,10.917],"texture":"#5"},"south":{"uv":[0,10.667,0.25,10.917],"texture":"#5"},"west":{"uv":[0,10.667,0.25,10.917],"texture":"#5"},"up":{"uv":[0,10.667,0.25,10.917],"texture":"#5"},"down":{"uv":[0,10.667,0.25,10.917],"texture":"#5"}}},{"name":"octagon","from":[6.88162,7,9.875],"to":[9.11838,7.15,12.575],"rotation":{"angle":-22.5,"axis":"y","origin":[8,7.6,9.875]},"faces":{"north":{"uv":[11.33,10.667,12.663,12.667],"texture":"#5"},"east":{"uv":[11.33,10.667,12.663,12.667],"texture":"#5"},"south":{"uv":[11.33,10.667,12.663,12.667],"texture":"#5"},"west":{"uv":[11.33,10.667,12.663,12.667],"texture":"#5"},"up":{"uv":[11.33,10.667,12.663,12.667],"texture":"#5"},"down":{"uv":[11.33,10.667,12.663,12.667],"texture":"#5"}}},{"name":"octagon","from":[6.88162,7,7.175],"to":[9.11838,7.15,9.875],"rotation":{"angle":-22.5,"axis":"y","origin":[8,7.6,9.875]},"faces":{"north":{"uv":[11.33,10.667,12.663,12.667],"rotation":180,"texture":"#5"},"east":{"uv":[11.33,10.667,12.663,12.667],"rotation":180,"texture":"#5"},"south":{"uv":[11.33,10.667,12.663,12.667],"rotation":180,"texture":"#5"},"west":{"uv":[11.33,10.667,12.663,12.667],"rotation":180,"texture":"#5"},"up":{"uv":[11.33,10.667,12.663,12.667],"rotation":180,"texture":"#5"},"down":{"uv":[11.33,10.667,12.663,12.667],"rotation":180,"texture":"#5"}}},{"name":"octagon","from":[8,7,8.75662],"to":[10.7,7.15,10.99338],"rotation":{"angle":-22.5,"axis":"y","origin":[8,7.6,9.875]},"faces":{"north":{"uv":[11.33,10.667,12.663,12.667],"rotation":90,"texture":"#5"},"east":{"uv":[11.33,10.667,12.663,12.667],"rotation":90,"texture":"#5"},"south":{"uv":[11.33,10.667,12.663,12.667],"rotation":90,"texture":"#5"},"west":{"uv":[11.33,10.667,12.663,12.667],"rotation":90,"texture":"#5"},"up":{"uv":[11.33,10.667,12.663,12.667],"rotation":90,"texture":"#5"},"down":{"uv":[11.33,10.667,12.663,12.667],"rotation":90,"texture":"#5"}}},{"name":"octagon","from":[5.3,7,8.75662],"to":[8,7.15,10.99338],"rotation":{"angle":-22.5,"axis":"y","origin":[8,7.6,9.875]},"faces":{"north":{"uv":[11.33,10.667,12.663,12.667],"rotation":270,"texture":"#5"},"east":{"uv":[11.33,10.667,12.663,12.667],"rotation":270,"texture":"#5"},"south":{"uv":[11.33,10.667,12.663,12.667],"rotation":270,"texture":"#5"},"west":{"uv":[11.33,10.667,12.663,12.667],"rotation":270,"texture":"#5"},"up":{"uv":[11.33,10.667,12.663,12.667],"rotation":270,"texture":"#5"},"down":{"uv":[11.33,10.667,12.663,12.667],"rotation":270,"texture":"#5"}}},{"name":"octagon","from":[6.88162,7.00006,9.875],"to":[9.11838,7.15006,12.575],"rotation":{"angle":22.5,"axis":"y","origin":[8,7.6,9.875]},"faces":{"north":{"uv":[11.33,10.667,12.663,12.667],"texture":"#5"},"east":{"uv":[11.33,10.667,12.663,12.667],"texture":"#5"},"south":{"uv":[11.33,10.667,12.663,12.667],"texture":"#5"},"west":{"uv":[11.33,10.667,12.663,12.667],"texture":"#5"},"up":{"uv":[11.33,10.667,12.663,12.667],"texture":"#5"},"down":{"uv":[11.33,10.667,12.663,12.667],"texture":"#5"}}},{"name":"octagon","from":[6.88162,7.00006,7.175],"to":[9.11838,7.15006,9.875],"rotation":{"angle":22.5,"axis":"y","origin":[8,7.6,9.875]},"faces":{"north":{"uv":[11.33,10.667,12.663,12.667],"rotation":180,"texture":"#5"},"east":{"uv":[11.33,10.667,12.663,12.667],"rotation":180,"texture":"#5"},"south":{"uv":[11.33,10.667,12.663,12.667],"rotation":180,"texture":"#5"},"west":{"uv":[11.33,10.667,12.663,12.667],"rotation":180,"texture":"#5"},"up":{"uv":[11.33,10.667,12.663,12.667],"rotation":180,"texture":"#5"},"down":{"uv":[11.33,10.667,12.663,12.667],"rotation":180,"texture":"#5"}}},{"name":"octagon","from":[8,7.00006,8.75662],"to":[10.7,7.15006,10.99338],"rotation":{"angle":22.5,"axis":"y","origin":[8,7.6,9.875]},"faces":{"north":{"uv":[11.33,10.667,12.663,12.667],"rotation":90,"texture":"#5"},"east":{"uv":[11.33,10.667,12.663,12.667],"rotation":90,"texture":"#5"},"south":{"uv":[11.33,10.667,12.663,12.667],"rotation":90,"texture":"#5"},"west":{"uv":[11.33,10.667,12.663,12.667],"rotation":90,"texture":"#5"},"up":{"uv":[11.33,10.667,12.663,12.667],"rotation":90,"texture":"#5"},"down":{"uv":[11.33,10.667,12.663,12.667],"rotation":90,"texture":"#5"}}},{"name":"octagon","from":[5.3,7.00006,8.75662],"to":[8,7.15006,10.99338],"rotation":{"angle":22.5,"axis":"y","origin":[8,7.6,9.875]},"faces":{"north":{"uv":[11.33,10.667,12.663,12.667],"rotation":270,"texture":"#5"},"east":{"uv":[11.33,10.667,12.663,12.667],"rotation":270,"texture":"#5"},"south":{"uv":[11.33,10.667,12.663,12.667],"rotation":270,"texture":"#5"},"west":{"uv":[11.33,10.667,12.663,12.667],"rotation":270,"texture":"#5"},"up":{"uv":[11.33,10.667,12.663,12.667],"rotation":270,"texture":"#5"},"down":{"uv":[11.33,10.667,12.663,12.667],"rotation":270,"texture":"#5"}}},{"name":"octagon","from":[10.7,11.275,8.63236],"to":[11,11.725,11.11764],"rotation":{"angle":-22.5,"axis":"y","origin":[8,9.325,9.875]},"faces":{"north":{"uv":[4,11.45,4.249,11.7],"rotation":270,"texture":"#5"},"east":{"uv":[4,11.45,4.249,11.7],"rotation":270,"texture":"#5"},"south":{"uv":[4,11.45,4.249,11.7],"rotation":270,"texture":"#5"},"west":{"uv":[4,11.45,4.249,11.7],"rotation":270,"texture":"#5"},"up":{"uv":[4,11.45,4.249,11.7],"rotation":270,"texture":"#5"},"down":{"uv":[4,11.45,4.249,11.7],"rotation":270,"texture":"#5"}}},{"name":"octagon","from":[10.7,11.275,8.63236],"to":[11,11.725,11.11764],"rotation":{"angle":22.5,"axis":"y","origin":[8,9.325,9.875]},"faces":{"north":{"uv":[4,11.45,4.249,11.7],"rotation":270,"texture":"#5"},"east":{"uv":[4,11.45,4.249,11.7],"rotation":270,"texture":"#5"},"south":{"uv":[4,11.45,4.249,11.7],"rotation":270,"texture":"#5"},"west":{"uv":[4,11.45,4.249,11.7],"rotation":270,"texture":"#5"},"up":{"uv":[4,11.45,4.249,11.7],"rotation":270,"texture":"#5"},"down":{"uv":[4,11.45,4.249,11.7],"rotation":270,"texture":"#5"}}},{"name":"octagon","from":[5,11.275,8.63236],"to":[5.3,11.725,11.11764],"rotation":{"angle":22.5,"axis":"y","origin":[8,9.325,9.875]},"faces":{"north":{"uv":[4,11.45,4.249,11.7],"rotation":270,"texture":"#5"},"east":{"uv":[4,11.45,4.249,11.7],"rotation":270,"texture":"#5"},"south":{"uv":[4,11.45,4.249,11.7],"rotation":270,"texture":"#5"},"west":{"uv":[4,11.45,4.249,11.7],"rotation":270,"texture":"#5"},"up":{"uv":[4,11.45,4.249,11.7],"rotation":270,"texture":"#5"},"down":{"uv":[4,11.45,4.249,11.7],"rotation":270,"texture":"#5"}}},{"name":"octagon","from":[5,11.275,8.63236],"to":[5.3,11.725,11.11764],"rotation":{"angle":-22.5,"axis":"y","origin":[8,9.325,9.875]},"faces":{"north":{"uv":[4,11.45,4.249,11.7],"rotation":270,"texture":"#5"},"east":{"uv":[4,11.45,4.249,11.7],"rotation":270,"texture":"#5"},"south":{"uv":[4,11.45,4.249,11.7],"rotation":270,"texture":"#5"},"west":{"uv":[4,11.45,4.249,11.7],"rotation":270,"texture":"#5"},"up":{"uv":[4,11.45,4.249,11.7],"rotation":270,"texture":"#5"},"down":{"uv":[4,11.45,4.249,11.7],"rotation":270,"texture":"#5"}}},{"name":"octagon","from":[6.75736,11.275,6.875],"to":[9.24264,11.725,7.175],"rotation":{"angle":22.5,"axis":"y","origin":[8,9.325,9.875]},"faces":{"north":{"uv":[4,11.45,4.249,11.7],"rotation":270,"texture":"#5"},"east":{"uv":[4,11.45,4.249,11.7],"rotation":270,"texture":"#5"},"south":{"uv":[4,11.45,4.249,11.7],"rotation":270,"texture":"#5"},"west":{"uv":[4,11.45,4.249,11.7],"rotation":270,"texture":"#5"},"up":{"uv":[4,11.45,4.249,11.7],"rotation":270,"texture":"#5"},"down":{"uv":[4,11.45,4.249,11.7],"rotation":270,"texture":"#5"}}},{"name":"octagon","from":[6.75736,11.275,6.875],"to":[9.24264,11.725,7.175],"rotation":{"angle":-22.5,"axis":"y","origin":[8,9.325,9.875]},"faces":{"north":{"uv":[4,11.45,4.249,11.7],"rotation":270,"texture":"#5"},"east":{"uv":[4,11.45,4.249,11.7],"rotation":270,"texture":"#5"},"south":{"uv":[4,11.45,4.249,11.7],"rotation":270,"texture":"#5"},"west":{"uv":[4,11.45,4.249,11.7],"rotation":270,"texture":"#5"},"up":{"uv":[4,11.45,4.249,11.7],"rotation":270,"texture":"#5"},"down":{"uv":[4,11.45,4.249,11.7],"rotation":270,"texture":"#5"}}},{"name":"octagon","from":[6.75736,11.275,12.575],"to":[9.24264,11.725,12.875],"rotation":{"angle":-22.5,"axis":"y","origin":[8,9.325,9.875]},"faces":{"north":{"uv":[4,11.45,4.249,11.7],"rotation":270,"texture":"#5"},"east":{"uv":[4,11.45,4.249,11.7],"rotation":270,"texture":"#5"},"south":{"uv":[4,11.45,4.249,11.7],"rotation":270,"texture":"#5"},"west":{"uv":[4,11.45,4.249,11.7],"rotation":270,"texture":"#5"},"up":{"uv":[4,11.45,4.249,11.7],"rotation":270,"texture":"#5"},"down":{"uv":[4,11.45,4.249,11.7],"rotation":270,"texture":"#5"}}},{"name":"octagon","from":[6.75736,11.275,12.575],"to":[9.24264,11.725,12.875],"rotation":{"angle":22.5,"axis":"y","origin":[8,9.325,9.875]},"faces":{"north":{"uv":[4,11.45,4.249,11.7],"rotation":270,"texture":"#5"},"east":{"uv":[4,11.45,4.249,11.7],"rotation":270,"texture":"#5"},"south":{"uv":[4,11.45,4.249,11.7],"rotation":270,"texture":"#5"},"west":{"uv":[4,11.45,4.249,11.7],"rotation":270,"texture":"#5"},"up":{"uv":[4,11.45,4.249,11.7],"rotation":270,"texture":"#5"},"down":{"uv":[4,11.45,4.249,11.7],"rotation":270,"texture":"#5"}}},{"name":"octagon","from":[7.49593,7.49701,9.91559],"to":[7.81273,8.15312,11.12611],"rotation":{"angle":0,"axis":"y","origin":[8.288,7.825,10.521]},"faces":{"west":{"uv":[14,10.667,16,11.667],"rotation":180,"texture":"#5"}}},{"name":"octagon","from":[7.96001,8.30027,9.91559],"to":[8.61612,8.61707,11.12611],"rotation":{"angle":0,"axis":"y","origin":[8.288,7.825,10.521]},"faces":{"up":{"uv":[14,10.667,16,11.667],"rotation":90,"texture":"#5"}}},{"name":"octagon","from":[7.95988,6.83705,10.3888],"to":[8.61599,7.15385,11.04491],"rotation":{"angle":-45,"axis":"x","origin":[8.288,7.825,10.521]},"faces":{"east":{"uv":[14,10.667,14.5,11.667],"rotation":90,"texture":"#5"},"west":{"uv":[14,10.667,14.5,11.667],"rotation":90,"texture":"#5"},"down":{"uv":[14,10.667,15,11.667],"rotation":90,"texture":"#5"}}},{"name":"octagon","from":[7.95988,6.83705,9.99709],"to":[8.61599,7.15385,10.6532],"rotation":{"angle":45,"axis":"x","origin":[8.288,7.825,10.521]},"faces":{"east":{"uv":[14,10.667,14.528,11.761],"rotation":90,"texture":"#5"},"west":{"uv":[14,10.667,14.5,11.667],"rotation":90,"texture":"#5"},"down":{"uv":[15,10.667,16,11.667],"rotation":90,"texture":"#5"}}},{"name":"octagon","from":[7.96001,8.49615,10.3888],"to":[8.61612,8.81295,11.04491],"rotation":{"angle":45,"axis":"x","origin":[8.288,7.825,10.521]},"faces":{"east":{"uv":[14,10.667,14.5,11.667],"rotation":90,"texture":"#5"},"west":{"uv":[14,10.667,14.5,11.667],"rotation":90,"texture":"#5"},"up":{"uv":[14,10.667,16,11.667],"rotation":90,"texture":"#5"}}},{"name":"octagon","from":[7.96001,8.49615,9.99709],"to":[8.61612,8.81295,10.6532],"rotation":{"angle":-45,"axis":"x","origin":[8.288,7.825,10.521]},"faces":{"east":{"uv":[14,10.667,14.5,11.667],"rotation":90,"texture":"#5"},"west":{"uv":[14,10.667,14.5,11.667],"rotation":90,"texture":"#5"},"up":{"uv":[14,10.667,15,11.667],"rotation":90,"texture":"#5"}}},{"name":"octagon","from":[8.95915,7.49688,10.3888],"to":[9.27595,8.15299,11.04491],"rotation":{"angle":-45,"axis":"y","origin":[8.288,7.825,10.521]},"faces":{"east":{"uv":[14,10.667,15,11.667],"rotation":90,"texture":"#5"},"up":{"uv":[14,10.667,14.5,11.667],"rotation":180,"texture":"#5"},"down":{"uv":[14,10.667,14.5,11.667],"rotation":180,"texture":"#5"}}},{"name":"octagon","from":[8.95915,7.49688,9.99709],"to":[9.27595,8.15299,10.6532],"rotation":{"angle":45,"axis":"y","origin":[8.288,7.825,10.521]},"faces":{"east":{"uv":[14,5.334,15,6.334],"rotation":90,"texture":"#5"},"up":{"uv":[14,5.334,14.5,6.334],"rotation":180,"texture":"#5"},"down":{"uv":[14,5.334,14.5,6.334],"rotation":180,"texture":"#5"}}},{"name":"octagon","from":[7.30005,7.49701,10.3888],"to":[7.61685,8.15312,11.04491],"rotation":{"angle":45,"axis":"y","origin":[8.288,7.825,10.521]},"faces":{"west":{"uv":[14,10.667,15,11.667],"rotation":270,"texture":"#5"},"up":{"uv":[14,10.667,14.5,11.667],"rotation":180,"texture":"#5"},"down":{"uv":[14,10.667,14.5,11.667],"rotation":180,"texture":"#5"}}},{"name":"octagon","from":[7.30005,7.49701,9.99709],"to":[7.61685,8.15312,10.6532],"rotation":{"angle":-45,"axis":"y","origin":[8.288,7.825,10.521]},"faces":{"west":{"uv":[14,10.667,15,11.667],"rotation":270,"texture":"#5"},"up":{"uv":[14,10.667,14.5,11.667],"rotation":180,"texture":"#5"},"down":{"uv":[14,10.667,14.5,11.667],"rotation":180,"texture":"#5"}}},{"name":"octagon","from":[7.95988,7.03306,9.91559],"to":[8.616,7.34986,11.1261],"rotation":{"angle":-45,"axis":"z","origin":[8.288,7.825,10.521]},"faces":{"north":{"uv":[14,10.667,14.5,11.667],"rotation":270,"texture":"#5"},"south":{"uv":[14,10.667,14.5,11.667],"rotation":90,"texture":"#5"},"down":{"uv":[14,10.667,16,11.667],"rotation":90,"texture":"#5"}}},{"name":"octagon","from":[7.96,7.03306,9.91559],"to":[8.61612,7.34986,11.1261],"rotation":{"angle":45,"axis":"z","origin":[8.288,7.825,10.521]},"faces":{"north":{"uv":[14,10.667,14.5,11.667],"rotation":270,"texture":"#5"},"south":{"uv":[14,10.667,14.5,11.667],"rotation":90,"texture":"#5"},"down":{"uv":[14,10.667,16,11.667],"rotation":90,"texture":"#5"}}},{"name":"octagon","from":[7.95988,8.30014,9.91559],"to":[8.616,8.61694,11.1261],"rotation":{"angle":45,"axis":"z","origin":[8.288,7.825,10.521]},"faces":{"north":{"uv":[14,10.667,14.5,11.667],"rotation":90,"texture":"#5"},"south":{"uv":[14,10.667,14.5,11.667],"rotation":270,"texture":"#5"},"up":{"uv":[14,10.667,16,11.667],"rotation":270,"texture":"#5"}}},{"name":"octagon","from":[7.96,8.30014,9.91559],"to":[8.61612,8.61694,11.1261],"rotation":{"angle":-45,"axis":"z","origin":[8.288,7.825,10.521]},"faces":{"north":{"uv":[14,10.667,14.5,11.667],"rotation":90,"texture":"#5"},"south":{"uv":[14,10.667,14.5,11.667],"rotation":270,"texture":"#5"},"up":{"uv":[14,10.667,15,12.667],"texture":"#5"}}},{"name":"octagon","from":[8.76313,7.49701,9.91559],"to":[9.07993,8.15312,11.12611],"rotation":{"angle":0,"axis":"y","origin":[8.288,7.825,10.521]},"faces":{"east":{"uv":[14,10.667,15,12.667],"rotation":90,"texture":"#5"}}},{"name":"octagon","from":[7.96001,7.03307,9.91559],"to":[8.61612,7.34987,11.12611],"rotation":{"angle":0,"axis":"y","origin":[8.288,7.825,10.521]},"faces":{"down":{"uv":[14,10.667,16,11.667],"rotation":90,"texture":"#5"}}},{"name":"octagon","from":[7.95988,7.49701,11.27325],"to":[8.61599,8.15312,11.59005],"rotation":{"angle":0,"axis":"y","origin":[8.288,7.825,10.521]},"faces":{"south":{"uv":[14,10.667,16,11.667],"rotation":90,"texture":"#5"}}},{"name":"octagon","from":[7.95988,7.49701,9.45195],"to":[8.61599,8.15312,9.76875],"rotation":{"angle":0,"axis":"y","origin":[8.288,7.825,10.521]},"faces":{"north":{"uv":[14,10.667,16,11.667],"rotation":270,"texture":"#5"}}},{"name":"octagon","from":[7.96215,7.49919,8.08575],"to":[8.61375,8.15081,8.73915],"rotation":{"angle":0,"axis":"z","origin":[8.288,7.82495,10.6398]},"faces":{"north":{"uv":[14,10.667,15,11.667],"rotation":180,"texture":"#5"},"east":{"uv":[14,10.667,15,11.667],"rotation":180,"texture":"#5"},"south":{"uv":[14,10.667,15,11.667],"rotation":180,"texture":"#5"},"west":{"uv":[14,10.667,15,11.667],"rotation":180,"texture":"#5"},"up":{"uv":[14,10.667,15,11.667],"rotation":180,"texture":"#5"},"down":{"uv":[14,10.667,15,11.667],"rotation":180,"texture":"#5"}}},{"name":"octagon","from":[8.05719,7.59423,8.46195],"to":[8.51871,8.05577,9.72915],"rotation":{"angle":45,"axis":"z","origin":[8.288,7.82495,10.6398]},"faces":{"north":{"uv":[14,5.334,16,6.334],"rotation":90,"texture":"#5"},"east":{"uv":[14,10.667,16,11.667],"texture":"#5"},"south":{"uv":[14,5.334,16,6.334],"rotation":90,"texture":"#5"},"west":{"uv":[14,10.667,16,11.667],"texture":"#5"},"up":{"uv":[14,10.667,16,11.667],"rotation":90,"texture":"#5"},"down":{"uv":[14,10.667,16,11.667],"rotation":90,"texture":"#5"}}}],"display":{"thirdperson_righthand":{"rotation":[0,-22.5,0],"translation":[0,-2.5,-3.5],"scale":[0.8,0.8,0.8]},"thirdperson_lefthand":{"rotation":[0,22.5,0],"translation":[0,-2.5,-3.5],"scale":[0.8,0.8,0.8]},"firstperson_righthand":{"rotation":[27,118,-15],"translation":[0,4,0],"scale":[0.6,0.6,0.6]},"firstperson_lefthand":{"rotation":[15,169,-15],"translation":[0,4,0],"scale":[0.6,0.6,0.6]},"ground":{"scale":[1.2,1.2,1.2]},"gui":{"rotation":[22.5,135,0],"translation":[0,-0.5,0],"scale":[0.6,0.6,0.6]},"head":{"rotation":[0,90,0],"translation":[0,12.75,0],"scale":[0.8,0.8,0.8]},"fixed":{"translation":[0,-2.5,-7.5],"scale":[1.6,1.6,1.6]}},"groups":[{"name":"0","origin":[8,8,8],"children":[{"name":"group","origin":[8,8,8],"children":[{"name":"steve","origin":[8,8,8],"children":[0,1,2,3,4,5]}]},{"name":"group","origin":[8,8,8],"children":[{"name":"steve","origin":[8,8,8],"children":[6,7,8,9,10,11,12]}]},{"name":"kgb bucket","origin":[8,8,8],"children":[{"name":"octagon","origin":[8,8,8],"children":[13,14,15,16,17,18,19,20]},{"name":"octagon","origin":[8,8,8],"children":[21,22,23,24,25,26,27,28]},{"name":"octagon","origin":[8,8,8],"children":[29,30,31,32,33,34,35,36]},{"name":"octagon","origin":[8,8,8],"children":[37,38,39,40,41,42,43,44]},{"name":"group","origin":[8,8,8],"children":[{"name":"group","origin":[8,8,8],"children":[{"name":"chicken wing","origin":[8,8,8],"children":[{"name":"octagon","origin":[8,8,8],"children":[45,46,47,48,49,50,51,52,53,54,55,56,57,58,59,60,61,62,63,64]}]}]}]}]}]},{"name":"1","origin":[8,8,8],"children":[{"name":"group","origin":[8,8,8],"children":[{"name":"steve","origin":[8,8,8],"children":[65,66,67,68,69,70]}]},{"name":"group","origin":[8,8,8],"children":[{"name":"steve","origin":[8,8,8],"children":[71,72,73,74,75,76,77]}]},{"name":"kgb bucket","origin":[8,8,8],"children":[{"name":"octagon","origin":[8,8,8],"children":[78,79,80,81,82,83,84,85]},{"name":"octagon","origin":[8,8,8],"children":[86,87,88,89,90,91,92,93]},{"name":"octagon","origin":[8,8,8],"children":[94,95,96,97,98,99,100,101]},{"name":"octagon","origin":[8,8,8],"children":[102,103,104,105,106,107,108,109]},{"name":"group","origin":[8,8,8],"children":[{"name":"group","origin":[8,8,8],"children":[{"name":"chicken wing","origin":[8,8,8],"children":[{"name":"octagon","origin":[8,8,8],"children":[110,111,112,113,114,115,116,117,118,119,120,121,122,123,124,125,126,127,128,129]}]}]}]}]}]},{"name":"0","origin":[8,8,8],"children":[{"name":"group","origin":[8,8,8],"children":[{"name":"steve","origin":[8,8,8],"children":[130,131,132,133,134,135]}]},{"name":"group","origin":[8,8,8],"children":[{"name":"steve","origin":[8,8,8],"children":[136,137,138,139,140,141,142]}]},{"name":"kgb bucket","origin":[8,8,8],"children":[{"name":"octagon","origin":[8,8,8],"children":[143,144,145,146,147,148,149,150]},{"name":"octagon","origin":[8,8,8],"children":[151,152,153,154,155,156,157,158]},{"name":"octagon","origin":[8,8,8],"children":[159,160,161,162,163,164,165,166]},{"name":"octagon","origin":[8,8,8],"children":[167,168,169,170,171,172,173,174]},{"name":"group","origin":[8,8,8],"children":[{"name":"group","origin":[8,8,8],"children":[{"name":"chicken wing","origin":[8,8,8],"children":[{"name":"octagon","origin":[8,8,8],"children":[175,176,177,178,179,180,181,182,183,184,185,186,187,188,189,190,191,192,193,194]}]}]}]}]}]}],"credit":"Model by Craftventure"}