{"textures":{"0":"block/red_concrete","1":"block/lime_concrete","2":"block/red_concrete","3":"block/gold_block"},"elements":[{"name":"Cube","from":[0.0,0.0,0.0],"to":[16.0,3.0,16.0],"faces":{"north":{"texture":"#0","uv":[0.0,0.0,16.0,3.0]},"east":{"texture":"#0","uv":[0.0,0.0,16.0,3.0]},"south":{"texture":"#0","uv":[0.0,0.0,16.0,3.0]},"west":{"texture":"#0","uv":[0.0,0.0,16.0,3.0]},"up":{"texture":"#0","uv":[0.0,0.0,16.0,16.0]},"down":{"texture":"#0","uv":[0.0,0.0,16.0,16.0]}}},{"name":"Cube","from":[1.0,3.0,1.0],"to":[15.0,7.0,15.0],"faces":{"north":{"texture":"#1","uv":[0.0,0.0,14.0,4.0]},"east":{"texture":"#1","uv":[0.0,0.0,14.0,4.0]},"south":{"texture":"#1","uv":[0.0,0.0,14.0,4.0]},"west":{"texture":"#1","uv":[0.0,0.0,14.0,4.0]},"up":{"texture":"#1","uv":[0.0,0.0,14.0,14.0]},"down":{"texture":"#1","uv":[0.0,0.0,14.0,14.0]}}},{"name":"Cube","from":[2.0,4.0,1.0],"to":[14.0,10.0,13.0],"rotation":{"origin":[8.0,8.0,8.0],"axis":"x","angle":-22.5},"faces":{"north":{"texture":"#1","uv":[0.0,0.0,12.0,6.0]},"east":{"texture":"#1","uv":[0.0,0.0,12.0,6.0]},"south":{"texture":"#1","uv":[0.0,0.0,12.0,6.0]},"west":{"texture":"#1","uv":[0.0,0.0,12.0,6.0]},"up":{"texture":"#1","uv":[0.0,0.0,12.0,12.0]},"down":{"texture":"#1","uv":[0.0,0.0,12.0,12.0]}}},{"name":"Cube","from":[3.0,8.0,2.0],"to":[13.0,14.0,12.0],"rotation":{"origin":[8.0,8.0,8.0],"axis":"x","angle":-45.0},"faces":{"north":{"texture":"#1","uv":[0.0,0.0,10.0,6.0]},"east":{"texture":"#1","uv":[0.0,0.0,10.0,6.0]},"south":{"texture":"#1","uv":[0.0,0.0,10.0,6.0]},"west":{"texture":"#1","uv":[0.0,0.0,10.0,6.0]},"up":{"texture":"#1","uv":[0.0,0.0,10.0,10.0]},"down":{"texture":"#1","uv":[0.0,0.0,10.0,10.0]}}},{"name":"Cube","from":[4.0,5.0,0.0],"to":[12.0,13.0,5.0],"rotation":{"origin":[8.0,8.0,8.0],"axis":"x","angle":22.5},"faces":{"north":{"texture":"#1","uv":[0.0,0.0,8.0,8.0]},"east":{"texture":"#1","uv":[0.0,0.0,5.0,8.0]},"south":{"texture":"#1","uv":[0.0,0.0,8.0,8.0]},"west":{"texture":"#1","uv":[0.0,0.0,5.0,8.0]},"up":{"texture":"#1","uv":[0.0,0.0,8.0,5.0]},"down":{"texture":"#1","uv":[0.0,0.0,8.0,5.0]}}},{"name":"Cube","from":[5.0,9.0,-1.0],"to":[11.0,15.0,4.0],"faces":{"north":{"texture":"#1","uv":[0.0,0.0,6.0,6.0]},"east":{"texture":"#1","uv":[0.0,0.0,5.0,6.0]},"south":{"texture":"#1","uv":[0.0,0.0,6.0,6.0]},"west":{"texture":"#1","uv":[0.0,0.0,5.0,6.0]},"up":{"texture":"#1","uv":[0.0,0.0,6.0,5.0]},"down":{"texture":"#1","uv":[0.0,0.0,6.0,5.0]}}},{"name":"Cube","from":[6.0,13.0,-1.0],"to":[10.0,17.0,4.0],"rotation":{"origin":[8.0,8.0,8.0],"axis":"x","angle":-22.5},"faces":{"north":{"texture":"#1","uv":[0.0,0.0,4.0,4.0]},"east":{"texture":"#1","uv":[0.0,0.0,5.0,4.0]},"south":{"texture":"#1","uv":[0.0,0.0,4.0,4.0]},"west":{"texture":"#1","uv":[0.0,0.0,5.0,4.0]},"up":{"texture":"#1","uv":[0.0,0.0,4.0,5.0]},"down":{"texture":"#1","uv":[0.0,0.0,4.0,5.0]}}},{"name":"Cube","from":[6.75,13.75,-2.4],"to":[9.25,16.25,2.6],"rotation":{"origin":[8.0,8.0,8.0],"axis":"x","angle":-22.5},"faces":{"north":{"texture":"#1","uv":[0.0,0.0,2.5,2.5]},"east":{"texture":"#1","uv":[0.0,0.0,5.0,2.5]},"south":{"texture":"#1","uv":[0.0,0.0,2.5,2.5]},"west":{"texture":"#1","uv":[0.0,0.0,5.0,2.5]},"up":{"texture":"#1","uv":[0.0,0.0,2.5,5.0]},"down":{"texture":"#1","uv":[0.0,0.0,2.5,5.0]}}},{"name":"Cube","from":[0.10000000149011612,6.5999999791383743,-0.70000001043081284],"to":[15.899999998509884,9.5999999791383743,2.2999999895691872],"rotation":{"origin":[8.0,8.0,8.0],"axis":"x","angle":-45.0},"faces":{"north":{"texture":"#0","uv":[0.0,0.0,16.0,3.0]},"east":{"texture":"#0","uv":[0.0,0.0,16.0,3.0]},"south":{"texture":"#0","uv":[0.0,0.0,16.0,3.0]},"west":{"texture":"#0","uv":[0.0,0.0,16.0,3.0]},"up":{"texture":"#0","uv":[0.0,0.0,16.0,16.0]},"down":{"texture":"#0","uv":[0.0,0.0,16.0,16.0]}}},{"name":"Cube","from":[0.10000000149011612,2.8999999836087227,3.0999999865889549],"to":[15.899999998509884,5.8999999836087227,6.0999999865889549],"rotation":{"origin":[8.0,8.0,8.0],"axis":"x","angle":-45.0},"faces":{"north":{"texture":"#0","uv":[0.0,0.0,16.0,3.0]},"east":{"texture":"#0","uv":[0.0,0.0,16.0,3.0]},"south":{"texture":"#0","uv":[0.0,0.0,16.0,3.0]},"west":{"texture":"#0","uv":[0.0,0.0,16.0,3.0]},"up":{"texture":"#0","uv":[0.0,0.0,16.0,16.0]},"down":{"texture":"#0","uv":[0.0,0.0,16.0,16.0]}}},{"name":"Cube","from":[0.10000000149011612,-0.90000001341104507,6.7999999821186066],"to":[15.899999998509884,2.0999999865889549,9.7999999821186066],"rotation":{"origin":[8.0,8.0,8.0],"axis":"x","angle":-45.0},"faces":{"north":{"texture":"#0","uv":[0.0,0.0,16.0,3.0]},"east":{"texture":"#0","uv":[0.0,0.0,16.0,3.0]},"south":{"texture":"#0","uv":[0.0,0.0,16.0,3.0]},"west":{"texture":"#0","uv":[0.0,0.0,16.0,3.0]},"up":{"texture":"#0","uv":[0.0,0.0,16.0,16.0]},"down":{"texture":"#0","uv":[0.0,0.0,16.0,16.0]}}},{"name":"Cube","from":[-0.70000001043081284,6.6000000238418579,0.10000000149011612],"to":[2.2999999895691872,9.6000000238418579,15.899999998509884],"rotation":{"origin":[8.0,8.0,8.0],"axis":"z","angle":45.0},"faces":{"north":{"texture":"#2","uv":[0.0,0.0,16.0,3.0]},"east":{"texture":"#2","uv":[0.0,0.0,16.0,3.0]},"south":{"texture":"#2","uv":[0.0,0.0,16.0,3.0]},"west":{"texture":"#2","uv":[0.0,0.0,16.0,3.0]},"up":{"texture":"#2","uv":[0.0,0.0,16.0,16.0]},"down":{"texture":"#2","uv":[0.0,0.0,16.0,16.0]}}},{"name":"Cube","from":[3.0999999865889549,2.80000002682209,0.10000000149011612],"to":[6.0999999865889549,5.80000002682209,15.899999998509884],"rotation":{"origin":[8.0,8.0,8.0],"axis":"z","angle":45.0},"faces":{"north":{"texture":"#2","uv":[0.0,0.0,16.0,3.0]},"east":{"texture":"#2","uv":[0.0,0.0,16.0,3.0]},"south":{"texture":"#2","uv":[0.0,0.0,16.0,3.0]},"west":{"texture":"#2","uv":[0.0,0.0,16.0,3.0]},"up":{"texture":"#2","uv":[0.0,0.0,16.0,16.0]},"down":{"texture":"#2","uv":[0.0,0.0,16.0,16.0]}}},{"name":"Cube","from":[6.6999999806284904,-0.89999996870756149,0.10000000149011612],"to":[9.69999998062849,2.1000000312924385,15.899999998509884],"rotation":{"origin":[8.0,8.0,8.0],"axis":"z","angle":45.0},"faces":{"north":{"texture":"#2","uv":[0.0,0.0,16.0,3.0]},"east":{"texture":"#2","uv":[0.0,0.0,16.0,3.0]},"south":{"texture":"#2","uv":[0.0,0.0,16.0,3.0]},"west":{"texture":"#2","uv":[0.0,0.0,16.0,3.0]},"up":{"texture":"#2","uv":[0.0,0.0,16.0,16.0]},"down":{"texture":"#2","uv":[0.0,0.0,16.0,16.0]}}},{"name":"Cube","from":[7.0500000044703484,17.350000008940697,-0.30000001341104543],"to":[8.8499999940395355,19.149999998509884,1.4999999687075611],"rotation":{"origin":[8.0,8.0,8.0],"axis":"x","angle":-45.0},"faces":{"north":{"texture":"#3","uv":[8.0,8.0,13.5,14.5]},"east":{"texture":"#3","uv":[7.0,10.0,14.0,14.5]},"south":{"texture":"#3","uv":[7.0,9.0,13.5,13.5]},"west":{"texture":"#3","uv":[6.0,9.0,14.0,13.5]},"up":{"texture":"#3","uv":[9.0,10.0,14.5,15.0]},"down":{"texture":"#3","uv":[0.0,0.0,2.5,5.0]}}}],"display":{"head":{"rotation":[0,159,0],"translation":[-1.51,10.39,0.76],"scale":[0.5,0.5,0.5]},"gui":{"rotation":[20,110,0],"translation":[0,0,0],"scale":[0.5,0.5,0.5]}},"credit":"Model by Craftventure"}