{"textures":{"texture":"block/fenrir","horn":"block/quartz_block_bottom","coal_block":"block/coal_block","hopper_inside":"block/hopper_inside"},"elements":[{"__comment":"base]","from":[0.5,11,0.5],"to":[15.5,15.5,15.5],"faces":{"down":{"uv":[10,0,16,6],"texture":"#texture"},"up":{"uv":[10,0,16,6],"texture":"#texture"},"north":{"uv":[4.5,0,16,3.5],"texture":"#texture"},"south":{"uv":[4.5,0,16,3.5],"texture":"#texture"},"west":{"uv":[4.5,0,16,3.5],"texture":"#texture"},"east":{"uv":[4.5,0,16,3.5],"texture":"#texture"}}},{"__comment":"base]*","from":[2,15.5,6.5],"to":[14,19,15.5],"faces":{"down":{"uv":[9.5,0,16,5],"texture":"#texture"},"up":{"uv":[9.5,0,16,5],"texture":"#texture"},"north":{"uv":[2.5,5,11.5,8.5],"texture":"#texture"},"south":{"uv":[2,0,14,3.5],"texture":"#texture"},"west":{"uv":[6.5,0,15.5,3.5],"texture":"#texture"},"east":{"uv":[6.5,0,15.5,3.5],"texture":"#texture"}}},{"__comment":"base]*","from":[3,11.5,-3],"to":[13,16,0.5],"faces":{"down":{"uv":[3,10,11,14],"texture":"#texture"},"up":{"uv":[3,0,13,3.5],"texture":"#texture"},"north":{"uv":[3,0,13,4.5],"texture":"#texture"},"south":{"uv":[3,0,12,4],"texture":"#texture"},"west":{"uv":[0,0,3.5,4.5],"texture":"#texture"},"east":{"uv":[0,0,3.5,4.5],"texture":"#texture"}}},{"__comment":"base]*","from":[6,15.5,-5],"to":[10.5,16.5,6.5],"faces":{"down":{"uv":[11.5,0,16,10],"texture":"#texture"},"up":{"uv":[11.5,0,16,10],"texture":"#texture"},"north":{"uv":[6,0,10.5,1],"texture":"#texture"},"south":{"uv":[6,0,10.5,1],"texture":"#texture"},"west":{"uv":[0,0,10,1],"texture":"#texture"},"east":{"uv":[0,0,10,1],"texture":"#texture"}}},{"__comment":"base]*","from":[1.5625,17.3519,9.6875],"to":[4.5625,20.3519,11.1875],"rotation":{"origin":[1.5625,20.3519,9.6875],"axis":"z","angle":22.5},"faces":{"down":{"uv":[13,7.5,16,9],"texture":"#texture"},"up":{"uv":[13,7.5,16,9],"texture":"#texture"},"north":{"uv":[9,7,12,10],"texture":"#texture"},"south":{"uv":[9,7,12,10],"texture":"#texture"},"west":{"uv":[9.6875,0,11.1875,3],"texture":"#texture"},"east":{"uv":[9.6875,0,11.1875,3],"texture":"#texture"}}},{"__comment":"base]*","from":[11.6875,18.4375,9.6875],"to":[14.6875,21.4375,11.1875],"rotation":{"origin":[11.6875,21.4375,9.6875],"axis":"z","angle":-22.5},"faces":{"down":{"uv":[13,6,16,7.5],"texture":"#texture"},"up":{"uv":[13,6,16,7.5],"texture":"#texture"},"north":{"uv":[2,7,5,10],"texture":"#texture"},"south":{"uv":[2,7,5,10],"texture":"#texture"},"west":{"uv":[9.6875,0,11.1875,3],"texture":"#texture"},"east":{"uv":[9.6875,0,11.1875,3],"texture":"#texture"}}},{"__comment":"ysnf","from":[3.5,10.0548,-2],"to":[4.5,11.5548,-1.5],"rotation":{"origin":[3.5,11.5548,-2],"axis":"z","angle":22.5},"faces":{"down":{"uv":[12.5,5,11.5,4],"texture":"#horn"},"up":{"uv":[3.5,4,4.5,5],"texture":"#horn"},"north":{"uv":[11.5,6.5,12.5,7.5],"texture":"#horn"},"south":{"uv":[3.5,6.5,4.5,7.5],"texture":"#horn"},"west":{"uv":[4,6.5,5,7.5],"texture":"#horn"},"east":{"uv":[11,6.5,12,7.5],"texture":"#horn"}}},{"__comment":"ysnf*","from":[11.5625,10.5,-2],"to":[12.5625,12,-1.5],"rotation":{"origin":[11.5625,12,-2],"axis":"z","angle":-22.5},"faces":{"down":{"uv":[12.5,5,11.5,4],"texture":"#horn"},"up":{"uv":[3.5,4,4.5,5],"texture":"#horn"},"north":{"uv":[11.5,6.5,12.5,7.5],"texture":"#horn"},"south":{"uv":[3.5,6.5,4.5,7.5],"texture":"#horn"},"west":{"uv":[4,6.5,5,7.5],"texture":"#horn"},"east":{"uv":[11,6.5,12,7.5],"texture":"#horn"}}},{"__comment":"ysnf*","from":[9,11.1875,-4.5],"to":[10,12.1875,-4],"rotation":{"origin":[9,12.1875,-4.5],"axis":"z","angle":-45},"faces":{"down":{"uv":[12.5,5,11.5,4],"texture":"#horn"},"up":{"uv":[3.5,4,4.5,5],"texture":"#horn"},"north":{"uv":[11.5,6.5,12.5,7.5],"texture":"#horn"},"south":{"uv":[3.5,6.5,4.5,7.5],"texture":"#horn"},"west":{"uv":[4,6.5,5,7.5],"texture":"#horn"},"east":{"uv":[11,6.5,12,7.5],"texture":"#horn"}}},{"__comment":"ysnf*","from":[7.45711,11.1875,-4.5],"to":[8.45711,12.1875,-4],"rotation":{"origin":[7.45711,12.1875,-4.5],"axis":"z","angle":-45},"faces":{"down":{"uv":[12.5,5,11.5,4],"texture":"#horn"},"up":{"uv":[3.5,4,4.5,5],"texture":"#horn"},"north":{"uv":[11.5,6.5,12.5,7.5],"texture":"#horn"},"south":{"uv":[3.5,6.5,4.5,7.5],"texture":"#horn"},"west":{"uv":[4,6.5,5,7.5],"texture":"#horn"},"east":{"uv":[11,6.5,12,7.5],"texture":"#horn"}}},{"__comment":"ysnf*","from":[12,11.1875,-0.5],"to":[12.5,12.1875,0.5],"rotation":{"origin":[12,12.1875,-0.5],"axis":"x","angle":45},"faces":{"down":{"uv":[12.5,5,11.5,4],"texture":"#horn"},"up":{"uv":[3.5,4,4.5,5],"texture":"#horn"},"north":{"uv":[11.5,6.5,12.5,7.5],"texture":"#horn"},"south":{"uv":[3.5,6.5,4.5,7.5],"texture":"#horn"},"west":{"uv":[4,6.5,5,7.5],"texture":"#horn"},"east":{"uv":[11,6.5,12,7.5],"texture":"#horn"}}},{"__comment":"ysnf*","from":[3.5,10.5,-1.1875],"to":[4,11.5,-0.1875],"rotation":{"origin":[3.5,11.5,-1.1875],"axis":"x","angle":-45},"faces":{"down":{"uv":[12.5,5,11.5,4],"texture":"#horn"},"up":{"uv":[3.5,4,4.5,5],"texture":"#horn"},"north":{"uv":[11.5,6.5,12.5,7.5],"texture":"#horn"},"south":{"uv":[3.5,6.5,4.5,7.5],"texture":"#horn"},"west":{"uv":[4,6.5,5,7.5],"texture":"#horn"},"east":{"uv":[11,6.5,12,7.5],"texture":"#horn"}}},{"__comment":"base]*","from":[0.5,3.03175,13.5],"to":[4.5,11.0318,15.5],"rotation":{"origin":[0.5,11.0318,13.5],"axis":"z","angle":22.5},"faces":{"down":{"uv":[15,15,1,1],"texture":"#texture"},"up":{"uv":[1,1,15,15],"texture":"#texture"},"north":{"uv":[1,1,15,5],"texture":"#texture"},"south":{"uv":[1,1,15,5],"texture":"#texture"},"west":{"uv":[1,1,15,5],"texture":"#texture"},"east":{"uv":[1,1,15,5],"texture":"#texture"}}},{"__comment":"base]*","from":[11.8125,4.5,13.5],"to":[15.8125,12.5,15.5],"rotation":{"origin":[11.8125,12.5,13.5],"axis":"z","angle":-22.5},"faces":{"down":{"uv":[15,15,1,1],"texture":"#texture"},"up":{"uv":[1,1,15,15],"texture":"#texture"},"north":{"uv":[1,1,15,5],"texture":"#texture"},"south":{"uv":[1,1,15,5],"texture":"#texture"},"west":{"uv":[1,1,15,5],"texture":"#texture"},"east":{"uv":[1,1,15,5],"texture":"#texture"}}},{"__comment":"base]*","from":[3.5,3.5,13.5],"to":[12.5,11.5,15.5],"faces":{"down":{"uv":[7,0,16,2],"texture":"#texture"},"up":{"uv":[7,0,16,2],"texture":"#texture"},"north":{"uv":[10,0,16,6],"texture":"#texture"},"south":{"uv":[10,0,16,6],"texture":"#texture"},"west":{"uv":[13.5,4.5,15.5,12.5],"texture":"#texture"},"east":{"uv":[13.5,4.5,15.5,12.5],"texture":"#texture"}}},{"__comment":"base]*","from":[12.3125,14.4375,6.5],"to":[14.3125,17.9375,15.5],"rotation":{"origin":[12.3125,17.9375,6.5],"axis":"z","angle":22.5},"faces":{"down":{"uv":[14,0,16,9],"texture":"#texture"},"up":{"uv":[14,0,16,9],"texture":"#texture"},"north":{"uv":[12.3125,0,14.3125,3.5],"texture":"#texture"},"south":{"uv":[12.3125,0,14.3125,3.5],"texture":"#texture"},"west":{"uv":[6.5,0,15.5,3.5],"texture":"#texture"},"east":{"uv":[6.5,0,15.5,3.5],"texture":"#texture"}}},{"__comment":"base]*","from":[1.8125,15.25,6.5],"to":[3.8125,18.75,15.5],"rotation":{"origin":[1.8125,18.75,6.5],"axis":"z","angle":-22.5},"faces":{"down":{"uv":[14,0,16,9],"texture":"#texture"},"up":{"uv":[14,0,16,9],"texture":"#texture"},"north":{"uv":[14,0,16,3.5],"texture":"#texture"},"south":{"uv":[14,0,16,3.5],"texture":"#texture"},"west":{"uv":[6.5,0,15.5,3.5],"texture":"#texture"},"east":{"uv":[6.5,0,15.5,3.5],"texture":"#texture"}}},{"__comment":"neus","from":[6,15,-5.5],"to":[10.5,16.5,-5],"faces":{"down":{"uv":[6,0,10.5,0.5],"texture":"#coal_block"},"up":{"uv":[6,0,10.5,0.5],"texture":"#coal_block"},"north":{"uv":[6,0,10.5,1.5],"texture":"#coal_block"},"south":{"uv":[6.5,0.5,11,2],"texture":"#coal_block"},"west":{"uv":[0,0,0.5,1.5],"texture":"#coal_block"},"east":{"uv":[0,0,0.5,1.5],"texture":"#coal_block"}}},{"__comment":"neus*","from":[7,14.5,-5.5],"to":[9.5,15,-5],"faces":{"down":{"uv":[7,0,9.5,0.5],"texture":"#coal_block"},"up":{"uv":[7,0,9.5,0.5],"texture":"#coal_block"},"north":{"uv":[7,1,9.5,1.5],"texture":"#coal_block"},"south":{"uv":[7,1,9.5,1.5],"texture":"#coal_block"},"west":{"uv":[0,1,0.5,1.5],"texture":"#coal_block"},"east":{"uv":[0,1,0.5,1.5],"texture":"#coal_block"}}},{"__comment":"base]*","from":[4.5,11.5,-5],"to":[11.5,16,-3],"faces":{"down":{"uv":[3.5,12.5,10.5,14.5],"texture":"#texture"},"up":{"uv":[4.5,0,11.5,2],"texture":"#texture"},"north":{"uv":[4.5,0,11.5,4.5],"texture":"#texture"},"south":{"uv":[4.5,0,11.5,4.5],"texture":"#texture"},"west":{"uv":[0,0,2,4.5],"texture":"#texture"},"east":{"uv":[0,0,2,4.5],"texture":"#texture"}}},{"__comment":"ysnf*","from":[5,10.5,-3.6875],"to":[5.5,11.5,-2.6875],"rotation":{"origin":[5,11.5,-3.6875],"axis":"x","angle":-45},"faces":{"down":{"uv":[12.5,5,11.5,4],"texture":"#horn"},"up":{"uv":[3.5,4,4.5,5],"texture":"#horn"},"north":{"uv":[11.5,6.5,12.5,7.5],"texture":"#horn"},"south":{"uv":[3.5,6.5,4.5,7.5],"texture":"#horn"},"west":{"uv":[4,6.5,5,7.5],"texture":"#horn"},"east":{"uv":[11,6.5,12,7.5],"texture":"#horn"}}},{"__comment":"ysnf*","from":[10.5,10.5,-3.6875],"to":[11,11.5,-2.6875],"rotation":{"origin":[10.5,11.5,-3.6875],"axis":"x","angle":-45},"faces":{"down":{"uv":[12.5,5,11.5,4],"texture":"#horn"},"up":{"uv":[3.5,4,4.5,5],"texture":"#horn"},"north":{"uv":[11.5,6.5,12.5,7.5],"texture":"#horn"},"south":{"uv":[3.5,6.5,4.5,7.5],"texture":"#horn"},"west":{"uv":[4,6.5,5,7.5],"texture":"#horn"},"east":{"uv":[11,6.5,12,7.5],"texture":"#horn"}}},{"__comment":"ysnf*","from":[5,10,-4.5625],"to":[6,11.5,-4.0625],"rotation":{"origin":[5,11.5,-4.5625],"axis":"z","angle":22.5},"faces":{"down":{"uv":[12.5,5,11.5,4],"texture":"#horn"},"up":{"uv":[3.5,4,4.5,5],"texture":"#horn"},"north":{"uv":[11.5,6.5,12.5,7.5],"texture":"#horn"},"south":{"uv":[3.5,6.5,4.5,7.5],"texture":"#horn"},"west":{"uv":[4,6.5,5,7.5],"texture":"#horn"},"east":{"uv":[11,6.5,12,7.5],"texture":"#horn"}}},{"__comment":"ysnf*","from":[10.5625,13.375,-4.5],"to":[11.5625,14.875,-4],"rotation":{"origin":[10.5625,14.875,-4.5],"axis":"z","angle":-22.5},"faces":{"down":{"uv":[12.5,5,11.5,4],"texture":"#horn"},"up":{"uv":[3.5,4,4.5,5],"texture":"#horn"},"north":{"uv":[11.5,6.5,12.5,7.5],"texture":"#horn"},"south":{"uv":[3.5,6.5,4.5,7.5],"texture":"#horn"},"west":{"uv":[4,6.5,5,7.5],"texture":"#horn"},"east":{"uv":[11,6.5,12,7.5],"texture":"#horn"}}},{"__comment":"ysnf*","from":[10.5625,10.375,-4.5],"to":[11.5625,11.875,-4],"rotation":{"origin":[10.5625,11.875,-4.5],"axis":"z","angle":-22.5},"faces":{"down":{"uv":[12.5,5,11.5,4],"texture":"#horn"},"up":{"uv":[3.5,4,4.5,5],"texture":"#horn"},"north":{"uv":[11.5,6.5,12.5,7.5],"texture":"#horn"},"south":{"uv":[3.5,6.5,4.5,7.5],"texture":"#horn"},"west":{"uv":[4,6.5,5,7.5],"texture":"#horn"},"east":{"uv":[11,6.5,12,7.5],"texture":"#horn"}}},{"__comment":"base]*","from":[3,15,0.5],"to":[13,16,12],"faces":{"down":{"uv":[10,0,16,8],"texture":"#texture"},"up":{"uv":[10,0,16,8],"texture":"#texture"},"north":{"uv":[3,0,13,1],"texture":"#texture"},"south":{"uv":[3,0,13,1],"texture":"#texture"},"west":{"uv":[0.5,0,12,1],"texture":"#texture"},"east":{"uv":[0.5,0,12,1],"texture":"#texture"}}}],"display":{"gui":{"rotation":[17,-140,7],"translation":[-0.57,-2.83,0],"scale":[0.7,0.7,0.7]}},"credit":"Model by Craftventure"}