{"textures":{"texture":"block/magma","coal_block":"block/coal_block"},"elements":[{"from":[0,8.5,4],"to":[16,16.5,11],"faces":{"north":{"uv":[0,0,16,8],"texture":"#texture"},"east":{"uv":[4,0,11,8],"texture":"#texture"},"south":{"uv":[0,0,16,8],"texture":"#texture"},"west":{"uv":[4,0,11,8],"texture":"#texture"},"up":{"uv":[0,4,16,11],"texture":"#texture"},"down":{"uv":[0,4,16,11],"texture":"#texture"}}},{"from":[12.6875,9,5.4375],"to":[18.6875,16,11.4375],"rotation":{"angle":22.5,"axis":"y","origin":[12.6875,9,5.4375]},"faces":{"north":{"uv":[10,0,16,7],"texture":"#texture"},"east":{"uv":[5.4375,0,11.4375,7],"texture":"#texture"},"south":{"uv":[10,0,16,7],"texture":"#texture"},"west":{"uv":[5.4375,0,11.4375,7],"texture":"#texture"},"up":{"uv":[10,5,16,11],"texture":"#texture"},"down":{"uv":[10,5,16,11],"texture":"#texture"}}},{"from":[16.5,9.5,4.4375],"to":[20,15.5,9.4375],"rotation":{"angle":45,"axis":"y","origin":[16.5,9.5,4.4375]},"faces":{"north":{"uv":[0,0,3.5,4],"texture":"#texture"},"east":{"uv":[0,0,4,5],"texture":"#texture"},"south":{"uv":[0,0,3.5,4],"texture":"#texture"},"west":{"uv":[0,0,4,5],"texture":"#texture"},"up":{"uv":[6.5,6,10.5,10.5],"texture":"#texture"},"down":{"uv":[6.5,6,10.5,10.5],"texture":"#texture"}}},{"from":[19.5307,10,0.1875],"to":[23.5307,15,4.1875],"rotation":{"angle":-22.5,"axis":"y","origin":[19.5307,10,0.1875]},"faces":{"north":{"uv":[4,4.5,8,9.5],"texture":"#texture"},"east":{"uv":[5.5,6,9.5,11.5],"texture":"#texture"},"south":{"uv":[4,4.5,8,9.5],"texture":"#texture"},"west":{"uv":[5.5,6,9.5,11.5],"texture":"#texture"},"up":{"uv":[0,0,4,4],"texture":"#texture"},"down":{"uv":[0,0,4,4],"texture":"#texture"}}},{"from":[19.5,10.5,-1.5625],"to":[23,14.5,1.9375],"faces":{"north":{"uv":[9,11.5,13,15.5],"texture":"#texture"},"east":{"uv":[3.5,9,7,12.5],"texture":"#texture"},"south":{"uv":[9,11.5,13,15.5],"texture":"#texture"},"west":{"uv":[3.5,9,7,12.5],"texture":"#texture"},"up":{"uv":[4.5,5,8.5,9],"texture":"#texture"},"down":{"uv":[4.5,5,8.5,9],"texture":"#texture"}}},{"from":[18.875,11,-3.25],"to":[21.375,14,0.25],"rotation":{"angle":22.5,"axis":"y","origin":[18.875,11,-3.25]},"faces":{"north":{"uv":[5.5,6.5,8.5,9.5],"texture":"#texture"},"east":{"uv":[5,7,8,10],"texture":"#texture"},"south":{"uv":[5.5,6.5,8.5,9.5],"texture":"#texture"},"west":{"uv":[5,7,8,10],"texture":"#texture"},"up":{"uv":[0,0,2.5,3.5],"texture":"#texture"},"down":{"uv":[0,0,2.5,3.5],"texture":"#texture"}}},{"from":[-2.25,9,3.1875],"to":[3.75,16,9.1875],"rotation":{"angle":-22.5,"axis":"y","origin":[-2.25,9,3.1875]},"faces":{"north":{"uv":[0,0,6,7],"texture":"#texture"},"east":{"uv":[3.1875,0,9.1875,7],"texture":"#texture"},"south":{"uv":[0,0,6,7],"texture":"#texture"},"west":{"uv":[3.1875,0,9.1875,7],"texture":"#texture"},"up":{"uv":[0,3.1875,6,9.1875],"texture":"#texture"},"down":{"uv":[0,3.1875,6,9.1875],"texture":"#texture"}}},{"from":[-2.875,9.5,1.9375],"to":[0.625,15.5,6.9375],"rotation":{"angle":-45,"axis":"y","origin":[-2.875,9.5,1.9375]},"faces":{"north":{"uv":[0,0.5,3.5,6.5],"texture":"#texture"},"east":{"uv":[1.9375,0.5,6.9375,6.5],"texture":"#texture"},"south":{"uv":[0,0.5,3.5,6.5],"texture":"#texture"},"west":{"uv":[1.9375,0.5,6.9375,6.5],"texture":"#texture"},"up":{"uv":[0,1.9375,3.5,6.9375],"texture":"#texture"},"down":{"uv":[0,1.9375,3.5,6.9375],"texture":"#texture"}}},{"from":[-7.25,10,1.71823],"to":[-3.25,15,5.71823],"rotation":{"angle":22.5,"axis":"y","origin":[-7.25,10,1.71823]},"faces":{"north":{"uv":[0,1,4,6],"texture":"#texture"},"east":{"uv":[1.6875,1,5.6875,6],"texture":"#texture"},"south":{"uv":[0,1,4,6],"texture":"#texture"},"west":{"uv":[1.6875,1,5.6875,6],"texture":"#texture"},"up":{"uv":[0,1.6875,4,5.6875],"texture":"#texture"},"down":{"uv":[0,1.6875,4,5.6875],"texture":"#texture"}}},{"from":[-7,10.5,-1.5625],"to":[-3.5,14.5,1.9375],"faces":{"north":{"uv":[0,1.5,3.5,5.5],"texture":"#texture"},"east":{"uv":[0,1.5,3.5,5.5],"texture":"#texture"},"south":{"uv":[0,1.5,3.5,5.5],"texture":"#texture"},"west":{"uv":[0,1.5,3.5,5.5],"texture":"#texture"},"up":{"uv":[0,0,3.5,3.5],"texture":"#texture"},"down":{"uv":[0,0,3.5,3.5],"texture":"#texture"}}},{"from":[-5.1875,11,-4.1875],"to":[-2.6875,14,-0.6875],"rotation":{"angle":-22.5,"axis":"y","origin":[-5.1875,11,-4.1875]},"faces":{"north":{"uv":[0,2,2.5,5],"texture":"#texture"},"east":{"uv":[0,2,3.5,5],"texture":"#texture"},"south":{"uv":[0,2,2.5,5],"texture":"#texture"},"west":{"uv":[0,2,3.5,5],"texture":"#texture"},"up":{"uv":[0,0,2.5,3.5],"texture":"#texture"},"down":{"uv":[0,0,2.5,3.5],"texture":"#texture"}}},{"name":"zwart","from":[-5,11.5,-6.0625],"to":[-3,13.5,-3.0625],"faces":{"north":{"uv":[3,10,7,14],"rotation":90,"texture":"#coal_block"},"east":{"uv":[8,7,11.999,13],"rotation":90,"texture":"#coal_block"},"south":{"uv":[8,7,11.999,13],"rotation":90,"texture":"#coal_block"},"west":{"uv":[0,10,3.999,15.999],"rotation":90,"texture":"#coal_block"},"up":{"uv":[4,4,7.998,10],"texture":"#coal_block"},"down":{"uv":[4,0,7.998,6],"texture":"#coal_block"}}},{"name":"zwart","from":[19,11.5,-6.0625],"to":[21,13.5,-3.0625],"faces":{"north":{"uv":[3,14,7,10],"rotation":90,"texture":"#coal_block"},"east":{"uv":[0,15.999,3.999,10],"rotation":90,"texture":"#coal_block"},"south":{"uv":[8,13,11.999,7],"rotation":90,"texture":"#coal_block"},"west":{"uv":[8,13,11.999,7],"rotation":90,"texture":"#coal_block"},"up":{"uv":[7.998,4,4,10],"texture":"#coal_block"},"down":{"uv":[7.998,0,4,6],"texture":"#coal_block"}}},{"name":"zwart","from":[-4.5,12,-7.5625],"to":[-3.5,13,-6.0625],"faces":{"north":{"uv":[3,10,5,12],"texture":"#coal_block"},"east":{"uv":[1,7,3,10],"rotation":90,"texture":"#coal_block"},"south":{"uv":[8,8,10,11],"texture":"#coal_block"},"west":{"uv":[12,11,14,14],"rotation":90,"texture":"#coal_block"},"up":{"uv":[8,8,10,11],"texture":"#coal_block"},"down":{"uv":[8,8,10,11],"texture":"#coal_block"}}},{"name":"zwart","from":[19.5,12,-7.5625],"to":[20.5,13,-6.0625],"faces":{"north":{"uv":[5,10,3,12],"texture":"#coal_block"},"east":{"uv":[12,14,14,11],"rotation":90,"texture":"#coal_block"},"south":{"uv":[10,8,8,11],"texture":"#coal_block"},"west":{"uv":[1,10,3,7],"rotation":90,"texture":"#coal_block"},"up":{"uv":[10,8,8,11],"texture":"#coal_block"},"down":{"uv":[10,8,8,11],"texture":"#coal_block"}}}],"display":{"gui":{"rotation":[90,0,0],"translation":[0,-2.27,0],"scale":[0.5,0.5,0.5]},"head":{"rotation":[90,0,0],"translation":[0,1,-4.5]}},"credit":"Model by Craftventure"}