{"textures":{"0":"block/yellow_shulker_box","1":"block/black_stained_glass","2":"block/black_concrete","12":"block/anvil","particle":"block/yellow_shulker_box"},"elements":[{"from":[0,16.5,0],"to":[17,17.5,16],"rotation":{"angle":0,"axis":"y","origin":[8,8.5,8]},"faces":{"north":{"uv":[2,2,13.999,2.999],"texture":"#0"},"east":{"uv":[2,2,13.999,2.999],"texture":"#0"},"south":{"uv":[2,2,13.999,2.999],"texture":"#0"},"west":{"uv":[2,2,13.999,2.999],"texture":"#0"},"up":{"uv":[2,2,13.999,13.999],"texture":"#0"},"down":{"uv":[2,2,13.999,13.999],"texture":"#0"}}},{"from":[0,8.5,-1],"to":[17,16.5,0],"rotation":{"angle":0,"axis":"y","origin":[8,8.5,8]},"faces":{"north":{"uv":[2,2,14,8],"texture":"#0"},"east":{"uv":[2,2,7.999,2.998],"rotation":90,"texture":"#0"},"south":{"uv":[2,2,13.999,8],"texture":"#0"},"west":{"uv":[4,2,9.999,2.998],"rotation":270,"texture":"#0"},"up":{"uv":[2,2,13.999,2.999],"texture":"#0"},"down":{"uv":[2,2,13.999,2.999],"rotation":180,"texture":"#0"}}},{"from":[0,8.5,16],"to":[17,16.5,17],"rotation":{"angle":0,"axis":"y","origin":[8,8.5,8]},"faces":{"north":{"uv":[13.999,2,2,8],"texture":"#0"},"east":{"uv":[2,2.998,7.999,2],"rotation":90,"texture":"#0"},"south":{"uv":[14,2,2,8],"texture":"#0"},"west":{"uv":[4,2.998,9.999,2],"rotation":270,"texture":"#0"},"up":{"uv":[2,2.999,13.999,2],"texture":"#0"},"down":{"uv":[2,2.999,13.999,2],"rotation":180,"texture":"#0"}}},{"from":[-1,8.5,0],"to":[0,16.5,16],"rotation":{"angle":0,"axis":"y","origin":[8,8.5,8]},"faces":{"north":{"uv":[4,2.998,9.999,2],"rotation":270,"texture":"#0"},"east":{"uv":[13.999,2,2,8],"texture":"#0"},"south":{"uv":[2,2.998,7.999,2],"rotation":90,"texture":"#0"},"west":{"uv":[14,2,2,8],"texture":"#0"},"up":{"uv":[2,2.999,13.999,2],"rotation":90,"texture":"#0"},"down":{"uv":[2,2.999,13.999,2],"rotation":90,"texture":"#0"}}},{"from":[0,-2.5,16],"to":[4,8.5,17],"rotation":{"angle":0,"axis":"y","origin":[8,0.5,8]},"faces":{"north":{"uv":[13.998,5,10,13.994],"texture":"#0"},"east":{"uv":[13.998,5,10,13.994],"texture":"#0"},"south":{"uv":[13.998,5,11,13.993],"texture":"#0"},"west":{"uv":[13.998,5,10,13.994],"texture":"#0"},"up":{"uv":[13.998,5,10,13.994],"texture":"#0"},"down":{"uv":[13.998,5,10,13.994],"texture":"#0"}}},{"from":[0,-2.5,-1],"to":[4,8.5,0],"rotation":{"angle":0,"axis":"y","origin":[8,0.5,8]},"faces":{"north":{"uv":[11,5,13.998,13.993],"texture":"#0"},"east":{"uv":[10,5,13.998,13.994],"texture":"#0"},"south":{"uv":[10,5,13.998,13.994],"texture":"#0"},"west":{"uv":[10,5,13.998,13.994],"texture":"#0"},"up":{"uv":[13.998,13.994,10,5],"texture":"#0"},"down":{"uv":[13.998,13.994,10,5],"texture":"#0"}}},{"from":[13,-2.5,16],"to":[17,8.5,17],"rotation":{"angle":0,"axis":"y","origin":[9,0.5,8]},"faces":{"north":{"uv":[10,5,13.998,13.994],"texture":"#0"},"east":{"uv":[10,5,13.998,13.994],"texture":"#0"},"south":{"uv":[11,5,13.998,13.993],"texture":"#0"},"west":{"uv":[10,5,13.998,13.994],"texture":"#0"},"up":{"uv":[10,5,13.998,13.994],"texture":"#0"},"down":{"uv":[10,5,13.998,13.994],"texture":"#0"}}},{"from":[13,-2.5,-1],"to":[17,8.5,0],"rotation":{"angle":0,"axis":"y","origin":[9,0.5,8]},"faces":{"north":{"uv":[13.998,5,11,13.993],"texture":"#0"},"east":{"uv":[13.998,5,10,13.994],"texture":"#0"},"south":{"uv":[13.998,5,10,13.994],"texture":"#0"},"west":{"uv":[13.998,5,10,13.994],"texture":"#0"},"up":{"uv":[10,13.994,13.998,5],"texture":"#0"},"down":{"uv":[10,13.994,13.998,5],"texture":"#0"}}},{"from":[4,0.5,16],"to":[13,8.5,17],"rotation":{"angle":0,"axis":"y","origin":[13.5,0.5,8]},"faces":{"north":{"uv":[9.997,3,6,7.993],"texture":"#0"},"east":{"uv":[9.997,3,6,7.993],"texture":"#0"},"south":{"uv":[9.997,3,6,7.993],"texture":"#0"},"west":{"uv":[9.997,3,6,7.993],"texture":"#0"},"up":{"uv":[9.997,3,6,7.993],"texture":"#0"},"down":{"uv":[9.997,3,6,7.993],"texture":"#0"}}},{"from":[4,0.5,-1],"to":[13,8.5,0],"rotation":{"angle":0,"axis":"y","origin":[13.5,0.5,8]},"faces":{"north":{"uv":[6,3,9.997,7.993],"texture":"#0"},"east":{"uv":[6,3,9.997,7.993],"texture":"#0"},"south":{"uv":[6,3,9.997,7.993],"texture":"#0"},"west":{"uv":[6,3,9.997,7.993],"texture":"#0"},"up":{"uv":[9.997,7.993,6,3],"texture":"#0"},"down":{"uv":[9.997,7.993,6,3],"texture":"#0"}}},{"from":[-1,-2.5,0],"to":[0,8.5,16],"rotation":{"angle":0,"axis":"y","origin":[8,0.5,8]},"faces":{"north":{"uv":[5,2.999,13.999,2],"rotation":90,"texture":"#0"},"east":{"uv":[13.998,6,2,11.999],"rotation":180,"texture":"#0"},"south":{"uv":[5,2.999,13.999,2],"rotation":90,"texture":"#0"},"west":{"uv":[13.998,5,2,13.996],"texture":"#0"},"up":{"uv":[2,2.999,13.999,2],"rotation":90,"texture":"#0"},"down":{"uv":[2,2.999,13.999,2],"rotation":90,"texture":"#0"}}},{"from":[16.5,-2.5,0],"to":[17.5,0.5,16],"rotation":{"angle":0,"axis":"y","origin":[8.5,0.5,8]},"faces":{"north":{"uv":[5,2,8.998,2.998],"rotation":270,"texture":"#0"},"east":{"uv":[2,12,13.998,13.995],"texture":"#0"},"south":{"uv":[5,2,8.998,2.998],"rotation":270,"texture":"#0"},"west":{"uv":[2,12,13.998,13.998],"texture":"#0"},"up":{"uv":[2,2,13.999,2.999],"rotation":90,"texture":"#0"},"down":{"uv":[2,2,13.999,2.999],"rotation":90,"texture":"#0"}}},{"from":[16.5,-4.5,4],"to":[17.5,-2,12],"rotation":{"angle":0,"axis":"y","origin":[8.5,-2,8]},"faces":{"north":{"uv":[5,12,6,13.994],"rotation":180,"texture":"#0"},"east":{"uv":[5,12,10.994,13.994],"rotation":180,"texture":"#0"},"south":{"uv":[5,12,6,13.994],"rotation":180,"texture":"#0"},"west":{"uv":[5,12,10.996,13.994],"rotation":180,"texture":"#0"},"up":{"uv":[5,12,10.996,13.994],"rotation":180,"texture":"#0"},"down":{"uv":[5,12,10.995,12.999],"rotation":90,"texture":"#0"}}},{"from":[16.84,-3.5,-0.32],"to":[17.88,-2.5,4.09],"rotation":{"angle":0,"axis":"y","origin":[8.52,0,8]},"faces":{"north":{"uv":[5,2,8.998,2.998],"rotation":270,"texture":"#2"},"east":{"uv":[2,12,13.998,13.995],"texture":"#2"},"south":{"uv":[5,2,8.998,2.998],"rotation":270,"texture":"#2"},"west":{"uv":[2,12,13.998,13.998],"texture":"#2"},"up":{"uv":[2,2,13.999,2.999],"rotation":90,"texture":"#2"},"down":{"uv":[2,2,13.999,2.999],"rotation":90,"texture":"#2"}}},{"from":[16.84,-3.5,11.91],"to":[17.88,-2.5,16.32],"rotation":{"angle":0,"axis":"y","origin":[8.52,0,8]},"faces":{"north":{"uv":[5,2,8.998,2.998],"rotation":270,"texture":"#2"},"east":{"uv":[2,12,13.998,13.995],"texture":"#2"},"south":{"uv":[5,2,8.998,2.998],"rotation":270,"texture":"#2"},"west":{"uv":[2,12,13.998,13.998],"texture":"#2"},"up":{"uv":[2,2,13.999,2.999],"rotation":90,"texture":"#2"},"down":{"uv":[2,2,13.999,2.999],"rotation":90,"texture":"#2"}}},{"from":[16.84,-4.5,11.91],"to":[17.88,-3.5,12.95],"rotation":{"angle":0,"axis":"y","origin":[8.52,-1,7.75]},"faces":{"north":{"uv":[5,2,8.998,2.998],"rotation":270,"texture":"#2"},"east":{"uv":[2,12,13.998,13.995],"texture":"#2"},"south":{"uv":[5,2,8.998,2.998],"rotation":270,"texture":"#2"},"west":{"uv":[2,12,13.998,13.998],"texture":"#2"},"up":{"uv":[2,2,13.999,2.999],"rotation":90,"texture":"#2"},"down":{"uv":[2,2,13.999,2.999],"rotation":90,"texture":"#2"}}},{"from":[16.84,-4.5,3.05],"to":[17.88,-3.5,4.09],"rotation":{"angle":0,"axis":"y","origin":[8.52,-1,8.25]},"faces":{"north":{"uv":[5,2.998,8.998,2],"rotation":270,"texture":"#2"},"east":{"uv":[13.998,12,2,13.995],"texture":"#2"},"south":{"uv":[5,2.998,8.998,2],"rotation":270,"texture":"#2"},"west":{"uv":[13.998,12,2,13.998],"texture":"#2"},"up":{"uv":[13.999,2,2,2.999],"rotation":90,"texture":"#2"},"down":{"uv":[13.999,2,2,2.999],"rotation":90,"texture":"#2"}}},{"from":[16.84,-5.5,3.84],"to":[17.88,-4.5,12.16],"rotation":{"angle":0,"axis":"y","origin":[8.52,-2.5,8]},"faces":{"north":{"uv":[5,12,6,13.994],"rotation":180,"texture":"#2"},"east":{"uv":[5,12,10.996,13.994],"rotation":180,"texture":"#2"},"south":{"uv":[5,12,6,13.994],"rotation":180,"texture":"#2"},"west":{"uv":[5,12,10.996,13.994],"rotation":180,"texture":"#2"},"up":{"uv":[5,12,10.996,13.994],"rotation":180,"texture":"#2"},"down":{"uv":[5,12,10.995,12.999],"rotation":90,"texture":"#2"}}},{"from":[12.68,-3.5,16.32],"to":[17.36,-2.5,17.36],"rotation":{"angle":0,"axis":"y","origin":[8,0,8]},"faces":{"north":{"uv":[13.998,6,2,11.999],"rotation":180,"texture":"#2"},"east":{"uv":[5,2.999,13.999,2],"rotation":90,"texture":"#2"},"south":{"uv":[13.998,5,2,13.996],"texture":"#2"},"west":{"uv":[5,2.999,13.999,2],"rotation":90,"texture":"#2"},"up":{"uv":[2,2.999,13.999,2],"texture":"#2"},"down":{"uv":[2,2.999,13.999,2],"rotation":180,"texture":"#2"}}},{"from":[12.68,-3.5,-1.36],"to":[17.36,-2.5,-0.32],"rotation":{"angle":0,"axis":"y","origin":[8,0,8]},"faces":{"north":{"uv":[2,5,13.998,13.996],"texture":"#2"},"east":{"uv":[5,2,13.999,2.999],"rotation":90,"texture":"#2"},"south":{"uv":[2,6,13.998,11.999],"rotation":180,"texture":"#2"},"west":{"uv":[5,2,13.999,2.999],"rotation":90,"texture":"#2"},"up":{"uv":[2,2,13.999,2.999],"texture":"#2"},"down":{"uv":[2,2,13.999,2.999],"rotation":180,"texture":"#2"}}},{"from":[-0.36,-3.5,16.32],"to":[4.32,-2.5,17.36],"rotation":{"angle":0,"axis":"y","origin":[9,0,8]},"faces":{"north":{"uv":[2,6,13.998,11.999],"rotation":180,"texture":"#2"},"east":{"uv":[5,2,13.999,2.999],"rotation":90,"texture":"#2"},"south":{"uv":[0,0,6.18,1],"texture":"#2"},"west":{"uv":[5,2,13.999,2.999],"rotation":90,"texture":"#2"},"up":{"uv":[13.999,2.999,2,2],"texture":"#2"},"down":{"uv":[13.999,2.999,2,2],"rotation":180,"texture":"#2"}}},{"from":[-0.36,-3.5,-1.36],"to":[4.32,-2.5,-0.32],"rotation":{"angle":0,"axis":"y","origin":[9,0,8]},"faces":{"north":{"uv":[6.18,0,0,1],"texture":"#2"},"east":{"uv":[5,2.999,13.999,2],"rotation":90,"texture":"#2"},"south":{"uv":[13.998,6,2,11.999],"rotation":180,"texture":"#2"},"west":{"uv":[5,2.999,13.999,2],"rotation":90,"texture":"#2"},"up":{"uv":[13.999,2,2,2.999],"texture":"#2"},"down":{"uv":[13.999,2,2,2.999],"rotation":180,"texture":"#2"}}},{"from":[3.64,-3.25,16.32],"to":[4.64,0.25,17.36],"rotation":{"angle":0,"axis":"y","origin":[7.5,0.25,8]},"faces":{"north":{"uv":[2,6,13.998,11.999],"rotation":180,"texture":"#2"},"east":{"uv":[5,2,13.999,2.999],"rotation":90,"texture":"#2"},"south":{"uv":[0,0,6.18,1],"texture":"#2"},"west":{"uv":[5,2,13.999,2.999],"rotation":90,"texture":"#2"},"up":{"uv":[13.999,2.999,2,2],"texture":"#2"},"down":{"uv":[13.999,2.999,2,2],"rotation":180,"texture":"#2"}}},{"from":[3.64,-3.25,-1.36],"to":[4.64,0.25,-0.32],"rotation":{"angle":0,"axis":"y","origin":[7.5,0.25,8]},"faces":{"north":{"uv":[6.18,0,0,1],"texture":"#2"},"east":{"uv":[5,2.999,13.999,2],"rotation":90,"texture":"#2"},"south":{"uv":[13.998,6,2,11.999],"rotation":180,"texture":"#2"},"west":{"uv":[5,2.999,13.999,2],"rotation":90,"texture":"#2"},"up":{"uv":[13.999,2,2,2.999],"texture":"#2"},"down":{"uv":[13.999,2,2,2.999],"rotation":180,"texture":"#2"}}},{"from":[12.36,-3.25,16.32],"to":[13.36,0.25,17.36],"rotation":{"angle":0,"axis":"y","origin":[9.5,0.25,8]},"faces":{"north":{"uv":[13.998,6,2,11.999],"rotation":180,"texture":"#2"},"east":{"uv":[5,2.999,13.999,2],"rotation":90,"texture":"#2"},"south":{"uv":[6.18,0,0,1],"texture":"#2"},"west":{"uv":[5,2.999,13.999,2],"rotation":90,"texture":"#2"},"up":{"uv":[2,2.999,13.999,2],"texture":"#2"},"down":{"uv":[2,2.999,13.999,2],"rotation":180,"texture":"#2"}}},{"from":[12.36,-3.25,-1.36],"to":[13.36,0.25,-0.32],"rotation":{"angle":0,"axis":"y","origin":[9.5,0.25,8]},"faces":{"north":{"uv":[0,0,6.18,1],"texture":"#2"},"east":{"uv":[5,2,13.999,2.999],"rotation":90,"texture":"#2"},"south":{"uv":[2,6,13.998,11.999],"rotation":180,"texture":"#2"},"west":{"uv":[5,2,13.999,2.999],"rotation":90,"texture":"#2"},"up":{"uv":[2,2,13.999,2.999],"texture":"#2"},"down":{"uv":[2,2,13.999,2.999],"rotation":180,"texture":"#2"}}},{"from":[3.89,-0.5,16.32],"to":[13.07,0.5,17.36],"rotation":{"angle":0,"axis":"y","origin":[14.75,3,8]},"faces":{"north":{"uv":[2,6,13.998,11.999],"rotation":180,"texture":"#2"},"east":{"uv":[5,2,13.999,2.999],"rotation":90,"texture":"#2"},"south":{"uv":[0,0,6.18,1],"texture":"#2"},"west":{"uv":[5,2,13.999,2.999],"rotation":90,"texture":"#2"},"up":{"uv":[13.999,2.999,2,2],"texture":"#2"},"down":{"uv":[13.999,2.999,2,2],"rotation":180,"texture":"#2"}}},{"from":[3.89,-0.5,-1.36],"to":[13.07,0.5,-0.32],"rotation":{"angle":0,"axis":"y","origin":[14.75,3,8]},"faces":{"north":{"uv":[6.18,0,0,1],"texture":"#2"},"east":{"uv":[5,2.999,13.999,2],"rotation":90,"texture":"#2"},"south":{"uv":[13.998,6,2,11.999],"rotation":180,"texture":"#2"},"west":{"uv":[5,2.999,13.999,2],"rotation":90,"texture":"#2"},"up":{"uv":[13.999,2,2,2.999],"texture":"#2"},"down":{"uv":[13.999,2,2,2.999],"rotation":180,"texture":"#2"}}},{"from":[-1.36,-3.5,-0.32],"to":[-0.32,-2.5,16.32],"rotation":{"angle":0,"axis":"y","origin":[8,0,8]},"faces":{"north":{"uv":[5,2.999,13.999,2],"rotation":90,"texture":"#2"},"east":{"uv":[13.998,6,2,11.999],"rotation":180,"texture":"#2"},"south":{"uv":[5,2.999,6,2],"rotation":90,"texture":"#2"},"west":{"uv":[0,0,16,1],"texture":"#2"},"up":{"uv":[2,2.999,13.999,2],"rotation":90,"texture":"#2"},"down":{"uv":[2,2.999,13.999,2],"rotation":90,"texture":"#2"}}},{"from":[-3.7798,9.72957,4.49062],"to":[-1.7798,15.72957,6.49062],"rotation":{"angle":0,"axis":"y","origin":[7.25,8.75,7.5]},"faces":{"north":{"uv":[1,1,2,3],"rotation":270,"texture":"#12"},"east":{"uv":[1,1,2,3],"rotation":270,"texture":"#12"},"south":{"uv":[1,1,2,3],"rotation":270,"texture":"#12"},"west":{"uv":[1,1,2,3],"rotation":270,"texture":"#12"},"up":{"uv":[1,1,2,3],"texture":"#12"},"down":{"uv":[1,1,2,3],"rotation":180,"texture":"#12"}}},{"from":[-3.7854,8.6799,5.24224],"to":[-1.7854,9.6799,7.24224],"rotation":{"angle":-22.5,"axis":"x","origin":[8.12634,8.31718,7.27622]},"faces":{"north":{"uv":[1,1,2,3],"rotation":270,"texture":"#12"},"east":{"uv":[1,1,2,3],"rotation":270,"texture":"#12"},"south":{"uv":[1,1,2,3],"rotation":270,"texture":"#12"},"west":{"uv":[1,1,2,3],"rotation":270,"texture":"#12"},"up":{"uv":[1,1,2,3],"texture":"#12"},"down":{"uv":[1,1,2,3],"rotation":180,"texture":"#12"}}},{"from":[-3.78732,8.43091,5.53452],"to":[-1.78732,9.43091,7.53452],"rotation":{"angle":-45,"axis":"x","origin":[8.12634,8.31718,7.27622]},"faces":{"north":{"uv":[1,1,2,3],"rotation":270,"texture":"#12"},"east":{"uv":[1,1,2,3],"rotation":270,"texture":"#12"},"south":{"uv":[1,1,2,3],"rotation":270,"texture":"#12"},"west":{"uv":[1,1,2,3],"rotation":270,"texture":"#12"},"up":{"uv":[1,1,2,3],"texture":"#12"},"down":{"uv":[1,1,2,3],"rotation":180,"texture":"#12"}}},{"from":[-3.7854,9.6799,5.24224],"to":[-1.7854,10.6799,7.24224],"rotation":{"angle":-22.5,"axis":"x","origin":[8.12634,8.31718,7.27622]},"faces":{"north":{"uv":[1,1,2,3],"rotation":270,"texture":"#12"},"east":{"uv":[1,1,2,3],"rotation":270,"texture":"#12"},"south":{"uv":[1,1,2,3],"rotation":270,"texture":"#12"},"west":{"uv":[1,1,2,3],"rotation":270,"texture":"#12"},"up":{"uv":[1,1,2,3],"texture":"#12"},"down":{"uv":[1,1,2,3],"rotation":180,"texture":"#12"}}},{"from":[-3.7869,5.42182,5.5348],"to":[-1.7869,8.42182,7.5348],"rotation":{"angle":-45,"axis":"x","origin":[8.12634,8.31718,7.27622]},"faces":{"north":{"uv":[1,1,2,3],"rotation":270,"texture":"#12"},"east":{"uv":[1,1,2,3],"rotation":270,"texture":"#12"},"south":{"uv":[1,1,2,3],"rotation":270,"texture":"#12"},"west":{"uv":[1,1,2,3],"rotation":270,"texture":"#12"},"up":{"uv":[1,1,2,3],"texture":"#12"},"down":{"uv":[1,1,2,3],"rotation":180,"texture":"#12"}}},{"from":[-3.79243,4.73208,6.62265],"to":[-1.79243,5.73208,8.62265],"rotation":{"angle":-22.5,"axis":"x","origin":[8.12634,8.31718,7.27622]},"faces":{"north":{"uv":[1,1,2,3],"rotation":270,"texture":"#12"},"east":{"uv":[1,1,2,3],"rotation":270,"texture":"#12"},"south":{"uv":[1,1,2,3],"rotation":270,"texture":"#12"},"west":{"uv":[1,1,2,3],"rotation":270,"texture":"#12"},"up":{"uv":[1,1,2,3],"texture":"#12"},"down":{"uv":[1,1,2,3],"rotation":180,"texture":"#12"}}},{"from":[-3.78402,3.53121,7.88958],"to":[-1.78402,5.53121,9.88958],"rotation":{"angle":0,"axis":"y","origin":[7.25,8.75,7.5]},"faces":{"north":{"uv":[1,1,2,3],"rotation":270,"texture":"#12"},"east":{"uv":[1,1,2,3],"rotation":270,"texture":"#12"},"south":{"uv":[1,1,2,3],"rotation":270,"texture":"#12"},"west":{"uv":[1,1,2,3],"rotation":270,"texture":"#12"},"up":{"uv":[1,1,2,3],"texture":"#12"},"down":{"uv":[1,1,2,3],"rotation":180,"texture":"#12"}}},{"from":[-4.0776,11.41269,7.91543],"to":[-2.0776,12.41269,9.91543],"rotation":{"angle":45,"axis":"z","origin":[8.12634,8.31718,7.27622]},"faces":{"north":{"uv":[1,1,2,3],"rotation":270,"texture":"#12"},"east":{"uv":[1,1,2,3],"rotation":270,"texture":"#12"},"south":{"uv":[1,1,2,3],"rotation":270,"texture":"#12"},"west":{"uv":[1,1,2,3],"rotation":270,"texture":"#12"},"up":{"uv":[1,1,2,3],"texture":"#12"},"down":{"uv":[1,1,2,3],"rotation":180,"texture":"#12"}}},{"from":[-4.7138,7.44258,7.90107],"to":[-2.7138,8.44258,9.90107],"rotation":{"angle":22.5,"axis":"z","origin":[8.12634,8.31718,7.27622]},"faces":{"north":{"uv":[1,1,2,3],"rotation":270,"texture":"#12"},"east":{"uv":[1,1,2,3],"rotation":270,"texture":"#12"},"south":{"uv":[1,1,2,3],"rotation":270,"texture":"#12"},"west":{"uv":[1,1,2,3],"rotation":270,"texture":"#12"},"up":{"uv":[1,1,2,3],"texture":"#12"},"down":{"uv":[1,1,2,3],"rotation":180,"texture":"#12"}}},{"from":[0.60639,-1.77969,7.93224],"to":[1.60639,0.22031,9.93224],"rotation":{"angle":-22.5,"axis":"z","origin":[8.12634,8.31718,7.27622]},"faces":{"north":{"uv":[1,1,2,3],"texture":"#12"},"east":{"uv":[1,1,2,3],"rotation":180,"texture":"#12"},"south":{"uv":[1,1,2,3],"rotation":180,"texture":"#12"},"west":{"uv":[1,1,2,3],"rotation":180,"texture":"#12"},"up":{"uv":[1,1,2,3],"rotation":180,"texture":"#12"},"down":{"uv":[1,1,2,3],"rotation":90,"texture":"#12"}}},{"from":[-1.75102,1.47746,7.94892],"to":[-0.75102,3.47746,9.94892],"rotation":{"angle":0,"axis":"y","origin":[7.25,8.75,7.5]},"faces":{"north":{"uv":[1,1,2,3],"texture":"#12"},"east":{"uv":[1,1,2,3],"rotation":180,"texture":"#12"},"south":{"uv":[1,1,2,3],"rotation":180,"texture":"#12"},"west":{"uv":[1,1,2,3],"rotation":180,"texture":"#12"},"up":{"uv":[1,1,2,3],"rotation":180,"texture":"#12"},"down":{"uv":[1,1,2,3],"rotation":90,"texture":"#12"}}},{"from":[-1.25102,0.97746,7.44892],"to":[0.24898,3.97746,10.44892],"rotation":{"angle":0,"axis":"y","origin":[7.25,8.75,7.5]},"faces":{"north":{"uv":[1,1,2,3],"texture":"#2"},"east":{"uv":[1,1,2,3],"rotation":180,"texture":"#2"},"south":{"uv":[1,1,2,3],"rotation":180,"texture":"#2"},"west":{"uv":[1,1,2,3],"rotation":180,"texture":"#2"},"up":{"uv":[1,1,2,3],"rotation":180,"texture":"#2"},"down":{"uv":[1,1,2,3],"rotation":90,"texture":"#2"}}},{"from":[-5.70488,10.61427,4.49461],"to":[-3.70488,12.61427,6.49461],"rotation":{"angle":-22.5,"axis":"z","origin":[8.12634,8.31718,7.27622]},"faces":{"north":{"uv":[1,1,2,3],"rotation":270,"texture":"#12"},"east":{"uv":[1,1,2,3],"rotation":270,"texture":"#12"},"south":{"uv":[1,1,2,3],"rotation":270,"texture":"#12"},"west":{"uv":[1,1,2,3],"rotation":270,"texture":"#12"},"up":{"uv":[1,1,2,3],"texture":"#12"},"down":{"uv":[1,1,2,3],"rotation":180,"texture":"#12"}}},{"from":[-6.29448,6.99807,4.49743],"to":[-4.29448,9.99807,6.49743],"rotation":{"angle":-45,"axis":"z","origin":[8.12634,8.31718,7.27622]},"faces":{"north":{"uv":[1,1,2,3],"rotation":270,"texture":"#12"},"east":{"uv":[1,1,2,3],"rotation":270,"texture":"#12"},"south":{"uv":[1,1,2,3],"rotation":270,"texture":"#12"},"west":{"uv":[1,1,2,3],"rotation":270,"texture":"#12"},"up":{"uv":[1,1,2,3],"texture":"#12"},"down":{"uv":[1,1,2,3],"rotation":180,"texture":"#12"}}},{"from":[4.16387,20.28315,4.49965],"to":[5.16387,22.28315,6.49965],"rotation":{"angle":22.5,"axis":"z","origin":[8.12634,8.31718,7.27622]},"faces":{"north":{"uv":[1,1,2,3],"rotation":180,"texture":"#12"},"east":{"uv":[1,1,2,3],"texture":"#12"},"south":{"uv":[1,1,2,3],"texture":"#12"},"west":{"uv":[1,1,2,3],"texture":"#12"},"up":{"uv":[1,1,2,3],"texture":"#12"},"down":{"uv":[1,1,2,3],"texture":"#12"}}},{"from":[0.04517,18.08551,4.50086],"to":[2.04517,20.08551,6.50086],"rotation":{"angle":0,"axis":"y","origin":[7.25,8.75,7.5]},"faces":{"north":{"uv":[1,1,2,3],"rotation":180,"texture":"#12"},"east":{"uv":[1,1,2,3],"texture":"#12"},"south":{"uv":[1,1,2,3],"texture":"#12"},"west":{"uv":[1,1,2,3],"texture":"#12"},"up":{"uv":[1,1,2,3],"texture":"#12"},"down":{"uv":[1,1,2,3],"texture":"#12"}}},{"from":[-1.9916,14.86056,4.50698],"to":[-0.9916,16.86056,6.50698],"rotation":{"angle":-22.5,"axis":"z","origin":[8.12634,8.31718,7.27622]},"faces":{"north":{"uv":[1,1,2,3],"rotation":180,"texture":"#12"},"east":{"uv":[1,1,2,3],"texture":"#12"},"south":{"uv":[1,1,2,3],"texture":"#12"},"west":{"uv":[1,1,2,3],"texture":"#12"},"up":{"uv":[1,1,2,3],"texture":"#12"},"down":{"uv":[1,1,2,3],"rotation":270,"texture":"#12"}}},{"from":[-3.56241,10.71735,4.5134],"to":[-2.56241,12.71735,6.5134],"rotation":{"angle":-45,"axis":"z","origin":[8.12634,8.31718,7.27622]},"faces":{"north":{"uv":[1,1,2,3],"rotation":180,"texture":"#12"},"east":{"uv":[1,1,2,3],"texture":"#12"},"south":{"uv":[1,1,2,3],"texture":"#12"},"west":{"uv":[1,1,2,3],"texture":"#12"},"up":{"uv":[1,1,2,3],"texture":"#12"},"down":{"uv":[1,1,2,3],"rotation":270,"texture":"#12"}}},{"from":[6.09757,18.87162,4.51737],"to":[8.09757,19.87162,6.51737],"rotation":{"angle":22.5,"axis":"z","origin":[8.12634,8.31718,7.27622]},"faces":{"north":{"uv":[1,1,2,3],"rotation":90,"texture":"#12"},"east":{"uv":[1,1,2,3],"rotation":90,"texture":"#12"},"south":{"uv":[1,1,2,3],"rotation":90,"texture":"#12"},"west":{"uv":[1,1,2,3],"rotation":90,"texture":"#12"},"up":{"uv":[1,1,2,3],"rotation":180,"texture":"#12"},"down":{"uv":[1,1,2,3],"texture":"#12"}}},{"from":[2.05715,16.80266,4.51831],"to":[4.05715,18.05266,6.51831],"rotation":{"angle":0,"axis":"y","origin":[7.25,8.75,7.5]},"faces":{"north":{"uv":[1,1,2,3],"rotation":90,"texture":"#12"},"east":{"uv":[1,1,2,3],"rotation":90,"texture":"#12"},"south":{"uv":[1,1,2,3],"rotation":90,"texture":"#12"},"west":{"uv":[1,1,2,3],"rotation":90,"texture":"#12"},"up":{"uv":[1,1,2,3],"rotation":180,"texture":"#12"},"down":{"uv":[1,1,2,3],"texture":"#12"}}},{"from":[1.55715,16.30266,4.01831],"to":[4.55715,17.80266,7.01831],"rotation":{"angle":0,"axis":"y","origin":[7.25,8.75,7.5]},"faces":{"north":{"uv":[1,1,2,3],"rotation":90,"texture":"#2"},"east":{"uv":[1,1,2,3],"rotation":90,"texture":"#2"},"south":{"uv":[1,1,2,3],"rotation":90,"texture":"#2"},"west":{"uv":[1,1,2,3],"rotation":90,"texture":"#2"},"up":{"uv":[1,1,2,3],"rotation":180,"texture":"#2"},"down":{"uv":[1,1,2,3],"texture":"#2"}}},{"name":"window","from":[17,0.5,0],"to":[18,16.5,16],"rotation":{"angle":0,"axis":"y","origin":[17.5,8.5,8]},"faces":{"north":{"uv":[15,1,15.998,14.998],"texture":"#1"},"east":{"uv":[0,0,16,16],"texture":"#1"},"south":{"uv":[0,1,1,14.999],"texture":"#1"},"up":{"uv":[0,1,1,14.999],"rotation":180,"texture":"#1"},"down":{"uv":[0,1,1,14.999],"rotation":180,"texture":"#1"}}},{"from":[0,-0.5,-0.25],"to":[16.5,0.5,16.25],"rotation":{"angle":0,"axis":"y","origin":[8.5,12,8]},"faces":{"up":{"uv":[0,0,16,16],"texture":"#2"},"down":{"uv":[0,0,16,16],"texture":"#2"}}},{"name":"hexadecagon","from":[7.86346,7.40791,-1.875],"to":[8.13654,8.78071,-1.75],"rotation":{"angle":-45,"axis":"z","origin":[8,8.09431,-1]},"faces":{"north":{"uv":[4.499,5,4,5.499],"texture":"#0"},"east":{"uv":[4.499,5,4,5.499],"texture":"#0"},"south":{"uv":[4.499,5,4,5.499],"texture":"#0"},"west":{"uv":[4.499,5,4,5.499],"texture":"#0"},"up":{"uv":[4,5.499,4.499,5],"texture":"#0"},"down":{"uv":[4,5.499,4.499,5],"texture":"#0"}}},{"name":"hexadecagon","from":[7.86346,7.40791,-1.875],"to":[8.13654,8.78071,-1.75],"rotation":{"angle":-22.5,"axis":"z","origin":[8,8.09431,-1]},"faces":{"north":{"uv":[4.499,5,4,5.499],"texture":"#0"},"east":{"uv":[4.499,5,4,5.499],"texture":"#0"},"south":{"uv":[4.499,5,4,5.499],"texture":"#0"},"west":{"uv":[4.499,5,4,5.499],"texture":"#0"},"up":{"uv":[4,5.499,4.499,5],"texture":"#0"},"down":{"uv":[4,5.499,4.499,5],"texture":"#0"}}},{"name":"hexadecagon","from":[7.86346,7.40791,-1.875],"to":[8.13654,8.78071,-1.75],"rotation":{"angle":0,"axis":"z","origin":[8,8.09431,-1]},"faces":{"north":{"uv":[4.499,5,4,5.499],"texture":"#0"},"east":{"uv":[4.499,5,4,5.499],"texture":"#0"},"south":{"uv":[4.499,5,4,5.499],"texture":"#0"},"west":{"uv":[4.499,5,4,5.499],"texture":"#0"},"up":{"uv":[4,5.499,4.499,5],"texture":"#0"},"down":{"uv":[4,5.499,4.499,5],"texture":"#0"}}},{"name":"hexadecagon","from":[7.86346,7.40791,-1.875],"to":[8.13654,8.78071,-1.75],"rotation":{"angle":22.5,"axis":"z","origin":[8,8.09431,-1]},"faces":{"north":{"uv":[4.499,5,4,5.499],"texture":"#0"},"east":{"uv":[4.499,5,4,5.499],"texture":"#0"},"south":{"uv":[4.499,5,4,5.499],"texture":"#0"},"west":{"uv":[4.499,5,4,5.499],"texture":"#0"},"up":{"uv":[4,5.499,4.499,5],"texture":"#0"},"down":{"uv":[4,5.499,4.499,5],"texture":"#0"}}},{"name":"hexadecagon","from":[7.86346,7.40791,-1.875],"to":[8.13654,8.78071,-1.75],"rotation":{"angle":45,"axis":"z","origin":[8,8.09431,-1]},"faces":{"north":{"uv":[4.499,5,4,5.499],"texture":"#0"},"east":{"uv":[4.499,5,4,5.499],"texture":"#0"},"south":{"uv":[4.499,5,4,5.499],"texture":"#0"},"west":{"uv":[4.499,5,4,5.499],"texture":"#0"},"up":{"uv":[4,5.499,4.499,5],"texture":"#0"},"down":{"uv":[4,5.499,4.499,5],"texture":"#0"}}},{"name":"hexadecagon","from":[7.3136,7.95778,-1.875],"to":[8.6864,8.23085,-1.75],"rotation":{"angle":-22.5,"axis":"z","origin":[8,8.09431,-1]},"faces":{"north":{"uv":[4.499,5,4,5.499],"texture":"#0"},"east":{"uv":[4.499,5,4,5.499],"texture":"#0"},"south":{"uv":[4.499,5,4,5.499],"texture":"#0"},"west":{"uv":[4.499,5,4,5.499],"texture":"#0"},"up":{"uv":[4,5.499,4.499,5],"texture":"#0"},"down":{"uv":[4,5.499,4.499,5],"texture":"#0"}}},{"name":"hexadecagon","from":[7.3136,7.95778,-1.875],"to":[8.6864,8.23085,-1.75],"rotation":{"angle":0,"axis":"z","origin":[8,8.09431,-1]},"faces":{"north":{"uv":[4.499,5,4,5.499],"texture":"#0"},"east":{"uv":[4.499,5,4,5.499],"texture":"#0"},"south":{"uv":[4.499,5,4,5.499],"texture":"#0"},"west":{"uv":[4.499,5,4,5.499],"texture":"#0"},"up":{"uv":[4,5.499,4.499,5],"texture":"#0"},"down":{"uv":[4,5.499,4.499,5],"texture":"#0"}}},{"name":"hexadecagon","from":[7.3136,7.95778,-1.875],"to":[8.6864,8.23085,-1.75],"rotation":{"angle":22.5,"axis":"z","origin":[8,8.09431,-1]},"faces":{"north":{"uv":[4.499,5,4,5.499],"texture":"#0"},"east":{"uv":[4.499,5,4,5.499],"texture":"#0"},"south":{"uv":[4.499,5,4,5.499],"texture":"#0"},"west":{"uv":[4.499,5,4,5.499],"texture":"#0"},"up":{"uv":[4,5.499,4.499,5],"texture":"#0"},"down":{"uv":[4,5.499,4.499,5],"texture":"#0"}}},{"name":"hexadecagon","from":[7.63832,5.66359,-1.875],"to":[8.48312,7.12087,-1.75],"rotation":{"angle":-22.5,"axis":"z","origin":[8,8.09239,-1]},"faces":{"north":{"uv":[4.499,5,4,5.499],"texture":"#0"},"east":{"uv":[4.499,5,4,5.499],"texture":"#0"},"south":{"uv":[4.499,5,4,5.499],"texture":"#0"},"west":{"uv":[4.499,5,4,5.499],"texture":"#0"},"up":{"uv":[4,5.499,4.499,5],"texture":"#0"},"down":{"uv":[4,5.499,4.499,5],"texture":"#0"}}},{"name":"hexadecagon","from":[7.51688,5.66359,-1.875],"to":[8.48312,7.12087,-1.75],"rotation":{"angle":0,"axis":"z","origin":[8,8.09239,-1]},"faces":{"north":{"uv":[4.499,5,4,5.499],"texture":"#0"},"east":{"uv":[4.499,5,4,5.499],"texture":"#0"},"south":{"uv":[4.499,5,4,5.499],"texture":"#0"},"west":{"uv":[4.499,5,4,5.499],"texture":"#0"},"up":{"uv":[4,5.499,4.499,5],"texture":"#0"},"down":{"uv":[4,5.499,4.499,5],"texture":"#0"}}},{"name":"hexadecagon","from":[7.51688,5.66359,-1.875],"to":[8.36168,7.12087,-1.75],"rotation":{"angle":22.5,"axis":"z","origin":[8,8.09239,-1]},"faces":{"north":{"uv":[4.499,5,4,5.499],"texture":"#0"},"east":{"uv":[4.499,5,4,5.499],"texture":"#0"},"south":{"uv":[4.499,5,4,5.499],"texture":"#0"},"west":{"uv":[4.499,5,4,5.499],"texture":"#0"},"up":{"uv":[4,5.499,4.499,5],"texture":"#0"},"down":{"uv":[4,5.499,4.499,5],"texture":"#0"}}},{"name":"hexadecagon","from":[7.75976,9.06391,-1.875],"to":[8.48312,10.52119,-1.75],"rotation":{"angle":-45,"axis":"z","origin":[8,8.09239,-1]},"faces":{"north":{"uv":[4.499,5,4,5.499],"texture":"#0"},"east":{"uv":[4.499,5,4,5.499],"texture":"#0"},"south":{"uv":[4.499,5,4,5.499],"texture":"#0"},"west":{"uv":[4.499,5,4,5.499],"texture":"#0"},"up":{"uv":[4,5.499,4.499,5],"texture":"#0"},"down":{"uv":[4,5.499,4.499,5],"texture":"#0"}}},{"name":"hexadecagon","from":[7.51688,9.79255,-1.875],"to":[8.48312,10.52119,-1.75],"rotation":{"angle":-45,"axis":"z","origin":[8,8.09239,-1]},"faces":{"north":{"uv":[4.499,5,4,5.499],"texture":"#0"},"east":{"uv":[4.499,5,4,5.499],"texture":"#0"},"south":{"uv":[4.499,5,4,5.499],"texture":"#0"},"west":{"uv":[4.499,5,4,5.499],"texture":"#0"},"up":{"uv":[4,5.499,4.499,5],"texture":"#0"},"down":{"uv":[4,5.499,4.499,5],"texture":"#0"}}},{"name":"hexadecagon","from":[8.00264,9.06391,-1.875],"to":[8.48312,10.52119,-1.75],"rotation":{"angle":-22.5,"axis":"z","origin":[8,8.09239,-1]},"faces":{"north":{"uv":[4.499,5,4,5.499],"texture":"#0"},"east":{"uv":[4.499,5,4,5.499],"texture":"#0"},"south":{"uv":[4.499,5,4,5.499],"texture":"#0"},"west":{"uv":[4.499,5,4,5.499],"texture":"#0"},"up":{"uv":[4,5.499,4.499,5],"texture":"#0"},"down":{"uv":[4,5.499,4.499,5],"texture":"#0"}}},{"name":"hexadecagon","from":[7.51688,9.06391,-1.875],"to":[7.99736,10.52119,-1.75],"rotation":{"angle":22.5,"axis":"z","origin":[8,8.09239,-1]},"faces":{"north":{"uv":[4.499,5,4,5.499],"texture":"#0"},"east":{"uv":[4.499,5,4,5.499],"texture":"#0"},"south":{"uv":[4.499,5,4,5.499],"texture":"#0"},"west":{"uv":[4.499,5,4,5.499],"texture":"#0"},"up":{"uv":[4,5.499,4.499,5],"texture":"#0"},"down":{"uv":[4,5.499,4.499,5],"texture":"#0"}}},{"name":"hexadecagon","from":[7.51688,9.06391,-1.875],"to":[8.24024,10.52119,-1.75],"rotation":{"angle":45,"axis":"z","origin":[8,8.09239,-1]},"faces":{"north":{"uv":[4.499,5,4,5.499],"texture":"#0"},"east":{"uv":[4.499,5,4,5.499],"texture":"#0"},"south":{"uv":[4.499,5,4,5.499],"texture":"#0"},"west":{"uv":[4.499,5,4,5.499],"texture":"#0"},"up":{"uv":[4,5.499,4.499,5],"texture":"#0"},"down":{"uv":[4,5.499,4.499,5],"texture":"#0"}}},{"name":"hexadecagon","from":[7.51688,9.79255,-1.875],"to":[8.48312,10.52119,-1.75],"rotation":{"angle":45,"axis":"z","origin":[8,8.09239,-1]},"faces":{"north":{"uv":[4.499,5,4,5.499],"texture":"#0"},"east":{"uv":[4.499,5,4,5.499],"texture":"#0"},"south":{"uv":[4.499,5,4,5.499],"texture":"#0"},"west":{"uv":[4.499,5,4,5.499],"texture":"#0"},"up":{"uv":[4,5.499,4.499,5],"texture":"#0"},"down":{"uv":[4,5.499,4.499,5],"texture":"#0"}}},{"name":"hexadecagon","from":[5.5712,7.60928,-1.875],"to":[7.02848,8.57551,-1.75],"rotation":{"angle":-22.5,"axis":"z","origin":[8,8.09239,-1]},"faces":{"north":{"uv":[4.499,5,4,5.499],"texture":"#0"},"east":{"uv":[4.499,5,4,5.499],"texture":"#0"},"south":{"uv":[4.499,5,4,5.499],"texture":"#0"},"west":{"uv":[4.499,5,4,5.499],"texture":"#0"},"up":{"uv":[4,5.499,4.499,5],"texture":"#0"},"down":{"uv":[4,5.499,4.499,5],"texture":"#0"}}},{"name":"hexadecagon","from":[8.97152,7.60928,-1.875],"to":[10.4288,8.57551,-1.75],"rotation":{"angle":22.5,"axis":"z","origin":[8,8.09239,-1]},"faces":{"north":{"uv":[4.499,5,4,5.499],"texture":"#0"},"east":{"uv":[4.499,5,4,5.499],"texture":"#0"},"south":{"uv":[4.499,5,4,5.499],"texture":"#0"},"west":{"uv":[4.499,5,4,5.499],"texture":"#0"},"up":{"uv":[4,5.499,4.499,5],"texture":"#0"},"down":{"uv":[4,5.499,4.499,5],"texture":"#0"}}},{"name":"octagon","from":[6.75736,5,-1.75],"to":[9.24264,11,-1],"rotation":{"angle":45,"axis":"z","origin":[8,8,-2]},"faces":{"north":{"uv":[0.25,0,0,0.25],"texture":"#2"},"east":{"uv":[0.25,0,0,0.25],"texture":"#2"},"south":{"uv":[0.25,0,0,0.25],"texture":"#2"},"west":{"uv":[0.25,0,0,0.25],"texture":"#2"},"up":{"uv":[0,0.25,0.25,0],"texture":"#2"},"down":{"uv":[0,0.25,0.25,0],"texture":"#2"}}},{"name":"octagon","from":[6.75736,5,-1.75],"to":[9.24264,11,-1],"rotation":{"angle":0,"axis":"z","origin":[8,8,-2]},"faces":{"north":{"uv":[0.25,0,0,0.25],"texture":"#2"},"east":{"uv":[0.25,0,0,0.25],"texture":"#2"},"south":{"uv":[0.25,0,0,0.25],"texture":"#2"},"west":{"uv":[0.25,0,0,0.25],"texture":"#2"},"up":{"uv":[0,0.25,0.25,0],"texture":"#2"},"down":{"uv":[0,0.25,0.25,0],"texture":"#2"}}},{"name":"octagon","from":[5,6.75736,-1.75],"to":[11,9.24264,-1],"rotation":{"angle":45,"axis":"z","origin":[8,8,-2]},"faces":{"north":{"uv":[0.25,0,0,0.25],"texture":"#2"},"east":{"uv":[0.25,0,0,0.25],"texture":"#2"},"south":{"uv":[0.25,0,0,0.25],"texture":"#2"},"west":{"uv":[0.25,0,0,0.25],"texture":"#2"},"up":{"uv":[0,0.25,0.25,0],"texture":"#2"},"down":{"uv":[0,0.25,0.25,0],"texture":"#2"}}},{"name":"octagon","from":[5,6.75736,-1.75],"to":[11,9.24264,-1],"rotation":{"angle":0,"axis":"z","origin":[8,8,-2]},"faces":{"north":{"uv":[0.25,0,0,0.25],"texture":"#2"},"east":{"uv":[0.25,0,0,0.25],"texture":"#2"},"south":{"uv":[0.25,0,0,0.25],"texture":"#2"},"west":{"uv":[0.25,0,0,0.25],"texture":"#2"},"up":{"uv":[0,0.25,0.25,0],"texture":"#2"},"down":{"uv":[0,0.25,0.25,0],"texture":"#2"}}},{"name":"octagon","from":[7.4,10.95736,16.3],"to":[8.6,16.19264,17.5],"rotation":{"angle":0,"axis":"x","origin":[8,14.95,14.5]},"faces":{"north":{"uv":[0,0,0.25,0.25],"texture":"#2"},"east":{"uv":[0,0,0.25,0.25],"texture":"#2"},"south":{"uv":[0,0,0.25,0.25],"texture":"#2"},"west":{"uv":[0,0,0.25,0.25],"texture":"#2"},"up":{"uv":[0,0,0.25,0.25],"texture":"#2"},"down":{"uv":[0,0,0.25,0.25],"texture":"#2"}}},{"name":"octagon","from":[7.4,10.95736,-1.5],"to":[8.6,16.19264,-0.3],"rotation":{"angle":0,"axis":"x","origin":[8,14.95,1.5]},"faces":{"north":{"uv":[0.25,0,0,0.25],"texture":"#2"},"east":{"uv":[0.25,0,0,0.25],"texture":"#2"},"south":{"uv":[0.25,0,0,0.25],"texture":"#2"},"west":{"uv":[0.25,0,0,0.25],"texture":"#2"},"up":{"uv":[0,0.25,0.25,0],"texture":"#2"},"down":{"uv":[0,0.25,0.25,0],"texture":"#2"}}},{"name":"octagon","from":[7.4,16.75,13.25736],"to":[8.6,17.95,15.74264],"rotation":{"angle":45,"axis":"x","origin":[8,14.95,14.5]},"faces":{"north":{"uv":[0,0,0.25,0.25],"texture":"#2"},"east":{"uv":[0,0,0.25,0.25],"texture":"#2"},"south":{"uv":[0,0,0.25,0.25],"texture":"#2"},"west":{"uv":[0,0,0.25,0.25],"texture":"#2"},"up":{"uv":[0,0,0.25,0.25],"texture":"#2"},"down":{"uv":[0,0,0.25,0.25],"texture":"#2"}}},{"name":"octagon","from":[7.4,16.75,0.25736],"to":[8.6,17.95,2.74264],"rotation":{"angle":-45,"axis":"x","origin":[8,14.95,1.5]},"faces":{"north":{"uv":[0.25,0,0,0.25],"texture":"#2"},"east":{"uv":[0.25,0,0,0.25],"texture":"#2"},"south":{"uv":[0.25,0,0,0.25],"texture":"#2"},"west":{"uv":[0.25,0,0,0.25],"texture":"#2"},"up":{"uv":[0,0.25,0.25,0],"texture":"#2"},"down":{"uv":[0,0.25,0.25,0],"texture":"#2"}}},{"name":"octagon","from":[7.4,16.75,0.25736],"to":[8.6,17.95,15.74264],"rotation":{"angle":0,"axis":"x","origin":[8,14.95,14.5]},"faces":{"north":{"uv":[0,0,0.25,0.25],"texture":"#2"},"east":{"uv":[0,0,0.25,0.25],"texture":"#2"},"south":{"uv":[0,0,0.25,0.25],"texture":"#2"},"west":{"uv":[0,0,0.25,0.25],"texture":"#2"},"up":{"uv":[0,0,0.25,0.25],"texture":"#2"},"down":{"uv":[0,0,0.25,0.25],"texture":"#2"}}},{"name":"octagon","from":[6.75736,5,17],"to":[9.24264,11,17.75],"rotation":{"angle":45,"axis":"z","origin":[8,8,18]},"faces":{"north":{"uv":[0,0,0.25,0.25],"texture":"#2"},"east":{"uv":[0,0,0.25,0.25],"texture":"#2"},"south":{"uv":[0,0,0.25,0.25],"texture":"#2"},"west":{"uv":[0,0,0.25,0.25],"texture":"#2"},"up":{"uv":[0,0,0.25,0.25],"texture":"#2"},"down":{"uv":[0,0,0.25,0.25],"texture":"#2"}}},{"name":"octagon","from":[11,7.50736,17.25],"to":[20,8.49264,17.75],"rotation":{"angle":-22.5,"axis":"z","origin":[8,8,18]},"faces":{"north":{"uv":[0,0,0.25,0.25],"rotation":90,"texture":"#2"},"east":{"uv":[0,0,0.25,0.25],"rotation":270,"texture":"#2"},"south":{"uv":[0,0,0.25,0.25],"rotation":270,"texture":"#2"},"west":{"uv":[0,0,0.25,0.25],"rotation":270,"texture":"#2"},"up":{"uv":[0,0,0.25,0.25],"rotation":270,"texture":"#2"},"down":{"uv":[0,0,0.25,0.25],"rotation":270,"texture":"#2"}}},{"name":"octagon","from":[18.89803,2.95266,13.25],"to":[19.39803,3.93794,17.75],"rotation":{"angle":0,"axis":"z","origin":[23.39803,3.4453,17.5]},"faces":{"north":{"uv":[0,0,0.25,0.25],"rotation":90,"texture":"#2"},"east":{"uv":[0,0,0.25,0.25],"rotation":270,"texture":"#2"},"south":{"uv":[0,0,0.25,0.25],"rotation":270,"texture":"#2"},"west":{"uv":[0,0,0.25,0.25],"rotation":270,"texture":"#2"},"up":{"uv":[0,0,0.25,0.25],"rotation":270,"texture":"#2"},"down":{"uv":[0,0,0.25,0.25],"rotation":270,"texture":"#2"}}},{"name":"octagon","from":[18.89803,2.95266,11.25],"to":[19.39803,3.93794,13.25],"rotation":{"angle":0,"axis":"z","origin":[23.39803,3.4453,17.5]},"faces":{"north":{"uv":[7,3,8.999,6.999],"rotation":270,"texture":"#12"},"east":{"uv":[7,3,8.999,6.999],"rotation":270,"texture":"#12"},"south":{"uv":[7,3,8.999,6.999],"rotation":270,"texture":"#12"},"west":{"uv":[7,3,8.999,6.999],"rotation":270,"texture":"#12"},"up":{"uv":[2,3,2.999,6.999],"rotation":180,"texture":"#12"},"down":{"uv":[2,5,2.999,8.998],"rotation":180,"texture":"#12"}}},{"name":"octagon","from":[6.75736,5,17],"to":[9.24264,11,17.75],"rotation":{"angle":0,"axis":"z","origin":[8,8,18]},"faces":{"north":{"uv":[0,0,0.25,0.25],"texture":"#2"},"east":{"uv":[0,0,0.25,0.25],"texture":"#2"},"south":{"uv":[0,0,0.25,0.25],"texture":"#2"},"west":{"uv":[0,0,0.25,0.25],"texture":"#2"},"up":{"uv":[0,0,0.25,0.25],"texture":"#2"},"down":{"uv":[0,0,0.25,0.25],"texture":"#2"}}},{"name":"octagon","from":[5,6.75736,17],"to":[11,9.24264,17.75],"rotation":{"angle":45,"axis":"z","origin":[8,8,18]},"faces":{"north":{"uv":[0,0,0.25,0.25],"texture":"#2"},"east":{"uv":[0,0,0.25,0.25],"texture":"#2"},"south":{"uv":[0,0,0.25,0.25],"texture":"#2"},"west":{"uv":[0,0,0.25,0.25],"texture":"#2"},"up":{"uv":[0,0,0.25,0.25],"texture":"#2"},"down":{"uv":[0,0,0.25,0.25],"texture":"#2"}}},{"name":"octagon","from":[5,6.75736,17],"to":[11,9.24264,17.75],"rotation":{"angle":0,"axis":"z","origin":[8,8,18]},"faces":{"north":{"uv":[0,0,0.25,0.25],"texture":"#2"},"east":{"uv":[0,0,0.25,0.25],"texture":"#2"},"south":{"uv":[0,0,0.25,0.25],"texture":"#2"},"west":{"uv":[0,0,0.25,0.25],"texture":"#2"},"up":{"uv":[0,0,0.25,0.25],"texture":"#2"},"down":{"uv":[0,0,0.25,0.25],"texture":"#2"}}},{"name":"hexadecagon","from":[7.86346,7.40791,17.75],"to":[8.13654,8.78071,17.875],"rotation":{"angle":-45,"axis":"z","origin":[8,8.09431,17]},"faces":{"north":{"uv":[4,5,4.499,5.499],"texture":"#0"},"east":{"uv":[4,5,4.499,5.499],"texture":"#0"},"south":{"uv":[4,5,4.499,5.499],"texture":"#0"},"west":{"uv":[4,5,4.499,5.499],"texture":"#0"},"up":{"uv":[4,5,4.499,5.499],"texture":"#0"},"down":{"uv":[4,5,4.499,5.499],"texture":"#0"}}},{"name":"hexadecagon","from":[7.86346,7.40791,17.75],"to":[8.13654,8.78071,17.875],"rotation":{"angle":-22.5,"axis":"z","origin":[8,8.09431,17]},"faces":{"north":{"uv":[4,5,4.499,5.499],"texture":"#0"},"east":{"uv":[4,5,4.499,5.499],"texture":"#0"},"south":{"uv":[4,5,4.499,5.499],"texture":"#0"},"west":{"uv":[4,5,4.499,5.499],"texture":"#0"},"up":{"uv":[4,5,4.499,5.499],"texture":"#0"},"down":{"uv":[4,5,4.499,5.499],"texture":"#0"}}},{"name":"hexadecagon","from":[7.86346,7.40791,17.75],"to":[8.13654,8.78071,17.875],"rotation":{"angle":0,"axis":"z","origin":[8,8.09431,17]},"faces":{"north":{"uv":[4,5,4.499,5.499],"texture":"#0"},"east":{"uv":[4,5,4.499,5.499],"texture":"#0"},"south":{"uv":[4,5,4.499,5.499],"texture":"#0"},"west":{"uv":[4,5,4.499,5.499],"texture":"#0"},"up":{"uv":[4,5,4.499,5.499],"texture":"#0"},"down":{"uv":[4,5,4.499,5.499],"texture":"#0"}}},{"name":"hexadecagon","from":[7.86346,7.40791,17.75],"to":[8.13654,8.78071,17.875],"rotation":{"angle":22.5,"axis":"z","origin":[8,8.09431,17]},"faces":{"north":{"uv":[4,5,4.499,5.499],"texture":"#0"},"east":{"uv":[4,5,4.499,5.499],"texture":"#0"},"south":{"uv":[4,5,4.499,5.499],"texture":"#0"},"west":{"uv":[4,5,4.499,5.499],"texture":"#0"},"up":{"uv":[4,5,4.499,5.499],"texture":"#0"},"down":{"uv":[4,5,4.499,5.499],"texture":"#0"}}},{"name":"hexadecagon","from":[7.86346,7.40791,17.75],"to":[8.13654,8.78071,17.875],"rotation":{"angle":45,"axis":"z","origin":[8,8.09431,17]},"faces":{"north":{"uv":[4,5,4.499,5.499],"texture":"#0"},"east":{"uv":[4,5,4.499,5.499],"texture":"#0"},"south":{"uv":[4,5,4.499,5.499],"texture":"#0"},"west":{"uv":[4,5,4.499,5.499],"texture":"#0"},"up":{"uv":[4,5,4.499,5.499],"texture":"#0"},"down":{"uv":[4,5,4.499,5.499],"texture":"#0"}}},{"name":"hexadecagon","from":[7.3136,7.95778,17.75],"to":[8.6864,8.23085,17.875],"rotation":{"angle":-22.5,"axis":"z","origin":[8,8.09431,17]},"faces":{"north":{"uv":[4,5,4.499,5.499],"texture":"#0"},"east":{"uv":[4,5,4.499,5.499],"texture":"#0"},"south":{"uv":[4,5,4.499,5.499],"texture":"#0"},"west":{"uv":[4,5,4.499,5.499],"texture":"#0"},"up":{"uv":[4,5,4.499,5.499],"texture":"#0"},"down":{"uv":[4,5,4.499,5.499],"texture":"#0"}}},{"name":"hexadecagon","from":[7.3136,7.95778,17.75],"to":[8.6864,8.23085,17.875],"rotation":{"angle":0,"axis":"z","origin":[8,8.09431,17]},"faces":{"north":{"uv":[4,5,4.499,5.499],"texture":"#0"},"east":{"uv":[4,5,4.499,5.499],"texture":"#0"},"south":{"uv":[4,5,4.499,5.499],"texture":"#0"},"west":{"uv":[4,5,4.499,5.499],"texture":"#0"},"up":{"uv":[4,5,4.499,5.499],"texture":"#0"},"down":{"uv":[4,5,4.499,5.499],"texture":"#0"}}},{"name":"hexadecagon","from":[7.3136,7.95778,17.75],"to":[8.6864,8.23085,17.875],"rotation":{"angle":22.5,"axis":"z","origin":[8,8.09431,17]},"faces":{"north":{"uv":[4,5,4.499,5.499],"texture":"#0"},"east":{"uv":[4,5,4.499,5.499],"texture":"#0"},"south":{"uv":[4,5,4.499,5.499],"texture":"#0"},"west":{"uv":[4,5,4.499,5.499],"texture":"#0"},"up":{"uv":[4,5,4.499,5.499],"texture":"#0"},"down":{"uv":[4,5,4.499,5.499],"texture":"#0"}}},{"name":"hexadecagon","from":[7.63832,5.66359,17.75],"to":[8.48312,7.12087,17.875],"rotation":{"angle":-22.5,"axis":"z","origin":[8,8.09239,17]},"faces":{"north":{"uv":[4,5,4.499,5.499],"texture":"#0"},"east":{"uv":[4,5,4.499,5.499],"texture":"#0"},"south":{"uv":[4,5,4.499,5.499],"texture":"#0"},"west":{"uv":[4,5,4.499,5.499],"texture":"#0"},"up":{"uv":[4,5,4.499,5.499],"texture":"#0"},"down":{"uv":[4,5,4.499,5.499],"texture":"#0"}}},{"name":"hexadecagon","from":[7.51688,5.66359,17.75],"to":[8.48312,7.12087,17.875],"rotation":{"angle":0,"axis":"z","origin":[8,8.09239,17]},"faces":{"north":{"uv":[4,5,4.499,5.499],"texture":"#0"},"east":{"uv":[4,5,4.499,5.499],"texture":"#0"},"south":{"uv":[4,5,4.499,5.499],"texture":"#0"},"west":{"uv":[4,5,4.499,5.499],"texture":"#0"},"up":{"uv":[4,5,4.499,5.499],"texture":"#0"},"down":{"uv":[4,5,4.499,5.499],"texture":"#0"}}},{"name":"hexadecagon","from":[7.51688,5.66359,17.75],"to":[8.36168,7.12087,17.875],"rotation":{"angle":22.5,"axis":"z","origin":[8,8.09239,17]},"faces":{"north":{"uv":[4,5,4.499,5.499],"texture":"#0"},"east":{"uv":[4,5,4.499,5.499],"texture":"#0"},"south":{"uv":[4,5,4.499,5.499],"texture":"#0"},"west":{"uv":[4,5,4.499,5.499],"texture":"#0"},"up":{"uv":[4,5,4.499,5.499],"texture":"#0"},"down":{"uv":[4,5,4.499,5.499],"texture":"#0"}}},{"name":"hexadecagon","from":[7.75976,9.06391,17.75],"to":[8.48312,10.52119,17.875],"rotation":{"angle":-45,"axis":"z","origin":[8,8.09239,17]},"faces":{"north":{"uv":[4,5,4.499,5.499],"texture":"#0"},"east":{"uv":[4,5,4.499,5.499],"texture":"#0"},"south":{"uv":[4,5,4.499,5.499],"texture":"#0"},"west":{"uv":[4,5,4.499,5.499],"texture":"#0"},"up":{"uv":[4,5,4.499,5.499],"texture":"#0"},"down":{"uv":[4,5,4.499,5.499],"texture":"#0"}}},{"name":"hexadecagon","from":[7.51688,9.79255,17.75],"to":[8.48312,10.52119,17.875],"rotation":{"angle":-45,"axis":"z","origin":[8,8.09239,17]},"faces":{"north":{"uv":[4,5,4.499,5.499],"texture":"#0"},"east":{"uv":[4,5,4.499,5.499],"texture":"#0"},"south":{"uv":[4,5,4.499,5.499],"texture":"#0"},"west":{"uv":[4,5,4.499,5.499],"texture":"#0"},"up":{"uv":[4,5,4.499,5.499],"texture":"#0"},"down":{"uv":[4,5,4.499,5.499],"texture":"#0"}}},{"name":"hexadecagon","from":[8.00264,9.06391,17.75],"to":[8.48312,10.52119,17.875],"rotation":{"angle":-22.5,"axis":"z","origin":[8,8.09239,17]},"faces":{"north":{"uv":[4,5,4.499,5.499],"texture":"#0"},"east":{"uv":[4,5,4.499,5.499],"texture":"#0"},"south":{"uv":[4,5,4.499,5.499],"texture":"#0"},"west":{"uv":[4,5,4.499,5.499],"texture":"#0"},"up":{"uv":[4,5,4.499,5.499],"texture":"#0"},"down":{"uv":[4,5,4.499,5.499],"texture":"#0"}}},{"name":"hexadecagon","from":[7.51688,9.06391,17.75],"to":[7.99736,10.52119,17.875],"rotation":{"angle":22.5,"axis":"z","origin":[8,8.09239,17]},"faces":{"north":{"uv":[4,5,4.499,5.499],"texture":"#0"},"east":{"uv":[4,5,4.499,5.499],"texture":"#0"},"south":{"uv":[4,5,4.499,5.499],"texture":"#0"},"west":{"uv":[4,5,4.499,5.499],"texture":"#0"},"up":{"uv":[4,5,4.499,5.499],"texture":"#0"},"down":{"uv":[4,5,4.499,5.499],"texture":"#0"}}},{"name":"hexadecagon","from":[7.51688,9.06391,17.75],"to":[8.24024,10.52119,17.875],"rotation":{"angle":45,"axis":"z","origin":[8,8.09239,17]},"faces":{"north":{"uv":[4,5,4.499,5.499],"texture":"#0"},"east":{"uv":[4,5,4.499,5.499],"texture":"#0"},"south":{"uv":[4,5,4.499,5.499],"texture":"#0"},"west":{"uv":[4,5,4.499,5.499],"texture":"#0"},"up":{"uv":[4,5,4.499,5.499],"texture":"#0"},"down":{"uv":[4,5,4.499,5.499],"texture":"#0"}}},{"name":"hexadecagon","from":[7.51688,9.79255,17.75],"to":[8.48312,10.52119,17.875],"rotation":{"angle":45,"axis":"z","origin":[8,8.09239,17]},"faces":{"north":{"uv":[4,5,4.499,5.499],"texture":"#0"},"east":{"uv":[4,5,4.499,5.499],"texture":"#0"},"south":{"uv":[4,5,4.499,5.499],"texture":"#0"},"west":{"uv":[4,5,4.499,5.499],"texture":"#0"},"up":{"uv":[4,5,4.499,5.499],"texture":"#0"},"down":{"uv":[4,5,4.499,5.499],"texture":"#0"}}},{"name":"hexadecagon","from":[5.5712,7.60928,17.75],"to":[7.02848,8.57551,17.875],"rotation":{"angle":-22.5,"axis":"z","origin":[8,8.09239,17]},"faces":{"north":{"uv":[4,5,4.499,5.499],"texture":"#0"},"east":{"uv":[4,5,4.499,5.499],"texture":"#0"},"south":{"uv":[4,5,4.499,5.499],"texture":"#0"},"west":{"uv":[4,5,4.499,5.499],"texture":"#0"},"up":{"uv":[4,5,4.499,5.499],"texture":"#0"},"down":{"uv":[4,5,4.499,5.499],"texture":"#0"}}},{"name":"hexadecagon","from":[8.97152,7.60928,17.75],"to":[10.4288,8.57551,17.875],"rotation":{"angle":22.5,"axis":"z","origin":[8,8.09239,17]},"faces":{"north":{"uv":[4,5,4.499,5.499],"texture":"#0"},"east":{"uv":[4,5,4.499,5.499],"texture":"#0"},"south":{"uv":[4,5,4.499,5.499],"texture":"#0"},"west":{"uv":[4,5,4.499,5.499],"texture":"#0"},"up":{"uv":[4,5,4.499,5.499],"texture":"#0"},"down":{"uv":[4,5,4.499,5.499],"texture":"#0"}}}],"display":{"thirdperson_righthand":{"scale":[-0.5,0.5,0.5]},"thirdperson_lefthand":{"scale":[0.5,0.5,0.5]},"firstperson_righthand":{"rotation":[0,105,0],"translation":[0,5,0],"scale":[0.4,0.4,0.4]},"firstperson_lefthand":{"rotation":[0,-75,0],"translation":[0,5,0],"scale":[0.4,0.4,0.4]},"ground":{"translation":[0,4.25,0],"scale":[0.6,0.6,0.6]},"gui":{"rotation":[20,-134,0],"translation":[0.5,0.25,0],"scale":[0.5,0.5,0.5]},"head":{"rotation":[0,90,0]},"fixed":{"translation":[0,1.25,-6.75],"scale":[0.7,0.7,0.7]}},"groups":[{"name":"hazmat","origin":[8,8,8],"children":[{"name":"base","origin":[8,0.5,8],"children":[0,1,2,3,4,5,6,7,8,9,10,11,12]},{"name":"rim","origin":[8,0.5,8],"children":[13,14,15,16,17,18,19,20,21,22,23,24,25,26,27,28]},{"name":"pipe","origin":[8,8,18],"children":[29,30,31,32,33,34,35,36,37,38,39,40,41,42,43,44,45,46,47,48,49]},50,51]},{"name":"group","origin":[8,8,8],"children":[{"name":"radioactive sign","origin":[8,8,8],"children":[{"name":"radioactive sign","origin":[8,8,8],"children":[52,53,54,55,56,57,58,59,{"name":"hexadecagon","origin":[8,8,8],"children":[60,61,62,63,64,65,66,67,68,69,70]}]}]},{"name":"octagon","origin":[8,8,8],"children":[71,72,73,74]},{"name":"octagon","origin":[8,8,8],"children":[75,76,77,78,79]},{"name":"octagon","origin":[8,8,8],"children":[80,81,82,83,84,85,86]},{"name":"radioactive sign","origin":[8,8,8],"children":[{"name":"radioactive sign","origin":[8,8,8],"children":[87,88,89,90,91,92,93,94,{"name":"hexadecagon","origin":[8,8,8],"children":[95,96,97,98,99,100,101,102,103,104,105]}]}]}]}],"credit":"Model by Craftventure"}