{"textures":{"0":"block/brown_concrete","1":"block/black_concrete","2":"block/brown_terracotta","3":"block/smooth_stone","4":"block/spruce_planks","5":"item/cookie","particle":"block/brown_concrete"},"elements":[{"from":[0,0,0],"to":[16,2,1],"faces":{"north":{"uv":[0,0,1,1],"texture":"#0"},"east":{"uv":[0,0,1,1],"texture":"#0"},"south":{"uv":[0,0,1,1],"texture":"#0"},"west":{"uv":[0,0,1,1],"texture":"#0"},"up":{"uv":[0,0,1,1],"texture":"#0"},"down":{"uv":[0,0,1,1],"texture":"#0"}}},{"from":[0,0,15],"to":[16,2,16],"faces":{"north":{"uv":[0,0,1,1],"texture":"#0"},"east":{"uv":[0,0,1,1],"texture":"#0"},"south":{"uv":[0,0,1,1],"texture":"#0"},"west":{"uv":[0,0,1,1],"texture":"#0"},"up":{"uv":[0,0,1,1],"texture":"#0"},"down":{"uv":[0,0,1,1],"texture":"#0"}}},{"from":[0,0,1],"to":[1,2,15],"faces":{"north":{"uv":[0,0,1,1],"texture":"#0"},"east":{"uv":[0,0,1,1],"texture":"#0"},"south":{"uv":[0,0,1,1],"texture":"#0"},"west":{"uv":[0,0,1,1],"texture":"#0"},"up":{"uv":[0,0,1,1],"texture":"#0"},"down":{"uv":[0,0,1,1],"texture":"#0"}}},{"from":[15,0,1],"to":[16,2,15],"faces":{"north":{"uv":[0,0,1,1],"texture":"#0"},"east":{"uv":[0,0,1,1],"texture":"#0"},"south":{"uv":[0,0,1,1],"texture":"#0"},"west":{"uv":[0,0,1,1],"texture":"#0"},"up":{"uv":[0,0,1,1],"texture":"#0"},"down":{"uv":[0,0,1,1],"texture":"#0"}}},{"from":[14.85,-0.1,8.95],"to":[16.25,2.1,9.25],"faces":{"north":{"uv":[0,0,1,1],"texture":"#1"},"east":{"uv":[0,0,1,1],"texture":"#1"},"south":{"uv":[0,0,1,1],"texture":"#1"},"west":{"uv":[0,0,1,1],"texture":"#1"},"up":{"uv":[0,0,1,1],"texture":"#1"},"down":{"uv":[0,0,1,1],"texture":"#1"}}},{"from":[14.85,-0.1,6.75],"to":[16.25,2.1,7.05],"faces":{"north":{"uv":[0,0,1,1],"texture":"#1"},"east":{"uv":[0,0,1,1],"texture":"#1"},"south":{"uv":[0,0,1,1],"texture":"#1"},"west":{"uv":[0,0,1,1],"texture":"#1"},"up":{"uv":[0,0,1,1],"texture":"#1"},"down":{"uv":[0,0,1,1],"texture":"#1"}}},{"from":[14.85,1.8,7.05],"to":[16.25,2.1,8.95],"faces":{"north":{"uv":[0,0,1,1],"texture":"#1"},"east":{"uv":[0,0,1,1],"texture":"#1"},"south":{"uv":[0,0,1,1],"texture":"#1"},"west":{"uv":[0,0,1,1],"texture":"#1"},"up":{"uv":[0,0,1,1],"texture":"#1"},"down":{"uv":[0,0,1,1],"texture":"#1"}}},{"from":[14.85,-0.1,7.05],"to":[16.25,0.2,8.95],"faces":{"north":{"uv":[0,0,1,1],"texture":"#1"},"east":{"uv":[0,0,1,1],"texture":"#1"},"south":{"uv":[0,0,1,1],"texture":"#1"},"west":{"uv":[0,0,1,1],"texture":"#1"},"up":{"uv":[0,0,1,1],"texture":"#1"},"down":{"uv":[0,0,1,1],"texture":"#1"}}},{"from":[15.25,0.9,7.05],"to":[16.25,1.2,8.45],"faces":{"north":{"uv":[0,0,1,1],"texture":"#1"},"east":{"uv":[0,0,1,1],"texture":"#1"},"south":{"uv":[0,0,1,1],"texture":"#1"},"west":{"uv":[0,0,1,1],"texture":"#1"},"up":{"uv":[0,0,1,1],"texture":"#1"},"down":{"uv":[0,0,1,1],"texture":"#1"}}},{"from":[15.25,0.9,5.15],"to":[16.05,1.2,5.45],"faces":{"north":{"uv":[0,0,1,1],"texture":"#2"},"east":{"uv":[0,0,1,1],"texture":"#2"},"south":{"uv":[0,0,1,1],"texture":"#2"},"west":{"uv":[0,0,1,1],"texture":"#2"},"up":{"uv":[0,0,1,1],"texture":"#2"},"down":{"uv":[0,0,1,1],"texture":"#2"}}},{"from":[15.25,0.9,3.15],"to":[16.05,1.2,3.45],"faces":{"north":{"uv":[0,0,1,1],"texture":"#2"},"east":{"uv":[0,0,1,1],"texture":"#2"},"south":{"uv":[0,0,1,1],"texture":"#2"},"west":{"uv":[0,0,1,1],"texture":"#2"},"up":{"uv":[0,0,1,1],"texture":"#2"},"down":{"uv":[0,0,1,1],"texture":"#2"}}},{"from":[15.25,0.9,1.15],"to":[16.05,1.2,1.45],"faces":{"north":{"uv":[0,0,1,1],"texture":"#2"},"east":{"uv":[0,0,1,1],"texture":"#2"},"south":{"uv":[0,0,1,1],"texture":"#2"},"west":{"uv":[0,0,1,1],"texture":"#2"},"up":{"uv":[0,0,1,1],"texture":"#2"},"down":{"uv":[0,0,1,1],"texture":"#2"}}},{"from":[15.25,0.9,10.15],"to":[16.05,1.2,10.45],"faces":{"north":{"uv":[0,0,1,1],"texture":"#2"},"east":{"uv":[0,0,1,1],"texture":"#2"},"south":{"uv":[0,0,1,1],"texture":"#2"},"west":{"uv":[0,0,1,1],"texture":"#2"},"up":{"uv":[0,0,1,1],"texture":"#2"},"down":{"uv":[0,0,1,1],"texture":"#2"}}},{"from":[15.25,0.9,12.15],"to":[16.05,1.2,12.45],"faces":{"north":{"uv":[0,0,1,1],"texture":"#2"},"east":{"uv":[0,0,1,1],"texture":"#2"},"south":{"uv":[0,0,1,1],"texture":"#2"},"west":{"uv":[0,0,1,1],"texture":"#2"},"up":{"uv":[0,0,1,1],"texture":"#2"},"down":{"uv":[0,0,1,1],"texture":"#2"}}},{"from":[15.25,0.9,14.15],"to":[16.05,1.2,14.45],"faces":{"north":{"uv":[0,0,1,1],"texture":"#2"},"east":{"uv":[0,0,1,1],"texture":"#2"},"south":{"uv":[0,0,1,1],"texture":"#2"},"west":{"uv":[0,0,1,1],"texture":"#2"},"up":{"uv":[0,0,1,1],"texture":"#2"},"down":{"uv":[0,0,1,1],"texture":"#2"}}},{"from":[-0.132,-0.25,6.67],"to":[0.058,2.25,9.33],"faces":{"north":{"uv":[0,0,1,1],"texture":"#2"},"east":{"uv":[0,0,1,1],"texture":"#2"},"south":{"uv":[0,0,1,1],"texture":"#2"},"west":{"uv":[0,0,1,1],"texture":"#2"},"up":{"uv":[0,0,1,1],"texture":"#2"},"down":{"uv":[0,0,1,1],"texture":"#2"}}},{"from":[-2.412,-0.25,6.67],"to":[-2.222,2.25,9.33],"faces":{"north":{"uv":[0,0,1,1],"texture":"#2"},"east":{"uv":[0,0,1,1],"texture":"#2"},"south":{"uv":[0,0,1,1],"texture":"#2"},"west":{"uv":[0,0,1,1],"texture":"#2"},"up":{"uv":[0,0,1,1],"texture":"#2"},"down":{"uv":[0,0,1,1],"texture":"#2"}}},{"from":[-2.222,-0.25,9.14],"to":[-0.132,2.25,9.33],"faces":{"north":{"uv":[0,0,1,1],"texture":"#2"},"east":{"uv":[0,0,1,1],"texture":"#2"},"south":{"uv":[0,0,1,1],"texture":"#2"},"west":{"uv":[0,0,1,1],"texture":"#2"},"up":{"uv":[0,0,1,1],"texture":"#2"},"down":{"uv":[0,0,1,1],"texture":"#2"}}},{"from":[-2.222,-0.25,6.67],"to":[-0.132,2.25,6.86],"faces":{"north":{"uv":[0,0,1,1],"texture":"#2"},"east":{"uv":[0,0,1,1],"texture":"#2"},"south":{"uv":[0,0,1,1],"texture":"#2"},"west":{"uv":[0,0,1,1],"texture":"#2"},"up":{"uv":[0,0,1,1],"texture":"#2"},"down":{"uv":[0,0,1,1],"texture":"#2"}}},{"from":[-2.222,-1.75,6.87],"to":[-0.132,3.85,9.135],"faces":{"north":{"uv":[0,0,1,1],"texture":"#3"},"east":{"uv":[0,0,1,1],"texture":"#3"},"south":{"uv":[0,0,1,1],"texture":"#3"},"west":{"uv":[0,0,1,1],"texture":"#3"},"up":{"uv":[0,0,1,1],"texture":"#3"},"down":{"uv":[0,0,1,1],"texture":"#3"}}},{"from":[-2.022,3.85,7.07],"to":[-0.332,8.45,8.935],"faces":{"north":{"uv":[0,0,1.69,5.6],"texture":"#4"},"east":{"uv":[0,0,1.865,5.6],"texture":"#4"},"south":{"uv":[0,0,1.69,5.6],"texture":"#4"},"west":{"uv":[0,0,1.865,5.6],"texture":"#4"},"up":{"uv":[0,0,1.69,1.865],"texture":"#4"},"down":{"uv":[0,0,1.69,1.865],"texture":"#4"}}},{"from":[-1.20615,7.95156,7.07],"to":[0.48385,12.55156,8.935],"rotation":{"angle":-22.5,"axis":"z","origin":[-0.36115,10.25156,8.0025]},"faces":{"north":{"uv":[0,0,1.69,5.6],"texture":"#4"},"east":{"uv":[0,0,1.865,5.6],"texture":"#4"},"south":{"uv":[0,0,1.69,5.6],"texture":"#4"},"west":{"uv":[0,0,1.865,5.6],"texture":"#4"},"up":{"uv":[0,0,1.69,1.865],"texture":"#4"},"down":{"uv":[0,0,1.69,1.865],"texture":"#4"}}},{"from":[1.11719,11.42869,7.07],"to":[2.80719,16.02869,8.935],"rotation":{"angle":-45,"axis":"z","origin":[1.96219,13.72869,8.0025]},"faces":{"north":{"uv":[0,0,1.69,5.6],"texture":"#4"},"east":{"uv":[0,0,1.865,5.6],"texture":"#4"},"south":{"uv":[0,0,1.69,5.6],"texture":"#4"},"west":{"uv":[0,0,1.865,5.6],"texture":"#4"},"up":{"uv":[0,0,1.69,1.865],"texture":"#4"},"down":{"uv":[0,0,1.69,1.865],"texture":"#4"}}},{"from":[3.11219,15.30869,7.17],"to":[8.51219,16.79869,8.835],"rotation":{"angle":22.5,"axis":"z","origin":[5.41219,16.05369,8.0025]},"faces":{"north":{"uv":[0,0,1.69,5.6],"texture":"#4","rotation":270},"east":{"uv":[0,0,1.69,1.865],"texture":"#4","rotation":90},"south":{"uv":[0,0,1.69,5.6],"texture":"#4","rotation":90},"west":{"uv":[0,0,1.69,1.865],"texture":"#4","rotation":90},"up":{"uv":[0,0,1.865,5.6],"texture":"#4","rotation":90},"down":{"uv":[0,0,1.865,5.6],"texture":"#4","rotation":90}}},{"from":[7.99112,16.4383,7.17],"to":[13.39112,17.9283,8.835],"rotation":{"angle":0,"axis":"z","origin":[10.29112,17.1833,8.0025]},"faces":{"north":{"uv":[0,0,1.69,5.6],"texture":"#4","rotation":270},"east":{"uv":[0,0,1.69,1.865],"texture":"#4","rotation":90},"south":{"uv":[0,0,1.69,5.6],"texture":"#4","rotation":90},"west":{"uv":[0,0,1.69,1.865],"texture":"#4","rotation":90},"up":{"uv":[0,0,1.865,5.6],"texture":"#4","rotation":90},"down":{"uv":[0,0,1.865,5.6],"texture":"#4","rotation":90}}},{"from":[12.93095,15.71483,7.27],"to":[17.63095,17.00483,8.735],"rotation":{"angle":-22.5,"axis":"z","origin":[15.23095,16.35983,8.0025]},"faces":{"north":{"uv":[0,0,1.69,5.6],"texture":"#4","rotation":270},"east":{"uv":[0,0,1.69,1.865],"texture":"#4","rotation":90},"south":{"uv":[0,0,1.69,5.6],"texture":"#4","rotation":90},"west":{"uv":[0,0,1.69,1.865],"texture":"#4","rotation":90},"up":{"uv":[0,0,1.865,5.6],"texture":"#4","rotation":90},"down":{"uv":[0,0,1.865,5.6],"texture":"#4","rotation":90}}},{"from":[16.56535,13.30987,7.27],"to":[21.26535,14.59987,8.735],"rotation":{"angle":-45,"axis":"z","origin":[18.86535,13.95487,8.0025]},"faces":{"north":{"uv":[0,0,1.69,5.6],"texture":"#4","rotation":270},"east":{"uv":[0,0,1.69,1.865],"texture":"#4","rotation":90},"south":{"uv":[0,0,1.69,5.6],"texture":"#4","rotation":90},"west":{"uv":[0,0,1.69,1.865],"texture":"#4","rotation":90},"up":{"uv":[0,0,1.865,5.6],"texture":"#4","rotation":90},"down":{"uv":[0,0,1.865,5.6],"texture":"#4","rotation":90}}},{"from":[20.56535,13.20987,7.17],"to":[20.86535,14.69987,8.835],"rotation":{"angle":-45,"axis":"z","origin":[18.86535,13.95487,8.0025]},"faces":{"north":{"uv":[0,0,1.69,5.6],"texture":"#2","rotation":270},"east":{"uv":[0,0,1.69,5.6],"texture":"#2","rotation":270},"south":{"uv":[0,0,1.69,5.6],"texture":"#2","rotation":270},"west":{"uv":[0,0,1.69,5.6],"texture":"#2","rotation":270},"up":{"uv":[0,0,1.69,5.6],"texture":"#2","rotation":270},"down":{"uv":[0,0,1.69,5.6],"texture":"#2","rotation":270}}},{"from":[19.54064,3.43599,7.77],"to":[19.84064,12.22599,8.235],"rotation":{"angle":0,"axis":"z","origin":[17.84064,11.48099,8.0025]},"faces":{"north":{"uv":[0,0,0.3,8.79],"texture":"#2","rotation":270},"east":{"uv":[0,0,0.465,8.79],"texture":"#2","rotation":270},"south":{"uv":[0,0,0.3,8.79],"texture":"#2","rotation":270},"west":{"uv":[0,0,0.465,8.79],"texture":"#2","rotation":270},"up":{"uv":[0,0,0.3,0.465],"texture":"#2","rotation":270},"down":{"uv":[0,0,0.3,0.465],"texture":"#2","rotation":270}}},{"name":"cookie_0","from":[20.04,-3.54,6.88],"to":[20.38,0.54,8.92],"rotation":{"angle":-45,"axis":"x","origin":[20.21,-1.5,7.9]},"faces":{"north":{"uv":[5,2,6,14],"texture":"#5"},"east":{"uv":[5,14,11,2],"texture":"#5","rotation":180},"south":{"uv":[10,2,11,14],"texture":"#5"},"west":{"uv":[5,2,11,14],"texture":"#5"},"up":{"uv":[11,2,5,3],"texture":"#5","rotation":270},"down":{"uv":[5,13,11,14],"texture":"#5","rotation":270}}},{"name":"cookie_1","from":[20.04,-3.2,6.2],"to":[20.38,0.2,6.88],"rotation":{"angle":-45,"axis":"x","origin":[20.21,-1.5,7.9]},"faces":{"north":{"uv":[3,3,4,13],"texture":"#5"},"east":{"uv":[3,13,5,3],"texture":"#5","rotation":180},"south":{"uv":[4,3,5,13],"texture":"#5"},"west":{"uv":[3,3,5,13],"texture":"#5"},"up":{"uv":[5,3,3,4],"texture":"#5","rotation":270},"down":{"uv":[3,12,5,13],"texture":"#5","rotation":270}}},{"name":"cookie_2","from":[20.04,-3.2,8.92],"to":[20.38,0.2,9.6],"rotation":{"angle":-45,"axis":"x","origin":[20.21,-1.5,7.9]},"faces":{"north":{"uv":[11,3,12,13],"texture":"#5"},"east":{"uv":[11,13,13,3],"texture":"#5","rotation":180},"south":{"uv":[12,3,13,13],"texture":"#5"},"west":{"uv":[11,3,13,13],"texture":"#5"},"up":{"uv":[13,3,11,4],"texture":"#5","rotation":270},"down":{"uv":[11,12,13,13],"texture":"#5","rotation":270}}},{"name":"cookie_3","from":[20.04,-2.86,5.86],"to":[20.38,-0.14,6.2],"rotation":{"angle":-45,"axis":"x","origin":[20.21,-1.5,7.9]},"faces":{"north":{"uv":[2,4,3,12],"texture":"#5"},"east":{"uv":[2,12,3,4],"texture":"#5","rotation":180},"south":{"uv":[2,4,3,12],"texture":"#5"},"west":{"uv":[2,4,3,12],"texture":"#5"},"up":{"uv":[3,4,2,5],"texture":"#5","rotation":270},"down":{"uv":[2,11,3,12],"texture":"#5","rotation":270}}},{"name":"cookie_4","from":[20.04,-2.86,9.6],"to":[20.38,-0.14,9.94],"rotation":{"angle":-45,"axis":"x","origin":[20.21,-1.5,7.9]},"faces":{"north":{"uv":[13,4,14,12],"texture":"#5"},"east":{"uv":[13,12,14,4],"texture":"#5","rotation":180},"south":{"uv":[13,4,14,12],"texture":"#5"},"west":{"uv":[13,4,14,12],"texture":"#5"},"up":{"uv":[14,4,13,5],"texture":"#5","rotation":270},"down":{"uv":[13,11,14,12],"texture":"#5","rotation":270}}},{"name":"cookie_5","from":[20.04,-2.52,5.52],"to":[20.38,-0.48,5.86],"rotation":{"angle":-45,"axis":"x","origin":[20.21,-1.5,7.9]},"faces":{"north":{"uv":[1,5,2,11],"texture":"#5"},"east":{"uv":[1,11,2,5],"texture":"#5","rotation":180},"south":{"uv":[1,5,2,11],"texture":"#5"},"west":{"uv":[1,5,2,11],"texture":"#5"},"up":{"uv":[2,5,1,6],"texture":"#5","rotation":270},"down":{"uv":[1,10,2,11],"texture":"#5","rotation":270}}},{"name":"cookie_6","from":[20.04,-2.52,9.94],"to":[20.38,-0.48,10.28],"rotation":{"angle":-45,"axis":"x","origin":[20.21,-1.5,7.9]},"faces":{"north":{"uv":[14,5,15,11],"texture":"#5"},"east":{"uv":[14,11,15,5],"texture":"#5","rotation":180},"south":{"uv":[14,5,15,11],"texture":"#5"},"west":{"uv":[14,5,15,11],"texture":"#5"},"up":{"uv":[15,5,14,6],"texture":"#5","rotation":270},"down":{"uv":[14,10,15,11],"texture":"#5","rotation":270}}},{"from":[19.44064,3.13599,7.67],"to":[19.94064,3.52599,8.335],"rotation":{"angle":0,"axis":"z","origin":[17.84064,2.78099,8.0025]},"faces":{"north":{"uv":[0,0,0.5,0.39],"texture":"#3","rotation":270},"east":{"uv":[0,0,0.665,0.39],"texture":"#3","rotation":270},"south":{"uv":[0,0,0.5,0.39],"texture":"#3","rotation":270},"west":{"uv":[0,0,0.665,0.39],"texture":"#3","rotation":270},"up":{"uv":[0,0,0.5,0.665],"texture":"#3","rotation":270},"down":{"uv":[0,0,0.5,0.665],"texture":"#3","rotation":270}}},{"from":[19.54064,2.23599,7.77],"to":[19.84064,3.12599,8.235],"rotation":{"angle":0,"axis":"z","origin":[17.84064,1.88099,8.0025]},"faces":{"north":{"uv":[0,0,0.5,0.39],"texture":"#3","rotation":270},"east":{"uv":[0,0,0.665,0.39],"texture":"#3","rotation":270},"south":{"uv":[0,0,0.5,0.39],"texture":"#3","rotation":270},"west":{"uv":[0,0,0.665,0.39],"texture":"#3","rotation":270},"up":{"uv":[0,0,0.5,0.665],"texture":"#3","rotation":270},"down":{"uv":[0,0,0.5,0.665],"texture":"#3","rotation":270}}},{"from":[19.21644,2.60613,7.77],"to":[19.51644,3.09613,8.235],"rotation":{"angle":-22.5,"axis":"z","origin":[17.51644,1.85113,8.0025]},"faces":{"north":{"uv":[0,0,0.5,0.39],"texture":"#3","rotation":270},"east":{"uv":[0,0,0.665,0.39],"texture":"#3","rotation":270},"south":{"uv":[0,0,0.5,0.39],"texture":"#3","rotation":270},"west":{"uv":[0,0,0.665,0.39],"texture":"#3","rotation":270},"up":{"uv":[0,0,0.5,0.665],"texture":"#3","rotation":270},"down":{"uv":[0,0,0.5,0.665],"texture":"#3","rotation":270}}},{"from":[19.05856,3.07215,7.77],"to":[19.35856,3.56215,8.235],"rotation":{"angle":-45,"axis":"z","origin":[17.35856,2.31715,8.0025]},"faces":{"north":{"uv":[0,0,0.5,0.39],"texture":"#3","rotation":270},"east":{"uv":[0,0,0.665,0.39],"texture":"#3","rotation":270},"south":{"uv":[0,0,0.5,0.39],"texture":"#3","rotation":270},"west":{"uv":[0,0,0.665,0.39],"texture":"#3","rotation":270},"up":{"uv":[0,0,0.5,0.665],"texture":"#3","rotation":270},"down":{"uv":[0,0,0.5,0.665],"texture":"#3","rotation":270}}},{"from":[18.74747,1.90427,7.77],"to":[19.04747,2.39427,8.235],"rotation":{"angle":-22.5,"axis":"z","origin":[17.04747,1.14927,8.0025]},"faces":{"north":{"uv":[0,0,0.5,0.39],"texture":"#3","rotation":270},"east":{"uv":[0,0,0.665,0.39],"texture":"#3","rotation":270},"south":{"uv":[0,0,0.5,0.39],"texture":"#3","rotation":270},"west":{"uv":[0,0,0.665,0.39],"texture":"#3","rotation":270},"up":{"uv":[0,0,0.5,0.665],"texture":"#3","rotation":270},"down":{"uv":[0,0,0.5,0.665],"texture":"#3","rotation":270}}},{"from":[18.90699,0.70624,7.77],"to":[19.20699,1.19624,8.235],"rotation":{"angle":0,"axis":"z","origin":[17.20699,-0.04876,8.0025]},"faces":{"north":{"uv":[0,0,0.5,0.39],"texture":"#3","rotation":270},"east":{"uv":[0,0,0.665,0.39],"texture":"#3","rotation":270},"south":{"uv":[0,0,0.5,0.39],"texture":"#3","rotation":270},"west":{"uv":[0,0,0.665,0.39],"texture":"#3","rotation":270},"up":{"uv":[0,0,0.5,0.665],"texture":"#3","rotation":270},"down":{"uv":[0,0,0.5,0.665],"texture":"#3","rotation":270}}},{"from":[19.51284,-0.33956,7.77],"to":[19.81284,0.15044,8.235],"rotation":{"angle":22.5,"axis":"z","origin":[17.81284,-1.09456,8.0025]},"faces":{"north":{"uv":[0,0,0.5,0.39],"texture":"#3","rotation":270},"east":{"uv":[0,0,0.665,0.39],"texture":"#3","rotation":270},"south":{"uv":[0,0,0.5,0.39],"texture":"#3","rotation":270},"west":{"uv":[0,0,0.665,0.39],"texture":"#3","rotation":270},"up":{"uv":[0,0,0.5,0.665],"texture":"#3","rotation":270},"down":{"uv":[0,0,0.5,0.665],"texture":"#3","rotation":270}}},{"from":[20.47277,-1.07389,7.77],"to":[20.77277,-0.58389,8.235],"rotation":{"angle":45,"axis":"z","origin":[18.77277,-1.82889,8.0025]},"faces":{"north":{"uv":[0,0,0.5,0.39],"texture":"#3","rotation":270},"east":{"uv":[0,0,0.665,0.39],"texture":"#3","rotation":270},"south":{"uv":[0,0,0.5,0.39],"texture":"#3","rotation":270},"west":{"uv":[0,0,0.665,0.39],"texture":"#3","rotation":270},"up":{"uv":[0,0,0.5,0.665],"texture":"#3","rotation":270},"down":{"uv":[0,0,0.5,0.665],"texture":"#3","rotation":270}}},{"from":[18.69566,-0.43998,7.77],"to":[19.18566,-0.13998,8.235],"rotation":{"angle":-22.5,"axis":"z","origin":[19.94066,-2.13998,8.0025]},"faces":{"north":{"uv":[0,0,0.5,0.39],"texture":"#3"},"east":{"uv":[0,0,0.5,0.665],"texture":"#3","rotation":180},"south":{"uv":[0,0,0.5,0.39],"texture":"#3","rotation":180},"west":{"uv":[0,0,0.5,0.665],"texture":"#3","rotation":180},"up":{"uv":[0,0,0.665,0.39],"texture":"#3","rotation":180},"down":{"uv":[0,0,0.665,0.39],"texture":"#3","rotation":180}}},{"from":[19.89369,-0.28046,7.77],"to":[20.38369,0.01954,8.235],"rotation":{"angle":0,"axis":"z","origin":[21.13869,-1.98046,8.0025]},"faces":{"north":{"uv":[0,0,0.5,0.39],"texture":"#3"},"east":{"uv":[0,0,0.5,0.665],"texture":"#3","rotation":180},"south":{"uv":[0,0,0.5,0.39],"texture":"#3","rotation":180},"west":{"uv":[0,0,0.5,0.665],"texture":"#3","rotation":180},"up":{"uv":[0,0,0.665,0.39],"texture":"#3","rotation":180},"down":{"uv":[0,0,0.665,0.39],"texture":"#3","rotation":180}}},{"from":[21.09172,-0.43998,7.77],"to":[21.58172,-0.13998,8.235],"rotation":{"angle":22.5,"axis":"z","origin":[20.33672,-2.13998,8.0025]},"faces":{"north":{"uv":[0.5,0,0,0.39],"texture":"#3"},"east":{"uv":[0.5,0,0,0.665],"texture":"#3","rotation":180},"south":{"uv":[0.5,0,0,0.39],"texture":"#3","rotation":180},"west":{"uv":[0.5,0,0,0.665],"texture":"#3","rotation":180},"up":{"uv":[0.665,0,0,0.39],"texture":"#3","rotation":180},"down":{"uv":[0.665,0,0,0.39],"texture":"#3","rotation":180}}},{"from":[19.50461,-1.07389,7.77],"to":[19.80461,-0.58389,8.235],"rotation":{"angle":-45,"axis":"z","origin":[21.50461,-1.82889,8.0025]},"faces":{"north":{"uv":[0.5,0,0,0.39],"texture":"#3","rotation":270},"east":{"uv":[0.665,0,0,0.39],"texture":"#3","rotation":270},"south":{"uv":[0.5,0,0,0.39],"texture":"#3","rotation":270},"west":{"uv":[0.665,0,0,0.39],"texture":"#3","rotation":270},"up":{"uv":[0.5,0,0,0.665],"texture":"#3","rotation":270},"down":{"uv":[0.5,0,0,0.665],"texture":"#3","rotation":270}}},{"from":[20.46454,-0.33955,7.77],"to":[20.76454,0.15045,8.235],"rotation":{"angle":-22.5,"axis":"z","origin":[22.46454,-1.09455,8.0025]},"faces":{"north":{"uv":[0.5,0,0,0.39],"texture":"#3","rotation":270},"east":{"uv":[0.665,0,0,0.39],"texture":"#3","rotation":270},"south":{"uv":[0.5,0,0,0.39],"texture":"#3","rotation":270},"west":{"uv":[0.665,0,0,0.39],"texture":"#3","rotation":270},"up":{"uv":[0.5,0,0,0.665],"texture":"#3","rotation":270},"down":{"uv":[0.5,0,0,0.665],"texture":"#3","rotation":270}}}],"display":{"head":{"scale":[0.9,0.9,0.9],"translation":[0,10,0],"rotation":[0,90,0]},"gui":{"scale":[0.6,0.6,0.6],"rotation":[19,-126,0],"translation":[0,1.5,0]}},"groups":[0,1,2,3,4,5,6,7,8,9,10,11,12,13,14,15,16,17,18,19,20,21,22,23,24,25,26,27,28,{"name":"cookie","shade":true,"display":{"visibility":true,"autouv":false},"children":[29,30,31,32,33,34,35]},36,37,38,39,40,41,42,43,44,45,46,47,48],"credit":"Model by Craftventure"}