{"textures":{"0":"block/white_shulker_box","1":"block/black_concrete","2":"block/red_terracotta","3":"block/gray_concrete","4":"block/bone_block_side","particle":"block/white_shulker_box"},"elements":[{"from":[4,7.5,4],"to":[12,8.5,12],"rotation":{"angle":0,"axis":"y","origin":[8,5.5,8]},"faces":{"north":{"uv":[4.999,8,12.999,8.999],"texture":"#4"},"east":{"uv":[4,4,12,4.999],"texture":"#4"},"south":{"uv":[3,7,11,7.999],"texture":"#4"},"west":{"uv":[4,11,12,11.999],"texture":"#4"},"up":{"uv":[4,4,12,12],"texture":"#4"},"down":{"uv":[0,0,8,8],"texture":"#4"}}},{"from":[2,6.25,2],"to":[14,7.5,14],"rotation":{"angle":0,"axis":"y","origin":[8,5.5,8]},"faces":{"north":{"uv":[3,4.999,12.999,5.999],"texture":"#4"},"east":{"uv":[3,4.999,12.999,5.999],"texture":"#4"},"south":{"uv":[3,4.999,12.999,5.999],"texture":"#4"},"west":{"uv":[3,4.999,12.999,5.999],"texture":"#4"},"up":{"uv":[3,3,12.998,12.999],"texture":"#4"},"down":{"uv":[3,4.999,12.999,5.999],"texture":"#4"}}},{"from":[1,-0.75,1],"to":[15,6.25,15],"rotation":{"angle":0,"axis":"y","origin":[8,5.25,8]},"faces":{"north":{"uv":[3,4,12.999,10],"texture":"#4"},"east":{"uv":[3,4,12.999,10],"texture":"#4"},"south":{"uv":[3,4,12.999,10],"texture":"#4"},"west":{"uv":[3,4,12.999,10],"texture":"#4"},"up":{"uv":[3,3,12.998,12.999],"texture":"#4"},"down":{"uv":[3,4,12.999,10],"texture":"#4"}}},{"from":[0,-1,0],"to":[16,2,16],"faces":{"north":{"uv":[0,0,16,3],"texture":"#0"},"east":{"uv":[0,0,16,3],"texture":"#0"},"south":{"uv":[0,0,16,3],"texture":"#0"},"west":{"uv":[0,0,16,3],"texture":"#0"},"up":{"uv":[0,0,16,16],"texture":"#0"},"down":{"uv":[0,0,16,16],"texture":"#0"}}},{"from":[15.82511,4.15811,7.375],"to":[16.82511,12.28311,8.625],"rotation":{"angle":45,"axis":"z","origin":[16.95719,11.98754,7.99002]},"faces":{"north":{"uv":[3,3,13,5],"rotation":90,"texture":"#4"},"east":{"uv":[3,3,13,5],"rotation":270,"texture":"#4"},"south":{"uv":[3,3,13,5],"rotation":270,"texture":"#4"},"west":{"uv":[3,8.999,12.999,10.999],"rotation":270,"texture":"#4"},"up":{"uv":[3,3,13,5],"rotation":270,"texture":"#4"},"down":{"uv":[3,3,13,5],"rotation":270,"texture":"#4"}}},{"from":[15.20011,4.65811,7.625],"to":[16.32511,12.78311,8.375],"rotation":{"angle":45,"axis":"z","origin":[16.95719,11.98754,7.99002]},"faces":{"north":{"uv":[3,3,13,5],"rotation":90,"texture":"#4"},"east":{"uv":[3,3,13,5],"rotation":270,"texture":"#4"},"south":{"uv":[3,3,13,5],"rotation":270,"texture":"#4"},"west":{"uv":[3,8.999,12.999,10.999],"rotation":270,"texture":"#4"},"up":{"uv":[3,3,13,5],"rotation":270,"texture":"#4"},"down":{"uv":[3,3,13,5],"rotation":270,"texture":"#4"}}},{"from":[20.79071,5.2717,7.125],"to":[22.04071,6.5217,8.875],"rotation":{"angle":-22.5,"axis":"z","origin":[22.15068,5.25184,7.9692]},"faces":{"north":{"uv":[3,3,4.999,4.999],"texture":"#4"},"east":{"uv":[3,3,4.999,4.999],"texture":"#4"},"south":{"uv":[3,3,4.999,4.999],"texture":"#4"},"west":{"uv":[3,3,4.999,4.999],"texture":"#4"},"up":{"uv":[3,3,4.999,4.999],"texture":"#4"},"down":{"uv":[3,3,4.999,4.999],"texture":"#4"}}},{"from":[20.79071,3.8967,7.125],"to":[22.04071,5.1467,8.875],"rotation":{"angle":-22.5,"axis":"z","origin":[22.15068,5.25184,7.9692]},"faces":{"north":{"uv":[3,3,4.999,4.999],"texture":"#4"},"east":{"uv":[3,3,4.999,4.999],"texture":"#4"},"south":{"uv":[3,3,4.999,4.999],"texture":"#4"},"west":{"uv":[3,3,4.999,4.999],"texture":"#4"},"up":{"uv":[3,3,4.999,4.999],"texture":"#4"},"down":{"uv":[3,3,4.999,4.999],"texture":"#4"}}},{"from":[20.91571,5.1467,7.375],"to":[21.91571,5.3967,8.625],"rotation":{"angle":-22.5,"axis":"z","origin":[22.15068,5.25184,7.9692]},"faces":{"north":{"uv":[4,6,6,7],"texture":"#4"},"east":{"uv":[4,6,6,7],"texture":"#4"},"south":{"uv":[4,6,6,7],"texture":"#4"},"west":{"uv":[4,6,6,7],"texture":"#4"},"up":{"uv":[4,6,6,7],"texture":"#4"},"down":{"uv":[4,6,6,7],"texture":"#4"}}},{"from":[13.375,4.125,7.25],"to":[21.25,5.5,8.75],"rotation":{"angle":0,"axis":"y","origin":[14.25565,4.76225,7.98212]},"faces":{"north":{"uv":[3,3,13,5],"texture":"#4"},"east":{"uv":[3,3,13,5],"texture":"#4"},"south":{"uv":[3,3,13,5],"texture":"#4"},"west":{"uv":[3,3,13,5],"texture":"#4"},"up":{"uv":[3,8.999,12.999,10.999],"texture":"#4"},"down":{"uv":[3,3,13,5],"texture":"#4"}}},{"from":[15.7299,13.87804,7.9375],"to":[16.1049,15.50304,8.3125],"rotation":{"angle":0,"axis":"z","origin":[15.96809,14.01632,8.06106]},"faces":{"north":{"uv":[4,4,5.5,6.25],"rotation":270,"texture":"#4"},"east":{"uv":[4,4,5.5,6.25],"rotation":90,"texture":"#4"},"south":{"uv":[4,4,5.5,6.25],"rotation":90,"texture":"#4"},"west":{"uv":[4,4,5.5,6.25],"rotation":90,"texture":"#4"},"up":{"uv":[4,4,5.5,6.25],"rotation":90,"texture":"#4"},"down":{"uv":[4,4,5.5,6.25],"rotation":90,"texture":"#4"}}},{"from":[15.375,11.875,7.6875],"to":[16.875,14.125,8.3125],"rotation":{"angle":0,"axis":"z","origin":[15.9919,12.63897,7.93165]},"faces":{"north":{"uv":[4,4,5.5,6.25],"texture":"#4"},"east":{"uv":[4,4,5.5,6.25],"texture":"#4"},"south":{"uv":[4,4,5.5,6.25],"texture":"#4"},"west":{"uv":[4,4,5.5,6.25],"texture":"#4"},"up":{"uv":[4,4,5.5,6.25],"texture":"#4"},"down":{"uv":[4,4,5.5,6.25],"texture":"#4"}}},{"from":[14,12.375,7.75],"to":[15.375,12.875,8.25],"rotation":{"angle":-45,"axis":"z","origin":[15.36647,12.38657,7.99698]},"faces":{"north":{"uv":[4,4,5.5,6.25],"texture":"#4"},"east":{"uv":[4,4,5.5,6.25],"texture":"#4"},"south":{"uv":[4,4,5.5,6.25],"texture":"#4"},"west":{"uv":[4,4,5.5,6.25],"texture":"#4"},"up":{"uv":[4,4,5.5,6.25],"texture":"#4"},"down":{"uv":[4,4,5.5,6.25],"texture":"#4"}}},{"from":[14.625,13.75,7.8125],"to":[15.625,14.125,8.1875],"rotation":{"angle":0,"axis":"z","origin":[15.61647,13.76157,7.93448]},"faces":{"north":{"uv":[4,4,5.5,6.25],"texture":"#4"},"east":{"uv":[4,4,5.5,6.25],"texture":"#4"},"south":{"uv":[4,4,5.5,6.25],"texture":"#4"},"west":{"uv":[4,4,5.5,6.25],"texture":"#4"},"up":{"uv":[4,4,5.5,6.25],"texture":"#4"},"down":{"uv":[4,4,5.5,6.25],"texture":"#4"}}},{"from":[16.4799,13.87804,7.6875],"to":[16.8549,15.12804,8.0625],"rotation":{"angle":0,"axis":"z","origin":[16.71809,14.01632,7.81106]},"faces":{"north":{"uv":[4,4,5.5,6.25],"rotation":270,"texture":"#4"},"east":{"uv":[4,4,5.5,6.25],"rotation":90,"texture":"#4"},"south":{"uv":[4,4,5.5,6.25],"rotation":90,"texture":"#4"},"west":{"uv":[4,4,5.5,6.25],"rotation":90,"texture":"#4"},"up":{"uv":[4,4,5.5,6.25],"rotation":90,"texture":"#4"},"down":{"uv":[4,4,5.5,6.25],"rotation":90,"texture":"#4"}}},{"from":[16.1049,13.87804,7.8125],"to":[16.4799,15.37804,8.1875],"rotation":{"angle":0,"axis":"z","origin":[16.34309,14.01632,7.93606]},"faces":{"north":{"uv":[4,4,5.5,6.25],"rotation":270,"texture":"#4"},"east":{"uv":[4,4,5.5,6.25],"rotation":90,"texture":"#4"},"south":{"uv":[4,4,5.5,6.25],"rotation":90,"texture":"#4"},"west":{"uv":[4,4,5.5,6.25],"rotation":90,"texture":"#4"},"up":{"uv":[4,4,5.5,6.25],"rotation":90,"texture":"#4"},"down":{"uv":[4,4,5.5,6.25],"rotation":90,"texture":"#4"}}},{"from":[6.94647,16.44478,2.73989],"to":[15.34647,16.79478,13.23989],"rotation":{"angle":-45,"axis":"z","origin":[11.1279,17.80871,8.01045]},"faces":{"north":{"uv":[0,0,6,0.25],"texture":"#1"},"east":{"uv":[0,0,7,0.25],"texture":"#1"},"south":{"uv":[0,0,6,0.25],"texture":"#1"},"west":{"uv":[0,0,7,0.25],"texture":"#1"},"up":{"uv":[2,0,14,16],"texture":"#1"},"down":{"uv":[0,0,6,7],"texture":"#1"}}},{"from":[7.54647,16.79478,4.39185],"to":[14.74647,17.49478,11.59185],"rotation":{"angle":-45,"axis":"z","origin":[11.1279,17.80871,8.01045]},"faces":{"north":{"uv":[0,0,16,2],"texture":"#1"},"east":{"uv":[0,0,16,2],"texture":"#1"},"south":{"uv":[0,0,16,2],"texture":"#1"},"west":{"uv":[0,0,16,2],"texture":"#1"},"up":{"uv":[0,0,16,2],"texture":"#1"},"down":{"uv":[0,0,16,2],"texture":"#1"}}},{"from":[7.54647,18.19478,4.39185],"to":[14.74647,25.99478,11.59185],"rotation":{"angle":-45,"axis":"z","origin":[11.1279,17.80871,8.01045]},"faces":{"north":{"uv":[0,0,16,16],"texture":"#1"},"east":{"uv":[0,0,16,16],"texture":"#1"},"south":{"uv":[0,0,16,16],"texture":"#1"},"west":{"uv":[0,0,16,16],"texture":"#1"},"up":{"uv":[0,0,16,16],"texture":"#1"},"down":{"uv":[0,0,16,16],"texture":"#1"}}},{"from":[7.29647,20.69478,4.14185],"to":[14.99647,25.99478,11.84185],"rotation":{"angle":-45,"axis":"z","origin":[11.1279,17.80871,8.01045]},"faces":{"north":{"uv":[0,0,16,14],"texture":"#1"},"east":{"uv":[0,0,16,14],"texture":"#1"},"south":{"uv":[0,0,16,14],"texture":"#1"},"west":{"uv":[0,0,16,14],"texture":"#1"},"up":{"uv":[0,0,16,16],"texture":"#1"},"down":{"uv":[0,0,16,14],"texture":"#1"}}},{"from":[7.04647,23.44478,3.89185],"to":[15.24647,26.24478,12.09185],"rotation":{"angle":-45,"axis":"z","origin":[11.1279,17.80871,8.01045]},"faces":{"north":{"uv":[0,0,16,8],"texture":"#1"},"east":{"uv":[0,0,16,8],"texture":"#1"},"south":{"uv":[0,0,16,8],"texture":"#1"},"west":{"uv":[0,0,16,8],"texture":"#1"},"up":{"uv":[0,0,16,16],"texture":"#1"},"down":{"uv":[0,0,16,8],"texture":"#1"}}},{"from":[7.37147,17.49478,4.21685],"to":[14.92147,18.89478,11.76685],"rotation":{"angle":-45,"axis":"z","origin":[11.1279,17.80871,8.01045]},"faces":{"north":{"uv":[0,0,16,3],"texture":"#2"},"east":{"uv":[0,0,16,3],"texture":"#2"},"south":{"uv":[0,0,16,3],"texture":"#2"},"west":{"uv":[0,0,16,3],"texture":"#2"},"up":{"uv":[0,0,16,3],"texture":"#2"},"down":{"uv":[0,0,16,3],"texture":"#2"}}},{"from":[8.26656,21.14969,3.09117],"to":[8.61656,22.19969,12.89117],"rotation":{"angle":22.5,"axis":"z","origin":[11.1279,17.80871,8.01045]},"faces":{"north":{"uv":[0,0,6,0.25],"rotation":270,"texture":"#1"},"east":{"uv":[14,0,15.997,15],"rotation":90,"texture":"#1"},"south":{"uv":[0,0,6,0.25],"rotation":90,"texture":"#1"},"west":{"uv":[0,0,6,7],"rotation":90,"texture":"#1"},"up":{"uv":[0,0,7,0.25],"rotation":90,"texture":"#1"},"down":{"uv":[0,0,7,0.25],"rotation":90,"texture":"#1"}}},{"from":[6.80236,20.77014,4.14351],"to":[7.15236,21.82014,11.84351],"rotation":{"angle":0,"axis":"z","origin":[11.1279,17.80871,8.01045]},"faces":{"north":{"uv":[0,0,6,0.25],"rotation":270,"texture":"#1"},"east":{"uv":[10,0,11.999,13],"rotation":90,"texture":"#1"},"south":{"uv":[0,0,6,0.25],"rotation":90,"texture":"#1"},"west":{"uv":[0,0,6,7],"rotation":90,"texture":"#1"},"up":{"uv":[0,0,7,0.25],"rotation":90,"texture":"#1"},"down":{"uv":[0,0,7,0.25],"rotation":90,"texture":"#1"}}},{"from":[14.5032,14.93316,3.09117],"to":[15.5532,15.28316,12.89117],"rotation":{"angle":-22.5,"axis":"z","origin":[11.1279,17.80871,8.01045]},"faces":{"north":{"uv":[6,0,0,0.25],"texture":"#1"},"east":{"uv":[7,0,0,0.25],"texture":"#1"},"south":{"uv":[6,0,0,0.25],"texture":"#1"},"west":{"uv":[7,0,0,0.25],"texture":"#1"},"up":{"uv":[15.997,0,14,15],"texture":"#1"},"down":{"uv":[6,0,0,7],"texture":"#1"}}},{"from":[14.11559,13.45691,4.14351],"to":[15.16559,13.80691,11.84351],"rotation":{"angle":0,"axis":"z","origin":[11.1279,17.80871,8.01045]},"faces":{"north":{"uv":[6,0,0,0.25],"texture":"#1"},"east":{"uv":[7,0,0,0.25],"texture":"#1"},"south":{"uv":[6,0,0,0.25],"texture":"#1"},"west":{"uv":[7,0,0,0.25],"texture":"#1"},"up":{"uv":[11.999,0,10,13],"texture":"#1"},"down":{"uv":[6,0,0,7],"texture":"#1"}}},{"from":[-1.07511,-1.03311,7.375],"to":[-0.07511,7.09189,8.625],"rotation":{"angle":45,"axis":"z","origin":[-1.95719,-0.73754,7.99002]},"faces":{"north":{"uv":[13,5,3,3],"rotation":90,"texture":"#4"},"east":{"uv":[12.999,10.999,3,8.999],"rotation":270,"texture":"#4"},"south":{"uv":[13,5,3,3],"rotation":270,"texture":"#4"},"west":{"uv":[13,5,3,3],"rotation":270,"texture":"#4"},"up":{"uv":[13,5,3,3],"rotation":270,"texture":"#4"},"down":{"uv":[13,5,3,3],"rotation":270,"texture":"#4"}}},{"from":[-1.82511,-1.53311,7.625],"to":[-0.70011,6.59189,8.375],"rotation":{"angle":45,"axis":"z","origin":[-1.95719,-0.73754,7.99002]},"faces":{"north":{"uv":[13,5,3,3],"rotation":90,"texture":"#4"},"east":{"uv":[12.999,10.999,3,8.999],"rotation":270,"texture":"#4"},"south":{"uv":[13,5,3,3],"rotation":270,"texture":"#4"},"west":{"uv":[13,5,3,3],"rotation":270,"texture":"#4"},"up":{"uv":[13,5,3,3],"rotation":270,"texture":"#4"},"down":{"uv":[13,5,3,3],"rotation":270,"texture":"#4"}}},{"from":[-7.04071,4.7283,7.125],"to":[-5.79071,5.9783,8.875],"rotation":{"angle":-22.5,"axis":"z","origin":[-7.15068,5.99816,7.9692]},"faces":{"north":{"uv":[4.999,4.999,3,3],"texture":"#4"},"east":{"uv":[4.999,4.999,3,3],"texture":"#4"},"south":{"uv":[4.999,4.999,3,3],"texture":"#4"},"west":{"uv":[4.999,4.999,3,3],"texture":"#4"},"up":{"uv":[4.999,4.999,3,3],"texture":"#4"},"down":{"uv":[4.999,4.999,3,3],"texture":"#4"}}},{"from":[-7.04071,6.1033,7.125],"to":[-5.79071,7.3533,8.875],"rotation":{"angle":-22.5,"axis":"z","origin":[-7.15068,5.99816,7.9692]},"faces":{"north":{"uv":[4.999,4.999,3,3],"texture":"#4"},"east":{"uv":[4.999,4.999,3,3],"texture":"#4"},"south":{"uv":[4.999,4.999,3,3],"texture":"#4"},"west":{"uv":[4.999,4.999,3,3],"texture":"#4"},"up":{"uv":[4.999,4.999,3,3],"texture":"#4"},"down":{"uv":[4.999,4.999,3,3],"texture":"#4"}}},{"from":[-6.91571,5.8533,7.375],"to":[-5.91571,6.1033,8.625],"rotation":{"angle":-22.5,"axis":"z","origin":[-7.15068,5.99816,7.9692]},"faces":{"north":{"uv":[6,7,4,6],"texture":"#4"},"east":{"uv":[6,7,4,6],"texture":"#4"},"south":{"uv":[6,7,4,6],"texture":"#4"},"west":{"uv":[6,7,4,6],"texture":"#4"},"up":{"uv":[6,7,4,6],"texture":"#4"},"down":{"uv":[6,7,4,6],"texture":"#4"}}},{"from":[-6.25,5.75,7.25],"to":[1.625,7.125,8.75],"rotation":{"angle":0,"axis":"y","origin":[0.74435,6.48775,7.98212]},"faces":{"north":{"uv":[13,5,3,3],"texture":"#4"},"east":{"uv":[13,5,3,3],"texture":"#4"},"south":{"uv":[13,5,3,3],"texture":"#4"},"west":{"uv":[13,5,3,3],"texture":"#4"},"up":{"uv":[13,5,3,3],"texture":"#4"},"down":{"uv":[12.999,10.999,3,8.999],"texture":"#4"}}},{"from":[-2.5039,-2.16181,7.3125],"to":[-0.8789,-1.78681,7.6875],"rotation":{"angle":22.5,"axis":"z","origin":[-1.62428,-2.09564,7.98015]},"faces":{"north":{"uv":[5.5,6.25,4,4],"texture":"#4"},"east":{"uv":[5.5,6.25,4,4],"rotation":90,"texture":"#4"},"south":{"uv":[5.5,6.25,4,4],"rotation":180,"texture":"#4"},"west":{"uv":[5.5,6.25,4,4],"rotation":270,"texture":"#4"},"up":{"uv":[5.5,6.25,4,4],"texture":"#4"},"down":{"uv":[5.5,6.25,4,4],"rotation":180,"texture":"#4"}}},{"from":[-1.0039,-1.28681,7.0625],"to":[0.1211,-0.78681,7.5625],"rotation":{"angle":22.5,"axis":"z","origin":[-1.62428,-2.09564,7.98015]},"faces":{"north":{"uv":[5.5,6.25,4,4],"texture":"#4"},"east":{"uv":[5.5,6.25,4,4],"rotation":90,"texture":"#4"},"south":{"uv":[5.5,6.25,4,4],"rotation":180,"texture":"#4"},"west":{"uv":[5.5,6.25,4,4],"rotation":270,"texture":"#4"},"up":{"uv":[5.5,6.25,4,4],"texture":"#4"},"down":{"uv":[5.5,6.25,4,4],"rotation":180,"texture":"#4"}}},{"from":[-1.41931,-1.875,7.2659],"to":[-0.79431,0.375,8.7659],"rotation":{"angle":-22.5,"axis":"z","origin":[-1.10796,-1.76592,7.99885]},"faces":{"north":{"uv":[5.5,6.25,4,4],"texture":"#4"},"east":{"uv":[5.5,6.25,4,4],"texture":"#4"},"south":{"uv":[5.5,6.25,4,4],"texture":"#4"},"west":{"uv":[5.5,6.25,4,4],"texture":"#4"},"up":{"uv":[5.5,6.25,4,4],"rotation":270,"texture":"#4"},"down":{"uv":[5.5,6.25,4,4],"rotation":90,"texture":"#4"}}},{"from":[-2.1289,-2.16181,8.3125],"to":[-0.8789,-1.78681,8.6875],"rotation":{"angle":22.5,"axis":"z","origin":[-1.62428,-2.09564,7.98015]},"faces":{"north":{"uv":[5.5,6.25,4,4],"texture":"#4"},"east":{"uv":[5.5,6.25,4,4],"rotation":90,"texture":"#4"},"south":{"uv":[5.5,6.25,4,4],"rotation":180,"texture":"#4"},"west":{"uv":[5.5,6.25,4,4],"rotation":270,"texture":"#4"},"up":{"uv":[5.5,6.25,4,4],"texture":"#4"},"down":{"uv":[5.5,6.25,4,4],"rotation":180,"texture":"#4"}}},{"from":[-2.3789,-2.16181,7.8125],"to":[-0.8789,-1.78681,8.1875],"rotation":{"angle":22.5,"axis":"z","origin":[-1.62428,-2.09564,7.98015]},"faces":{"north":{"uv":[5.5,6.25,4,4],"texture":"#4"},"east":{"uv":[5.5,6.25,4,4],"rotation":90,"texture":"#4"},"south":{"uv":[5.5,6.25,4,4],"rotation":180,"texture":"#4"},"west":{"uv":[5.5,6.25,4,4],"rotation":270,"texture":"#4"},"up":{"uv":[5.5,6.25,4,4],"texture":"#4"},"down":{"uv":[5.5,6.25,4,4],"rotation":180,"texture":"#4"}}},{"name":"octagon","from":[2.88874,4.84759,0.7],"to":[6.48874,6.33876,2.05],"rotation":{"angle":-22.5,"axis":"z","origin":[4.69061,5.58176,1.02389]},"faces":{"north":{"uv":[0.25,0,0,0.25],"rotation":90,"texture":"#1"},"east":{"uv":[0.25,0,0,0.25],"rotation":270,"texture":"#1"},"south":{"uv":[0.25,0,0,0.25],"rotation":270,"texture":"#1"},"west":{"uv":[0.25,0,0,0.25],"rotation":270,"texture":"#1"},"up":{"uv":[0.25,0,0,0.25],"rotation":270,"texture":"#1"},"down":{"uv":[0.25,0,0,0.25],"rotation":270,"texture":"#1"}}},{"name":"octagon","from":[2.89736,4.84556,0.7],"to":[6.49736,6.33673,2.05],"rotation":{"angle":22.5,"axis":"z","origin":[4.69061,5.58176,1.02389]},"faces":{"north":{"uv":[0.25,0,0,0.25],"rotation":90,"texture":"#1"},"east":{"uv":[0.25,0,0,0.25],"rotation":270,"texture":"#1"},"south":{"uv":[0.25,0,0,0.25],"rotation":270,"texture":"#1"},"west":{"uv":[0.25,0,0,0.25],"rotation":270,"texture":"#1"},"up":{"uv":[0.25,0,0,0.25],"rotation":270,"texture":"#1"},"down":{"uv":[0.25,0,0,0.25],"rotation":270,"texture":"#1"}}},{"name":"octagon","from":[3.94316,3.79318,0.7],"to":[5.43433,7.39318,2.05],"rotation":{"angle":-22.5,"axis":"z","origin":[4.69061,5.58176,1.02389]},"faces":{"north":{"uv":[0.25,0,0,0.25],"rotation":90,"texture":"#1"},"east":{"uv":[0.25,0,0,0.25],"rotation":270,"texture":"#1"},"south":{"uv":[0.25,0,0,0.25],"rotation":270,"texture":"#1"},"west":{"uv":[0.25,0,0,0.25],"rotation":270,"texture":"#1"},"up":{"uv":[0.25,0,0,0.25],"rotation":270,"texture":"#1"},"down":{"uv":[0.25,0,0,0.25],"rotation":270,"texture":"#1"}}},{"name":"octagon","from":[3.95178,3.79115,0.7],"to":[5.44295,7.39115,2.05],"rotation":{"angle":22.5,"axis":"z","origin":[4.69061,5.58176,1.02389]},"faces":{"north":{"uv":[0.25,0,0,0.25],"rotation":90,"texture":"#1"},"east":{"uv":[0.25,0,0,0.25],"rotation":270,"texture":"#1"},"south":{"uv":[0.25,0,0,0.25],"rotation":270,"texture":"#1"},"west":{"uv":[0.25,0,0,0.25],"rotation":270,"texture":"#1"},"up":{"uv":[0.25,0,0,0.25],"rotation":270,"texture":"#1"},"down":{"uv":[0.25,0,0,0.25],"rotation":270,"texture":"#1"}}},{"from":[3.17179,5.28297,0.625],"to":[6.17179,5.88297,1.125],"rotation":{"angle":-45,"axis":"z","origin":[4.69061,5.58176,1.02389]},"faces":{"north":{"uv":[0.5,0,1,2.5],"rotation":270,"texture":"#2"},"east":{"uv":[0.5,0,1,0.5],"rotation":90,"texture":"#2"},"south":{"uv":[0.5,0,1,2.5],"rotation":90,"texture":"#2"},"west":{"uv":[0.5,0,1,0.5],"rotation":90,"texture":"#2"},"up":{"uv":[0.5,0,1,2.5],"rotation":90,"texture":"#2"},"down":{"uv":[0.5,0,1,2.5],"rotation":90,"texture":"#2"}}},{"from":[4.38224,4.22248,0.5],"to":[4.98224,6.92248,1],"rotation":{"angle":-45,"axis":"z","origin":[4.69061,5.58176,1.02389]},"faces":{"north":{"uv":[0.5,0,1,2.25],"rotation":180,"texture":"#2"},"east":{"uv":[0.5,0,1,2.25],"rotation":180,"texture":"#2"},"south":{"uv":[0.5,0,1,2.25],"rotation":180,"texture":"#2"},"west":{"uv":[0.5,0,1,2.25],"rotation":180,"texture":"#2"},"up":{"uv":[0.5,0,1,0.5],"rotation":180,"texture":"#2"},"down":{"uv":[0.5,0,1,0.5],"rotation":180,"texture":"#2"}}},{"name":"octagon","from":[10.55442,3.775,0.7],"to":[12.04558,7.375,2.05],"rotation":{"angle":45,"axis":"z","origin":[11.3,5.575,1]},"faces":{"north":{"uv":[0,0,0.25,0.25],"texture":"#1"},"east":{"uv":[0,0,0.25,0.25],"texture":"#1"},"south":{"uv":[0,0,0.25,0.25],"texture":"#1"},"west":{"uv":[0,0,0.25,0.25],"texture":"#1"},"up":{"uv":[0,0,0.25,0.25],"texture":"#1"},"down":{"uv":[0,0,0.25,0.25],"texture":"#1"}}},{"name":"octagon","from":[10.55442,3.775,0.7],"to":[12.04558,7.375,2.05],"rotation":{"angle":0,"axis":"z","origin":[11.3,5.575,1]},"faces":{"north":{"uv":[0,0,0.25,0.25],"texture":"#1"},"east":{"uv":[0,0,0.25,0.25],"texture":"#1"},"south":{"uv":[0,0,0.25,0.25],"texture":"#1"},"west":{"uv":[0,0,0.25,0.25],"texture":"#1"},"up":{"uv":[0,0,0.25,0.25],"texture":"#1"},"down":{"uv":[0,0,0.25,0.25],"texture":"#1"}}},{"name":"octagon","from":[9.5,4.82942,0.7],"to":[13.1,6.32058,2.05],"rotation":{"angle":45,"axis":"z","origin":[11.3,5.575,1]},"faces":{"north":{"uv":[0,0,0.25,0.25],"texture":"#1"},"east":{"uv":[0,0,0.25,0.25],"texture":"#1"},"south":{"uv":[0,0,0.25,0.25],"texture":"#1"},"west":{"uv":[0,0,0.25,0.25],"texture":"#1"},"up":{"uv":[0,0,0.25,0.25],"texture":"#1"},"down":{"uv":[0,0,0.25,0.25],"texture":"#1"}}},{"name":"octagon","from":[9.5,4.82942,0.7],"to":[13.1,6.32058,2.05],"rotation":{"angle":0,"axis":"z","origin":[11.3,5.575,1]},"faces":{"north":{"uv":[0,0,0.25,0.25],"texture":"#1"},"east":{"uv":[0,0,0.25,0.25],"texture":"#1"},"south":{"uv":[0,0,0.25,0.25],"texture":"#1"},"west":{"uv":[0,0,0.25,0.25],"texture":"#1"},"up":{"uv":[0,0,0.25,0.25],"texture":"#1"},"down":{"uv":[0,0,0.25,0.25],"texture":"#1"}}},{"from":[11,4.075,0.625],"to":[11.6,7.075,1.125],"rotation":{"angle":-45,"axis":"z","origin":[11.28953,5.57498,0.75874]},"faces":{"north":{"uv":[0,0,0.5,2.5],"texture":"#2"},"east":{"uv":[0,0,0.5,2.5],"texture":"#2"},"south":{"uv":[0,0,0.5,2.5],"texture":"#2"},"west":{"uv":[0,0,0.5,2.5],"texture":"#2"},"up":{"uv":[0,0,0.5,0.5],"texture":"#2"},"down":{"uv":[0,0,0.5,0.5],"texture":"#2"}}},{"from":[11,4.225,0.5],"to":[11.6,6.925,1],"rotation":{"angle":45,"axis":"z","origin":[11.28953,5.57498,0.75874]},"faces":{"north":{"uv":[0,0,0.5,2.25],"texture":"#2"},"east":{"uv":[0,0,0.5,2.25],"texture":"#2"},"south":{"uv":[0,0,0.5,2.25],"texture":"#2"},"west":{"uv":[0,0,0.5,2.25],"texture":"#2"},"up":{"uv":[0,0,0.5,0.5],"texture":"#2"},"down":{"uv":[0,0,0.5,0.5],"texture":"#2"}}},{"from":[7.375,2.625,0.875],"to":[8.125,4.125,1.125],"rotation":{"angle":45,"axis":"z","origin":[7.99258,3.99999,1.00743]},"faces":{"north":{"uv":[0,0,0.75,1.5],"texture":"#3"},"east":{"uv":[0,0,0.25,1.5],"texture":"#3"},"south":{"uv":[0,0,0.75,1.5],"texture":"#3"},"west":{"uv":[0,0,0.25,1.5],"texture":"#3"},"up":{"uv":[0,0,0.75,0.25],"texture":"#3"},"down":{"uv":[0,0,0.75,0.25],"texture":"#3"}}},{"from":[7.875,2.625,0.875],"to":[8.625,4.125,1.125],"rotation":{"angle":-45,"axis":"z","origin":[8.00742,3.99999,1.00743]},"faces":{"north":{"uv":[0.5,0,1.25,1.5],"texture":"#3"},"east":{"uv":[0.25,0,0.5,1.5],"texture":"#3"},"south":{"uv":[0.5,0,1.25,1.5],"texture":"#3"},"west":{"uv":[0.25,0,0.5,1.5],"texture":"#3"},"up":{"uv":[0.5,0,1.25,0.25],"texture":"#3"},"down":{"uv":[0.5,0,1.25,0.25],"texture":"#3"}}}],"display":{"thirdperson_righthand":{"translation":[0,2,-2.75],"scale":[0.5,0.5,0.5]},"thirdperson_lefthand":{"translation":[0,2,-2.75],"scale":[0.5,0.5,0.5]},"gui":{"rotation":[21,134,0],"translation":[0,-1.5,0],"scale":[0.4,0.4,0.4]},"head":{"translation":[0,10,0],"scale":[1.03,1.03,1.03]},"fixed":{"translation":[0,0,-8]}},"groups":[{"name":"beanie","origin":[8,8,8],"children":[0,1,2,3]},{"name":"group","origin":[15.00565,4.76225,7.98212],"children":[4,5,6,7,8,9,{"name":"group","origin":[16.34309,14.01632,7.93606],"children":[10,11,12,13,14,15]}]},{"name":"group","origin":[11.88382,15.26305,8.02037],"children":[16,17,18,19,20,21,22,23,24,25]},{"name":"group","origin":[15.00565,4.76225,7.98212],"children":[26,27,28,29,30,31,{"name":"group","origin":[16.34309,14.01632,7.93606],"children":[32,33,34,35,36]}]},{"name":"group","origin":[8,8,8],"children":[{"name":"octagon","origin":[8,8,8],"children":[37,38,39,40,41,42]},{"name":"octagon","origin":[8,8,8],"children":[43,44,45,46,47,48]}]},49,50],"credit":"Model by Craftventure"}