{"textures":{"0":"block/hny2018","1":"block/gold_block","2":"block/coal_block","3":"block/red_terracotta","4":"block/red_concrete_powder","5":"block/red_concrete","6":"block/spruce_planks","7":"block/blue_concrete","8":"block/blue_concrete_powder","9":"block/hny2018"},"elements":[{"name":"Cube","from":[0.0,0.0,0.0],"to":[16.0,2.0,16.0],"faces":{"north":{"texture":"#0","uv":[0.0,0.0,16.0,1.0]},"east":{"texture":"#0","uv":[0.0,0.0,16.0,1.0]},"south":{"texture":"#0","uv":[0.0,0.0,16.0,1.0]},"west":{"texture":"#0","uv":[0.0,0.0,16.0,1.0]},"up":{"texture":"#0","uv":[0.0,0.0,16.0,1.0]},"down":{"texture":"#0","uv":[0.0,0.0,16.0,1.0]}}},{"name":"Cube","from":[2.0,2.0,2.0],"to":[3.0,11.0,14.0],"faces":{"north":{"texture":"#0","uv":[0.0,0.0,1.0,9.0]},"east":{"texture":"#0","uv":[0.0,0.0,1.0,9.0]},"south":{"texture":"#0","uv":[0.0,0.0,1.0,9.0]},"west":{"texture":"#0","uv":[0.0,0.0,1.0,9.0]},"up":{"texture":"#0","uv":[0.0,0.0,1.0,12.0]},"down":{"texture":"#0","uv":[0.0,0.0,1.0,12.0]}}},{"name":"Cube","from":[13.0,2.0,2.0],"to":[14.0,11.0,14.0],"faces":{"north":{"texture":"#0","uv":[0.0,0.0,1.0,9.0]},"east":{"texture":"#0","uv":[0.0,0.0,1.0,9.0]},"south":{"texture":"#0","uv":[0.0,0.0,1.0,9.0]},"west":{"texture":"#0","uv":[0.0,0.0,1.0,9.0]},"up":{"texture":"#0","uv":[0.0,0.0,1.0,12.0]},"down":{"texture":"#0","uv":[0.0,0.0,1.0,12.0]}}},{"name":"Cube","from":[3.0,2.0,2.0],"to":[13.0,11.0,3.0],"faces":{"north":{"texture":"#0","uv":[0.0,0.0,1.0,9.0]},"east":{"texture":"#0","uv":[0.0,0.0,1.0,9.0]},"south":{"texture":"#0","uv":[0.0,0.0,1.0,8.0]},"west":{"texture":"#0","uv":[0.0,0.0,1.0,9.0]},"up":{"texture":"#0","uv":[0.0,0.0,10.0,1.0]},"down":{"texture":"#0","uv":[0.0,0.0,10.0,1.0]}}},{"name":"Cube","from":[3.0,2.0,13.0],"to":[13.0,11.0,14.0],"faces":{"north":{"texture":"#0","uv":[0.0,0.0,1.0,9.0]},"east":{"texture":"#0","uv":[0.0,0.0,1.0,9.0]},"south":{"texture":"#0","uv":[0.0,0.0,1.0,8.0]},"west":{"texture":"#0","uv":[0.0,0.0,1.0,9.0]},"up":{"texture":"#0","uv":[0.0,0.0,10.0,1.0]},"down":{"texture":"#0","uv":[0.0,0.0,10.0,1.0]}}},{"name":"Cube","from":[1.4999999925494194,2.0,1.5000000223517418],"to":[14.499999992549419,3.199999988079071,14.500000022351742],"faces":{"north":{"texture":"#1","uv":[0.0,0.0,13.0,1.199999988079071]},"east":{"texture":"#1","uv":[0.0,0.0,13.0,1.199999988079071]},"south":{"texture":"#1","uv":[0.0,0.0,13.0,1.199999988079071]},"west":{"texture":"#1","uv":[0.0,0.0,13.0,1.199999988079071]},"up":{"texture":"#1","uv":[0.0,0.0,13.0,13.0]},"down":{"texture":"#1","uv":[0.0,0.0,13.0,13.0]}}},{"name":"Cube","from":[3.0,2.0,3.0],"to":[13.0,4.0,13.000000014901161],"faces":{"north":{"texture":"#2","uv":[0.0,0.0,10.0,2.0]},"east":{"texture":"#2","uv":[0.0,0.0,10.000000014901161,2.0]},"south":{"texture":"#2","uv":[0.0,0.0,10.0,2.0]},"west":{"texture":"#2","uv":[0.0,0.0,10.000000014901161,2.0]},"up":{"texture":"#2","uv":[0.0,0.0,10.0,10.000000014901161]},"down":{"texture":"#2","uv":[0.0,0.0,10.0,10.000000014901161]}}},{"name":"Cube","from":[3.4999999925494194,11.0,2.0],"to":[6.4999999925494194,12.0,3.0],"faces":{"north":{"texture":"#3","uv":[0.0,0.0,3.0,1.0]},"east":{"texture":"#3","uv":[0.0,0.0,1.0,1.0]},"south":{"texture":"#3","uv":[0.0,0.0,3.0,1.0]},"west":{"texture":"#3","uv":[0.0,0.0,1.0,1.0]},"up":{"texture":"#3","uv":[0.0,0.0,3.0,1.0]},"down":{"texture":"#3","uv":[0.0,0.0,3.0,1.0]}}},{"name":"Cube","from":[7.2999999895691872,11.0,2.0],"to":[10.299999989569187,12.0,3.0],"faces":{"north":{"texture":"#3","uv":[0.0,0.0,3.0,1.0]},"east":{"texture":"#3","uv":[0.0,0.0,1.0,1.0]},"south":{"texture":"#3","uv":[0.0,0.0,3.0,1.0]},"west":{"texture":"#3","uv":[0.0,0.0,1.0,1.0]},"up":{"texture":"#3","uv":[0.0,0.0,3.0,1.0]},"down":{"texture":"#3","uv":[0.0,0.0,3.0,1.0]}}},{"name":"Cube","from":[7.2999999895691872,14.400000005960465,4.9000000134110451],"to":[10.299999989569187,15.400000005960465,5.9000000134110451],"rotation":{"origin":[8.0,8.0,8.0],"axis":"x","angle":-45.0},"faces":{"north":{"texture":"#3","uv":[0.0,0.0,3.0,1.0]},"east":{"texture":"#3","uv":[0.0,0.0,1.0,1.0]},"south":{"texture":"#3","uv":[0.0,0.0,3.0,1.0]},"west":{"texture":"#3","uv":[0.0,0.0,1.0,1.0]},"up":{"texture":"#3","uv":[0.0,0.0,3.0,1.0]},"down":{"texture":"#3","uv":[0.0,0.0,3.0,1.0]}}},{"name":"Cube","from":[7.2999999895691872,6.5000000074505806,-0.099999986588954926],"to":[10.299999989569187,7.5000000074505806,0.90000001341104507],"rotation":{"origin":[8.0,8.0,8.0],"axis":"x","angle":22.5},"faces":{"north":{"texture":"#3","uv":[0.0,0.0,3.0,1.0]},"east":{"texture":"#3","uv":[0.0,0.0,1.0,1.0]},"south":{"texture":"#3","uv":[0.0,0.0,3.0,1.0]},"west":{"texture":"#3","uv":[0.0,0.0,1.0,1.0]},"up":{"texture":"#3","uv":[0.0,0.0,3.0,1.0]},"down":{"texture":"#3","uv":[0.0,0.0,3.0,1.0]}}},{"name":"Cube","from":[7.2999999895691872,8.2000000178813934,-0.099999986588954926],"to":[10.299999989569187,9.2000000178813934,0.90000001341104507],"faces":{"north":{"texture":"#3","uv":[0.0,0.0,3.0,1.0]},"east":{"texture":"#3","uv":[0.0,0.0,1.0,1.0]},"south":{"texture":"#3","uv":[0.0,0.0,3.0,1.0]},"west":{"texture":"#3","uv":[0.0,0.0,1.0,1.0]},"up":{"texture":"#3","uv":[0.0,0.0,3.0,1.0]},"down":{"texture":"#3","uv":[0.0,0.0,3.0,1.0]}}},{"name":"Cube","from":[7.2999999895691872,6.9000000134110451,-0.099999986588954926],"to":[10.299999989569187,7.9000000134110451,0.90000001341104507],"faces":{"north":{"texture":"#3","uv":[0.0,0.0,3.0,1.0]},"east":{"texture":"#3","uv":[0.0,0.0,1.0,1.0]},"south":{"texture":"#3","uv":[0.0,0.0,3.0,1.0]},"west":{"texture":"#3","uv":[0.0,0.0,1.0,1.0]},"up":{"texture":"#3","uv":[0.0,0.0,3.0,1.0]},"down":{"texture":"#3","uv":[0.0,0.0,3.0,1.0]}}},{"name":"Cube","from":[7.2999999895691872,8.6000000089406967,1.4901161193847656E-08],"to":[10.299999989569187,9.6000000089406967,1.0000000149011612],"rotation":{"origin":[8.0,8.0,8.0],"axis":"x","angle":-22.5},"faces":{"north":{"texture":"#3","uv":[0.0,0.0,3.0,1.0]},"east":{"texture":"#3","uv":[0.0,0.0,1.0,1.0]},"south":{"texture":"#3","uv":[0.0,0.0,3.0,1.0]},"west":{"texture":"#3","uv":[0.0,0.0,1.0,1.0]},"up":{"texture":"#3","uv":[0.0,0.0,3.0,1.0]},"down":{"texture":"#3","uv":[0.0,0.0,3.0,1.0]}}},{"name":"Cube","from":[7.2999999895691872,4.4000000059604645,0.40000002086162567],"to":[10.299999989569187,5.4000000059604645,1.4000000208616257],"faces":{"north":{"texture":"#3","uv":[0.0,0.0,3.0,1.0]},"east":{"texture":"#3","uv":[0.0,0.0,1.0,1.0]},"south":{"texture":"#3","uv":[0.0,0.0,3.0,1.0]},"west":{"texture":"#3","uv":[0.0,0.0,1.0,1.0]},"up":{"texture":"#3","uv":[0.0,0.0,3.0,1.0]},"down":{"texture":"#3","uv":[0.0,0.0,3.0,1.0]}}},{"name":"Cube","from":[7.2999999895691872,0.69999999552965164,2.4000000059604645],"to":[10.299999989569187,1.6999999955296516,3.4000000059604645],"rotation":{"origin":[8.0,8.0,8.0],"axis":"x","angle":22.5},"faces":{"north":{"texture":"#3","uv":[0.0,0.0,3.0,1.0]},"east":{"texture":"#3","uv":[0.0,0.0,1.0,1.0]},"south":{"texture":"#3","uv":[0.0,0.0,3.0,1.0]},"west":{"texture":"#3","uv":[0.0,0.0,1.0,1.0]},"up":{"texture":"#3","uv":[0.0,0.0,3.0,1.0]},"down":{"texture":"#3","uv":[0.0,0.0,3.0,1.0]}}},{"name":"Cube","from":[3.4999999925494194,14.400000005960465,4.9000000134110451],"to":[6.4999999925494194,15.400000005960465,5.9000000134110451],"rotation":{"origin":[8.0,8.0,8.0],"axis":"x","angle":-45.0},"faces":{"north":{"texture":"#3","uv":[0.0,0.0,3.0,1.0]},"east":{"texture":"#3","uv":[0.0,0.0,1.0,1.0]},"south":{"texture":"#3","uv":[0.0,0.0,3.0,1.0]},"west":{"texture":"#3","uv":[0.0,0.0,1.0,1.0]},"up":{"texture":"#3","uv":[0.0,0.0,3.0,1.0]},"down":{"texture":"#3","uv":[0.0,0.0,3.0,1.0]}}},{"name":"Cube","from":[3.4999999925494194,6.5000000074505806,-0.099999986588954926],"to":[6.4999999925494194,7.5000000074505806,0.90000001341104507],"rotation":{"origin":[8.0,8.0,8.0],"axis":"x","angle":22.5},"faces":{"north":{"texture":"#3","uv":[0.0,0.0,3.0,1.0]},"east":{"texture":"#3","uv":[0.0,0.0,1.0,1.0]},"south":{"texture":"#3","uv":[0.0,0.0,3.0,1.0]},"west":{"texture":"#3","uv":[0.0,0.0,1.0,1.0]},"up":{"texture":"#3","uv":[0.0,0.0,3.0,1.0]},"down":{"texture":"#3","uv":[0.0,0.0,3.0,1.0]}}},{"name":"Cube","from":[3.4999999925494194,8.2000000178813934,-0.099999986588954926],"to":[6.4999999925494194,9.2000000178813934,0.90000001341104507],"faces":{"north":{"texture":"#3","uv":[0.0,0.0,3.0,1.0]},"east":{"texture":"#3","uv":[0.0,0.0,1.0,1.0]},"south":{"texture":"#3","uv":[0.0,0.0,3.0,1.0]},"west":{"texture":"#3","uv":[0.0,0.0,1.0,1.0]},"up":{"texture":"#3","uv":[0.0,0.0,3.0,1.0]},"down":{"texture":"#3","uv":[0.0,0.0,3.0,1.0]}}},{"name":"Cube","from":[3.4999999925494194,6.9000000134110451,-0.099999986588954926],"to":[6.4999999925494194,7.9000000134110451,0.90000001341104507],"faces":{"north":{"texture":"#3","uv":[0.0,0.0,3.0,1.0]},"east":{"texture":"#3","uv":[0.0,0.0,1.0,1.0]},"south":{"texture":"#3","uv":[0.0,0.0,3.0,1.0]},"west":{"texture":"#3","uv":[0.0,0.0,1.0,1.0]},"up":{"texture":"#3","uv":[0.0,0.0,3.0,1.0]},"down":{"texture":"#3","uv":[0.0,0.0,3.0,1.0]}}},{"name":"Cube","from":[7.2999999895691872,-2.0000000149011612,5.6000000089406967],"to":[10.299999989569187,-1.0000000149011612,6.6000000089406967],"rotation":{"origin":[8.0,8.0,8.0],"axis":"x","angle":45.0},"faces":{"north":{"texture":"#3","uv":[0.0,0.0,3.0,1.0]},"east":{"texture":"#3","uv":[0.0,0.0,1.0,1.0]},"south":{"texture":"#3","uv":[0.0,0.0,3.0,1.0]},"west":{"texture":"#3","uv":[0.0,0.0,1.0,1.0]},"up":{"texture":"#3","uv":[0.0,0.0,3.0,1.0]},"down":{"texture":"#3","uv":[0.0,0.0,3.0,1.0]}}},{"name":"Cube","from":[3.4999999925494194,8.6000000089406967,1.4901161193847656E-08],"to":[6.4999999925494194,9.6000000089406967,1.0000000149011612],"rotation":{"origin":[8.0,8.0,8.0],"axis":"x","angle":-22.5},"faces":{"north":{"texture":"#3","uv":[0.0,0.0,3.0,1.0]},"east":{"texture":"#3","uv":[0.0,0.0,1.0,1.0]},"south":{"texture":"#3","uv":[0.0,0.0,3.0,1.0]},"west":{"texture":"#3","uv":[0.0,0.0,1.0,1.0]},"up":{"texture":"#3","uv":[0.0,0.0,3.0,1.0]},"down":{"texture":"#3","uv":[0.0,0.0,3.0,1.0]}}},{"name":"Cube","from":[3.4999999925494194,4.4000000059604645,0.40000002086162567],"to":[6.4999999925494194,5.4000000059604645,1.4000000208616257],"faces":{"north":{"texture":"#3","uv":[0.0,0.0,3.0,1.0]},"east":{"texture":"#3","uv":[0.0,0.0,1.0,1.0]},"south":{"texture":"#3","uv":[0.0,0.0,3.0,1.0]},"west":{"texture":"#3","uv":[0.0,0.0,1.0,1.0]},"up":{"texture":"#3","uv":[0.0,0.0,3.0,1.0]},"down":{"texture":"#3","uv":[0.0,0.0,3.0,1.0]}}},{"name":"Cube","from":[3.4999999925494194,0.69999999552965164,2.4000000059604645],"to":[6.4999999925494194,1.6999999955296516,3.4000000059604645],"rotation":{"origin":[8.0,8.0,8.0],"axis":"x","angle":22.5},"faces":{"north":{"texture":"#3","uv":[0.0,0.0,3.0,1.0]},"east":{"texture":"#3","uv":[0.0,0.0,1.0,1.0]},"south":{"texture":"#3","uv":[0.0,0.0,3.0,1.0]},"west":{"texture":"#3","uv":[0.0,0.0,1.0,1.0]},"up":{"texture":"#3","uv":[0.0,0.0,3.0,1.0]},"down":{"texture":"#3","uv":[0.0,0.0,3.0,1.0]}}},{"name":"Cube","from":[3.4999999925494194,-2.0000000149011612,5.6000000089406967],"to":[6.4999999925494194,-1.0000000149011612,6.6000000089406967],"rotation":{"origin":[8.0,8.0,8.0],"axis":"x","angle":45.0},"faces":{"north":{"texture":"#3","uv":[0.0,0.0,3.0,1.0]},"east":{"texture":"#3","uv":[0.0,0.0,1.0,1.0]},"south":{"texture":"#3","uv":[0.0,0.0,3.0,1.0]},"west":{"texture":"#3","uv":[0.0,0.0,1.0,1.0]},"up":{"texture":"#3","uv":[0.0,0.0,3.0,1.0]},"down":{"texture":"#3","uv":[0.0,0.0,3.0,1.0]}}},{"name":"Cube","from":[3.4999999925494194,8.8999999985098839,2.3000000193715096],"to":[6.4999999925494194,9.8999999985098839,3.3000000193715096],"rotation":{"origin":[8.0,8.0,8.0],"axis":"x","angle":22.5},"faces":{"north":{"texture":"#3","uv":[0.0,0.0,3.0,1.0]},"east":{"texture":"#3","uv":[0.0,0.0,1.0,1.0]},"south":{"texture":"#3","uv":[0.0,0.0,3.0,1.0]},"west":{"texture":"#3","uv":[0.0,0.0,1.0,1.0]},"up":{"texture":"#3","uv":[0.0,0.0,3.0,1.0]},"down":{"texture":"#3","uv":[0.0,0.0,3.0,1.0]}}},{"name":"Cube","from":[3.0,10.999999985098839,13.0],"to":[13.0,11.999999985098839,14.0],"faces":{"north":{"texture":"#0","uv":[0.0,0.0,10.0,1.0]},"east":{"texture":"#0","uv":[0.0,0.0,1.0,1.0]},"south":{"texture":"#0","uv":[0.0,0.0,10.0,1.0]},"west":{"texture":"#0","uv":[0.0,0.0,1.0,1.0]},"up":{"texture":"#0","uv":[0.0,0.0,10.0,1.0]},"down":{"texture":"#0","uv":[0.0,0.0,10.0,1.0]}}},{"name":"Cube","from":[3.0,13.599999979138374,11.099999986588955],"to":[13.0,15.599999979138374,12.099999986588955],"rotation":{"origin":[8.0,8.0,8.0],"axis":"x","angle":22.5},"faces":{"north":{"texture":"#0","uv":[0.0,0.0,10.0,2.0]},"east":{"texture":"#0","uv":[0.0,0.0,1.0,2.0]},"south":{"texture":"#0","uv":[0.0,0.0,10.0,2.0]},"west":{"texture":"#0","uv":[0.0,0.0,1.0,2.0]},"up":{"texture":"#0","uv":[0.0,0.0,10.0,1.0]},"down":{"texture":"#0","uv":[0.0,0.0,10.0,1.0]}}},{"name":"Cube","from":[3.0,16.19999997317791,7.9999999850988388],"to":[13.0,18.19999997317791,8.9999999850988388],"rotation":{"origin":[8.0,8.0,8.0],"axis":"x","angle":45.0},"faces":{"north":{"texture":"#0","uv":[0.0,0.0,10.0,2.0]},"east":{"texture":"#0","uv":[0.0,0.0,1.0,2.0]},"south":{"texture":"#0","uv":[0.0,0.0,10.0,2.0]},"west":{"texture":"#0","uv":[0.0,0.0,1.0,2.0]},"up":{"texture":"#0","uv":[0.0,0.0,10.0,1.0]},"down":{"texture":"#0","uv":[0.0,0.0,10.0,1.0]}}},{"name":"Cube","from":[4.0,10.899999968707562,17.399999991059303],"to":[12.0,11.899999968707562,19.399999991059303],"rotation":{"origin":[8.0,8.0,8.0],"axis":"x","angle":-22.5},"faces":{"north":{"texture":"#0","uv":[0.0,0.0,8.0,1.0]},"east":{"texture":"#0","uv":[0.0,0.0,2.0,1.0]},"south":{"texture":"#0","uv":[0.0,0.0,8.0,1.0]},"west":{"texture":"#0","uv":[0.0,0.0,2.0,1.0]},"up":{"texture":"#0","uv":[0.0,0.0,8.0,2.0]},"down":{"texture":"#0","uv":[0.0,0.0,8.0,2.0]}}},{"name":"Cube","from":[11.000000014901161,9.9999999701976776,2.9999999850988388],"to":[13.000000014901161,10.999999970197678,4.9999999850988388],"faces":{"north":{"texture":"#0","uv":[0.0,0.0,2.0,1.0]},"east":{"texture":"#0","uv":[0.0,0.0,2.0,1.0]},"south":{"texture":"#0","uv":[0.0,0.0,2.0,1.0]},"west":{"texture":"#0","uv":[0.0,0.0,2.0,1.0]},"up":{"texture":"#0","uv":[0.0,0.0,2.0,2.0]},"down":{"texture":"#0","uv":[0.0,0.0,2.0,2.0]}}},{"name":"Cube","from":[12.000000014901161,9.9999999701976776,4.9999999850988388],"to":[13.000000014901161,10.999999970197678,6.9999999850988388],"faces":{"north":{"texture":"#0","uv":[0.0,0.0,1.0,1.0]},"east":{"texture":"#0","uv":[0.0,0.0,2.0,1.0]},"south":{"texture":"#0","uv":[0.0,0.0,1.0,1.0]},"west":{"texture":"#0","uv":[0.0,0.0,2.0,1.0]},"up":{"texture":"#0","uv":[0.0,0.0,1.0,2.0]},"down":{"texture":"#0","uv":[0.0,0.0,1.0,2.0]}}},{"name":"Cube","from":[10.000000014901161,9.9999999701976776,2.9999999701976776],"to":[11.000000014901161,10.999999970197678,3.9999999701976776],"faces":{"north":{"texture":"#0","uv":[0.0,0.0,1.0,1.0]},"east":{"texture":"#0","uv":[0.0,0.0,1.0,1.0]},"south":{"texture":"#0","uv":[0.0,0.0,1.0,1.0]},"west":{"texture":"#0","uv":[0.0,0.0,1.0,1.0]},"up":{"texture":"#0","uv":[0.0,0.0,1.0,1.0]},"down":{"texture":"#0","uv":[0.0,0.0,1.0,1.0]}}},{"name":"Cube","from":[6.3999999910593033,11.299999989569187,2.3000000044703484],"to":[7.3999999910593033,11.69999998062849,2.6999999955296516],"faces":{"north":{"texture":"#4","uv":[0.0,0.0,1.0,0.39999999105930328]},"east":{"texture":"#4","uv":[0.0,0.0,0.39999999105930328,0.39999999105930328]},"south":{"texture":"#4","uv":[0.0,0.0,1.0,0.39999999105930328]},"west":{"texture":"#4","uv":[0.0,0.0,0.39999999105930328,0.39999999105930328]},"up":{"texture":"#4","uv":[0.0,0.0,1.0,0.39999999105930328]},"down":{"texture":"#4","uv":[0.0,0.0,1.0,0.39999999105930328]}}},{"name":"Cube","from":[6.3999999910593033,10.799999982118607,1.1000000014901161],"to":[7.3999999910593033,11.19999997317791,1.4999999925494194],"faces":{"north":{"texture":"#4","uv":[0.0,0.0,1.0,0.39999999105930328]},"east":{"texture":"#4","uv":[0.0,0.0,0.39999999105930328,0.39999999105930328]},"south":{"texture":"#4","uv":[0.0,0.0,1.0,0.39999999105930328]},"west":{"texture":"#4","uv":[0.0,0.0,0.39999999105930328,0.39999999105930328]},"up":{"texture":"#4","uv":[0.0,0.0,1.0,0.39999999105930328]},"down":{"texture":"#4","uv":[0.0,0.0,1.0,0.39999999105930328]}}},{"name":"Cube","from":[6.4999999925494194,9.7999999821186066,0.29999998956918716],"to":[7.4999999925494194,10.19999997317791,0.69999998062849045],"faces":{"north":{"texture":"#4","uv":[0.0,0.0,1.0,0.39999999105930328]},"east":{"texture":"#4","uv":[0.0,0.0,0.39999999105930328,0.39999999105930328]},"south":{"texture":"#4","uv":[0.0,0.0,1.0,0.39999999105930328]},"west":{"texture":"#4","uv":[0.0,0.0,0.39999999105930328,0.39999999105930328]},"up":{"texture":"#4","uv":[0.0,0.0,1.0,0.39999999105930328]},"down":{"texture":"#4","uv":[0.0,0.0,1.0,0.39999999105930328]}}},{"name":"Cube","from":[6.4999999925494194,8.4999999776482582,0.099999986588954926],"to":[7.4999999925494194,8.8999999687075615,0.49999997764825821],"faces":{"north":{"texture":"#4","uv":[0.0,0.0,1.0,0.39999999105930328]},"east":{"texture":"#4","uv":[0.0,0.0,0.39999999105930328,0.39999999105930328]},"south":{"texture":"#4","uv":[0.0,0.0,1.0,0.39999999105930328]},"west":{"texture":"#4","uv":[0.0,0.0,0.39999999105930328,0.39999999105930328]},"up":{"texture":"#4","uv":[0.0,0.0,1.0,0.39999999105930328]},"down":{"texture":"#4","uv":[0.0,0.0,1.0,0.39999999105930328]}}},{"name":"Cube","from":[6.4999999925494194,7.19999997317791,0.099999986588954926],"to":[7.4999999925494194,7.5999999642372131,0.49999997764825821],"faces":{"north":{"texture":"#4","uv":[0.0,0.0,1.0,0.39999999105930328]},"east":{"texture":"#4","uv":[0.0,0.0,0.39999999105930328,0.39999999105930328]},"south":{"texture":"#4","uv":[0.0,0.0,1.0,0.39999999105930328]},"west":{"texture":"#4","uv":[0.0,0.0,0.39999999105930328,0.39999999105930328]},"up":{"texture":"#4","uv":[0.0,0.0,1.0,0.39999999105930328]},"down":{"texture":"#4","uv":[0.0,0.0,1.0,0.39999999105930328]}}},{"name":"Cube","from":[6.4999999925494194,5.9999999701976776,0.39999999105930328],"to":[7.4999999925494194,6.3999999612569809,0.79999998211860657],"faces":{"north":{"texture":"#4","uv":[0.0,0.0,1.0,0.39999999105930328]},"east":{"texture":"#4","uv":[0.0,0.0,0.39999999105930328,0.39999999105930328]},"south":{"texture":"#4","uv":[0.0,0.0,1.0,0.39999999105930328]},"west":{"texture":"#4","uv":[0.0,0.0,0.39999999105930328,0.39999999105930328]},"up":{"texture":"#4","uv":[0.0,0.0,1.0,0.39999999105930328]},"down":{"texture":"#4","uv":[0.0,0.0,1.0,0.39999999105930328]}}},{"name":"Cube","from":[6.4999999925494194,4.6999999657273293,0.69999999552965164],"to":[7.4999999925494194,5.0999999567866325,1.0999999865889549],"faces":{"north":{"texture":"#4","uv":[0.0,0.0,1.0,0.39999999105930328]},"east":{"texture":"#4","uv":[0.0,0.0,0.39999999105930328,0.39999999105930328]},"south":{"texture":"#4","uv":[0.0,0.0,1.0,0.39999999105930328]},"west":{"texture":"#4","uv":[0.0,0.0,0.39999999105930328,0.39999999105930328]},"up":{"texture":"#4","uv":[0.0,0.0,1.0,0.39999999105930328]},"down":{"texture":"#4","uv":[0.0,0.0,1.0,0.39999999105930328]}}},{"name":"Cube","from":[6.4999999925494194,3.3999999612569809,0.4999999925494194],"to":[7.4999999925494194,3.7999999523162842,0.89999998360872269],"faces":{"north":{"texture":"#4","uv":[0.0,0.0,1.0,0.39999999105930328]},"east":{"texture":"#4","uv":[0.0,0.0,0.39999999105930328,0.39999999105930328]},"south":{"texture":"#4","uv":[0.0,0.0,1.0,0.39999999105930328]},"west":{"texture":"#4","uv":[0.0,0.0,0.39999999105930328,0.39999999105930328]},"up":{"texture":"#4","uv":[0.0,0.0,1.0,0.39999999105930328]},"down":{"texture":"#4","uv":[0.0,0.0,1.0,0.39999999105930328]}}},{"name":"Cube","from":[6.4999999925494194,2.3999999612569809,-0.30000000447034836],"to":[7.4999999925494194,2.7999999523162842,0.099999986588954926],"faces":{"north":{"texture":"#4","uv":[0.0,0.0,1.0,0.39999999105930328]},"east":{"texture":"#4","uv":[0.0,0.0,0.39999999105930328,0.39999999105930328]},"south":{"texture":"#4","uv":[0.0,0.0,1.0,0.39999999105930328]},"west":{"texture":"#4","uv":[0.0,0.0,0.39999999105930328,0.39999999105930328]},"up":{"texture":"#4","uv":[0.0,0.0,1.0,0.39999999105930328]},"down":{"texture":"#4","uv":[0.0,0.0,1.0,0.39999999105930328]}}},{"name":"Cube","from":[7.2999999895691872,8.8999999985098839,2.3000000193715096],"to":[10.299999989569187,9.8999999985098839,3.3000000193715096],"rotation":{"origin":[8.0,8.0,8.0],"axis":"x","angle":22.5},"faces":{"north":{"texture":"#3","uv":[0.0,0.0,3.0,1.0]},"east":{"texture":"#3","uv":[0.0,0.0,1.0,1.0]},"south":{"texture":"#3","uv":[0.0,0.0,3.0,1.0]},"west":{"texture":"#3","uv":[0.0,0.0,1.0,1.0]},"up":{"texture":"#3","uv":[0.0,0.0,3.0,1.0]},"down":{"texture":"#3","uv":[0.0,0.0,3.0,1.0]}}},{"name":"Cube","from":[3.2999999895691872,4.0,4.0],"to":[10.499999992549419,8.0,12.0],"faces":{"north":{"texture":"#5","uv":[0.0,0.0,7.2000000029802322,4.0]},"east":{"texture":"#5","uv":[0.0,0.0,8.0,4.0]},"south":{"texture":"#5","uv":[0.0,0.0,7.2000000029802322,4.0]},"west":{"texture":"#5","uv":[0.0,0.0,8.0,4.0]},"up":{"texture":"#5","uv":[0.0,0.0,7.2000000029802322,8.0]},"down":{"texture":"#5","uv":[0.0,0.0,7.2000000029802322,8.0]}}},{"name":"Cube","from":[3.4999999925494194,7.0,3.3000000342726707],"to":[6.4999999925494194,8.0,4.3000000342726707],"rotation":{"origin":[8.0,8.0,8.0],"axis":"x","angle":45.0},"faces":{"north":{"texture":"#3","uv":[0.0,0.0,3.0,1.0]},"east":{"texture":"#3","uv":[0.0,0.0,1.0,1.0]},"south":{"texture":"#3","uv":[0.0,0.0,3.0,1.0]},"west":{"texture":"#3","uv":[0.0,0.0,1.0,1.0]},"up":{"texture":"#3","uv":[0.0,0.0,3.0,1.0]},"down":{"texture":"#3","uv":[0.0,0.0,3.0,1.0]}}},{"name":"Cube","from":[3.4999999925494194,10.499999992549419,7.0000000447034836],"to":[6.4999999925494194,11.499999992549419,8.0000000447034836],"rotation":{"origin":[8.0,8.0,8.0],"axis":"x","angle":-45.0},"faces":{"north":{"texture":"#3","uv":[0.0,0.0,3.0,1.0]},"east":{"texture":"#3","uv":[0.0,0.0,1.0,1.0]},"south":{"texture":"#3","uv":[0.0,0.0,3.0,1.0]},"west":{"texture":"#3","uv":[0.0,0.0,1.0,1.0]},"up":{"texture":"#3","uv":[0.0,0.0,3.0,1.0]},"down":{"texture":"#3","uv":[0.0,0.0,3.0,1.0]}}},{"name":"Cube","from":[3.4999999925494194,7.8999999836087227,5.8000000417232513],"to":[6.4999999925494194,8.8999999836087227,6.8000000417232513],"rotation":{"origin":[8.0,8.0,8.0],"axis":"x","angle":22.5},"faces":{"north":{"texture":"#3","uv":[0.0,0.0,3.0,1.0]},"east":{"texture":"#3","uv":[0.0,0.0,1.0,1.0]},"south":{"texture":"#3","uv":[0.0,0.0,3.0,1.0]},"west":{"texture":"#3","uv":[0.0,0.0,1.0,1.0]},"up":{"texture":"#3","uv":[0.0,0.0,3.0,1.0]},"down":{"texture":"#3","uv":[0.0,0.0,3.0,1.0]}}},{"name":"Cube","from":[3.4999999925494194,8.199999988079071,7.4000000506639481],"to":[6.4999999925494194,9.199999988079071,8.4000000506639481],"faces":{"north":{"texture":"#3","uv":[0.0,0.0,3.0,1.0]},"east":{"texture":"#3","uv":[0.0,0.0,1.0,1.0]},"south":{"texture":"#3","uv":[0.0,0.0,3.0,1.0]},"west":{"texture":"#3","uv":[0.0,0.0,1.0,1.0]},"up":{"texture":"#3","uv":[0.0,0.0,3.0,1.0]},"down":{"texture":"#3","uv":[0.0,0.0,3.0,1.0]}}},{"name":"Cube","from":[3.4999999925494194,8.0999999865889549,8.8000000417232513],"to":[6.4999999925494194,9.0999999865889549,9.8000000417232513],"faces":{"north":{"texture":"#3","uv":[0.0,0.0,3.0,1.0]},"east":{"texture":"#3","uv":[0.0,0.0,1.0,1.0]},"south":{"texture":"#3","uv":[0.0,0.0,3.0,1.0]},"west":{"texture":"#3","uv":[0.0,0.0,1.0,1.0]},"up":{"texture":"#3","uv":[0.0,0.0,3.0,1.0]},"down":{"texture":"#3","uv":[0.0,0.0,3.0,1.0]}}},{"name":"Cube","from":[3.4999999925494194,8.0999999865889549,10.200000032782555],"to":[6.4999999925494194,9.0999999865889549,11.200000032782555],"faces":{"north":{"texture":"#3","uv":[0.0,0.0,3.0,1.0]},"east":{"texture":"#3","uv":[0.0,0.0,1.0,1.0]},"south":{"texture":"#3","uv":[0.0,0.0,3.0,1.0]},"west":{"texture":"#3","uv":[0.0,0.0,1.0,1.0]},"up":{"texture":"#3","uv":[0.0,0.0,3.0,1.0]},"down":{"texture":"#3","uv":[0.0,0.0,3.0,1.0]}}},{"name":"Cube","from":[6.3999999910593033,11.199999988079071,3.5000000074505806],"to":[7.3999999910593033,11.599999979138374,3.8999999985098839],"faces":{"north":{"texture":"#4","uv":[0.0,0.0,1.0,0.39999999105930328]},"east":{"texture":"#4","uv":[0.0,0.0,0.39999999105930328,0.39999999105930328]},"south":{"texture":"#4","uv":[0.0,0.0,1.0,0.39999999105930328]},"west":{"texture":"#4","uv":[0.0,0.0,0.39999999105930328,0.39999999105930328]},"up":{"texture":"#4","uv":[0.0,0.0,1.0,0.39999999105930328]},"down":{"texture":"#4","uv":[0.0,0.0,1.0,0.39999999105930328]}}},{"name":"Cube","from":[6.3999999910593033,10.499999977648258,4.5000000223517418],"to":[7.3999999910593033,10.899999968707562,4.9000000134110451],"faces":{"north":{"texture":"#4","uv":[0.0,0.0,1.0,0.39999999105930328]},"east":{"texture":"#4","uv":[0.0,0.0,0.39999999105930328,0.39999999105930328]},"south":{"texture":"#4","uv":[0.0,0.0,1.0,0.39999999105930328]},"west":{"texture":"#4","uv":[0.0,0.0,0.39999999105930328,0.39999999105930328]},"up":{"texture":"#4","uv":[0.0,0.0,1.0,0.39999999105930328]},"down":{"texture":"#4","uv":[0.0,0.0,1.0,0.39999999105930328]}}},{"name":"Cube","from":[6.3999999910593033,9.5999999642372131,5.3000000193715096],"to":[7.3999999910593033,9.9999999552965164,5.7000000104308128],"faces":{"north":{"texture":"#4","uv":[0.0,0.0,1.0,0.39999999105930328]},"east":{"texture":"#4","uv":[0.0,0.0,0.39999999105930328,0.39999999105930328]},"south":{"texture":"#4","uv":[0.0,0.0,1.0,0.39999999105930328]},"west":{"texture":"#4","uv":[0.0,0.0,0.39999999105930328,0.39999999105930328]},"up":{"texture":"#4","uv":[0.0,0.0,1.0,0.39999999105930328]},"down":{"texture":"#4","uv":[0.0,0.0,1.0,0.39999999105930328]}}},{"name":"Cube","from":[6.3999999910593033,8.8999999687075615,6.4000000208616257],"to":[7.3999999910593033,9.2999999597668648,6.800000011920929],"faces":{"north":{"texture":"#4","uv":[0.0,0.0,1.0,0.39999999105930328]},"east":{"texture":"#4","uv":[0.0,0.0,0.39999999105930328,0.39999999105930328]},"south":{"texture":"#4","uv":[0.0,0.0,1.0,0.39999999105930328]},"west":{"texture":"#4","uv":[0.0,0.0,0.39999999105930328,0.39999999105930328]},"up":{"texture":"#4","uv":[0.0,0.0,1.0,0.39999999105930328]},"down":{"texture":"#4","uv":[0.0,0.0,1.0,0.39999999105930328]}}},{"name":"Cube","from":[6.3999999910593033,8.3999999612569809,7.700000025331974],"to":[7.3999999910593033,8.7999999523162842,8.1000000163912773],"faces":{"north":{"texture":"#4","uv":[0.0,0.0,1.0,0.39999999105930328]},"east":{"texture":"#4","uv":[0.0,0.0,0.39999999105930328,0.39999999105930328]},"south":{"texture":"#4","uv":[0.0,0.0,1.0,0.39999999105930328]},"west":{"texture":"#4","uv":[0.0,0.0,0.39999999105930328,0.39999999105930328]},"up":{"texture":"#4","uv":[0.0,0.0,1.0,0.39999999105930328]},"down":{"texture":"#4","uv":[0.0,0.0,1.0,0.39999999105930328]}}},{"name":"Cube","from":[6.3999999910593033,8.3999999612569809,9.1000000312924385],"to":[7.3999999910593033,8.7999999523162842,9.5000000223517418],"faces":{"north":{"texture":"#4","uv":[0.0,0.0,1.0,0.39999999105930328]},"east":{"texture":"#4","uv":[0.0,0.0,0.39999999105930328,0.39999999105930328]},"south":{"texture":"#4","uv":[0.0,0.0,1.0,0.39999999105930328]},"west":{"texture":"#4","uv":[0.0,0.0,0.39999999105930328,0.39999999105930328]},"up":{"texture":"#4","uv":[0.0,0.0,1.0,0.39999999105930328]},"down":{"texture":"#4","uv":[0.0,0.0,1.0,0.39999999105930328]}}},{"name":"Cube","from":[6.3999999910593033,8.3999999612569809,10.500000037252903],"to":[7.3999999910593033,8.7999999523162842,10.900000028312206],"faces":{"north":{"texture":"#4","uv":[0.0,0.0,1.0,0.39999999105930328]},"east":{"texture":"#4","uv":[0.0,0.0,0.39999999105930328,0.39999999105930328]},"south":{"texture":"#4","uv":[0.0,0.0,1.0,0.39999999105930328]},"west":{"texture":"#4","uv":[0.0,0.0,0.39999999105930328,0.39999999105930328]},"up":{"texture":"#4","uv":[0.0,0.0,1.0,0.39999999105930328]},"down":{"texture":"#4","uv":[0.0,0.0,1.0,0.39999999105930328]}}},{"name":"Cube","from":[7.2999999895691872,7.0,3.3000000342726707],"to":[10.299999989569187,8.0,4.3000000342726707],"rotation":{"origin":[8.0,8.0,8.0],"axis":"x","angle":45.0},"faces":{"north":{"texture":"#3","uv":[0.0,0.0,3.0,1.0]},"east":{"texture":"#3","uv":[0.0,0.0,1.0,1.0]},"south":{"texture":"#3","uv":[0.0,0.0,3.0,1.0]},"west":{"texture":"#3","uv":[0.0,0.0,1.0,1.0]},"up":{"texture":"#3","uv":[0.0,0.0,3.0,1.0]},"down":{"texture":"#3","uv":[0.0,0.0,3.0,1.0]}}},{"name":"Cube","from":[7.2999999895691872,10.499999992549419,7.0000000447034836],"to":[10.299999989569187,11.499999992549419,8.0000000447034836],"rotation":{"origin":[8.0,8.0,8.0],"axis":"x","angle":-45.0},"faces":{"north":{"texture":"#3","uv":[0.0,0.0,3.0,1.0]},"east":{"texture":"#3","uv":[0.0,0.0,1.0,1.0]},"south":{"texture":"#3","uv":[0.0,0.0,3.0,1.0]},"west":{"texture":"#3","uv":[0.0,0.0,1.0,1.0]},"up":{"texture":"#3","uv":[0.0,0.0,3.0,1.0]},"down":{"texture":"#3","uv":[0.0,0.0,3.0,1.0]}}},{"name":"Cube","from":[7.2999999895691872,7.8999999836087227,5.8000000417232513],"to":[10.299999989569187,8.8999999836087227,6.8000000417232513],"rotation":{"origin":[8.0,8.0,8.0],"axis":"x","angle":22.5},"faces":{"north":{"texture":"#3","uv":[0.0,0.0,3.0,1.0]},"east":{"texture":"#3","uv":[0.0,0.0,1.0,1.0]},"south":{"texture":"#3","uv":[0.0,0.0,3.0,1.0]},"west":{"texture":"#3","uv":[0.0,0.0,1.0,1.0]},"up":{"texture":"#3","uv":[0.0,0.0,3.0,1.0]},"down":{"texture":"#3","uv":[0.0,0.0,3.0,1.0]}}},{"name":"Cube","from":[7.2999999895691872,8.199999988079071,7.4000000506639481],"to":[10.299999989569187,9.199999988079071,8.4000000506639481],"faces":{"north":{"texture":"#3","uv":[0.0,0.0,3.0,1.0]},"east":{"texture":"#3","uv":[0.0,0.0,1.0,1.0]},"south":{"texture":"#3","uv":[0.0,0.0,3.0,1.0]},"west":{"texture":"#3","uv":[0.0,0.0,1.0,1.0]},"up":{"texture":"#3","uv":[0.0,0.0,3.0,1.0]},"down":{"texture":"#3","uv":[0.0,0.0,3.0,1.0]}}},{"name":"Cube","from":[7.2999999895691872,8.0999999865889549,8.8000000417232513],"to":[10.299999989569187,9.0999999865889549,9.8000000417232513],"faces":{"north":{"texture":"#3","uv":[0.0,0.0,3.0,1.0]},"east":{"texture":"#3","uv":[0.0,0.0,1.0,1.0]},"south":{"texture":"#3","uv":[0.0,0.0,3.0,1.0]},"west":{"texture":"#3","uv":[0.0,0.0,1.0,1.0]},"up":{"texture":"#3","uv":[0.0,0.0,3.0,1.0]},"down":{"texture":"#3","uv":[0.0,0.0,3.0,1.0]}}},{"name":"Cube","from":[7.2999999895691872,8.0999999865889549,10.200000032782555],"to":[10.299999989569187,9.0999999865889549,11.200000032782555],"faces":{"north":{"texture":"#3","uv":[0.0,0.0,3.0,1.0]},"east":{"texture":"#3","uv":[0.0,0.0,1.0,1.0]},"south":{"texture":"#3","uv":[0.0,0.0,3.0,1.0]},"west":{"texture":"#3","uv":[0.0,0.0,1.0,1.0]},"up":{"texture":"#3","uv":[0.0,0.0,3.0,1.0]},"down":{"texture":"#3","uv":[0.0,0.0,3.0,1.0]}}},{"name":"Cube","from":[10.299999989569187,3.9999999850988388,11.200000032782555],"to":[11.299999989569187,18.999999985098839,12.200000032782555],"rotation":{"origin":[8.0,8.0,8.0],"axis":"y","angle":22.5},"faces":{"north":{"texture":"#6","uv":[0.0,0.0,1.0,15.0]},"east":{"texture":"#6","uv":[0.0,0.0,1.0,15.0]},"south":{"texture":"#6","uv":[0.0,0.0,1.0,15.0]},"west":{"texture":"#6","uv":[0.0,0.0,1.0,15.0]},"up":{"texture":"#6","uv":[0.0,0.0,1.0,1.0]},"down":{"texture":"#6","uv":[0.0,0.0,1.0,1.0]}}},{"name":"Cube","from":[9.299999974668026,18.999999985098839,10.200000017881393],"to":[12.299999974668026,19.999999985098839,13.200000017881393],"rotation":{"origin":[8.0,8.0,8.0],"axis":"y","angle":22.5},"faces":{"north":{"texture":"#7","uv":[0.0,0.0,3.0,1.0]},"east":{"texture":"#7","uv":[0.0,0.0,3.0,1.0]},"south":{"texture":"#7","uv":[0.0,0.0,3.0,1.0]},"west":{"texture":"#7","uv":[0.0,0.0,3.0,1.0]},"up":{"texture":"#7","uv":[0.0,0.0,3.0,3.0]},"down":{"texture":"#7","uv":[0.0,0.0,3.0,3.0]}}},{"name":"Cube","from":[9.299999974668026,24.999999985098839,10.200000017881393],"to":[12.299999974668026,25.999999985098839,13.200000017881393],"rotation":{"origin":[8.0,8.0,8.0],"axis":"y","angle":22.5},"faces":{"north":{"texture":"#7","uv":[0.0,0.0,3.0,1.0]},"east":{"texture":"#7","uv":[0.0,0.0,3.0,1.0]},"south":{"texture":"#7","uv":[0.0,0.0,3.0,1.0]},"west":{"texture":"#7","uv":[0.0,0.0,3.0,1.0]},"up":{"texture":"#7","uv":[0.0,0.0,3.0,3.0]},"down":{"texture":"#7","uv":[0.0,0.0,3.0,3.0]}}},{"name":"Cube","from":[9.7999999821186066,25.999999985098839,10.700000025331974],"to":[11.799999982118607,26.599999979138374,12.700000025331974],"rotation":{"origin":[8.0,8.0,8.0],"axis":"y","angle":22.5},"faces":{"north":{"texture":"#7","uv":[0.0,0.0,2.0,0.59999999403953552]},"east":{"texture":"#7","uv":[0.0,0.0,2.0,0.59999999403953552]},"south":{"texture":"#7","uv":[0.0,0.0,2.0,0.59999999403953552]},"west":{"texture":"#7","uv":[0.0,0.0,2.0,0.59999999403953552]},"up":{"texture":"#7","uv":[0.0,0.0,2.0,2.0]},"down":{"texture":"#7","uv":[0.0,0.0,2.0,2.0]}}},{"name":"Cube","from":[10.299999989569187,26.599999979138374,11.200000032782555],"to":[11.299999989569187,27.19999997317791,12.200000032782555],"rotation":{"origin":[8.0,8.0,8.0],"axis":"y","angle":22.5},"faces":{"north":{"texture":"#7","uv":[0.0,0.0,1.0,0.59999999403953552]},"east":{"texture":"#7","uv":[0.0,0.0,1.0,0.59999999403953552]},"south":{"texture":"#7","uv":[0.0,0.0,1.0,0.59999999403953552]},"west":{"texture":"#7","uv":[0.0,0.0,1.0,0.59999999403953552]},"up":{"texture":"#7","uv":[0.0,0.0,1.0,1.0]},"down":{"texture":"#7","uv":[0.0,0.0,1.0,1.0]}}},{"name":"Cube","from":[9.4999999776482582,19.999999985098839,10.400000020861626],"to":[12.099999971687794,24.999999985098839,13.000000014901161],"rotation":{"origin":[8.0,8.0,8.0],"axis":"y","angle":22.5},"faces":{"north":{"texture":"#8","uv":[0.0,0.0,2.5999999940395355,5.0]},"east":{"texture":"#8","uv":[0.0,0.0,2.5999999940395355,5.0]},"south":{"texture":"#8","uv":[0.0,0.0,2.5999999940395355,5.0]},"west":{"texture":"#8","uv":[0.0,0.0,2.5999999940395355,5.0]},"up":{"texture":"#8","uv":[0.0,0.0,2.5999999940395355,2.5999999940395355]},"down":{"texture":"#8","uv":[0.0,0.0,2.5999999940395355,2.5999999940395355]}}},{"name":"Cube","from":[1.9000000134110451,3.2999999895691872,4.4000000059604645],"to":[2.0000000149011612,10.299999989569187,11.400000005960465],"faces":{"north":{"texture":"#9","uv":[0.0,0.0,0.10000000149011612,7.0]},"east":{"texture":"#9","uv":[0.0,0.0,7.0,7.0]},"south":{"texture":"#9","uv":[0.0,0.0,0.10000000149011612,7.0]},"west":{"texture":"#9","uv":[0.0,0.0,16.0,16.0]},"up":{"texture":"#9","uv":[0.0,0.0,0.10000000149011612,7.0]},"down":{"texture":"#9","uv":[0.0,0.0,0.10000000149011612,7.0]}}}],"display":{"head":{"rotation":[0,270,0],"translation":[0,13,0],"scale":[1.2,1.2,1.2]},"gui":{"rotation":[9,21,0],"translation":[0,-2.8,0],"scale":[0.57,0.57,0.57]}},"credit":"Model by Craftventure"}