{"textures":{"0":"block/red_terracotta","1":"block/blue_concrete","2":"block/quartz_block_top"},"elements":[{"name":"Element","from":[-1,0,-2],"to":[17,2,16],"faces":{"north":{"uv":[0,0,9,2],"texture":"#0"},"east":{"uv":[0,0,9,2],"texture":"#0"},"south":{"uv":[0,0,9,2],"texture":"#0"},"west":{"uv":[0,0,9,2],"texture":"#0"},"up":{"uv":[0,2,9,11],"texture":"#0"},"down":{"uv":[0,2,9,11],"texture":"#0"}},"type":"cube"},{"name":"Cube","from":[1.7999999970197678,2,0.79999999701976776],"to":[14.200000002980232,5,13.200000002980232],"faces":{"north":{"uv":[0,0,12,2],"texture":"#1"},"east":{"uv":[0,0,12,2],"texture":"#1"},"south":{"uv":[0,0,12,2],"texture":"#1"},"west":{"uv":[0,0,12,2],"texture":"#1"},"up":{"uv":[0,0,12,12],"texture":"#1"},"down":{"uv":[0,0,12,12],"texture":"#1"}},"type":"cube"},{"name":"Cube","from":[2,4.9999999850988388,1],"to":[14,7.4999999776482582,13],"faces":{"north":{"uv":[0,0,12,2.4999999925494194],"texture":"#0"},"east":{"uv":[0,0,12,2.4999999925494194],"texture":"#0"},"south":{"uv":[0,0,12,2.4999999925494194],"texture":"#0"},"west":{"uv":[0,0,12,2.4999999925494194],"texture":"#0"},"up":{"uv":[0,0,12,12],"texture":"#0"},"down":{"uv":[0,0,12,12],"texture":"#0"}},"type":"cube"},{"name":"Cube","from":[1.4999999925494194,7.4999999925494194,0.4999999925494194],"to":[14.499999992549419,10.999999985098839,13.499999992549419],"faces":{"north":{"uv":[0,0,13,3.4999999925494194],"texture":"#0"},"east":{"uv":[0,0,13,3.4999999925494194],"texture":"#0"},"south":{"uv":[0,0,13,3.4999999925494194],"texture":"#0"},"west":{"uv":[0,0,13,3.4999999925494194],"texture":"#0"},"up":{"uv":[0,0,13,13],"texture":"#0"},"down":{"uv":[0,0,13,13],"texture":"#0"}},"type":"cube"},{"name":"Cube","from":[0.99999998509883881,10.999999985098839,-1.4901161193847656E-08],"to":[14.999999985098839,14.499999977648258,13.999999985098839],"faces":{"north":{"uv":[0,0,14,3.4999999925494194],"texture":"#0"},"east":{"uv":[0,0,14,3.4999999925494194],"texture":"#0"},"south":{"uv":[0,0,14,3.4999999925494194],"texture":"#0"},"west":{"uv":[0,0,14,3.4999999925494194],"texture":"#0"},"up":{"uv":[0,0,14,14],"texture":"#0"},"down":{"uv":[0,0,14,14],"texture":"#0"}},"type":"cube"},{"name":"Cube","from":[0.49999997764825821,14.500000007450581,-0.50000002235174179],"to":[15.499999977648258,18,14.499999977648258],"faces":{"north":{"uv":[0,0,15,3.4999999925494194],"texture":"#0"},"east":{"uv":[0,0,15,3.4999999925494194],"texture":"#0"},"south":{"uv":[0,0,15,3.4999999925494194],"texture":"#0"},"west":{"uv":[0,0,15,3.4999999925494194],"texture":"#0"},"up":{"uv":[0,0,15,15],"texture":"#0"},"down":{"uv":[0,0,15,15],"texture":"#0"}},"type":"cube"},{"name":"Cube","from":[0.99999998509883881,17.999999985098839,-1.4901161193847656E-08],"to":[14.999999985098839,18.599999949336052,0.79999996721744537],"faces":{"north":{"uv":[0,0,14,0.39999997615814209],"texture":"#0"},"east":{"uv":[0,0,14,0.39999997615814209],"texture":"#0"},"south":{"uv":[0,0,14,0.39999997615814209],"texture":"#0"},"west":{"uv":[0,0,14,0.39999997615814209],"texture":"#0"},"up":{"uv":[0,0,14,14],"texture":"#0"},"down":{"uv":[0,0,14,14],"texture":"#0"}},"type":"cube"},{"name":"Cube","from":[3.7999999970197678,5.0000000149011612,0.79999999701976776],"to":[6.2000000029802322,7.5000000074505806,13.200000002980232],"faces":{"north":{"uv":[0,0,12,2],"texture":"#2"},"east":{"uv":[0,0,12,2],"texture":"#2"},"south":{"uv":[0,0,12,2],"texture":"#2"},"west":{"uv":[0,0,12,2],"texture":"#2"},"up":{"uv":[0,0,12,12],"texture":"#2"},"down":{"uv":[0,0,12,12],"texture":"#2"}},"type":"cube"},{"name":"Cube","from":[9.7999999970197678,5.0000000149011612,0.79999999701976776],"to":[12.200000002980232,7.5000000074505806,13.200000002980232],"faces":{"north":{"uv":[0,0,12,2],"texture":"#2"},"east":{"uv":[0,0,12,2],"texture":"#2"},"south":{"uv":[0,0,12,2],"texture":"#2"},"west":{"uv":[0,0,12,2],"texture":"#2"},"up":{"uv":[0,0,12,12],"texture":"#2"},"down":{"uv":[0,0,12,12],"texture":"#2"}},"type":"cube"},{"name":"Cube","from":[9.7999999970197678,7.3000000193715096,0.29999998956918716],"to":[12.200000002980232,11.100000031292439,13.699999995529652],"faces":{"north":{"uv":[0,0,12,2],"texture":"#2"},"east":{"uv":[0,0,12,2],"texture":"#2"},"south":{"uv":[0,0,12,2],"texture":"#2"},"west":{"uv":[0,0,12,2],"texture":"#2"},"up":{"uv":[0,0,12,12],"texture":"#2"},"down":{"uv":[0,0,12,12],"texture":"#2"}},"type":"cube"},{"name":"Cube","from":[9.7999999970197678,10.800000041723251,-0.20000001788139343],"to":[12.200000002980232,14.500000052154064,14.299999989569187],"faces":{"north":{"uv":[0,0,12,2],"texture":"#2"},"east":{"uv":[0,0,12,2],"texture":"#2"},"south":{"uv":[0,0,12,2],"texture":"#2"},"west":{"uv":[0,0,12,2],"texture":"#2"},"up":{"uv":[0,0,12,12],"texture":"#2"},"down":{"uv":[0,0,12,12],"texture":"#2"}},"type":"cube"},{"name":"Cube","from":[9.7999999970197678,14.300000034272671,-0.700000025331974],"to":[12.200000002980232,17.950000034272669,14.799999982118607],"faces":{"north":{"uv":[0,0,12,2],"texture":"#2"},"east":{"uv":[0,0,12,2],"texture":"#2"},"south":{"uv":[0,0,12,2],"texture":"#2"},"west":{"uv":[0,0,12,2],"texture":"#2"},"up":{"uv":[0,0,12,12],"texture":"#2"},"down":{"uv":[0,0,12,12],"texture":"#2"}},"type":"cube"},{"name":"Cube","from":[3.7999999970197678,7.3000000193715096,0.29999998956918716],"to":[6.2000000029802322,11.100000031292439,13.699999995529652],"faces":{"north":{"uv":[0,0,12,2],"texture":"#2"},"east":{"uv":[0,0,12,2],"texture":"#2"},"south":{"uv":[0,0,12,2],"texture":"#2"},"west":{"uv":[0,0,12,2],"texture":"#2"},"up":{"uv":[0,0,12,12],"texture":"#2"},"down":{"uv":[0,0,12,12],"texture":"#2"}},"type":"cube"},{"name":"Cube","from":[3.7999999970197678,10.800000041723251,-0.20000001788139343],"to":[6.2000000029802322,14.500000052154064,14.299999989569187],"faces":{"north":{"uv":[0,0,12,2],"texture":"#2"},"east":{"uv":[0,0,12,2],"texture":"#2"},"south":{"uv":[0,0,12,2],"texture":"#2"},"west":{"uv":[0,0,12,2],"texture":"#2"},"up":{"uv":[0,0,12,12],"texture":"#2"},"down":{"uv":[0,0,12,12],"texture":"#2"}},"type":"cube"},{"name":"Cube","from":[3.7999999970197678,14.300000034272671,-0.700000025331974],"to":[6.2000000029802322,17.950000034272669,14.799999982118607],"faces":{"north":{"uv":[0,0,12,2],"texture":"#2"},"east":{"uv":[0,0,12,2],"texture":"#2"},"south":{"uv":[0,0,12,2],"texture":"#2"},"west":{"uv":[0,0,12,2],"texture":"#2"},"up":{"uv":[0,0,12,12],"texture":"#2"},"down":{"uv":[0,0,12,12],"texture":"#2"}},"type":"cube"},{"name":"Cube","from":[1.7999999821186066,5.0000000149011612,2.7999999970197678],"to":[14.199999988079071,7.5000000074505806,5.2000000029802322],"faces":{"north":{"uv":[0,0,12,2],"texture":"#2"},"east":{"uv":[0,0,12,2],"texture":"#2"},"south":{"uv":[0,0,12,2],"texture":"#2"},"west":{"uv":[0,0,12,2],"texture":"#2"},"up":{"uv":[0,0,12,12],"texture":"#2"},"down":{"uv":[0,0,12,12],"texture":"#2"}},"type":"cube"},{"name":"Cube","from":[1.7999999821186066,5.0000000149011612,8.5999999940395355],"to":[14.199999988079071,7.5000000074505806,11],"faces":{"north":{"uv":[0,0,12,2],"texture":"#2"},"east":{"uv":[0,0,12,2],"texture":"#2"},"south":{"uv":[0,0,12,2],"texture":"#2"},"west":{"uv":[0,0,12,2],"texture":"#2"},"up":{"uv":[0,0,12,12],"texture":"#2"},"down":{"uv":[0,0,12,12],"texture":"#2"}},"type":"cube"},{"name":"Cube","from":[1.299999974668026,7.4000000059604645,8.5999999940395355],"to":[14.69999998062849,11,11],"faces":{"north":{"uv":[0,0,12,2],"texture":"#2"},"east":{"uv":[0,0,12,2],"texture":"#2"},"south":{"uv":[0,0,12,2],"texture":"#2"},"west":{"uv":[0,0,12,2],"texture":"#2"},"up":{"uv":[0,0,12,12],"texture":"#2"},"down":{"uv":[0,0,12,12],"texture":"#2"}},"type":"cube"},{"name":"Cube","from":[0.79999996721744537,10.800000011920929,8.5999999940395355],"to":[15.19999997317791,14.400000005960465,11],"faces":{"north":{"uv":[0,0,12,2],"texture":"#2"},"east":{"uv":[0,0,12,2],"texture":"#2"},"south":{"uv":[0,0,12,2],"texture":"#2"},"west":{"uv":[0,0,12,2],"texture":"#2"},"up":{"uv":[0,0,12,12],"texture":"#2"},"down":{"uv":[0,0,12,12],"texture":"#2"}},"type":"cube"},{"name":"Cube","from":[0.29999995976686478,14.300000004470348,8.5999999940395355],"to":[15.699999965727329,17.899999998509884,11],"faces":{"north":{"uv":[0,0,12,2],"texture":"#2"},"east":{"uv":[0,0,12,2],"texture":"#2"},"south":{"uv":[0,0,12,2],"texture":"#2"},"west":{"uv":[0,0,12,2],"texture":"#2"},"up":{"uv":[0,0,12,12],"texture":"#2"},"down":{"uv":[0,0,12,12],"texture":"#2"}},"type":"cube"},{"name":"Cube","from":[1.299999974668026,7.4000000059604645,2.7999999970197678],"to":[14.69999998062849,11,5.2000000029802322],"faces":{"north":{"uv":[0,0,12,2],"texture":"#2"},"east":{"uv":[0,0,12,2],"texture":"#2"},"south":{"uv":[0,0,12,2],"texture":"#2"},"west":{"uv":[0,0,12,2],"texture":"#2"},"up":{"uv":[0,0,12,12],"texture":"#2"},"down":{"uv":[0,0,12,12],"texture":"#2"}},"type":"cube"},{"name":"Cube","from":[0.79999996721744537,10.800000011920929,2.7999999970197678],"to":[15.19999997317791,14.400000005960465,5.2000000029802322],"faces":{"north":{"uv":[0,0,12,2],"texture":"#2"},"east":{"uv":[0,0,12,2],"texture":"#2"},"south":{"uv":[0,0,12,2],"texture":"#2"},"west":{"uv":[0,0,12,2],"texture":"#2"},"up":{"uv":[0,0,12,12],"texture":"#2"},"down":{"uv":[0,0,12,12],"texture":"#2"}},"type":"cube"},{"name":"Cube","from":[0.29999995976686478,14.300000004470348,2.7999999970197678],"to":[15.699999965727329,17.899999998509884,5.2000000029802322],"faces":{"north":{"uv":[0,0,12,2],"texture":"#2"},"east":{"uv":[0,0,12,2],"texture":"#2"},"south":{"uv":[0,0,12,2],"texture":"#2"},"west":{"uv":[0,0,12,2],"texture":"#2"},"up":{"uv":[0,0,12,12],"texture":"#2"},"down":{"uv":[0,0,12,12],"texture":"#2"}},"type":"cube"},{"name":"Cube","from":[1.0999999865889549,18.399999961256981,0.59999999403953552],"to":[14.199999988079071,18.499999932944775,13.399999991059303],"faces":{"north":{"uv":[0,0,13.699999995529652,0.099999971687793732],"texture":"#0"},"east":{"uv":[0,0,13.699999995529652,0.099999971687793732],"texture":"#0"},"south":{"uv":[0,0,13.699999995529652,0.099999971687793732],"texture":"#0"},"west":{"uv":[0,0,13.699999995529652,0.099999971687793732],"texture":"#0"},"up":{"uv":[0,0,13.699999995529652,13.699999995529652],"texture":"#0"},"down":{"uv":[0,0,13.699999995529652,13.699999995529652],"texture":"#0"}},"type":"cube"},{"name":"Cube","from":[0.99999998509883881,17.999999985098839,13.199999988079071],"to":[14.999999985098839,18.599999949336052,13.999999970197678],"faces":{"north":{"uv":[0,0,14,0.39999997615814209],"texture":"#0"},"east":{"uv":[0,0,14,0.39999997615814209],"texture":"#0"},"south":{"uv":[0,0,14,0.39999997615814209],"texture":"#0"},"west":{"uv":[0,0,14,0.39999997615814209],"texture":"#0"},"up":{"uv":[0,0,14,14],"texture":"#0"},"down":{"uv":[0,0,14,14],"texture":"#0"}},"type":"cube"},{"name":"Cube","from":[14.199999988079071,17.999999970197678,0.79999999701976776],"to":[14.999999985098839,18.599999934434891,13.199999958276749],"faces":{"north":{"uv":[0,0,14,0.39999997615814209],"texture":"#0"},"east":{"uv":[0,0,14,0.39999997615814209],"texture":"#0"},"south":{"uv":[0,0,14,0.39999997615814209],"texture":"#0"},"west":{"uv":[0,0,14,0.39999997615814209],"texture":"#0"},"up":{"uv":[0,0,14,14],"texture":"#0"},"down":{"uv":[0,0,14,14],"texture":"#0"}},"type":"cube"},{"name":"Cube","from":[0.99999998509883881,17.999999970197678,0.79999999701976776],"to":[1.7999999821186066,18.599999934434891,13.199999958276749],"faces":{"north":{"uv":[0,0,14,0.39999997615814209],"texture":"#0"},"east":{"uv":[0,0,14,0.39999997615814209],"texture":"#0"},"south":{"uv":[0,0,14,0.39999997615814209],"texture":"#0"},"west":{"uv":[0,0,14,0.39999997615814209],"texture":"#0"},"up":{"uv":[0,0,14,14],"texture":"#0"},"down":{"uv":[0,0,14,14],"texture":"#0"}},"type":"cube"}],"display":{"head":{"rotation":[0,180,0],"translation":[0,12,-1.5],"scale":[1.23,1.23,1.23]},"gui":{"rotation":[10,32,0],"translation":[0.5,-1,0],"scale":[0.575,0.575,0.575]}},"credit":"Model by Craftventure"}