{"textures":{"0":"block/red_terracotta","1":"block/brown_terracotta"},"elements":[{"from":[5,0,5],"to":[11,1.5,11],"faces":{"down":{"uv":[0,0,6,6],"texture":"#0"},"up":{"uv":[0,0,6,6],"texture":"#0"},"north":{"uv":[0,0,6,1.5],"texture":"#0"},"south":{"uv":[0,0,6,1.5],"texture":"#0"},"west":{"uv":[0,0,6,1.5],"texture":"#0"},"east":{"uv":[0,0,6,1.5],"texture":"#0"}}},{"from":[6,1.5,6],"to":[10,2.5,10],"faces":{"down":{"uv":[0,0,4,4],"texture":"#0"},"up":{"uv":[0,0,4,4],"texture":"#0"},"north":{"uv":[0,0,4,1],"texture":"#0"},"south":{"uv":[0,0,4,1],"texture":"#0"},"west":{"uv":[0,0,4,1],"texture":"#0"},"east":{"uv":[0,0,4,1],"texture":"#0"}}},{"from":[7.5,2,7.5],"to":[8.5,11,8.5],"faces":{"down":{"uv":[0,0,1,1],"texture":"#1"},"up":{"uv":[0,0,1,1],"texture":"#1"},"north":{"uv":[0,0,1,9],"texture":"#1"},"south":{"uv":[0,0,1,9],"texture":"#1"},"west":{"uv":[0,0,1,9],"texture":"#1"},"east":{"uv":[0,0,1,9],"texture":"#1"}}}],"display":{"head":{"rotation":[0,180,0],"translation":[0,15.87,0],"scale":[1.2,1.2,1.2]}},"credit":"Model by Craftventure"}