{"textures":{"0":"block/black_terracotta","1":"block/black_wool","2":"block/hay_block_top","3":"block/brown_wool"},"elements":[{"name":"Cube","from":[-0.1,0.05,-0.1],"to":[16.099999999999998,1.05,16.099999999999998],"faces":{"north":{"texture":"#0","uv":[0.0,0.0,13.2,2.0]},"east":{"texture":"#0","uv":[0.0,0.0,15.2,1.0]},"south":{"texture":"#0","uv":[0.0,0.0,15.2,1.0]},"west":{"texture":"#0","uv":[0.0,0.0,15.2,1.0]},"up":{"texture":"#0","uv":[0.0,0.0,15.2,15.2]},"down":{"texture":"#0","uv":[0.0,0.0,15.2,15.2]}}},{"name":"Cube","from":[-0.1,6.0,-0.1],"to":[16.099999999999998,7.0,16.099999999999998],"faces":{"north":{"texture":"#0","uv":[0.0,0.0,15.2,1.0]},"east":{"texture":"#0","uv":[0.0,0.0,15.2,1.0]},"south":{"texture":"#0","uv":[0.0,0.0,15.2,1.0]},"west":{"texture":"#0","uv":[0.0,0.0,15.2,1.0]},"up":{"texture":"#0","uv":[0.0,0.0,15.2,15.2]},"down":{"texture":"#0","uv":[0.0,0.0,15.2,15.2]}}},{"name":"Cube","from":[0.1,1.0,0.0],"to":[15.9,6.0,15.8],"faces":{"north":{"texture":"#1","uv":[0.0,0.0,15.8,5.0]},"east":{"texture":"#1","uv":[0.0,0.0,15.8,5.0]},"south":{"texture":"#1","uv":[0.0,0.0,15.8,5.0]},"west":{"texture":"#1","uv":[0.0,0.0,15.8,5.0]},"up":{"texture":"#1","uv":[0.0,0.0,15.8,15.8]},"down":{"texture":"#1","uv":[0.0,0.0,15.8,15.8]}}},{"name":"Cube","from":[6.0,2.0,15.0],"to":[10.0,4.5,16.0],"faces":{"north":{"texture":"#2","uv":[0.0,0.0,4.0,2.5]},"east":{"texture":"#2","uv":[0.0,0.0,1.0,2.5]},"south":{"texture":"#2","uv":[0.0,0.0,4.0,2.5]},"west":{"texture":"#2","uv":[0.0,0.0,1.0,2.5]},"up":{"texture":"#2","uv":[0.0,0.0,4.0,1.0]},"down":{"texture":"#2","uv":[0.0,0.0,4.0,1.0]}}},{"name":"Cube","from":[7.25,1.0,15.0],"to":[8.75,2.0,16.0],"faces":{"north":{"texture":"#2","uv":[0.0,0.0,1.5,1.0]},"east":{"texture":"#2","uv":[0.0,0.0,1.0,1.0]},"south":{"texture":"#2","uv":[0.0,0.0,1.5,1.0]},"west":{"texture":"#2","uv":[0.0,0.0,1.0,1.0]},"up":{"texture":"#2","uv":[0.0,0.0,1.5,1.0]},"down":{"texture":"#2","uv":[0.0,0.0,1.5,1.0]}}},{"name":"Cube","from":[5.0,4.3,-5.0],"to":[11.0,9.3,0.0],"rotation":{"origin":[8.0,8.0,8.0],"axis":"x","angle":-22.5},"faces":{"north":{"texture":"#3","uv":[0.0,0.0,6.0,5.0]},"east":{"texture":"#3","uv":[0.0,0.0,5.0,5.0]},"south":{"texture":"#3","uv":[0.0,0.0,6.0,5.0]},"west":{"texture":"#3","uv":[0.0,0.0,5.0,5.0]},"up":{"texture":"#3","uv":[0.0,0.0,6.0,5.0]},"down":{"texture":"#3","uv":[0.0,0.0,6.0,5.0]}}},{"name":"Cube","from":[5.0,4.3,-6.0],"to":[11.0,9.3,-5.0],"rotation":{"origin":[8.0,8.0,8.0],"axis":"x","angle":-22.5},"faces":{"north":{"texture":"#0","uv":[0.0,0.0,6.0,5.0]},"east":{"texture":"#0","uv":[0.0,0.0,1.0,5.0]},"south":{"texture":"#0","uv":[0.0,0.0,6.0,5.0]},"west":{"texture":"#0","uv":[0.0,0.0,1.0,5.0]},"up":{"texture":"#0","uv":[0.0,0.0,6.0,1.0]},"down":{"texture":"#0","uv":[0.0,0.0,6.0,1.0]}}},{"name":"Cube","from":[5.6,10.5,-9.0],"to":[10.1,14.0,-4.0],"rotation":{"origin":[8.0,8.0,8.0],"axis":"x","angle":-45.0},"faces":{"north":{"texture":"#3","uv":[0.0,0.0,4.5,3.5]},"east":{"texture":"#3","uv":[0.0,0.0,5.0,3.5]},"south":{"texture":"#3","uv":[0.0,0.0,4.5,3.5]},"west":{"texture":"#3","uv":[0.0,0.0,5.0,3.5]},"up":{"texture":"#3","uv":[0.0,0.0,4.5,5.0]},"down":{"texture":"#3","uv":[0.0,0.0,4.5,5.0]}}},{"name":"Cube","from":[5.6,10.5,-10.0],"to":[10.1,14.0,-9.0],"rotation":{"origin":[8.0,8.0,8.0],"axis":"x","angle":-45.0},"faces":{"north":{"texture":"#0","uv":[0.0,0.0,4.5,3.5]},"east":{"texture":"#0","uv":[0.0,0.0,1.0,3.5]},"south":{"texture":"#0","uv":[0.0,0.0,4.5,3.5]},"west":{"texture":"#0","uv":[0.0,0.0,1.0,3.5]},"up":{"texture":"#0","uv":[0.0,0.0,4.5,1.0]},"down":{"texture":"#0","uv":[0.0,0.0,4.5,1.0]}}},{"name":"Cube","from":[-0.1,1.0,-0.1],"to":[0.9,6.0,0.9],"faces":{"north":{"texture":"#0","uv":[0.0,0.0,1.0,5.0]},"east":{"texture":"#0","uv":[0.0,0.0,1.0,5.0]},"south":{"texture":"#0","uv":[0.0,0.0,1.0,5.0]},"west":{"texture":"#0","uv":[0.0,0.0,1.0,5.0]},"up":{"texture":"#0","uv":[0.0,0.0,1.0,1.0]},"down":{"texture":"#0","uv":[0.0,0.0,1.0,1.0]}}},{"name":"Cube","from":[-0.1,1.0,15.1],"to":[0.9,6.0,16.1],"faces":{"north":{"texture":"#0","uv":[0.0,0.0,1.0,5.0]},"east":{"texture":"#0","uv":[0.0,0.0,1.0,5.0]},"south":{"texture":"#0","uv":[0.0,0.0,1.0,5.0]},"west":{"texture":"#0","uv":[0.0,0.0,1.0,5.0]},"up":{"texture":"#0","uv":[0.0,0.0,1.0,1.0]},"down":{"texture":"#0","uv":[0.0,0.0,1.0,1.0]}}},{"name":"Cube","from":[15.1,1.0,15.1],"to":[16.1,6.0,16.1],"faces":{"north":{"texture":"#0","uv":[0.0,0.0,1.0,5.0]},"east":{"texture":"#0","uv":[0.0,0.0,1.0,5.0]},"south":{"texture":"#0","uv":[0.0,0.0,1.0,5.0]},"west":{"texture":"#0","uv":[0.0,0.0,1.0,5.0]},"up":{"texture":"#0","uv":[0.0,0.0,1.0,1.0]},"down":{"texture":"#0","uv":[0.0,0.0,1.0,1.0]}}},{"name":"Cube","from":[15.100000000000001,1.0,-0.1],"to":[16.1,6.0,0.9],"faces":{"north":{"texture":"#0","uv":[0.0,0.0,1.0,5.0]},"east":{"texture":"#0","uv":[0.0,0.0,1.0,5.0]},"south":{"texture":"#0","uv":[0.0,0.0,1.0,5.0]},"west":{"texture":"#0","uv":[0.0,0.0,1.0,5.0]},"up":{"texture":"#0","uv":[0.0,0.0,1.0,1.0]},"down":{"texture":"#0","uv":[0.0,0.0,1.0,1.0]}}},{"name":"Cube","from":[6.25,-9.0,-4.0],"to":[9.25,-6.5,-1.5],"rotation":{"origin":[8.0,8.0,8.0],"axis":"x","angle":22.5},"faces":{"north":{"texture":"#3","uv":[0.0,0.0,3.0,2.5]},"east":{"texture":"#3","uv":[0.0,0.0,2.5,2.5]},"south":{"texture":"#3","uv":[0.0,0.0,3.0,2.5]},"west":{"texture":"#3","uv":[0.0,0.0,2.5,2.5]},"up":{"texture":"#3","uv":[0.0,0.0,3.0,2.5]},"down":{"texture":"#3","uv":[0.0,0.0,3.0,2.5]}}},{"name":"Cube","from":[6.25,-10.0,-4.0],"to":[9.25,-9.0,-1.5],"rotation":{"origin":[8.0,8.0,8.0],"axis":"x","angle":22.5},"faces":{"north":{"texture":"#0","uv":[0.0,0.0,3.0,1.0]},"east":{"texture":"#0","uv":[0.0,0.0,2.5,1.0]},"south":{"texture":"#0","uv":[0.0,0.0,3.0,1.0]},"west":{"texture":"#0","uv":[0.0,0.0,2.5,1.0]},"up":{"texture":"#0","uv":[0.0,0.0,3.0,2.5]},"down":{"texture":"#0","uv":[0.0,0.0,3.0,2.5]}}}],"display":{"head":{"rotation":[0,180,0],"translation":[0,10.96,0],"scale":[1,1,1]},"gui":{"rotation":[0,-9,0],"translation":[-0.57,3.21,-0.57],"scale":[0.66,0.69,0.63]}},"credit":"Model by Craftventure"}