{"textures":{"0":"block/robbie","particle":"block/robbie"},"elements":[{"from":[0,0,0],"to":[16,16,16],"faces":{"north":{"uv":[4,4,7.999,7.999],"texture":"#0"},"east":{"uv":[8.5,1.5,11.498,4],"texture":"#0"},"south":{"uv":[12,4,15.998,7.999],"texture":"#0"},"west":{"uv":[8.499,1.5,11.496,4],"texture":"#0"},"up":{"uv":[4,0,7.999,3.999],"rotation":180,"texture":"#0"},"down":{"uv":[8,1,11.999,3.998],"texture":"#0"}}},{"from":[5,-1,-1],"to":[11,1.5,3],"rotation":{"angle":-45,"axis":"x","origin":[8.00131,0.26224,0.23647]},"faces":{"north":{"uv":[4,7,4.998,7.998],"texture":"#0"},"east":{"uv":[9,3,9.999,3.999],"rotation":270,"texture":"#0"},"south":{"uv":[9,3,9.999,3.999],"texture":"#0"},"west":{"uv":[9,3,9.999,3.999],"rotation":90,"texture":"#0"},"up":{"uv":[9,3,9.999,3.999],"texture":"#0"},"down":{"uv":[9,3,9.999,3.999],"texture":"#0"}}},{"from":[5.00213,-0.83722,-0.38338],"to":[11.00213,1.66278,5.24162],"rotation":{"angle":-22.5,"axis":"x","origin":[8.00211,0.43059,1.61665]},"faces":{"north":{"uv":[4,7,4.998,7.998],"texture":"#0"},"east":{"uv":[9,3,9.999,3.999],"rotation":270,"texture":"#0"},"south":{"uv":[9,3,9.999,3.999],"texture":"#0"},"west":{"uv":[9,3,9.999,3.999],"rotation":90,"texture":"#0"},"up":{"uv":[9,3,9.999,3.999],"texture":"#0"},"down":{"uv":[9,3,9.999,3.999],"texture":"#0"}}},{"from":[5.0074,9.53593,1.77037],"to":[11.0074,10.53593,3.77037],"rotation":{"angle":45,"axis":"x","origin":[13.0074,17.53593,6.77037]},"faces":{"north":{"uv":[5.5,11,6,11.5],"texture":"#0"},"east":{"uv":[5.5,11,6,11.5],"texture":"#0"},"south":{"uv":[5.5,11,6,11.5],"texture":"#0"},"west":{"uv":[5.5,11,6,11.5],"texture":"#0"},"up":{"uv":[5.5,11,6,11.5],"texture":"#0"},"down":{"uv":[5.5,11,6,11.5],"texture":"#0"}}},{"from":[5.01336,12.40838,4.64931],"to":[11.01336,13.40838,6.64931],"rotation":{"angle":45,"axis":"x","origin":[13.01336,18.40838,9.64931]},"faces":{"north":{"uv":[5.5,11,6,11.5],"texture":"#0"},"east":{"uv":[5.5,11,6,11.5],"texture":"#0"},"south":{"uv":[5.5,11,6,11.5],"texture":"#0"},"west":{"uv":[5.5,11,6,11.5],"texture":"#0"},"up":{"uv":[5.5,11,6,11.5],"texture":"#0"},"down":{"uv":[5.5,11,6,11.5],"texture":"#0"}}},{"from":[5,14,-1],"to":[11,17,4],"rotation":{"angle":0,"axis":"y","origin":[7.97557,15.51132,1.51313]},"faces":{"north":{"uv":[5,11,7,12.999],"texture":"#0"},"east":{"uv":[5,11,7,11.999],"texture":"#0"},"south":{"uv":[5,11,7,12.999],"texture":"#0"},"west":{"uv":[5,11,7,12.999],"texture":"#0"},"up":{"uv":[5,11,7,12.999],"texture":"#0"},"down":{"uv":[5,11,7,12.999],"texture":"#0"}}},{"from":[5.00987,15.4134,-2.42328],"to":[11.00987,18.4134,2.57672],"rotation":{"angle":0,"axis":"y","origin":[7.98544,16.92472,0.08986]},"faces":{"north":{"uv":[5,11,7,11.999],"texture":"#0"},"east":{"uv":[5.5,11,6,11.5],"texture":"#0"},"south":{"uv":[5,11,7,11.999],"texture":"#0"},"west":{"uv":[5.5,11,6,11.5],"texture":"#0"},"up":{"uv":[5,11,7,11.999],"texture":"#0"},"down":{"uv":[5,11,7,11.999],"texture":"#0"}}},{"from":[-0.5,12,0],"to":[0,16,2],"rotation":{"angle":0,"axis":"y","origin":[7.75,14,0]},"faces":{"north":{"uv":[8,4,8.499,5],"texture":"#0"},"east":{"uv":[8,4,8.499,5],"texture":"#0"},"south":{"uv":[8,4,8.499,5],"texture":"#0"},"west":{"uv":[8,4,8.499,5],"texture":"#0"},"up":{"uv":[8,4,8.499,5],"texture":"#0"},"down":{"uv":[8,4,8.499,5],"texture":"#0"}}},{"from":[-0.5,8,2],"to":[0,16,8],"rotation":{"angle":0,"axis":"y","origin":[7.75,8,2]},"faces":{"north":{"uv":[10,4,10.5,7.999],"texture":"#0"},"east":{"uv":[10,4,11.999,7.999],"texture":"#0"},"south":{"uv":[10,4,11.999,7.999],"texture":"#0"},"west":{"uv":[8.499,4,9.999,5.999],"texture":"#0"},"up":{"uv":[10,4,11.999,7.999],"texture":"#0"},"down":{"uv":[10,4,11.999,7.999],"texture":"#0"}}},{"from":[-0.5,4,2],"to":[0,8,4],"rotation":{"angle":0,"axis":"y","origin":[7.75,6,2]},"faces":{"north":{"uv":[8.499,6,8.999,6.5],"texture":"#0"},"east":{"uv":[8.499,6,8.999,6.5],"texture":"#0"},"south":{"uv":[8.499,6,8.999,6.5],"texture":"#0"},"west":{"uv":[8.499,5.5,8.999,6.5],"texture":"#0"},"up":{"uv":[8.499,6,8.999,6.5],"texture":"#0"},"down":{"uv":[8.499,6,8.999,6.5],"texture":"#0"}}},{"from":[-0.499,7.25,2.75],"to":[0.001,9.25,4.75],"rotation":{"angle":45,"axis":"x","origin":[-0.25696,8.24431,3.76264]},"faces":{"north":{"uv":[8.499,6,8.999,6.5],"texture":"#0"},"east":{"uv":[8.499,6,8.999,6.5],"texture":"#0"},"south":{"uv":[8.499,6,8.999,6.5],"texture":"#0"},"west":{"uv":[8.499,6,8.999,6.5],"texture":"#0"},"up":{"uv":[8.499,6,8.999,6.5],"texture":"#0"},"down":{"uv":[8.499,6,8.999,6.5],"texture":"#0"}}},{"from":[-0.499,7.25,7.25],"to":[0.001,9.25,9.25],"rotation":{"angle":-45,"axis":"x","origin":[-0.25696,8.24431,8.23736]},"faces":{"north":{"uv":[10.5,5.999,10,6.499],"texture":"#0"},"east":{"uv":[10.5,5.999,10,6.499],"texture":"#0"},"south":{"uv":[10.5,5.999,10,6.499],"texture":"#0"},"west":{"uv":[10.5,5.999,10,6.499],"texture":"#0"},"up":{"uv":[10.5,5.999,10,6.499],"texture":"#0"},"down":{"uv":[10.5,5.999,10,6.499],"texture":"#0"}}},{"from":[-0.5,0,8],"to":[0,16,16],"rotation":{"angle":0,"axis":"y","origin":[7.75,8,8]},"faces":{"north":{"uv":[10,4,10.5,7.999],"texture":"#0"},"east":{"uv":[10,4,11.999,7.999],"texture":"#0"},"south":{"uv":[12,4,12.499,7.999],"texture":"#0"},"west":{"uv":[10,4,11.999,7.999],"texture":"#0"},"up":{"uv":[10,4,11.999,7.999],"texture":"#0"},"down":{"uv":[10,4,11.999,7.999],"texture":"#0"}}},{"from":[16,12,0],"to":[16.5,16,2],"rotation":{"angle":0,"axis":"y","origin":[8.25,14,0]},"faces":{"north":{"uv":[8.499,4,8,5],"texture":"#0"},"east":{"uv":[8.499,4,8,5],"texture":"#0"},"south":{"uv":[8.499,4,8,5],"texture":"#0"},"west":{"uv":[8.499,4,8,5],"texture":"#0"},"up":{"uv":[8.499,4,8,5],"texture":"#0"},"down":{"uv":[8.499,4,8,5],"texture":"#0"}}},{"from":[16,8,2],"to":[16.5,16,8],"rotation":{"angle":0,"axis":"y","origin":[8.25,8,2]},"faces":{"north":{"uv":[10.5,4,10,7.999],"texture":"#0"},"east":{"uv":[9.999,4,8.499,5.999],"texture":"#0"},"south":{"uv":[11.999,4,10,7.999],"texture":"#0"},"west":{"uv":[11.999,4,10,7.999],"texture":"#0"},"up":{"uv":[11.999,4,10,7.999],"texture":"#0"},"down":{"uv":[11.999,4,10,7.999],"texture":"#0"}}},{"from":[16,4,2],"to":[16.5,8,4],"rotation":{"angle":0,"axis":"y","origin":[8.25,6,2]},"faces":{"north":{"uv":[8.999,6,8.499,6.5],"texture":"#0"},"east":{"uv":[8.999,5.5,8.499,6.5],"texture":"#0"},"south":{"uv":[8.999,6,8.499,6.5],"texture":"#0"},"west":{"uv":[8.999,6,8.499,6.5],"texture":"#0"},"up":{"uv":[8.999,6,8.499,6.5],"texture":"#0"},"down":{"uv":[8.999,6,8.499,6.5],"texture":"#0"}}},{"from":[15.999,7.25,2.75],"to":[16.499,9.25,4.75],"rotation":{"angle":45,"axis":"x","origin":[16.25696,8.24431,3.76264]},"faces":{"north":{"uv":[8.999,6,8.499,6.5],"texture":"#0"},"east":{"uv":[8.999,6,8.499,6.5],"texture":"#0"},"south":{"uv":[8.999,6,8.499,6.5],"texture":"#0"},"west":{"uv":[8.999,6,8.499,6.5],"texture":"#0"},"up":{"uv":[8.999,6,8.499,6.5],"texture":"#0"},"down":{"uv":[8.999,6,8.499,6.5],"texture":"#0"}}},{"from":[15.999,7.25,7.25],"to":[16.499,9.25,9.25],"rotation":{"angle":-45,"axis":"x","origin":[16.25696,8.24431,8.23736]},"faces":{"north":{"uv":[10,5.999,10.5,6.499],"texture":"#0"},"east":{"uv":[10,5.999,10.5,6.499],"texture":"#0"},"south":{"uv":[10,5.999,10.5,6.499],"texture":"#0"},"west":{"uv":[10,5.999,10.5,6.499],"texture":"#0"},"up":{"uv":[10,5.999,10.5,6.499],"texture":"#0"},"down":{"uv":[10,5.999,10.5,6.499],"texture":"#0"}}},{"from":[16,0,8],"to":[16.5,16,16],"rotation":{"angle":0,"axis":"y","origin":[8.25,8,8]},"faces":{"north":{"uv":[10.5,4,10,7.999],"texture":"#0"},"east":{"uv":[11.999,4,10,7.999],"texture":"#0"},"south":{"uv":[12.499,4,12,7.999],"texture":"#0"},"west":{"uv":[11.999,4,10,7.999],"texture":"#0"},"up":{"uv":[11.999,4,10,7.999],"texture":"#0"},"down":{"uv":[11.999,4,10,7.999],"texture":"#0"}}}],"display":{"gui":{"rotation":[24,138,0],"scale":[0.5,0.5,0.5]},"head":{"scale":[0.91,0.91,0.91]}},"groups":[0,1,2,3,4,5,6,{"name":"group","origin":[7.75,8,6],"children":[7,8,9,10,11,12]},{"name":"group","origin":[7.75,8,6],"children":[13,14,15,16,17,18]}],"credit":"Model by Craftventure"}