{"textures":{"0":"block/anvil","1":"block/cauldron_inner","2":"block/black_stained_glass","3":"block/cauldron_side","particle":"block/cauldron_inner"},"elements":[{"name":"Cube","from":[8.46003,5.75995,11.49033],"to":[9.86003,6.75995,12.49033],"rotation":{"angle":45,"axis":"y","origin":[11.26003,4.75995,8.29033]},"faces":{"north":{"uv":[8,7,9,8.4],"rotation":270,"texture":"#1"},"east":{"uv":[5.999,5.999,6.999,6.999],"rotation":90,"texture":"#1"},"south":{"uv":[8,7,9.4,8],"texture":"#1"},"west":{"uv":[5.999,5.999,6.999,6.999],"rotation":90,"texture":"#1"},"up":{"uv":[5.999,5,6.999,6.4],"rotation":90,"texture":"#1"},"down":{"uv":[5.999,5,6.999,6.4],"rotation":90,"texture":"#1"}}},{"name":"Cube","from":[8.46003,5.75995,3.50967],"to":[9.86003,6.75995,4.50967],"rotation":{"angle":-45,"axis":"y","origin":[11.26003,4.75995,7.70967]},"faces":{"north":{"uv":[8,7,9.4,8],"texture":"#1"},"east":{"uv":[5.999,5.999,6.999,6.999],"rotation":90,"texture":"#1"},"south":{"uv":[8,7,9,8.4],"rotation":270,"texture":"#1"},"west":{"uv":[5.999,5.999,6.999,6.999],"rotation":90,"texture":"#1"},"up":{"uv":[5.999,5,6.999,6.4],"rotation":90,"texture":"#1"},"down":{"uv":[5.999,5,6.999,6.4],"rotation":90,"texture":"#1"}}},{"name":"Cube","from":[6.13998,2.75999,11.49024],"to":[7.53998,3.75999,12.49024],"rotation":{"angle":-45,"axis":"y","origin":[4.73998,2.75999,8.29024]},"faces":{"north":{"uv":[8,7,9,8.4],"rotation":270,"texture":"#1"},"east":{"uv":[5.999,5.999,6.999,6.999],"rotation":90,"texture":"#1"},"south":{"uv":[8,7,9.4,8],"texture":"#1"},"west":{"uv":[5.999,5.999,6.999,6.999],"rotation":90,"texture":"#1"},"up":{"uv":[5.999,5,6.999,6.4],"rotation":90,"texture":"#1"},"down":{"uv":[5.999,5,6.999,6.4],"rotation":90,"texture":"#1"}}},{"name":"Cube","from":[3.46329,3.51447,2.77213],"to":[4.86329,4.51447,3.77213],"rotation":{"angle":45,"axis":"z","origin":[6.26329,7.71447,6.77213]},"faces":{"north":{"uv":[8,7,9,8.4],"rotation":270,"texture":"#1"},"east":{"uv":[5.999,5.999,6.999,6.999],"rotation":270,"texture":"#1"},"south":{"uv":[8,7,9,8.4],"rotation":270,"texture":"#1"},"west":{"uv":[5.999,5.999,6.999,6.999],"rotation":270,"texture":"#1"},"up":{"uv":[5.999,5,6.999,6.4],"rotation":270,"texture":"#1"},"down":{"uv":[5.999,5,6.999,6.4],"rotation":270,"texture":"#1"}}},{"name":"Cube","from":[3.46329,3.51447,12.22787],"to":[4.86329,4.51447,13.22787],"rotation":{"angle":45,"axis":"z","origin":[6.26329,7.71447,9.22787]},"faces":{"north":{"uv":[8,7,9,8.4],"rotation":270,"texture":"#1"},"east":{"uv":[5.999,5.999,6.999,6.999],"rotation":270,"texture":"#1"},"south":{"uv":[8,7,9,8.4],"rotation":270,"texture":"#1"},"west":{"uv":[5.999,5.999,6.999,6.999],"rotation":270,"texture":"#1"},"up":{"uv":[5.999,5,6.999,6.4],"rotation":270,"texture":"#1"},"down":{"uv":[5.999,5,6.999,6.4],"rotation":270,"texture":"#1"}}},{"name":"Cube","from":[4.07377,5.45909,12.23993],"to":[6.34877,6.45909,13.23993],"rotation":{"angle":45,"axis":"z","origin":[7.24877,9.65909,9.23993]},"faces":{"north":{"uv":[8,7,9,9.275],"rotation":270,"texture":"#1"},"east":{"uv":[5.999,5.999,6.999,6.999],"rotation":270,"texture":"#1"},"south":{"uv":[8,7,9,9.275],"rotation":270,"texture":"#1"},"west":{"uv":[5.999,5.999,6.999,6.999],"rotation":270,"texture":"#1"},"up":{"uv":[5.999,5,6.999,7.275],"rotation":270,"texture":"#1"},"down":{"uv":[5.999,5,6.999,7.275],"rotation":270,"texture":"#1"}}},{"name":"Cube","from":[4.07377,5.45909,2.76007],"to":[6.34877,6.45909,3.76007],"rotation":{"angle":45,"axis":"z","origin":[7.24877,9.65909,6.76007]},"faces":{"north":{"uv":[8,7,9,9.275],"rotation":270,"texture":"#1"},"east":{"uv":[5.999,5.999,6.999,6.999],"rotation":270,"texture":"#1"},"south":{"uv":[8,7,9,9.275],"rotation":270,"texture":"#1"},"west":{"uv":[5.999,5.999,6.999,6.999],"rotation":270,"texture":"#1"},"up":{"uv":[5.999,5,6.999,7.275],"rotation":270,"texture":"#1"},"down":{"uv":[5.999,5,6.999,7.275],"rotation":270,"texture":"#1"}}},{"name":"Cube","from":[6.13998,2.75999,3.50976],"to":[7.53998,3.75999,4.50976],"rotation":{"angle":45,"axis":"y","origin":[4.73998,2.75999,7.70976]},"faces":{"north":{"uv":[8,7,9.4,8],"texture":"#1"},"east":{"uv":[5.999,5.999,6.999,6.999],"rotation":90,"texture":"#1"},"south":{"uv":[8,7,9,8.4],"rotation":270,"texture":"#1"},"west":{"uv":[5.999,5.999,6.999,6.999],"rotation":90,"texture":"#1"},"up":{"uv":[5.999,5,6.999,6.4],"rotation":90,"texture":"#1"},"down":{"uv":[5.999,5,6.999,6.4],"rotation":90,"texture":"#1"}}},{"name":"Cube","from":[2.75994,2.76006,3.75011],"to":[3.75994,3.76006,12.25011],"faces":{"north":{"uv":[8,7,9,8],"texture":"#1"},"east":{"uv":[5.999,5.999,14.499,6.999],"texture":"#1"},"south":{"uv":[8,7,9,8],"texture":"#1"},"west":{"uv":[5.999,5.999,14.499,6.999],"texture":"#1"},"up":{"uv":[5.999,5,6.999,13.5],"texture":"#1"},"down":{"uv":[5.999,5,6.999,13.5],"texture":"#1"}}},{"name":"Cube","from":[8.875,5.76,12.24],"to":[12.25,6.76,13.24],"faces":{"north":{"uv":[8,7,11.375,8],"texture":"#1"},"east":{"uv":[5.999,5.999,6.999,6.999],"texture":"#1"},"south":{"uv":[8,7,11.375,8],"texture":"#1"},"west":{"uv":[5.999,5.999,6.999,6.999],"texture":"#1"},"up":{"uv":[5.999,5,9.374,6],"texture":"#1"},"down":{"uv":[5.999,5,9.374,6],"texture":"#1"}}},{"name":"Cube","from":[8.875,5.76,2.76],"to":[12.25,6.76,3.76],"faces":{"north":{"uv":[8,7,11.375,8],"texture":"#1"},"east":{"uv":[5.999,5.999,6.999,6.999],"texture":"#1"},"south":{"uv":[8,7,11.375,8],"texture":"#1"},"west":{"uv":[5.999,5.999,6.999,6.999],"texture":"#1"},"up":{"uv":[5.999,5,9.374,6],"texture":"#1"},"down":{"uv":[5.999,5,9.374,6],"texture":"#1"}}},{"name":"Cube","from":[3.75,2.76,12.24],"to":[7.25,3.76,13.24],"faces":{"north":{"uv":[8,7,11.25,8],"texture":"#1"},"east":{"uv":[5.999,5.999,6.999,6.999],"texture":"#1"},"south":{"uv":[8,7,11.25,8],"texture":"#1"},"west":{"uv":[5.999,5.999,6.999,6.999],"texture":"#1"},"up":{"uv":[5.999,5,9.249,6],"texture":"#1"},"down":{"uv":[5.999,5,9.249,6],"texture":"#1"}}},{"name":"Cube","from":[3.75,2.76,2.76],"to":[7.25,3.76,3.76],"faces":{"north":{"uv":[8,7,11.25,8],"texture":"#1"},"east":{"uv":[5.999,5.999,6.999,6.999],"texture":"#1"},"south":{"uv":[8,7,11.25,8],"texture":"#1"},"west":{"uv":[5.999,5.999,6.999,6.999],"texture":"#1"},"up":{"uv":[5.999,5,9.249,6],"texture":"#1"},"down":{"uv":[5.999,5,9.249,6],"texture":"#1"}}},{"name":"Cube","from":[7.25,3.76,12.24],"to":[8.25,5.135,13.24],"faces":{"north":{"uv":[8,7,9,9.375],"texture":"#1"},"east":{"uv":[5.999,5.999,6.999,8.374],"texture":"#1"},"south":{"uv":[8,7,9,9.375],"texture":"#1"},"west":{"uv":[5.999,5.999,6.999,8.374],"texture":"#1"},"up":{"uv":[5.999,5,6.999,6],"texture":"#1"},"down":{"uv":[5.999,5,6.999,6],"texture":"#1"}}},{"name":"Cube","from":[7.25,3.76,2.76],"to":[8.25,5.135,3.76],"faces":{"north":{"uv":[8,7,9,9.375],"texture":"#1"},"east":{"uv":[5.999,5.999,6.999,8.374],"texture":"#1"},"south":{"uv":[8,7,9,9.375],"texture":"#1"},"west":{"uv":[5.999,5.999,6.999,8.374],"texture":"#1"},"up":{"uv":[5.999,5,6.999,6],"texture":"#1"},"down":{"uv":[5.999,5,6.999,6],"texture":"#1"}}},{"name":"Cube","from":[12.2399,5.75998,3.75012],"to":[13.2399,6.75998,12.25012],"faces":{"north":{"uv":[8,7,9,8],"texture":"#1"},"east":{"uv":[5.999,5.999,14.499,6.999],"texture":"#1"},"south":{"uv":[8,7,9,8],"texture":"#1"},"west":{"uv":[5.999,5.999,14.499,6.999],"texture":"#1"},"up":{"uv":[5.999,5,6.999,13.5],"texture":"#1"},"down":{"uv":[5.999,5,6.999,13.5],"texture":"#1"}}},{"name":"Cube","from":[4.00004,5.22003,11.24024],"to":[12.00004,6.62003,12.24024],"rotation":{"angle":-45,"axis":"x","origin":[8.00004,8.02003,8.04024]},"faces":{"north":{"uv":[0,0,8,1.4],"texture":"#0"},"east":{"uv":[0,0,1,1.4],"texture":"#0"},"south":{"uv":[4,8,12,10],"texture":"#0"},"west":{"uv":[0,0,1,1.4],"texture":"#0"},"up":{"uv":[0,0,8,1],"texture":"#0"},"down":{"uv":[0,0,8,1],"texture":"#0"}}},{"name":"Cube","from":[4.00004,5.22003,3.75976],"to":[12.00004,6.62003,4.75976],"rotation":{"angle":45,"axis":"x","origin":[8.00004,8.02003,7.95976]},"faces":{"north":{"uv":[12,7,4,9],"texture":"#0"},"east":{"uv":[1,0,0,1.4],"texture":"#0"},"south":{"uv":[8,0,0,1.4],"texture":"#0"},"west":{"uv":[1,0,0,1.4],"texture":"#0"},"up":{"uv":[0,1,8,0],"texture":"#0"},"down":{"uv":[0,1,8,0],"texture":"#0"}}},{"name":"Cube","from":[8.21003,6.00995,11.24033],"to":[9.61003,9.00995,12.24033],"rotation":{"angle":45,"axis":"y","origin":[11.01003,5.00995,8.04033]},"faces":{"north":{"uv":[0,0,8,1.4],"rotation":270,"texture":"#0"},"east":{"uv":[0,0,8,1],"rotation":90,"texture":"#0"},"south":{"uv":[5.999,13,7.999,15.998],"texture":"#0"},"west":{"uv":[0,0,8,1],"rotation":90,"texture":"#0"},"up":{"uv":[0,0,1,1.4],"rotation":90,"texture":"#0"},"down":{"uv":[0,0,1,1.4],"rotation":90,"texture":"#0"}}},{"name":"Cube","from":[8.21003,6.00995,3.75967],"to":[9.61003,9.00995,4.75967],"rotation":{"angle":-45,"axis":"y","origin":[11.01003,5.00995,7.95967]},"faces":{"north":{"uv":[7,13,8.999,15.999],"texture":"#0"},"east":{"uv":[0,1,8,0],"rotation":90,"texture":"#0"},"south":{"uv":[0,1.4,8,0],"rotation":270,"texture":"#0"},"west":{"uv":[0,1,8,0],"rotation":90,"texture":"#0"},"up":{"uv":[1,0,0,1.4],"rotation":90,"texture":"#0"},"down":{"uv":[1,0,0,1.4],"rotation":90,"texture":"#0"}}},{"name":"Cube","from":[6.38998,6.00999,11.24024],"to":[7.78998,9.00999,12.24024],"rotation":{"angle":-45,"axis":"y","origin":[4.98998,5.00999,8.04024]},"faces":{"north":{"uv":[0,1.4,8,0],"rotation":270,"texture":"#0"},"east":{"uv":[0,1,8,0],"rotation":90,"texture":"#0"},"south":{"uv":[10,13,12,15.999],"texture":"#0"},"west":{"uv":[0,1,8,0],"rotation":90,"texture":"#0"},"up":{"uv":[0,1.4,1,0],"rotation":90,"texture":"#0"},"down":{"uv":[0,1.4,1,0],"rotation":90,"texture":"#0"}}},{"name":"Cube","from":[6.38998,3.00999,11.24024],"to":[7.78998,6.00999,12.24024],"rotation":{"angle":-45,"axis":"y","origin":[4.98998,3.00999,8.04024]},"faces":{"north":{"uv":[2,1,6,3],"rotation":270,"texture":"#0"},"east":{"uv":[0,1,8,0],"rotation":90,"texture":"#0"},"south":{"uv":[10,12,12,15],"texture":"#0"},"west":{"uv":[0,1,8,0],"rotation":90,"texture":"#0"},"up":{"uv":[0,1.4,1,0],"rotation":90,"texture":"#0"},"down":{"uv":[0,1.4,1,0],"rotation":90,"texture":"#0"}}},{"name":"Cube","from":[6.38998,6.00999,3.75976],"to":[7.78998,9.00999,4.75976],"rotation":{"angle":45,"axis":"y","origin":[4.98998,5.00999,7.95976]},"faces":{"north":{"uv":[7,13,8.998,15.998],"texture":"#0"},"east":{"uv":[0,0,8,1],"rotation":90,"texture":"#0"},"south":{"uv":[0,0,8,1.4],"rotation":270,"texture":"#0"},"west":{"uv":[0,0,8,1],"rotation":90,"texture":"#0"},"up":{"uv":[1,1.4,0,0],"rotation":90,"texture":"#0"},"down":{"uv":[1,1.4,0,0],"rotation":90,"texture":"#0"}}},{"name":"Cube","from":[3.21329,3.76447,3.02213],"to":[4.61329,4.76447,4.02213],"rotation":{"angle":45,"axis":"z","origin":[6.01329,7.96447,7.02213]},"faces":{"north":{"uv":[9.999,14,10.999,15],"rotation":270,"texture":"#0"},"east":{"uv":[9.999,14,10.999,15],"rotation":270,"texture":"#0"},"south":{"uv":[9.999,14,10.999,15],"rotation":270,"texture":"#0"},"west":{"uv":[9.999,14,10.999,15],"rotation":270,"texture":"#0"},"up":{"uv":[9.999,14,10.999,15],"rotation":270,"texture":"#0"},"down":{"uv":[9.999,14,10.999,15],"rotation":270,"texture":"#0"}}},{"name":"Cube","from":[4.21329,5.76447,3.02213],"to":[5.61329,6.76447,4.02213],"rotation":{"angle":45,"axis":"z","origin":[7.01329,9.96447,7.02213]},"faces":{"north":{"uv":[9.999,14,10.999,15],"rotation":270,"texture":"#0"},"east":{"uv":[9.999,14,10.999,15],"rotation":270,"texture":"#0"},"south":{"uv":[9.999,14,10.999,15],"rotation":270,"texture":"#0"},"west":{"uv":[9.999,14,10.999,15],"rotation":270,"texture":"#0"},"up":{"uv":[9.999,14,10.999,15],"rotation":270,"texture":"#0"},"down":{"uv":[9.999,14,10.999,15],"rotation":270,"texture":"#0"}}},{"name":"Cube","from":[3.21329,3.76447,11.97787],"to":[4.61329,4.76447,12.97787],"rotation":{"angle":45,"axis":"z","origin":[6.01329,7.96447,8.97787]},"faces":{"north":{"uv":[9.999,15,10.999,14],"rotation":270,"texture":"#0"},"east":{"uv":[9.999,15,10.999,14],"rotation":270,"texture":"#0"},"south":{"uv":[9.999,15,10.999,14],"rotation":270,"texture":"#0"},"west":{"uv":[9.999,15,10.999,14],"rotation":270,"texture":"#0"},"up":{"uv":[10.999,14,9.999,15],"rotation":270,"texture":"#0"},"down":{"uv":[10.999,14,9.999,15],"rotation":270,"texture":"#0"}}},{"name":"Cube","from":[4.21329,5.76447,11.97787],"to":[5.61329,6.76447,12.97787],"rotation":{"angle":45,"axis":"z","origin":[7.01329,9.96447,8.97787]},"faces":{"north":{"uv":[9.999,15,10.999,14],"rotation":270,"texture":"#0"},"east":{"uv":[9.999,15,10.999,14],"rotation":270,"texture":"#0"},"south":{"uv":[9.999,15,10.999,14],"rotation":270,"texture":"#0"},"west":{"uv":[9.999,15,10.999,14],"rotation":270,"texture":"#0"},"up":{"uv":[10.999,14,9.999,15],"rotation":270,"texture":"#0"},"down":{"uv":[10.999,14,9.999,15],"rotation":270,"texture":"#0"}}},{"name":"Cube","from":[6.38998,3.00999,3.75976],"to":[7.78998,6.00999,4.75976],"rotation":{"angle":45,"axis":"y","origin":[4.98998,3.00999,7.95976]},"faces":{"north":{"uv":[7,12,8.997,15],"texture":"#0"},"east":{"uv":[0,0,8,1],"rotation":90,"texture":"#0"},"south":{"uv":[2,3,5.999,5],"rotation":270,"texture":"#0"},"west":{"uv":[0,0,8,1],"rotation":90,"texture":"#0"},"up":{"uv":[1,1.4,0,0],"rotation":90,"texture":"#0"},"down":{"uv":[1,1.4,0,0],"rotation":90,"texture":"#0"}}},{"name":"Cube","from":[3.79506,5.20545,4.00011],"to":[4.79506,6.60545,12.00011],"rotation":{"angle":-45,"axis":"z","origin":[7.99506,8.05545,8.00011]},"faces":{"north":{"uv":[0,0,1,1.4],"texture":"#0"},"east":{"uv":[0,0,8,1.4],"texture":"#0"},"south":{"uv":[0,0,1,1.4],"texture":"#0"},"west":{"uv":[4,8,12,10],"texture":"#0"},"up":{"uv":[0,0,1,8],"texture":"#0"},"down":{"uv":[0,0,1,8],"texture":"#0"}}},{"name":"Cube","from":[11.21946,5.17005,4.00009],"to":[12.21946,6.57005,12.00009],"rotation":{"angle":45,"axis":"z","origin":[7.96946,8.02005,8.00009]},"faces":{"north":{"uv":[0,0,1,1.4],"texture":"#0"},"east":{"uv":[4,8,12,10],"texture":"#0"},"south":{"uv":[0,0,1,1.4],"texture":"#0"},"west":{"uv":[0,0,8,1.4],"texture":"#0"},"up":{"uv":[0,0,1,8],"texture":"#0"},"down":{"uv":[0,0,1,8],"texture":"#0"}}},{"name":"Cube","from":[3.00994,6.01006,4.00011],"to":[4.00994,9.01006,12.00011],"faces":{"north":{"uv":[0,0,1,3],"texture":"#0"},"east":{"uv":[0,0,8,3],"texture":"#0"},"south":{"uv":[0,0,1,3],"texture":"#0"},"west":{"uv":[3,13,10.999,15.999],"texture":"#0"},"up":{"uv":[0,0,1,8],"texture":"#0"},"down":{"uv":[0,0,1,8],"texture":"#0"}}},{"name":"Cube","from":[3.00994,3.01006,4.00011],"to":[4.00994,6.01006,12.00011],"faces":{"north":{"uv":[0,0,1,3],"texture":"#0"},"east":{"uv":[0,0,8,4],"texture":"#0"},"south":{"uv":[0,0,1,3],"texture":"#0"},"west":{"uv":[2,12,9.998,15],"texture":"#0"},"up":{"uv":[0,0,1,8],"texture":"#0"},"down":{"uv":[0,0,1,8],"texture":"#0"}}},{"name":"Cube","from":[4,6.01,11.99],"to":[12,9.01,12.99],"faces":{"north":{"uv":[0,0,8,3],"texture":"#0"},"east":{"uv":[0,0,1,3],"texture":"#0"},"south":{"uv":[4,13,12,15.999],"texture":"#0"},"west":{"uv":[0,0,1,3],"texture":"#0"},"up":{"uv":[0,0,8,1],"texture":"#0"},"down":{"uv":[0,0,8,1],"texture":"#0"}}},{"name":"Cube","from":[4,3.01,11.99],"to":[7,6.01,12.99],"faces":{"north":{"uv":[10,11,13,15],"texture":"#0"},"east":{"uv":[0,0,1,3],"texture":"#0"},"south":{"uv":[8,11,10.998,14],"texture":"#0"},"west":{"uv":[0,0,1,3],"texture":"#0"},"up":{"uv":[0,0,8,1],"texture":"#0"},"down":{"uv":[0,0,8,1],"texture":"#0"}}},{"name":"Cube","from":[4,6.01,3.01],"to":[12,9.01,4.01],"faces":{"north":{"uv":[12,13,4,15.999],"texture":"#0"},"east":{"uv":[1,0,0,3],"texture":"#0"},"south":{"uv":[8,0,0,3],"texture":"#0"},"west":{"uv":[1,0,0,3],"texture":"#0"},"up":{"uv":[0,1,8,0],"texture":"#0"},"down":{"uv":[0,1,8,0],"texture":"#0"}}},{"name":"Cube","from":[4,3.01,3.01],"to":[7,6.01,4.01],"faces":{"north":{"uv":[7,12,9.999,15],"texture":"#0"},"east":{"uv":[1,0,0,3],"texture":"#0"},"south":{"uv":[7,12,9.999,15.999],"texture":"#0"},"west":{"uv":[1,0,0,3],"texture":"#0"},"up":{"uv":[0,1,8,0],"texture":"#0"},"down":{"uv":[0,1,8,0],"texture":"#0"}}},{"name":"Cube","from":[7,4.01,3.01],"to":[8,6.01,4.01],"faces":{"north":{"uv":[4,13,4.999,15],"texture":"#0"},"east":{"uv":[4,13,4.999,14.999],"texture":"#0"},"south":{"uv":[4,13,4.999,14.999],"texture":"#0"},"west":{"uv":[4,13,4.999,14.999],"texture":"#0"},"up":{"uv":[4,13,4.999,14.999],"texture":"#0"},"down":{"uv":[4,13,4.999,14.999],"texture":"#0"}}},{"name":"Cube","from":[7,4.01,11.99],"to":[8,6.01,12.99],"faces":{"north":{"uv":[4.999,13,4,14.999],"texture":"#0"},"east":{"uv":[4.999,13,4,14.999],"texture":"#0"},"south":{"uv":[4.999,13,4,14.999],"texture":"#0"},"west":{"uv":[4.999,13,4,14.999],"texture":"#0"},"up":{"uv":[4,14.999,4.999,13],"texture":"#0"},"down":{"uv":[4,14.999,4.999,13],"texture":"#0"}}},{"name":"Cube","from":[11.9899,6.00998,4.00012],"to":[12.9899,9.00998,12.00012],"faces":{"north":{"uv":[0,0,1,3],"texture":"#0"},"east":{"uv":[2,13,9.999,15.999],"texture":"#0"},"south":{"uv":[0,0,1,3],"texture":"#0"},"west":{"uv":[0,0,8,3],"texture":"#0"},"up":{"uv":[0,0,1,8],"texture":"#0"},"down":{"uv":[0,0,1,8],"texture":"#0"}}},{"name":"Cube","from":[4,9,4],"to":[12,10,12],"faces":{"north":{"uv":[0,0,8,1],"texture":"#0"},"east":{"uv":[0,0,8,1],"texture":"#0"},"south":{"uv":[0,0,8,1],"texture":"#0"},"west":{"uv":[0,0,8,1],"texture":"#0"},"up":{"uv":[0,0,8,8],"texture":"#0"},"down":{"uv":[0,0,8,8],"texture":"#0"}}},{"name":"Cube","from":[6.625,5.51,2.51],"to":[12.75,7.01,2.76],"faces":{"north":{"uv":[0,0,7,2],"texture":"#3"},"east":{"uv":[0,0,0.25,1.5],"texture":"#3"},"south":{"uv":[0,0,6.125,1.5],"texture":"#3"},"west":{"uv":[0,0,0.25,1.5],"texture":"#3"},"up":{"uv":[0,0,6.125,0.25],"texture":"#3"},"down":{"uv":[0,0,6.125,0.25],"texture":"#3"}}},{"name":"Cube","from":[7.875,1.885,2.51],"to":[12.75,5.51,2.76],"faces":{"north":{"uv":[0,2,5.999,6.5],"texture":"#3"},"east":{"uv":[0,0,0.25,4],"texture":"#3"},"south":{"uv":[0,0,4.875,4],"texture":"#3"},"west":{"uv":[0,0,0.25,4],"texture":"#3"},"up":{"uv":[0,0,4.875,0.25],"texture":"#3"},"down":{"uv":[0,0,4.875,0.25],"texture":"#3"}}},{"name":"Cube","from":[8.96003,1.88495,3.25967],"to":[10.36003,3.38495,3.50967],"rotation":{"angle":-45,"axis":"y","origin":[11.76003,5.00995,7.45967]},"faces":{"north":{"uv":[0,0,2,2.5],"texture":"#3"},"east":{"uv":[0,0,5.5,0.25],"rotation":90,"texture":"#3"},"south":{"uv":[0,0,5.5,1.4],"rotation":270,"texture":"#3"},"west":{"uv":[0,0,5.5,0.25],"rotation":90,"texture":"#3"},"up":{"uv":[0,0,0.25,1.4],"rotation":90,"texture":"#3"},"down":{"uv":[0,0,0.25,1.4],"rotation":90,"texture":"#3"}}},{"name":"Cube","from":[8.96003,1.88495,12.49033],"to":[10.36003,3.38495,12.74033],"rotation":{"angle":45,"axis":"y","origin":[11.76003,5.00995,8.54033]},"faces":{"north":{"uv":[0,1.4,5.5,0],"rotation":270,"texture":"#3"},"east":{"uv":[0,0.25,5.5,0],"rotation":90,"texture":"#3"},"south":{"uv":[2,0,0,2.5],"texture":"#3"},"west":{"uv":[0,0.25,5.5,0],"rotation":90,"texture":"#3"},"up":{"uv":[0.25,0,0,1.4],"rotation":90,"texture":"#3"},"down":{"uv":[0.25,0,0,1.4],"rotation":90,"texture":"#3"}}},{"name":"Cube","from":[8.96003,5.88495,3.25967],"to":[10.36003,7.00995,3.50967],"rotation":{"angle":-45,"axis":"y","origin":[11.76003,5.00995,7.45967]},"faces":{"north":{"uv":[9,3,10.999,4.999],"texture":"#3"},"east":{"uv":[0,0,5.5,0.25],"rotation":90,"texture":"#3"},"south":{"uv":[0,0,5.5,1.4],"rotation":270,"texture":"#3"},"west":{"uv":[0,0,5.5,0.25],"rotation":90,"texture":"#3"},"up":{"uv":[0,0,0.25,1.4],"rotation":90,"texture":"#3"},"down":{"uv":[0,0,0.25,1.4],"rotation":90,"texture":"#3"}}},{"name":"Cube","from":[8.96003,5.88495,12.49033],"to":[10.36003,7.00995,12.74033],"rotation":{"angle":45,"axis":"y","origin":[11.76003,5.00995,8.54033]},"faces":{"north":{"uv":[0,1.4,5.5,0],"rotation":270,"texture":"#3"},"east":{"uv":[0,0.25,5.5,0],"rotation":90,"texture":"#3"},"south":{"uv":[10.999,3,9,4.999],"texture":"#3"},"west":{"uv":[0,0.25,5.5,0],"rotation":90,"texture":"#3"},"up":{"uv":[0.25,0,0,1.4],"rotation":90,"texture":"#3"},"down":{"uv":[0.25,0,0,1.4],"rotation":90,"texture":"#3"}}},{"name":"Cube","from":[8.96003,3.38495,12.49033],"to":[10.11003,5.88495,12.74033],"rotation":{"angle":45,"axis":"y","origin":[11.76003,3.88495,8.54033]},"faces":{"north":{"uv":[0,1.4,5.5,0],"rotation":270,"texture":"#3"},"east":{"uv":[0,0.25,5.5,0],"rotation":90,"texture":"#3"},"south":{"uv":[7,3.5,8.599,6.5],"texture":"#3"},"west":{"uv":[0,0.25,5.5,0],"rotation":90,"texture":"#3"},"up":{"uv":[0.25,0,0,1.4],"rotation":90,"texture":"#3"},"down":{"uv":[0.25,0,0,1.4],"rotation":90,"texture":"#3"}}},{"name":"Cube","from":[8.96003,3.38495,3.25967],"to":[10.11003,5.88495,3.50967],"rotation":{"angle":-45,"axis":"y","origin":[11.76003,3.88495,7.45967]},"faces":{"north":{"uv":[8.599,3.5,7,6.5],"texture":"#3"},"east":{"uv":[0,0,5.5,0.25],"rotation":90,"texture":"#3"},"south":{"uv":[0,0,5.5,1.4],"rotation":270,"texture":"#3"},"west":{"uv":[0,0,5.5,0.25],"rotation":90,"texture":"#3"},"up":{"uv":[0,0,0.25,1.4],"rotation":90,"texture":"#3"},"down":{"uv":[0,0,0.25,1.4],"rotation":90,"texture":"#3"}}},{"name":"Cube","from":[13.4899,5.88498,3.50012],"to":[13.7399,7.00998,12.50012],"faces":{"north":{"uv":[0,0,0.25,1.5],"texture":"#3"},"east":{"uv":[0,0,12,2],"texture":"#3"},"south":{"uv":[0,0,0.25,1.5],"texture":"#3"},"west":{"uv":[0,0,9,1.5],"texture":"#3"},"up":{"uv":[0,0,0.25,9],"texture":"#3"},"down":{"uv":[0,0,0.25,9],"texture":"#3"}}},{"name":"Cube","from":[13.4899,1.88498,3.50012],"to":[13.7399,3.38498,12.50012],"faces":{"north":{"uv":[0,0,0.25,4],"texture":"#3"},"east":{"uv":[0,2,12,4.5],"texture":"#3"},"south":{"uv":[0,0,0.25,4],"texture":"#3"},"west":{"uv":[0,0,9,4],"texture":"#3"},"up":{"uv":[0,0,0.25,9],"texture":"#3"},"down":{"uv":[0,0,0.25,9],"texture":"#3"}}},{"name":"Cube","from":[6.625,5.51,13.24],"to":[12.75,7.01,13.49],"faces":{"north":{"uv":[0,0,6.125,1.5],"texture":"#3"},"east":{"uv":[0,0,0.25,1.5],"texture":"#3"},"south":{"uv":[0,0,7,2],"texture":"#3"},"west":{"uv":[0,0,0.25,1.5],"texture":"#3"},"up":{"uv":[0,0,6.125,0.25],"texture":"#3"},"down":{"uv":[0,0,6.125,0.25],"texture":"#3"}}},{"name":"Cube","from":[7.875,1.885,13.24],"to":[12.75,5.51,13.49],"faces":{"north":{"uv":[0,0,4.875,4],"texture":"#3"},"east":{"uv":[0,0,0.25,4],"texture":"#3"},"south":{"uv":[0,2,5.999,6.5],"texture":"#3"},"west":{"uv":[0,0,0.25,4],"texture":"#3"},"up":{"uv":[0,0,4.875,0.25],"texture":"#3"},"down":{"uv":[0,0,4.875,0.25],"texture":"#3"}}},{"name":"Cube","from":[12.75,3.385,12.49],"to":[14.375,5.885,12.74],"faces":{"north":{"uv":[0,2,2,4],"texture":"#3"},"east":{"uv":[8,4,8.999,5.999],"texture":"#3"},"south":{"uv":[0,2,2,5.7],"texture":"#3"},"west":{"uv":[0,2,2,4],"texture":"#3"},"up":{"uv":[8,7,9.999,7.999],"texture":"#3"},"down":{"uv":[10,8,12,8.999],"texture":"#3"}}},{"name":"Cube","from":[13,5.885,3.49],"to":[14.375,6.135,12.49],"faces":{"north":{"uv":[0,2,1,4],"texture":"#3"},"east":{"uv":[8,4,8.999,5.999],"texture":"#3"},"south":{"uv":[9,8,10.999,8.999],"texture":"#3"},"west":{"uv":[0,2,2,4],"texture":"#3"},"up":{"uv":[0,1,12,2.999],"rotation":90,"texture":"#3"},"down":{"uv":[0,3,12,5],"rotation":90,"texture":"#3"}}},{"name":"Cube","from":[13,3.135,3.49],"to":[14.375,3.385,12.49],"faces":{"north":{"uv":[0,2,1,4],"texture":"#3"},"east":{"uv":[8,4,8.999,5.999],"texture":"#3"},"south":{"uv":[9,8,10.999,8.999],"texture":"#3"},"west":{"uv":[0,2,2,4],"texture":"#3"},"up":{"uv":[0,1,12,2.999],"rotation":90,"texture":"#3"},"down":{"uv":[0,3,12,5],"rotation":90,"texture":"#3"}}},{"name":"Cube","from":[12.75,3.385,3.26],"to":[14.375,5.885,3.51],"faces":{"north":{"uv":[2,2,0,5.7],"texture":"#3"},"east":{"uv":[8.999,4,8,5.999],"texture":"#3"},"south":{"uv":[2,2,0,4],"texture":"#3"},"west":{"uv":[2,2,0,4],"texture":"#3"},"up":{"uv":[8,7.999,9.999,7],"texture":"#3"},"down":{"uv":[10,8.999,12,8],"texture":"#3"}}},{"name":"Cube","from":[13.9899,3.38498,3.50012],"to":[14.1149,5.88498,12.50012],"faces":{"east":{"uv":[1,5.999,14.999,9.499],"texture":"#2"}}}],"display":{"thirdperson_righthand":{"rotation":[-41,0,0],"translation":[0,1.32,0],"scale":[0.5,0.5,0.5]},"gui":{"rotation":[15,-125,0],"translation":[0.5,2,0]},"head":{"rotation":[0,90,0],"translation":[0,5.49,0],"scale":[1.7,1.7,1.7]}},"groups":[{"name":"group","origin":[8,8,8],"children":[{"name":"gopro","origin":[8,8,8],"children":[0,1,2,3,4,5,6,7,8,9,10,11,12,13,14,15]},{"name":"gopro","origin":[8,8,8],"children":[16,17,18,19,20,21,22,23,24,25,26,27,28,29,30,31,32,33,34,35,36,37,38,39]}]},{"name":"group","origin":[8.25,7.76,8.24],"children":[40,41,42,43,44,45,46,47,48,49,50,51,52,53,54,55]},56],"credit":"Model by Craftventure"}