{"textures":{"4":"block/brown_concrete","5":"block/gray_terracotta","6":"block/orange_terracotta","particle":"block/brown_concrete"},"elements":[{"name":"Cube","from":[0.1,0,0],"to":[15.9,6,15.8],"faces":{"north":{"uv":[0,0,15.8,5],"texture":"#5"},"east":{"uv":[0,0,15.8,5],"texture":"#5"},"south":{"uv":[0,0,15.8,5],"texture":"#5"},"west":{"uv":[0,0,15.8,5],"texture":"#5"},"up":{"uv":[0,0,15.8,15.8],"texture":"#5"},"down":{"uv":[0,0,15.8,15.8],"texture":"#5"}}},{"name":"Cube","from":[1.9,0.15,15.7],"to":[14.1,2.45,16.9],"rotation":{"angle":22.5,"axis":"x","origin":[8,2.15,16.3]},"faces":{"north":{"uv":[0,0,12.2,4],"texture":"#4"},"east":{"uv":[0,0,1.2,4],"texture":"#4"},"south":{"uv":[0,0,12.2,4],"texture":"#4"},"west":{"uv":[0,0,1.2,4],"texture":"#4"},"up":{"uv":[0,0,12.2,1.2],"texture":"#4"},"down":{"uv":[0,0,12.2,1.2],"texture":"#4"}}},{"name":"Cube","from":[1.9,2.19755,15.76913],"to":[14.1,4.49755,16.96913],"rotation":{"angle":0,"axis":"x","origin":[8,4.19755,16.36913]},"faces":{"north":{"uv":[0,0,12.2,4],"texture":"#4"},"east":{"uv":[0,0,1.2,4],"texture":"#4"},"south":{"uv":[0,0,12.2,4],"texture":"#4"},"west":{"uv":[0,0,1.2,4],"texture":"#4"},"up":{"uv":[0,0,12.2,1.2],"texture":"#4"},"down":{"uv":[0,0,12.2,1.2],"texture":"#4"}}},{"name":"Cube","from":[1.1,6,1],"to":[14.9,7,14.8],"faces":{"north":{"uv":[0,0,13.8,1],"texture":"#5"},"east":{"uv":[0,0,13.8,1],"texture":"#5"},"south":{"uv":[0,0,13.8,1],"texture":"#5"},"west":{"uv":[0,0,13.8,1],"texture":"#5"},"up":{"uv":[0,0,13.8,13.8],"texture":"#5"},"down":{"uv":[0,0,13.8,13.8],"texture":"#5"}}},{"name":"Cube","from":[15.56117,-0.43185,4.26913],"to":[16.76117,1.86815,11.46913],"rotation":{"angle":22.5,"axis":"z","origin":[16.16117,1.56815,8.36913]},"faces":{"north":{"uv":[0,0,1.2,4],"texture":"#4"},"east":{"uv":[0,0,12.2,4],"texture":"#4"},"south":{"uv":[0,0,1.2,4],"texture":"#4"},"west":{"uv":[0,0,12.2,4],"texture":"#4"},"up":{"uv":[0,0,12.2,1.2],"texture":"#4","rotation":270},"down":{"uv":[0,0,12.2,1.2],"texture":"#4","rotation":90}}},{"name":"Cube","from":[16.28087,-4.85,4.26913],"to":[17.48087,-0.05,11.46913],"rotation":{"angle":0,"axis":"z","origin":[16.88087,-0.35,8.36913]},"faces":{"north":{"uv":[0,0,1.2,4],"texture":"#4"},"east":{"uv":[0,0,12.2,4],"texture":"#4"},"south":{"uv":[0,0,1.2,4],"texture":"#4"},"west":{"uv":[0,0,12.2,4],"texture":"#4"},"up":{"uv":[0,0,12.2,1.2],"texture":"#4","rotation":270},"down":{"uv":[0,0,12.2,1.2],"texture":"#4","rotation":90}}},{"name":"Cube","from":[14.1,-3,1],"to":[15.9,0,14.8],"faces":{"north":{"uv":[0,0,1.8,3],"texture":"#5"},"east":{"uv":[0,0,13.8,3],"texture":"#5"},"south":{"uv":[0,0,1.8,3],"texture":"#5"},"west":{"uv":[0,0,13.8,3],"texture":"#5"},"up":{"uv":[0,0,1.8,13.8],"texture":"#5"},"down":{"uv":[0,0,1.8,13.8],"texture":"#5"}}},{"name":"Cube","from":[15.85,0,2],"to":[16.65,4.75,13.8],"faces":{"north":{"uv":[0,0,0.8,4.75],"texture":"#5"},"east":{"uv":[0,0,11.8,4.75],"texture":"#5"},"south":{"uv":[0,0,0.8,4.75],"texture":"#5"},"west":{"uv":[0,0,11.8,4.75],"texture":"#5"},"up":{"uv":[0,0,0.8,11.8],"texture":"#5"},"down":{"uv":[0,0,0.8,11.8],"texture":"#5"}}},{"name":"Cube","from":[15.85,-1.75,4],"to":[16.65,0,11.8],"faces":{"north":{"uv":[0,0,0.8,1.75],"texture":"#5"},"east":{"uv":[0,0,7.8,1.75],"texture":"#5"},"south":{"uv":[0,0,0.8,1.75],"texture":"#5"},"west":{"uv":[0,0,7.8,1.75],"texture":"#5"},"up":{"uv":[0,0,0.8,7.8],"texture":"#5"},"down":{"uv":[0,0,0.8,7.8],"texture":"#5"}}},{"name":"Cube","from":[-1.48087,-4.85,4.26913],"to":[-0.28087,-0.05,11.46913],"rotation":{"angle":0,"axis":"z","origin":[-0.88087,-0.35,8.36913]},"faces":{"north":{"uv":[1.2,0,0,4],"texture":"#4"},"east":{"uv":[12.2,0,0,4],"texture":"#4"},"south":{"uv":[1.2,0,0,4],"texture":"#4"},"west":{"uv":[12.2,0,0,4],"texture":"#4"},"up":{"uv":[12.2,0,0,1.2],"texture":"#4","rotation":270},"down":{"uv":[12.2,0,0,1.2],"texture":"#4","rotation":90}}},{"name":"Cube","from":[-0.76117,-0.43185,4.26913],"to":[0.43883,1.86815,11.46913],"rotation":{"angle":-22.5,"axis":"z","origin":[-0.16117,1.56815,8.36913]},"faces":{"north":{"uv":[1.2,0,0,4],"texture":"#4"},"east":{"uv":[12.2,0,0,4],"texture":"#4"},"south":{"uv":[1.2,0,0,4],"texture":"#4"},"west":{"uv":[12.2,0,0,4],"texture":"#4"},"up":{"uv":[12.2,0,0,1.2],"texture":"#4","rotation":270},"down":{"uv":[12.2,0,0,1.2],"texture":"#4","rotation":90}}},{"name":"Cube","from":[-0.65,0,2],"to":[0.15,4.75,13.8],"faces":{"north":{"uv":[0.8,0,0,4.75],"texture":"#5"},"east":{"uv":[11.8,0,0,4.75],"texture":"#5"},"south":{"uv":[0.8,0,0,4.75],"texture":"#5"},"west":{"uv":[11.8,0,0,4.75],"texture":"#5"},"up":{"uv":[0.8,0,0,11.8],"texture":"#5"},"down":{"uv":[0.8,0,0,11.8],"texture":"#5"}}},{"name":"Cube","from":[-0.65,-1.75,4],"to":[0.15,0,11.8],"faces":{"north":{"uv":[0.8,0,0,1.75],"texture":"#5"},"east":{"uv":[7.8,0,0,1.75],"texture":"#5"},"south":{"uv":[0.8,0,0,1.75],"texture":"#5"},"west":{"uv":[7.8,0,0,1.75],"texture":"#5"},"up":{"uv":[0.8,0,0,7.8],"texture":"#5"},"down":{"uv":[0.8,0,0,7.8],"texture":"#5"}}},{"name":"Cube","from":[0.1,-3,1],"to":[1.9,0,14.8],"faces":{"north":{"uv":[1.8,0,0,3],"texture":"#5"},"east":{"uv":[13.8,0,0,3],"texture":"#5"},"south":{"uv":[1.8,0,0,3],"texture":"#5"},"west":{"uv":[13.8,0,0,3],"texture":"#5"},"up":{"uv":[1.8,0,0,13.8],"texture":"#5"},"down":{"uv":[1.8,0,0,13.8],"texture":"#5"}}},{"name":"Cube","from":[8.6,6.525,4.5],"to":[9.4,7.275,12.3],"rotation":{"angle":45,"axis":"y","origin":[9,6.9,8.4]},"faces":{"north":{"uv":[0,0,0.8,0.75],"texture":"#6"},"east":{"uv":[0,0,7.8,0.75],"texture":"#6"},"south":{"uv":[0,0,0.8,0.75],"texture":"#6"},"west":{"uv":[0,0,7.8,0.75],"texture":"#6"},"up":{"uv":[0,0,0.8,7.8],"texture":"#6"},"down":{"uv":[0,0,0.8,7.8],"texture":"#6"}}},{"name":"Cube","from":[5.35,6.525,4.5],"to":[6.4,7.275,6.8],"rotation":{"angle":-45,"axis":"y","origin":[6,6.9,5.4]},"faces":{"north":{"uv":[0,0,0.8,0.75],"texture":"#6"},"east":{"uv":[0,0,7.8,0.75],"texture":"#6"},"south":{"uv":[0,0,0.8,0.75],"texture":"#6"},"west":{"uv":[0,0,7.8,0.75],"texture":"#6"},"up":{"uv":[0,0,0.8,7.8],"texture":"#6"},"down":{"uv":[0,0,0.8,7.8],"texture":"#6"}}},{"name":"Cube","from":[6.17678,6.525,4.30398],"to":[6.91924,7.275,5.04645],"rotation":{"angle":0,"axis":"y","origin":[6.82678,6.9,4.95398]},"faces":{"north":{"uv":[0,0,0.8,0.75],"texture":"#6"},"east":{"uv":[0,0,7.8,0.75],"texture":"#6"},"south":{"uv":[0,0,0.8,0.75],"texture":"#6"},"west":{"uv":[0,0,7.8,0.75],"texture":"#6"},"up":{"uv":[0,0,0.8,7.8],"texture":"#6"},"down":{"uv":[0,0,0.8,7.8],"texture":"#6"}}},{"name":"Cube","from":[5.75,6.5,9.75],"to":[6.75,7.25,12.55],"rotation":{"angle":-45,"axis":"y","origin":[6.25,6.875,8.65]},"faces":{"north":{"uv":[0,0,1,0.75],"texture":"#6"},"east":{"uv":[0,0,2.8,0.75],"texture":"#6"},"south":{"uv":[0,0,1,0.75],"texture":"#6"},"west":{"uv":[0,0,2.8,0.75],"texture":"#6"},"up":{"uv":[0,0,1,2.8],"texture":"#6"},"down":{"uv":[0,0,1,2.8],"texture":"#6"}}},{"name":"Cube","from":[5.85,6.5,9],"to":[6.65,7.25,9.8],"rotation":{"angle":-45,"axis":"y","origin":[6.25,6.875,8.65]},"faces":{"north":{"uv":[0,0,0.8,0.75],"texture":"#6"},"east":{"uv":[0,0,0.8,0.75],"texture":"#6"},"south":{"uv":[0,0,0.8,0.75],"texture":"#6"},"west":{"uv":[0,0,0.8,0.75],"texture":"#6"},"up":{"uv":[0,0,0.8,0.8],"texture":"#6"},"down":{"uv":[0,0,0.8,0.8],"texture":"#6"}}},{"name":"Cube","from":[5.85,6.5,8.75],"to":[7.4,7.25,9.5],"rotation":{"angle":-45,"axis":"y","origin":[6.25,6.875,8.65]},"faces":{"north":{"uv":[0,0,0.8,0.75],"texture":"#6"},"east":{"uv":[0,0,0.8,0.75],"texture":"#6"},"south":{"uv":[0,0,0.8,0.75],"texture":"#6"},"west":{"uv":[0,0,0.8,0.75],"texture":"#6"},"up":{"uv":[0,0,0.8,0.8],"texture":"#6"},"down":{"uv":[0,0,0.8,0.8],"texture":"#6"}}},{"name":"Cube","from":[6.75696,6.5,9.53199],"to":[8.30696,7.25,10.28199],"rotation":{"angle":-22.5,"axis":"y","origin":[7.15696,6.875,9.43199]},"faces":{"north":{"uv":[0,0,0.8,0.75],"texture":"#6"},"east":{"uv":[0,0,0.8,0.75],"texture":"#6"},"south":{"uv":[0,0,0.8,0.75],"texture":"#6"},"west":{"uv":[0,0,0.8,0.75],"texture":"#6"},"up":{"uv":[0,0,0.8,0.8],"texture":"#6"},"down":{"uv":[0,0,0.8,0.8],"texture":"#6"}}},{"name":"Cube","from":[7.89415,6.5,9.90737],"to":[9.44415,7.25,10.65737],"rotation":{"angle":0,"axis":"y","origin":[8.29415,6.875,9.80737]},"faces":{"north":{"uv":[0,0,0.8,0.75],"texture":"#6"},"east":{"uv":[0,0,0.8,0.75],"texture":"#6"},"south":{"uv":[0,0,0.8,0.75],"texture":"#6"},"west":{"uv":[0,0,0.8,0.75],"texture":"#6"},"up":{"uv":[0,0,0.8,0.8],"texture":"#6"},"down":{"uv":[0,0,0.8,0.8],"texture":"#6"}}},{"name":"Cube","from":[9.08842,6.5,9.719],"to":[10.63842,7.25,10.669],"rotation":{"angle":22.5,"axis":"y","origin":[9.48842,6.875,9.719]},"faces":{"north":{"uv":[0,0,0.8,0.75],"texture":"#6"},"east":{"uv":[0,0,0.8,0.75],"texture":"#6"},"south":{"uv":[0,0,0.8,0.75],"texture":"#6"},"west":{"uv":[0,0,0.8,0.75],"texture":"#6"},"up":{"uv":[0,0,0.8,0.8],"texture":"#6"},"down":{"uv":[0,0,0.8,0.8],"texture":"#6"}}},{"name":"Cube","from":[10.15796,6.5,9.18033],"to":[11.74623,7.25,10.12272],"rotation":{"angle":45,"axis":"y","origin":[10.55796,6.875,9.18033]},"faces":{"north":{"uv":[0,0,0.8,0.75],"texture":"#6"},"east":{"uv":[0,0,0.8,0.75],"texture":"#6"},"south":{"uv":[0,0,0.8,0.75],"texture":"#6"},"west":{"uv":[0,0,0.8,0.75],"texture":"#6"},"up":{"uv":[0,0,0.8,0.8],"texture":"#6"},"down":{"uv":[0,0,0.8,0.8],"texture":"#6"}}},{"name":"Cube","from":[11.33995,6.5,7.62336],"to":[12.28995,7.25,8.67336],"rotation":{"angle":-22.5,"axis":"y","origin":[11.33995,6.875,8.27336]},"faces":{"north":{"uv":[0,0,0.8,0.75],"texture":"#6"},"east":{"uv":[0,0,0.8,0.75],"texture":"#6"},"south":{"uv":[0,0,0.8,0.75],"texture":"#6"},"west":{"uv":[0,0,0.8,0.75],"texture":"#6"},"up":{"uv":[0,0,0.8,0.8],"texture":"#6","rotation":270},"down":{"uv":[0,0,0.8,0.8],"texture":"#6","rotation":90}}},{"name":"Cube","from":[11.62399,6.5,6.94812],"to":[12.37399,7.25,7.99812],"rotation":{"angle":0,"axis":"y","origin":[11.52399,6.875,7.59812]},"faces":{"north":{"uv":[0,0,0.8,0.75],"texture":"#6"},"east":{"uv":[0,0,0.8,0.75],"texture":"#6"},"south":{"uv":[0,0,0.8,0.75],"texture":"#6"},"west":{"uv":[0,0,0.8,0.75],"texture":"#6"},"up":{"uv":[0,0,0.8,0.8],"texture":"#6","rotation":270},"down":{"uv":[0,0,0.8,0.8],"texture":"#6","rotation":90}}},{"name":"Cube","from":[11.63562,6.5,5.25385],"to":[12.18562,7.25,7.30385],"rotation":{"angle":22.5,"axis":"y","origin":[11.43562,6.875,6.90385]},"faces":{"north":{"uv":[0,0,0.8,0.75],"texture":"#6"},"east":{"uv":[0,0,0.8,0.75],"texture":"#6"},"south":{"uv":[0,0,0.8,0.75],"texture":"#6"},"west":{"uv":[0,0,0.8,0.75],"texture":"#6"},"up":{"uv":[0,0,0.8,0.8],"texture":"#6","rotation":270},"down":{"uv":[0,0,0.8,0.8],"texture":"#6","rotation":90}}},{"name":"Cube","from":[10.88393,6.5,4.18993],"to":[11.43393,7.25,5.73993],"rotation":{"angle":45,"axis":"y","origin":[10.68393,6.875,5.33993]},"faces":{"north":{"uv":[0,0,0.8,0.75],"texture":"#6"},"east":{"uv":[0,0,0.8,0.75],"texture":"#6"},"south":{"uv":[0,0,0.8,0.75],"texture":"#6"},"west":{"uv":[0,0,0.8,0.75],"texture":"#6"},"up":{"uv":[0,0,0.8,0.8],"texture":"#6","rotation":270},"down":{"uv":[0,0,0.8,0.8],"texture":"#6","rotation":90}}},{"name":"Cube","from":[9.14864,6.5,3.94038],"to":[10.19864,7.25,4.29038],"rotation":{"angle":-22.5,"axis":"y","origin":[9.79864,6.875,4.59038]},"faces":{"north":{"uv":[0,0,0.8,0.75],"texture":"#6"},"east":{"uv":[0,0,0.8,0.75],"texture":"#6"},"south":{"uv":[0,0,0.8,0.75],"texture":"#6"},"west":{"uv":[0,0,0.8,0.75],"texture":"#6"},"up":{"uv":[0,0,0.8,0.8],"texture":"#6","rotation":180},"down":{"uv":[0,0,0.8,0.8],"texture":"#6","rotation":180}}},{"name":"Cube","from":[1.35,-3,0],"to":[14.65,0,1.8],"faces":{"north":{"uv":[0,0,13.3,3],"texture":"#5"},"east":{"uv":[0,0,1.8,3],"texture":"#5"},"south":{"uv":[0,0,13.3,3],"texture":"#5"},"west":{"uv":[0,0,1.8,3],"texture":"#5"},"up":{"uv":[0,0,13.3,1.8],"texture":"#5"},"down":{"uv":[0,0,13.3,1.8],"texture":"#5"}}},{"name":"Cube","from":[4.35,-4,0],"to":[11.65,-3,1.8],"faces":{"north":{"uv":[0,0,7.3,1],"texture":"#5"},"east":{"uv":[0,0,1.8,1],"texture":"#5"},"south":{"uv":[0,0,7.3,1],"texture":"#5"},"west":{"uv":[0,0,1.8,1],"texture":"#5"},"up":{"uv":[0,0,7.3,1.8],"texture":"#5"},"down":{"uv":[0,0,7.3,1.8],"texture":"#5"}}},{"name":"Cube","from":[2.2,0,-0.5],"to":[14,4.75,0.3],"faces":{"north":{"uv":[0,0,11.8,4.75],"texture":"#5"},"east":{"uv":[0,0,0.8,4.75],"texture":"#5"},"south":{"uv":[0,0,11.8,4.75],"texture":"#5"},"west":{"uv":[0,0,0.8,4.75],"texture":"#5"},"up":{"uv":[0,0,0.8,11.8],"texture":"#5","rotation":90},"down":{"uv":[0,0,0.8,11.8],"texture":"#5","rotation":270}}},{"name":"Cube","from":[4.2,-1.75,-0.5],"to":[12,0,0.3],"faces":{"north":{"uv":[0,0,7.8,1.75],"texture":"#5"},"east":{"uv":[0,0,0.8,1.75],"texture":"#5"},"south":{"uv":[0,0,7.8,1.75],"texture":"#5"},"west":{"uv":[0,0,0.8,1.75],"texture":"#5"},"up":{"uv":[0,0,0.8,7.8],"texture":"#5","rotation":90},"down":{"uv":[0,0,0.8,7.8],"texture":"#5","rotation":270}}}],"display":{"head":{"rotation":[0,180,0],"translation":[0,10.96,0],"scale":[1.05,1.05,1.05]},"gui":{"rotation":[22,-22,0],"translation":[0,4,-0.57],"scale":[0.66,0.69,0.63]},"thirdperson_righthand":{"scale":[0.3,0.3,0.3]},"thirdperson_lefthand":{"scale":[0.3,0.3,0.3]}},"credit":"Model by Craftventure"}