{"textures":{"white_concrete_powder":"block/white_concrete_powder","red_terracotta":"block/red_wool"},"elements":[{"__comment":"onderkant","from":[0,0,0],"to":[16,3,16],"faces":{"down":{"uv":[0,0,16,16],"texture":"#white_concrete_powder"},"up":{"uv":[0,0,16,16],"texture":"#white_concrete_powder"},"north":{"uv":[0,13,16,16],"texture":"#white_concrete_powder"},"south":{"uv":[0,13,16,16],"texture":"#white_concrete_powder"},"west":{"uv":[0,13,16,16],"texture":"#white_concrete_powder"},"east":{"uv":[0,13,16,16],"texture":"#white_concrete_powder"}}},{"__comment":"eerstekubus","from":[1,3,1],"to":[15,6,15],"faces":{"down":{"uv":[1,1,15,15],"texture":"#red_terracotta"},"up":{"uv":[1,1,15,15],"texture":"#red_terracotta"},"north":{"uv":[1,10,15,13],"texture":"#red_terracotta"},"south":{"uv":[1,10,15,13],"texture":"#red_terracotta"},"west":{"uv":[1,10,15,13],"texture":"#red_terracotta"},"east":{"uv":[1,10,15,13],"texture":"#red_terracotta"}}},{"__comment":"wittebol","from":[7,4.5,16],"to":[9.5,7,18.5],"faces":{"down":{"uv":[4.5,8,8.5,12],"texture":"#white_concrete_powder"},"up":{"uv":[0,0,4,4],"rotation":90,"texture":"#white_concrete_powder"},"north":{"uv":[7.5,1,11.5,5],"texture":"#white_concrete_powder"},"south":{"uv":[5,5.5,9,9.5],"texture":"#white_concrete_powder"},"west":{"uv":[6.5,6.5,10.5,10.5],"texture":"#white_concrete_powder"},"east":{"uv":[0,12,4,16],"texture":"#white_concrete_powder"}}},{"__comment":"eerstekubus*","from":[2,5.5,3],"to":[14,8.5,14],"faces":{"down":{"uv":[2,2,14,14],"texture":"#red_terracotta"},"up":{"uv":[2,2,14,14],"texture":"#red_terracotta"},"north":{"uv":[2,7,14,10],"texture":"#red_terracotta"},"south":{"uv":[2,7,14,10],"texture":"#red_terracotta"},"west":{"uv":[2,7,14,10],"texture":"#red_terracotta"},"east":{"uv":[2,7,14,10],"texture":"#red_terracotta"}}},{"__comment":"eerstekubus*","from":[3,6.0625,6.625],"to":[13,11.5625,15.125],"rotation":{"origin":[3,11.5625,6.625],"axis":"x","angle":22.5},"faces":{"down":{"uv":[3,6.625,13,15.125],"texture":"#red_terracotta"},"up":{"uv":[3,6.625,13,15.125],"texture":"#red_terracotta"},"north":{"uv":[3,3.9375,13,9.4375],"texture":"#red_terracotta"},"south":{"uv":[3,3.9375,13,9.4375],"texture":"#red_terracotta"},"west":{"uv":[6.625,3.9375,15.125,9.4375],"texture":"#red_terracotta"},"east":{"uv":[6.625,3.9375,15.125,9.4375],"texture":"#red_terracotta"}}},{"__comment":"eerstekubus*","from":[5,8.5,11],"to":[11.5,13.5,17],"rotation":{"origin":[5,13.5,11],"axis":"x","angle":45},"faces":{"down":{"uv":[5,9.5,11.5,15.5],"texture":"#red_terracotta"},"up":{"uv":[5,9.5,11.5,15.5],"texture":"#red_terracotta"},"north":{"uv":[5,2,11.5,6],"texture":"#red_terracotta"},"south":{"uv":[5,2,11.5,6],"texture":"#red_terracotta"},"west":{"uv":[10,2,16,6],"texture":"#red_terracotta"},"east":{"uv":[10,2,16,6],"texture":"#red_terracotta"}}},{"__comment":"eerstekubus*","from":[7,10.5,13.5],"to":[9.5,13.5,19.5],"rotation":{"origin":[7,13.5,13.5],"axis":"x","angle":45},"faces":{"down":{"uv":[7,10.5,9.5,16],"texture":"#red_terracotta"},"up":{"uv":[7,10.5,9.5,16],"texture":"#red_terracotta"},"north":{"uv":[7,2.5,9.5,5.5],"texture":"#red_terracotta"},"south":{"uv":[7,2.5,9.5,5.5],"texture":"#red_terracotta"},"west":{"uv":[10.5,2.5,16,5.5],"texture":"#red_terracotta"},"east":{"uv":[10.5,2.5,16,5.5],"texture":"#red_terracotta"}}},{"__comment":"eerstekubus*","from":[7.5,6,15],"to":[9,10,16.5],"rotation":{"origin":[7.5,10,15],"axis":"x","angle":-22.5},"faces":{"down":{"uv":[7.5,14.5,9,16],"texture":"#red_terracotta"},"up":{"uv":[7.5,14.5,9,16],"texture":"#red_terracotta"},"north":{"uv":[7.5,6.5,9,10.5],"texture":"#red_terracotta"},"south":{"uv":[7.5,6.5,9,10.5],"texture":"#red_terracotta"},"west":{"uv":[14,6.5,15.5,10.5],"texture":"#red_terracotta"},"east":{"uv":[14,6.5,15.5,10.5],"texture":"#red_terracotta"}}}],"display":{"head":{"rotation":[0,-90,0],"translation":[0,12.5,0],"scale":[1,1,1]},"gui":{"rotation":[20,110,0],"translation":[0,0.94,0],"scale":[0.7,0.7,0.7]}},"credit":"Model by Craftventure"}