{"textures":{"0":"block/gray_concrete","1":"block/smooth_stone","2":"block/chain_command_block_back","4":"block/cauldron_inner","5":"block/black_concrete","particle":"block/gray_concrete"},"elements":[{"name":"octagon","from":[-0.165,4.82829,12.36],"to":[3.995,5.04171,12.61],"rotation":{"angle":-45,"axis":"y","origin":[3.415,4.81,8.65]},"faces":{"north":{"uv":[0,0,1,1],"texture":"#1"},"east":{"uv":[0,0,1,1],"texture":"#1"},"south":{"uv":[0,0,1,1],"texture":"#1"},"west":{"uv":[0,0,1,1],"texture":"#1"},"up":{"uv":[0,0,1,1],"texture":"#1"},"down":{"uv":[0,0,1,1],"texture":"#1"}}},{"from":[3,0,4],"to":[13,8,5.75],"faces":{"north":{"uv":[1,1,6,5],"texture":"#1"},"east":{"uv":[1,1,4,2],"texture":"#1"},"south":{"uv":[1,1,6,5],"texture":"#1"},"west":{"uv":[1,1,3,4],"texture":"#1"},"up":{"uv":[1,1,6,3],"texture":"#1"},"down":{"uv":[1,1,4,3],"texture":"#1"}}},{"name":"octagon","from":[2,2.75736,10],"to":[3,5.24264,11],"rotation":{"angle":45,"axis":"x","origin":[2.5,4,8]},"faces":{"north":{"uv":[0,0,1,1],"texture":"#0"},"east":{"uv":[0,0,1,1],"texture":"#0"},"south":{"uv":[0,0,1,1],"texture":"#0"},"west":{"uv":[0,0,1,1],"texture":"#0"},"up":{"uv":[0,0,1,1],"texture":"#0"},"down":{"uv":[0,0,1,1],"texture":"#0"}}},{"name":"octagon","from":[2,2.75736,5],"to":[3,5.24264,6],"rotation":{"angle":0,"axis":"x","origin":[2.5,4,8]},"faces":{"north":{"uv":[0,0,1,1],"texture":"#0"},"east":{"uv":[0,0,1,1],"texture":"#0"},"south":{"uv":[0,0,1,1],"texture":"#0"},"west":{"uv":[0,0,1,1],"texture":"#0"},"up":{"uv":[0,0,1,1],"texture":"#0"},"down":{"uv":[0,0,1,1],"texture":"#0"}}},{"name":"octagon","from":[2,1,6.75736],"to":[3,2,9.24264],"rotation":{"angle":45,"axis":"x","origin":[2.5,4,8]},"faces":{"north":{"uv":[0,0,1,1],"texture":"#0"},"east":{"uv":[0,0,1,1],"texture":"#0"},"south":{"uv":[0,0,1,1],"texture":"#0"},"west":{"uv":[0,0,1,1],"texture":"#0"},"up":{"uv":[0,0,1,1],"texture":"#0"},"down":{"uv":[0,0,1,1],"texture":"#0"}}},{"name":"octagon","from":[2,1,6.75736],"to":[3,2,9.24264],"rotation":{"angle":0,"axis":"x","origin":[2.5,4,8]},"faces":{"north":{"uv":[0,0,1,1],"texture":"#0"},"east":{"uv":[0,0,1,1],"texture":"#0"},"south":{"uv":[0,0,1,1],"texture":"#0"},"west":{"uv":[0,0,1,1],"texture":"#0"},"up":{"uv":[0,0,1,1],"texture":"#0"},"down":{"uv":[0,0,1,1],"texture":"#0"}}},{"name":"octagon","from":[2,2.75736,10],"to":[3,5.24264,11],"rotation":{"angle":0,"axis":"x","origin":[2.5,4,8]},"faces":{"north":{"uv":[1,0,0,1],"texture":"#0","rotation":180},"east":{"uv":[1,0,0,1],"texture":"#0","rotation":180},"south":{"uv":[1,0,0,1],"texture":"#0","rotation":180},"west":{"uv":[1,0,0,1],"texture":"#0","rotation":180},"up":{"uv":[0,1,1,0],"texture":"#0","rotation":180},"down":{"uv":[0,1,1,0],"texture":"#0","rotation":180}}},{"name":"octagon","from":[2,2.75736,5],"to":[3,5.24264,6],"rotation":{"angle":45,"axis":"x","origin":[2.5,4,8]},"faces":{"north":{"uv":[1,0,0,1],"texture":"#0","rotation":180},"east":{"uv":[1,0,0,1],"texture":"#0","rotation":180},"south":{"uv":[1,0,0,1],"texture":"#0","rotation":180},"west":{"uv":[1,0,0,1],"texture":"#0","rotation":180},"up":{"uv":[0,1,1,0],"texture":"#0","rotation":180},"down":{"uv":[0,1,1,0],"texture":"#0","rotation":180}}},{"name":"octagon","from":[2,6,6.75736],"to":[3,7,9.24264],"rotation":{"angle":45,"axis":"x","origin":[2.5,4,8]},"faces":{"north":{"uv":[1,0,0,1],"texture":"#0","rotation":180},"east":{"uv":[1,0,0,1],"texture":"#0","rotation":180},"south":{"uv":[1,0,0,1],"texture":"#0","rotation":180},"west":{"uv":[1,0,0,1],"texture":"#0","rotation":180},"up":{"uv":[0,1,1,0],"texture":"#0","rotation":180},"down":{"uv":[0,1,1,0],"texture":"#0","rotation":180}}},{"name":"octagon","from":[2,6,6.75736],"to":[3,7,9.24264],"rotation":{"angle":0,"axis":"x","origin":[2.5,4,8]},"faces":{"north":{"uv":[1,0,0,1],"texture":"#0","rotation":180},"east":{"uv":[1,0,0,1],"texture":"#0","rotation":180},"south":{"uv":[1,0,0,1],"texture":"#0","rotation":180},"west":{"uv":[1,0,0,1],"texture":"#0","rotation":180},"up":{"uv":[0,1,1,0],"texture":"#0","rotation":180},"down":{"uv":[0,1,1,0],"texture":"#0","rotation":180}}},{"name":"octagon","from":[1.5,2.55025,4.5],"to":[2.5,5.44975,5.5],"rotation":{"angle":45,"axis":"x","origin":[2,4,8]},"faces":{"north":{"uv":[0,0,1,1],"texture":"#0"},"east":{"uv":[0,0,1,1],"texture":"#0"},"south":{"uv":[0,0,1,1],"texture":"#0"},"west":{"uv":[0,0,1,1],"texture":"#0"},"up":{"uv":[0,0,1,1],"texture":"#0"},"down":{"uv":[0,0,1,1],"texture":"#0"}}},{"name":"octagon","from":[1.5,2.55025,4.5],"to":[2.5,5.44975,5.5],"rotation":{"angle":0,"axis":"x","origin":[2,4,8]},"faces":{"north":{"uv":[0,0,1,1],"texture":"#0"},"east":{"uv":[0,0,1,1],"texture":"#0"},"south":{"uv":[0,0,1,1],"texture":"#0"},"west":{"uv":[0,0,1,1],"texture":"#0"},"up":{"uv":[0,0,1,1],"texture":"#0"},"down":{"uv":[0,0,1,1],"texture":"#0"}}},{"name":"octagon","from":[1.5,2.55025,10.5],"to":[2.5,5.44975,11.5],"rotation":{"angle":45,"axis":"x","origin":[2,4,8]},"faces":{"north":{"uv":[0,0,1,1],"texture":"#0"},"east":{"uv":[0,0,1,1],"texture":"#0"},"south":{"uv":[0,0,1,1],"texture":"#0"},"west":{"uv":[0,0,1,1],"texture":"#0"},"up":{"uv":[0,0,1,1],"texture":"#0"},"down":{"uv":[0,0,1,1],"texture":"#0"}}},{"name":"octagon","from":[1.5,2.55025,10.5],"to":[2.5,5.44975,11.5],"rotation":{"angle":0,"axis":"x","origin":[2,4,8]},"faces":{"north":{"uv":[0,0,1,1],"texture":"#0"},"east":{"uv":[0,0,1,1],"texture":"#0"},"south":{"uv":[0,0,1,1],"texture":"#0"},"west":{"uv":[0,0,1,1],"texture":"#0"},"up":{"uv":[0,0,1,1],"texture":"#0"},"down":{"uv":[0,0,1,1],"texture":"#0"}}},{"name":"octagon","from":[1.5,0.5,6.55025],"to":[2.5,1.5,9.44975],"rotation":{"angle":45,"axis":"x","origin":[2,4,8]},"faces":{"north":{"uv":[0,0,1,1],"texture":"#0"},"east":{"uv":[0,0,1,1],"texture":"#0"},"south":{"uv":[0,0,1,1],"texture":"#0"},"west":{"uv":[0,0,1,1],"texture":"#0"},"up":{"uv":[0,0,1,1],"texture":"#0"},"down":{"uv":[0,0,1,1],"texture":"#0"}}},{"name":"octagon","from":[1.5,0.5,6.55025],"to":[2.5,1.5,9.44975],"rotation":{"angle":0,"axis":"x","origin":[2,4,8]},"faces":{"north":{"uv":[0,0,1,1],"texture":"#0"},"east":{"uv":[0,0,1,1],"texture":"#0"},"south":{"uv":[0,0,1,1],"texture":"#0"},"west":{"uv":[0,0,1,1],"texture":"#0"},"up":{"uv":[0,0,1,1],"texture":"#0"},"down":{"uv":[0,0,1,1],"texture":"#0"}}},{"name":"octagon","from":[1.5,6.5,6.55025],"to":[2.5,7.5,9.44975],"rotation":{"angle":45,"axis":"x","origin":[2,4,8]},"faces":{"north":{"uv":[0,0,1,1],"texture":"#0"},"east":{"uv":[0,0,1,1],"texture":"#0"},"south":{"uv":[0,0,1,1],"texture":"#0"},"west":{"uv":[0,0,1,1],"texture":"#0"},"up":{"uv":[0,0,1,1],"texture":"#0"},"down":{"uv":[0,0,1,1],"texture":"#0"}}},{"name":"octagon","from":[1.5,6.5,6.55025],"to":[2.5,7.5,9.44975],"rotation":{"angle":0,"axis":"x","origin":[2,4,8]},"faces":{"north":{"uv":[0,0,1,1],"texture":"#0"},"east":{"uv":[0,0,1,1],"texture":"#0"},"south":{"uv":[0,0,1,1],"texture":"#0"},"west":{"uv":[0,0,1,1],"texture":"#0"},"up":{"uv":[0,0,1,1],"texture":"#0"},"down":{"uv":[0,0,1,1],"texture":"#0"}}},{"name":"octagon","from":[0.96,2.37829,3.94],"to":[1.62,5.74171,5.1],"rotation":{"angle":45,"axis":"x","origin":[1.04,4.06,8]},"faces":{"north":{"uv":[0,0,1,1],"texture":"#0"},"east":{"uv":[0,0,1,1],"texture":"#0"},"south":{"uv":[0,0,1,1],"texture":"#0"},"west":{"uv":[0,0,1,1],"texture":"#0"},"up":{"uv":[0,0,1,1],"texture":"#0"},"down":{"uv":[0,0,1,1],"texture":"#0"}}},{"name":"octagon","from":[0.96,2.37829,3.94],"to":[1.62,5.74171,5.1],"rotation":{"angle":0,"axis":"x","origin":[1.04,4.06,8]},"faces":{"north":{"uv":[0,0,1,1],"texture":"#0"},"east":{"uv":[0,0,1,1],"texture":"#0"},"south":{"uv":[0,0,1,1],"texture":"#0"},"west":{"uv":[0,0,1,1],"texture":"#0"},"up":{"uv":[0,0,1,1],"texture":"#0"},"down":{"uv":[0,0,1,1],"texture":"#0"}}},{"name":"octagon","from":[0.96,2.37829,10.9],"to":[1.62,5.74171,12.06],"rotation":{"angle":45,"axis":"x","origin":[1.04,4.06,8]},"faces":{"north":{"uv":[0,0,1,1],"texture":"#0"},"east":{"uv":[0,0,1,1],"texture":"#0"},"south":{"uv":[0,0,1,1],"texture":"#0"},"west":{"uv":[0,0,1,1],"texture":"#0"},"up":{"uv":[0,0,1,1],"texture":"#0"},"down":{"uv":[0,0,1,1],"texture":"#0"}}},{"name":"octagon","from":[0.96,2.37829,10.9],"to":[1.62,5.74171,12.06],"rotation":{"angle":0,"axis":"x","origin":[1.04,4.06,8]},"faces":{"north":{"uv":[0,0,1,1],"texture":"#0"},"east":{"uv":[0,0,1,1],"texture":"#0"},"south":{"uv":[0,0,1,1],"texture":"#0"},"west":{"uv":[0,0,1,1],"texture":"#0"},"up":{"uv":[0,0,1,1],"texture":"#0"},"down":{"uv":[0,0,1,1],"texture":"#0"}}},{"name":"octagon","from":[0.96,0,6.31829],"to":[1.62,1.16,9.68171],"rotation":{"angle":45,"axis":"x","origin":[1.04,4.06,8]},"faces":{"north":{"uv":[0,0,1,1],"texture":"#0"},"east":{"uv":[0,0,1,1],"texture":"#0"},"south":{"uv":[0,0,1,1],"texture":"#0"},"west":{"uv":[0,0,1,1],"texture":"#0"},"up":{"uv":[0,0,1,1],"texture":"#0"},"down":{"uv":[0,0,1,1],"texture":"#0"}}},{"name":"octagon","from":[0.96,0,6.31829],"to":[1.62,1.16,9.68171],"rotation":{"angle":0,"axis":"x","origin":[1.04,4.06,8]},"faces":{"north":{"uv":[0,0,1,1],"texture":"#0"},"east":{"uv":[0,0,1,1],"texture":"#0"},"south":{"uv":[0,0,1,1],"texture":"#0"},"west":{"uv":[0,0,1,1],"texture":"#0"},"up":{"uv":[0,0,1,1],"texture":"#0"},"down":{"uv":[0,0,1,1],"texture":"#0"}}},{"name":"octagon","from":[0.96,6.96,6.31829],"to":[1.62,8.12,9.68171],"rotation":{"angle":45,"axis":"x","origin":[1.04,4.06,8]},"faces":{"north":{"uv":[0,0,1,1],"texture":"#0"},"east":{"uv":[0,0,1,1],"texture":"#0"},"south":{"uv":[0,0,1,1],"texture":"#0"},"west":{"uv":[0,0,1,1],"texture":"#0"},"up":{"uv":[0,0,1,1],"texture":"#0"},"down":{"uv":[0,0,1,1],"texture":"#0"}}},{"name":"octagon","from":[0.96,6.96,6.31829],"to":[1.62,8.12,9.68171],"rotation":{"angle":0,"axis":"x","origin":[1.04,4.06,8]},"faces":{"north":{"uv":[0,0,1,1],"texture":"#0"},"east":{"uv":[0,0,1,1],"texture":"#0"},"south":{"uv":[0,0,1,1],"texture":"#0"},"west":{"uv":[0,0,1,1],"texture":"#0"},"up":{"uv":[0,0,1,1],"texture":"#0"},"down":{"uv":[0,0,1,1],"texture":"#0"}}},{"name":"octagon","from":[1.21,3.57829,7.5],"to":[2.12,4.54171,8.46],"rotation":{"angle":0,"axis":"x","origin":[1.54,4.06,4.5]},"faces":{"north":{"uv":[0,0,1,1],"texture":"#1"},"east":{"uv":[0,0,1,1],"texture":"#1"},"south":{"uv":[0,0,1,1],"texture":"#1"},"west":{"uv":[0,0,1,1],"texture":"#1"},"up":{"uv":[0,0,1,1],"texture":"#1"},"down":{"uv":[0,0,1,1],"texture":"#1"}}},{"name":"octagon","from":[0.76,3.47829,7.4],"to":[1.37,4.64171,8.56],"rotation":{"angle":0,"axis":"x","origin":[0.79,4.06,4.5]},"faces":{"north":{"uv":[0,0,1,1],"texture":"#1"},"east":{"uv":[0,0,1,1],"texture":"#1"},"south":{"uv":[0,0,1,1],"texture":"#1"},"west":{"uv":[0,0,1,1],"texture":"#1"},"up":{"uv":[0,0,1,1],"texture":"#1"},"down":{"uv":[0,0,1,1],"texture":"#1"}}},{"name":"octagon","from":[-1.94,2.97829,6.9],"to":[-1.33,5.14171,7.31],"rotation":{"angle":0,"axis":"x","origin":[-1.91,4.56,4]},"faces":{"north":{"uv":[0,0,1,1],"texture":"#1"},"east":{"uv":[0,0,1,1],"texture":"#1"},"south":{"uv":[0,0,1,1],"texture":"#1"},"west":{"uv":[0,0,1,1],"texture":"#1"},"up":{"uv":[0,0,1,1],"texture":"#1"},"down":{"uv":[0,0,1,1],"texture":"#1"}}},{"name":"octagon","from":[-1.94,2.97829,8.69],"to":[-1.33,5.14171,9.1],"rotation":{"angle":0,"axis":"x","origin":[-1.91,4.56,12]},"faces":{"north":{"uv":[1,0,0,1],"texture":"#1"},"east":{"uv":[1,0,0,1],"texture":"#1"},"south":{"uv":[1,0,0,1],"texture":"#1"},"west":{"uv":[1,0,0,1],"texture":"#1"},"up":{"uv":[0,1,1,0],"texture":"#1"},"down":{"uv":[0,1,1,0],"texture":"#1"}}},{"name":"octagon","from":[-1.94,4.73171,7.31],"to":[-1.33,5.14171,8.69],"rotation":{"angle":0,"axis":"x","origin":[-1.91,5.31341,10.62]},"faces":{"north":{"uv":[1,0,0,1],"texture":"#1"},"east":{"uv":[1,0,0,1],"texture":"#1"},"south":{"uv":[1,0,0,1],"texture":"#1"},"west":{"uv":[1,0,0,1],"texture":"#1"},"up":{"uv":[0,1,1,0],"texture":"#1"},"down":{"uv":[0,1,1,0],"texture":"#1"}}},{"name":"octagon","from":[-1.94,2.97829,7.31],"to":[-1.33,3.38829,8.69],"rotation":{"angle":0,"axis":"x","origin":[-1.91,3.56,10.62]},"faces":{"north":{"uv":[1,0,0,1],"texture":"#1"},"east":{"uv":[1,0,0,1],"texture":"#1"},"south":{"uv":[1,0,0,1],"texture":"#1"},"west":{"uv":[1,0,0,1],"texture":"#1"},"up":{"uv":[0,1,1,0],"texture":"#1"},"down":{"uv":[0,1,1,0],"texture":"#1"}}},{"name":"octagon","from":[-0.165,3.07829,12.36],"to":[3.995,3.29171,12.61],"rotation":{"angle":-45,"axis":"y","origin":[3.415,3.06,8.65]},"faces":{"north":{"uv":[0,0,1,1],"texture":"#1"},"east":{"uv":[0,0,1,1],"texture":"#1"},"south":{"uv":[0,0,1,1],"texture":"#1"},"west":{"uv":[0,0,1,1],"texture":"#1"},"up":{"uv":[0,0,1,1],"texture":"#1"},"down":{"uv":[0,0,1,1],"texture":"#1"}}},{"name":"octagon","from":[-0.165,4.82829,3.39],"to":[3.995,5.04171,3.64],"rotation":{"angle":45,"axis":"y","origin":[3.415,4.81,7.35]},"faces":{"north":{"uv":[1,0,0,1],"texture":"#1"},"east":{"uv":[1,0,0,1],"texture":"#1"},"south":{"uv":[1,0,0,1],"texture":"#1"},"west":{"uv":[1,0,0,1],"texture":"#1"},"up":{"uv":[0,1,1,0],"texture":"#1"},"down":{"uv":[0,1,1,0],"texture":"#1"}}},{"name":"octagon","from":[-0.165,3.07829,3.39],"to":[3.995,3.29171,3.64],"rotation":{"angle":45,"axis":"y","origin":[3.415,3.06,7.35]},"faces":{"north":{"uv":[1,0,0,1],"texture":"#1"},"east":{"uv":[1,0,0,1],"texture":"#1"},"south":{"uv":[1,0,0,1],"texture":"#1"},"west":{"uv":[1,0,0,1],"texture":"#1"},"up":{"uv":[0,1,1,0],"texture":"#1"},"down":{"uv":[0,1,1,0],"texture":"#1"}}},{"name":"octagon","from":[-0.165,8.42,8.71829],"to":[3.995,8.67,8.93171],"rotation":{"angle":45,"axis":"z","origin":[3.415,4.71,8.7]},"faces":{"north":{"uv":[0,1,1,0],"texture":"#1","rotation":180},"east":{"uv":[1,0,0,1],"texture":"#1","rotation":270},"south":{"uv":[0,1,1,0],"texture":"#1"},"west":{"uv":[1,0,0,1],"texture":"#1","rotation":90},"up":{"uv":[1,0,0,1],"texture":"#1","rotation":180},"down":{"uv":[1,0,0,1],"texture":"#1"}}},{"name":"octagon","from":[-0.165,8.42,6.96829],"to":[3.995,8.67,7.18171],"rotation":{"angle":45,"axis":"z","origin":[3.415,4.71,6.95]},"faces":{"north":{"uv":[0,1,1,0],"texture":"#1","rotation":180},"east":{"uv":[1,0,0,1],"texture":"#1","rotation":270},"south":{"uv":[0,1,1,0],"texture":"#1"},"west":{"uv":[1,0,0,1],"texture":"#1","rotation":90},"up":{"uv":[1,0,0,1],"texture":"#1","rotation":180},"down":{"uv":[1,0,0,1],"texture":"#1"}}},{"name":"octagon","from":[-0.165,-0.55,8.71829],"to":[3.995,-0.3,8.93171],"rotation":{"angle":-45,"axis":"z","origin":[3.415,3.41,8.7]},"faces":{"north":{"uv":[0,0,1,1],"texture":"#1","rotation":180},"east":{"uv":[0,0,1,1],"texture":"#1","rotation":270},"south":{"uv":[0,0,1,1],"texture":"#1"},"west":{"uv":[0,0,1,1],"texture":"#1","rotation":90},"up":{"uv":[0,0,1,1],"texture":"#1","rotation":180},"down":{"uv":[0,0,1,1],"texture":"#1"}}},{"name":"octagon","from":[-0.165,-0.55,6.96829],"to":[3.995,-0.3,7.18171],"rotation":{"angle":-45,"axis":"z","origin":[3.415,3.41,6.95]},"faces":{"north":{"uv":[0,0,1,1],"texture":"#1","rotation":180},"east":{"uv":[0,0,1,1],"texture":"#1","rotation":270},"south":{"uv":[0,0,1,1],"texture":"#1"},"west":{"uv":[0,0,1,1],"texture":"#1","rotation":90},"up":{"uv":[0,0,1,1],"texture":"#1","rotation":180},"down":{"uv":[0,0,1,1],"texture":"#1"}}},{"from":[3.6,1.4,11.3],"to":[7.6,5.4,12.3],"faces":{"north":{"uv":[1,1,6,5],"texture":"#1"},"east":{"uv":[1,1,6,5],"texture":"#1"},"south":{"uv":[4,4,13,13],"texture":"#2"},"west":{"uv":[1,1,6,5],"texture":"#1"},"up":{"uv":[1,1,6,5],"texture":"#1"},"down":{"uv":[1,1,6,5],"texture":"#1"}}},{"from":[6.2,5.4,11.3],"to":[7.15,7.2,12.2],"faces":{"north":{"uv":[0,0,0.95,1.8],"texture":"#0"},"east":{"uv":[0,0,0.9,1.8],"texture":"#0"},"south":{"uv":[0,0,0.95,1.8],"texture":"#0"},"west":{"uv":[0,0,0.9,1.8],"texture":"#0"},"up":{"uv":[0,0,0.95,0.9],"texture":"#0"},"down":{"uv":[0,0,0.95,0.9],"texture":"#0"}}},{"from":[7.15,6.7,11.3],"to":[12.375,7.2,12.2],"faces":{"north":{"uv":[0,0,0.95,1.8],"texture":"#0"},"east":{"uv":[0,0,0.9,1.8],"texture":"#0"},"south":{"uv":[0,0,0.95,1.8],"texture":"#0"},"west":{"uv":[0,0,0.9,1.8],"texture":"#0"},"up":{"uv":[0,0,0.95,0.9],"texture":"#0"},"down":{"uv":[0,0,0.95,0.9],"texture":"#0"}}},{"from":[11.8,1.85,11.3],"to":[12.375,6.725,12.2],"faces":{"north":{"uv":[0,0,0.575,5.875],"texture":"#0"},"east":{"uv":[0,0,0.9,5.875],"texture":"#0"},"south":{"uv":[0,0,0.575,5.875],"texture":"#0"},"west":{"uv":[0,0,0.9,5.875],"texture":"#0"},"up":{"uv":[0,0,0.575,0.9],"texture":"#0"},"down":{"uv":[0,0,0.575,0.9],"texture":"#0"}}},{"from":[8.2,4.15,11.3],"to":[9.15,5.95,12.7],"rotation":{"angle":-22.5,"axis":"z","origin":[8.675,5.05,11.75]},"faces":{"north":{"uv":[0,0,0.95,1.8],"texture":"#0"},"east":{"uv":[0,0,0.9,1.8],"texture":"#0"},"south":{"uv":[0,0,0.95,1.8],"texture":"#0"},"west":{"uv":[0,0,0.9,1.8],"texture":"#0"},"up":{"uv":[0,0,0.95,0.9],"texture":"#0"},"down":{"uv":[0,0,0.95,0.9],"texture":"#0"}}},{"from":[8.2,0.15,13.05],"to":[9.15,9.95,13.95],"rotation":{"angle":-22.5,"axis":"z","origin":[8.675,5.05,13.5]},"faces":{"north":{"uv":[0,0,0.95,1.8],"texture":"#0"},"east":{"uv":[0,0,0.9,1.8],"texture":"#0"},"south":{"uv":[0,0,0.95,1.8],"texture":"#0"},"west":{"uv":[0,0,0.9,1.8],"texture":"#0"},"up":{"uv":[0,0,0.95,0.9],"texture":"#0"},"down":{"uv":[0,0,0.95,0.9],"texture":"#0"}}},{"from":[8.45,4.75,12.45],"to":[8.9,5.35,13.35],"rotation":{"angle":-22.5,"axis":"z","origin":[8.675,5.05,12.9]},"faces":{"north":{"uv":[0,0,0.95,1.8],"texture":"#1"},"east":{"uv":[0,0,0.9,1.8],"texture":"#1"},"south":{"uv":[0,0,0.95,1.8],"texture":"#1"},"west":{"uv":[0,0,0.9,1.8],"texture":"#1"},"up":{"uv":[0,0,0.95,0.9],"texture":"#1"},"down":{"uv":[0,0,0.95,0.9],"texture":"#1"}}},{"from":[8.45,9.15,13.85],"to":[8.9,9.75,28.25],"rotation":{"angle":-22.5,"axis":"z","origin":[8.675,5.05,14.3]},"faces":{"north":{"uv":[0,0,0.95,1.8],"texture":"#1"},"east":{"uv":[0,0,0.9,1.8],"texture":"#1"},"south":{"uv":[0,0,0.95,1.8],"texture":"#1"},"west":{"uv":[0,0,0.9,1.8],"texture":"#1"},"up":{"uv":[0,0,0.95,0.9],"texture":"#1"},"down":{"uv":[0,0,0.95,0.9],"texture":"#1"}}},{"from":[8.45,0.35,13.85],"to":[8.9,0.95,28.25],"rotation":{"angle":-22.5,"axis":"z","origin":[8.675,5.05,14.3]},"faces":{"north":{"uv":[0,0,0.95,1.8],"texture":"#1"},"east":{"uv":[0,0,0.9,1.8],"texture":"#1"},"south":{"uv":[0,0,0.95,1.8],"texture":"#1"},"west":{"uv":[0,0,0.9,1.8],"texture":"#1"},"up":{"uv":[0,0,0.95,0.9],"texture":"#1"},"down":{"uv":[0,0,0.95,0.9],"texture":"#1"}}},{"from":[8.2,0.15,28.05],"to":[9.15,9.95,28.95],"rotation":{"angle":-22.5,"axis":"z","origin":[8.675,5.05,28.5]},"faces":{"north":{"uv":[0,0,0.95,1.8],"texture":"#0"},"east":{"uv":[0,0,0.9,1.8],"texture":"#0"},"south":{"uv":[0,0,0.95,1.8],"texture":"#0"},"west":{"uv":[0,0,0.9,1.8],"texture":"#0"},"up":{"uv":[0,0,0.95,0.9],"texture":"#0"},"down":{"uv":[0,0,0.95,0.9],"texture":"#0"}}},{"from":[8.2,5.3,14.15],"to":[8.65,9.85,17.3],"rotation":{"angle":-22.5,"axis":"z","origin":[8.675,5.05,14.6]},"faces":{"north":{"uv":[1,2,1.9,3.8],"texture":"#4"},"east":{"uv":[1,2,1.9,3.8],"texture":"#4"},"south":{"uv":[1,2,1.9,3.8],"texture":"#4"},"west":{"uv":[12,5,12.9,6.8],"texture":"#4"},"up":{"uv":[1,2,1.9,3.8],"texture":"#4"},"down":{"uv":[1,2,1.9,3.8],"texture":"#4"}}},{"from":[8.2,5.3,17.65],"to":[8.65,9.85,20.8],"rotation":{"angle":-22.5,"axis":"z","origin":[8.675,5.05,18.1]},"faces":{"north":{"uv":[10,3,10.9,4.8],"texture":"#4"},"east":{"uv":[10,3,10.9,4.8],"texture":"#4"},"south":{"uv":[10,3,10.9,4.8],"texture":"#4"},"west":{"uv":[10,3,10.9,4.8],"texture":"#4"},"up":{"uv":[10,3,10.9,4.8],"texture":"#4"},"down":{"uv":[10,3,10.9,4.8],"texture":"#4"}}},{"from":[8.2,5.3,24.65],"to":[8.65,9.85,27.8],"rotation":{"angle":-22.5,"axis":"z","origin":[8.675,5.05,25.1]},"faces":{"north":{"uv":[1,2,1.9,3.8],"texture":"#4"},"east":{"uv":[1,2,1.9,3.8],"texture":"#4"},"south":{"uv":[1,2,1.9,3.8],"texture":"#4"},"west":{"uv":[1,2,1.9,3.8],"texture":"#4"},"up":{"uv":[1,2,1.9,3.8],"texture":"#4"},"down":{"uv":[1,2,1.9,3.8],"texture":"#4"}}},{"from":[8.2,5.3,21.15],"to":[8.65,9.85,24.3],"rotation":{"angle":-22.5,"axis":"z","origin":[8.675,5.05,21.6]},"faces":{"north":{"uv":[7,7,7.9,8.8],"texture":"#4"},"east":{"uv":[7,7,7.9,8.8],"texture":"#4"},"south":{"uv":[7,7,7.9,8.8],"texture":"#4"},"west":{"uv":[7,7,7.9,8.8],"texture":"#4"},"up":{"uv":[7,7,7.9,8.8],"texture":"#4"},"down":{"uv":[7,7,7.9,8.8],"texture":"#4"}}},{"from":[8.2,0.3,14.15],"to":[8.65,4.85,17.3],"rotation":{"angle":-22.5,"axis":"z","origin":[8.675,5.05,14.6]},"faces":{"north":{"uv":[7,7,7.9,8.8],"texture":"#4"},"east":{"uv":[7,7,7.9,8.8],"texture":"#4"},"south":{"uv":[7,7,7.9,8.8],"texture":"#4"},"west":{"uv":[7,7,7.9,8.8],"texture":"#4"},"up":{"uv":[7,7,7.9,8.8],"texture":"#4"},"down":{"uv":[7,7,7.9,8.8],"texture":"#4"}}},{"from":[8.2,0.3,17.65],"to":[8.65,4.85,20.8],"rotation":{"angle":-22.5,"axis":"z","origin":[8.675,5.05,18.1]},"faces":{"north":{"uv":[1,2,1.9,3.8],"texture":"#4"},"east":{"uv":[1,2,1.9,3.8],"texture":"#4"},"south":{"uv":[1,2,1.9,3.8],"texture":"#4"},"west":{"uv":[1,2,1.9,3.8],"texture":"#4"},"up":{"uv":[1,2,1.9,3.8],"texture":"#4"},"down":{"uv":[1,2,1.9,3.8],"texture":"#4"}}},{"from":[8.2,0.3,21.15],"to":[8.65,4.85,24.3],"rotation":{"angle":-22.5,"axis":"z","origin":[8.675,5.05,21.6]},"faces":{"north":{"uv":[10,3,10.9,4.8],"texture":"#4"},"east":{"uv":[10,3,10.9,4.8],"texture":"#4"},"south":{"uv":[10,3,10.9,4.8],"texture":"#4"},"west":{"uv":[10,3,10.9,4.8],"texture":"#4"},"up":{"uv":[10,3,10.9,4.8],"texture":"#4"},"down":{"uv":[10,3,10.9,4.8],"texture":"#4"}}},{"from":[8.2,0.3,24.65],"to":[8.65,4.85,27.8],"rotation":{"angle":-22.5,"axis":"z","origin":[8.675,5.05,25.1]},"faces":{"north":{"uv":[7,7,7.9,8.8],"texture":"#4"},"east":{"uv":[7,7,7.9,8.8],"texture":"#4"},"south":{"uv":[7,7,7.9,8.8],"texture":"#4"},"west":{"uv":[7,7,7.9,8.8],"texture":"#4"},"up":{"uv":[7,7,7.9,8.8],"texture":"#4"},"down":{"uv":[7,7,7.9,8.8],"texture":"#4"}}},{"from":[8.45,4.65,13.85],"to":[8.9,5.45,28.25],"rotation":{"angle":-22.5,"axis":"z","origin":[8.675,5.05,14.3]},"faces":{"north":{"uv":[0,0,0.95,1.8],"texture":"#1"},"east":{"uv":[0,0,0.9,1.8],"texture":"#1"},"south":{"uv":[0,0,0.95,1.8],"texture":"#1"},"west":{"uv":[0,0,0.9,1.8],"texture":"#1"},"up":{"uv":[0,0,0.95,0.9],"texture":"#1"},"down":{"uv":[0,0,0.95,0.9],"texture":"#1"}}},{"from":[8.2,4.15,3.3],"to":[9.15,5.95,4.7],"rotation":{"angle":-22.5,"axis":"z","origin":[8.675,5.05,4.25]},"faces":{"north":{"uv":[0.95,0,0,1.8],"texture":"#0"},"east":{"uv":[0.9,0,0,1.8],"texture":"#0"},"south":{"uv":[0.95,0,0,1.8],"texture":"#0"},"west":{"uv":[0.9,0,0,1.8],"texture":"#0"},"up":{"uv":[0,0.9,0.95,0],"texture":"#0"},"down":{"uv":[0,0.9,0.95,0],"texture":"#0"}}},{"from":[8.45,4.65,-12.25],"to":[8.9,5.45,2.15],"rotation":{"angle":-22.5,"axis":"z","origin":[8.675,5.05,1.7]},"faces":{"north":{"uv":[0.95,0,0,1.8],"texture":"#1"},"east":{"uv":[0.9,0,0,1.8],"texture":"#1"},"south":{"uv":[0.95,0,0,1.8],"texture":"#1"},"west":{"uv":[0.9,0,0,1.8],"texture":"#1"},"up":{"uv":[0,0.9,0.95,0],"texture":"#1"},"down":{"uv":[0,0.9,0.95,0],"texture":"#1"}}},{"from":[8.2,5.3,-1.3],"to":[8.65,9.85,1.85],"rotation":{"angle":-22.5,"axis":"z","origin":[8.675,5.05,1.4]},"faces":{"north":{"uv":[1.9,2,1,3.8],"texture":"#4"},"east":{"uv":[1.9,2,1,3.8],"texture":"#4"},"south":{"uv":[1.9,2,1,3.8],"texture":"#4"},"west":{"uv":[1.9,2,1,3.8],"texture":"#4"},"up":{"uv":[1,3.8,1.9,2],"texture":"#4"},"down":{"uv":[1,3.8,1.9,2],"texture":"#4"}}},{"from":[8.2,0.15,2.05],"to":[9.15,9.95,2.95],"rotation":{"angle":-22.5,"axis":"z","origin":[8.675,5.05,2.5]},"faces":{"north":{"uv":[0.95,0,0,1.8],"texture":"#0"},"east":{"uv":[0.9,0,0,1.8],"texture":"#0"},"south":{"uv":[0.95,0,0,1.8],"texture":"#0"},"west":{"uv":[0.9,0,0,1.8],"texture":"#0"},"up":{"uv":[0,0.9,0.95,0],"texture":"#0"},"down":{"uv":[0,0.9,0.95,0],"texture":"#0"}}},{"from":[8.2,5.3,-4.8],"to":[8.65,9.85,-1.65],"rotation":{"angle":-22.5,"axis":"z","origin":[8.675,5.05,-2.1]},"faces":{"north":{"uv":[10.9,3,10,4.8],"texture":"#4"},"east":{"uv":[10.9,3,10,4.8],"texture":"#4"},"south":{"uv":[10.9,3,10,4.8],"texture":"#4"},"west":{"uv":[10.9,3,10,4.8],"texture":"#4"},"up":{"uv":[10,4.8,10.9,3],"texture":"#4"},"down":{"uv":[10,4.8,10.9,3],"texture":"#4"}}},{"from":[8.2,5.3,-8.3],"to":[8.65,9.85,-5.15],"rotation":{"angle":-22.5,"axis":"z","origin":[8.675,5.05,-5.6]},"faces":{"north":{"uv":[7.9,7,7,8.8],"texture":"#4"},"east":{"uv":[7.9,7,7,8.8],"texture":"#4"},"south":{"uv":[7.9,7,7,8.8],"texture":"#4"},"west":{"uv":[7.9,7,7,8.8],"texture":"#4"},"up":{"uv":[7,8.8,7.9,7],"texture":"#4"},"down":{"uv":[7,8.8,7.9,7],"texture":"#4"}}},{"from":[8.2,5.3,-11.8],"to":[8.65,9.85,-8.65],"rotation":{"angle":-22.5,"axis":"z","origin":[8.675,5.05,-9.1]},"faces":{"north":{"uv":[1.9,2,1,3.8],"texture":"#4"},"east":{"uv":[1.9,2,1,3.8],"texture":"#4"},"south":{"uv":[1.9,2,1,3.8],"texture":"#4"},"west":{"uv":[1.9,2,1,3.8],"texture":"#4"},"up":{"uv":[1,3.8,1.9,2],"texture":"#4"},"down":{"uv":[1,3.8,1.9,2],"texture":"#4"}}},{"from":[8.45,9.15,-12.25],"to":[8.9,9.75,2.15],"rotation":{"angle":-22.5,"axis":"z","origin":[8.675,5.05,1.7]},"faces":{"north":{"uv":[0.95,0,0,1.8],"texture":"#1"},"east":{"uv":[0.9,0,0,1.8],"texture":"#1"},"south":{"uv":[0.95,0,0,1.8],"texture":"#1"},"west":{"uv":[0.9,0,0,1.8],"texture":"#1"},"up":{"uv":[0,0.9,0.95,0],"texture":"#1"},"down":{"uv":[0,0.9,0.95,0],"texture":"#1"}}},{"from":[8.2,0.15,-12.95],"to":[9.15,9.95,-12.05],"rotation":{"angle":-22.5,"axis":"z","origin":[8.675,5.05,-12.5]},"faces":{"north":{"uv":[0.95,0,0,1.8],"texture":"#0"},"east":{"uv":[0.9,0,0,1.8],"texture":"#0"},"south":{"uv":[0.95,0,0,1.8],"texture":"#0"},"west":{"uv":[0.9,0,0,1.8],"texture":"#0"},"up":{"uv":[0,0.9,0.95,0],"texture":"#0"},"down":{"uv":[0,0.9,0.95,0],"texture":"#0"}}},{"from":[8.2,0.3,-11.8],"to":[8.65,4.85,-8.65],"rotation":{"angle":-22.5,"axis":"z","origin":[8.675,5.05,-9.1]},"faces":{"north":{"uv":[7.9,7,7,8.8],"texture":"#4"},"east":{"uv":[7.9,7,7,8.8],"texture":"#4"},"south":{"uv":[7.9,7,7,8.8],"texture":"#4"},"west":{"uv":[7.9,7,7,8.8],"texture":"#4"},"up":{"uv":[7,8.8,7.9,7],"texture":"#4"},"down":{"uv":[7,8.8,7.9,7],"texture":"#4"}}},{"from":[8.2,0.3,-8.3],"to":[8.65,4.85,-5.15],"rotation":{"angle":-22.5,"axis":"z","origin":[8.675,5.05,-5.6]},"faces":{"north":{"uv":[10.9,3,10,4.8],"texture":"#4"},"east":{"uv":[10.9,3,10,4.8],"texture":"#4"},"south":{"uv":[10.9,3,10,4.8],"texture":"#4"},"west":{"uv":[10.9,3,10,4.8],"texture":"#4"},"up":{"uv":[10,4.8,10.9,3],"texture":"#4"},"down":{"uv":[10,4.8,10.9,3],"texture":"#4"}}},{"from":[8.2,0.3,-4.8],"to":[8.65,4.85,-1.65],"rotation":{"angle":-22.5,"axis":"z","origin":[8.675,5.05,-2.1]},"faces":{"north":{"uv":[1.9,2,1,3.8],"texture":"#4"},"east":{"uv":[1.9,2,1,3.8],"texture":"#4"},"south":{"uv":[1.9,2,1,3.8],"texture":"#4"},"west":{"uv":[1.9,2,1,3.8],"texture":"#4"},"up":{"uv":[1,3.8,1.9,2],"texture":"#4"},"down":{"uv":[1,3.8,1.9,2],"texture":"#4"}}},{"from":[8.2,0.3,-1.3],"to":[8.65,4.85,1.85],"rotation":{"angle":-22.5,"axis":"z","origin":[8.675,5.05,1.4]},"faces":{"north":{"uv":[7.9,7,7,8.8],"texture":"#4"},"east":{"uv":[7.9,7,7,8.8],"texture":"#4"},"south":{"uv":[7.9,7,7,8.8],"texture":"#4"},"west":{"uv":[7.9,7,7,8.8],"texture":"#4"},"up":{"uv":[7,8.8,7.9,7],"texture":"#4"},"down":{"uv":[7,8.8,7.9,7],"texture":"#4"}}},{"from":[8.45,0.35,-12.25],"to":[8.9,0.95,2.15],"rotation":{"angle":-22.5,"axis":"z","origin":[8.675,5.05,1.7]},"faces":{"north":{"uv":[0.95,0,0,1.8],"texture":"#1"},"east":{"uv":[0.9,0,0,1.8],"texture":"#1"},"south":{"uv":[0.95,0,0,1.8],"texture":"#1"},"west":{"uv":[0.9,0,0,1.8],"texture":"#1"},"up":{"uv":[0,0.9,0.95,0],"texture":"#1"},"down":{"uv":[0,0.9,0.95,0],"texture":"#1"}}},{"from":[8.45,4.75,2.65],"to":[8.9,5.35,3.55],"rotation":{"angle":-22.5,"axis":"z","origin":[8.675,5.05,3.1]},"faces":{"north":{"uv":[0.95,0,0,1.8],"texture":"#1"},"east":{"uv":[0.9,0,0,1.8],"texture":"#1"},"south":{"uv":[0.95,0,0,1.8],"texture":"#1"},"west":{"uv":[0.9,0,0,1.8],"texture":"#1"},"up":{"uv":[0,0.9,0.95,0],"texture":"#1"},"down":{"uv":[0,0.9,0.95,0],"texture":"#1"}}},{"from":[4.2,6.4,6.3],"to":[5.4,8.45,7.45],"faces":{"north":{"uv":[0,0,0.95,1.8],"texture":"#0"},"east":{"uv":[0,0,0.9,1.8],"texture":"#0"},"south":{"uv":[0,0,0.95,1.8],"texture":"#0"},"west":{"uv":[0,0,0.9,1.8],"texture":"#0"},"up":{"uv":[0,0,0.95,0.9],"texture":"#0"},"down":{"uv":[0,0,0.95,0.9],"texture":"#0"}}},{"from":[4.45,8.4,6.4],"to":[5.15,10.45,7.05],"faces":{"north":{"uv":[0,0,0.95,1.8],"texture":"#1"},"east":{"uv":[0,0,0.9,1.8],"texture":"#1"},"south":{"uv":[0,0,0.95,1.8],"texture":"#1"},"west":{"uv":[0,0,0.9,1.8],"texture":"#1"},"up":{"uv":[0,0,0.95,0.9],"texture":"#1"},"down":{"uv":[0,0,0.95,0.9],"texture":"#1"}}},{"from":[4.55,10,6.5],"to":[5.05,12.75,6.95],"faces":{"north":{"uv":[0,0,0.95,1.8],"texture":"#1"},"east":{"uv":[0,0,0.9,1.8],"texture":"#1"},"south":{"uv":[0,0,0.95,1.8],"texture":"#1"},"west":{"uv":[0,0,0.9,1.8],"texture":"#1"},"up":{"uv":[0,0,0.95,0.9],"texture":"#1"},"down":{"uv":[0,0,0.95,0.9],"texture":"#1"}}},{"from":[4.525,12.5,6.475],"to":[5.075,12.95,6.975],"faces":{"north":{"uv":[0,0,0.9,1.8],"texture":"#5"},"east":{"uv":[0,0,0.9,1.8],"texture":"#5"},"south":{"uv":[0,0,0.9,1.8],"texture":"#5"},"west":{"uv":[0,0,0.9,1.8],"texture":"#5"},"up":{"uv":[0,0,0.9,1.8],"texture":"#5"},"down":{"uv":[0,0,0.9,1.8],"texture":"#5"}}},{"from":[4.596,8.067,7.087],"to":[4.932,9.051,7.399],"faces":{"north":{"uv":[0,0,0.95,1.8],"texture":"#1"},"east":{"uv":[0,0,0.9,1.8],"texture":"#1"},"south":{"uv":[0,0,0.95,1.8],"texture":"#1"},"west":{"uv":[0,0,0.9,1.8],"texture":"#1"},"up":{"uv":[0,0,0.95,0.9],"texture":"#1"},"down":{"uv":[0,0,0.95,0.9],"texture":"#1"}}},{"from":[4.644,8.835,7.135],"to":[4.884,10.155,7.351],"faces":{"north":{"uv":[0,0,0.95,1.8],"texture":"#1"},"east":{"uv":[0,0,0.9,1.8],"texture":"#1"},"south":{"uv":[0,0,0.95,1.8],"texture":"#1"},"west":{"uv":[0,0,0.9,1.8],"texture":"#1"},"up":{"uv":[0,0,0.95,0.9],"texture":"#1"},"down":{"uv":[0,0,0.95,0.9],"texture":"#1"}}},{"from":[4.632,10.035,7.123],"to":[4.896,10.251,7.363],"faces":{"north":{"uv":[0,0,0.9,1.8],"texture":"#5"},"east":{"uv":[0,0,0.9,1.8],"texture":"#5"},"south":{"uv":[0,0,0.9,1.8],"texture":"#5"},"west":{"uv":[0,0,0.9,1.8],"texture":"#5"},"up":{"uv":[0,0,0.9,1.8],"texture":"#5"},"down":{"uv":[0,0,0.9,1.8],"texture":"#5"}}},{"from":[8.2,6.4,8.3],"to":[9.4,8.45,9.45],"faces":{"north":{"uv":[0,0,0.95,1.8],"texture":"#0"},"east":{"uv":[0,0,0.9,1.8],"texture":"#0"},"south":{"uv":[0,0,0.95,1.8],"texture":"#0"},"west":{"uv":[0,0,0.9,1.8],"texture":"#0"},"up":{"uv":[0,0,0.95,0.9],"texture":"#0"},"down":{"uv":[0,0,0.95,0.9],"texture":"#0"}}},{"from":[9.95,6.4,6.3],"to":[11.4,9.45,7.7],"faces":{"north":{"uv":[0,0,0.95,1.8],"texture":"#0"},"east":{"uv":[0,0,0.9,1.8],"texture":"#0"},"south":{"uv":[0,0,0.95,1.8],"texture":"#0"},"west":{"uv":[0,0,0.9,1.8],"texture":"#0"},"up":{"uv":[0,0,0.95,0.9],"texture":"#0"},"down":{"uv":[0,0,0.95,0.9],"texture":"#0"}}},{"from":[10.1,7.1,7.55],"to":[10.675,8.175,12.2],"faces":{"north":{"uv":[0,0,0.575,5.875],"texture":"#0"},"east":{"uv":[0,0,0.9,5.875],"texture":"#0"},"south":{"uv":[0,0,0.575,5.875],"texture":"#0"},"west":{"uv":[0,0,0.9,5.875],"texture":"#0"},"up":{"uv":[0,0,0.575,0.9],"texture":"#0"},"down":{"uv":[0,0,0.575,0.9],"texture":"#0"}}},{"from":[10.6,0.4,11.3],"to":[12.6,2.4,12.3],"faces":{"north":{"uv":[1,1,6,5],"texture":"#1"},"east":{"uv":[1,1,6,5],"texture":"#1"},"south":{"uv":[4,4,13,13],"texture":"#2"},"west":{"uv":[1,1,6,5],"texture":"#1"},"up":{"uv":[1,1,6,5],"texture":"#1"},"down":{"uv":[1,1,6,5],"texture":"#1"}}},{"from":[10.6,0.4,3.7],"to":[12.6,2.4,4.7],"faces":{"north":{"uv":[13,4,4,13],"texture":"#2"},"east":{"uv":[6,1,1,5],"texture":"#1"},"south":{"uv":[6,1,1,5],"texture":"#1"},"west":{"uv":[6,1,1,5],"texture":"#1"},"up":{"uv":[1,5,6,1],"texture":"#1"},"down":{"uv":[1,5,6,1],"texture":"#1"}}},{"from":[11.8,1.85,3.8],"to":[12.375,6.725,4.7],"faces":{"north":{"uv":[0.575,0,0,5.875],"texture":"#0"},"east":{"uv":[0.9,0,0,5.875],"texture":"#0"},"south":{"uv":[0.575,0,0,5.875],"texture":"#0"},"west":{"uv":[0.9,0,0,5.875],"texture":"#0"},"up":{"uv":[0,0.9,0.575,0],"texture":"#0"},"down":{"uv":[0,0.9,0.575,0],"texture":"#0"}}},{"from":[7.15,6.7,3.8],"to":[12.375,7.2,4.7],"faces":{"north":{"uv":[0.95,0,0,1.8],"texture":"#0"},"east":{"uv":[0.9,0,0,1.8],"texture":"#0"},"south":{"uv":[0.95,0,0,1.8],"texture":"#0"},"west":{"uv":[0.9,0,0,1.8],"texture":"#0"},"up":{"uv":[0,0.9,0.95,0],"texture":"#0"},"down":{"uv":[0,0.9,0.95,0],"texture":"#0"}}},{"from":[10.1,7.1,3.8],"to":[10.675,8.175,7.45],"faces":{"north":{"uv":[0.575,0,0,5.875],"texture":"#0"},"east":{"uv":[0.9,0,0,5.875],"texture":"#0"},"south":{"uv":[0.575,0,0,5.875],"texture":"#0"},"west":{"uv":[0.9,0,0,5.875],"texture":"#0"},"up":{"uv":[0,0.9,0.575,0],"texture":"#0"},"down":{"uv":[0,0.9,0.575,0],"texture":"#0"}}},{"from":[6.2,5.4,3.8],"to":[7.15,7.2,4.7],"faces":{"north":{"uv":[0.95,0,0,1.8],"texture":"#0"},"east":{"uv":[0.9,0,0,1.8],"texture":"#0"},"south":{"uv":[0.95,0,0,1.8],"texture":"#0"},"west":{"uv":[0.9,0,0,1.8],"texture":"#0"},"up":{"uv":[0,0.9,0.95,0],"texture":"#0"},"down":{"uv":[0,0.9,0.95,0],"texture":"#0"}}},{"from":[3.6,1.4,3.7],"to":[7.6,5.4,4.7],"faces":{"north":{"uv":[13,4,4,13],"texture":"#2"},"east":{"uv":[6,1,1,5],"texture":"#1"},"south":{"uv":[6,1,1,5],"texture":"#1"},"west":{"uv":[6,1,1,5],"texture":"#1"},"up":{"uv":[1,5,6,1],"texture":"#1"},"down":{"uv":[1,5,6,1],"texture":"#1"}}},{"from":[12.3,1.425,5.75],"to":[13.3,6.675,11],"faces":{"north":{"uv":[6,1,1,5],"texture":"#1"},"east":{"uv":[13,4,4,13],"texture":"#2"},"south":{"uv":[6,1,1,5],"texture":"#1"},"west":{"uv":[6,1,1,5],"texture":"#1"},"up":{"uv":[1,5,6,1],"texture":"#1","rotation":90},"down":{"uv":[1,5,6,1],"texture":"#1","rotation":270}}},{"from":[10.55,6.375,8.6],"to":[13.2,8.175,9.55],"faces":{"north":{"uv":[0.9,0,0,1.8],"texture":"#0"},"east":{"uv":[0.95,0,0,1.8],"texture":"#0"},"south":{"uv":[0.9,0,0,1.8],"texture":"#0"},"west":{"uv":[0.95,0,0,1.8],"texture":"#0"},"up":{"uv":[0,0.9,0.95,0],"texture":"#0","rotation":90},"down":{"uv":[0,0.9,0.95,0],"texture":"#0","rotation":270}}},{"from":[3,0,11],"to":[13,8,12],"faces":{"north":{"uv":[6,1,1,5],"texture":"#1"},"east":{"uv":[4,1,1,3],"texture":"#1"},"south":{"uv":[6,1,1,5],"texture":"#1"},"west":{"uv":[5,1,1,4],"texture":"#1"},"up":{"uv":[1,2,6,1],"texture":"#1"},"down":{"uv":[1,3,4,1],"texture":"#1"}}},{"from":[3,6,5.75],"to":[13,8,11],"faces":{"north":{"uv":[0,0,10,2],"texture":"#1"},"east":{"uv":[3,2,9,4],"texture":"#1"},"south":{"uv":[0,0,10,2],"texture":"#1"},"west":{"uv":[2,2,8,4],"texture":"#1"},"up":{"uv":[3,3,13,9],"texture":"#1"},"down":{"uv":[0,0,10,6],"texture":"#1"}}},{"from":[3,0,5.75],"to":[13,2,11],"faces":{"north":{"uv":[0,0,10,2],"texture":"#1"},"east":{"uv":[3,2,9,4],"texture":"#1"},"south":{"uv":[0,0,10,2],"texture":"#1"},"west":{"uv":[2,2,8,4],"texture":"#1"},"up":{"uv":[3,3,13,9],"texture":"#1"},"down":{"uv":[2,2,12,8],"texture":"#1"}}},{"from":[10,2,5.75],"to":[13,6,11],"faces":{"north":{"uv":[0,0,10,2],"texture":"#1"},"east":{"uv":[3,2,9,4],"texture":"#1"},"south":{"uv":[0,0,10,2],"texture":"#1"},"west":{"uv":[2,2,8,4],"texture":"#1"},"up":{"uv":[3,3,13,9],"texture":"#1"},"down":{"uv":[2,2,12,8],"texture":"#1"}}}],"display":{"head":{"scale":[1.9,1.9,1.9],"rotation":[0,-90,0],"translation":[0,7.5,0]},"gui":{"scale":[0.4,0.4,0.4],"rotation":[18,54,0]},"thirdperson_lefthand":{"rotation":[70,90,0],"translation":[-5,10,39],"scale":[4,4,4]}},"groups":[0,1,{"name":"octagon","isOpen":true,"shade":true,"display":{"visibility":true,"autouv":false},"children":[2,3,4,5,6,7,8,9]},{"name":"octagon","isOpen":true,"shade":true,"display":{"visibility":true,"autouv":false},"children":[10,11,12,13,14,15,16,17,18,19,20,21,22,23,24,25,26,27,28,29,30,31]},32,33,34,35,36,37,38,39,40,41,42,43,44,45,46,47,48,49,50,51,52,53,54,55,56,57,58,59,60,61,62,63,64,65,66,67,68,69,70,71,72,73,74,75,76,77,78,79,80,81,82,83,84,85,86,87,88,89,90,91,92,93,94,95],"credit":"Model by Craftventure"}