{"textures":{"0":"block/gray_concrete","1":"block/smooth_stone","particle":"block/gray_concrete"},"elements":[{"from":[7.2,0.325,5.2],"to":[8.8,3.46,6.55],"rotation":{"angle":22.5,"axis":"x","origin":[8,1.7,5.4]},"faces":{"north":{"uv":[0,0,1,1],"texture":"#0"},"east":{"uv":[0,0,1,1],"texture":"#0"},"south":{"uv":[0,0,1,1],"texture":"#0"},"west":{"uv":[0,0,1,1],"texture":"#0"},"up":{"uv":[0,0,1,1],"texture":"#0"},"down":{"uv":[0,0,1,1],"texture":"#0"}}},{"from":[7.2,1.29949,5.8583],"to":[8.8,5.00949,8.8333],"rotation":{"angle":0,"axis":"x","origin":[8,4.04949,6.0583]},"faces":{"north":{"uv":[0,0,1,1],"texture":"#0"},"east":{"uv":[0,0,1,1],"texture":"#0"},"south":{"uv":[0,0,1,1],"texture":"#0"},"west":{"uv":[0,0,1,1],"texture":"#0"},"up":{"uv":[0,0,1,1],"texture":"#0"},"down":{"uv":[0,0,1,1],"texture":"#0"}}},{"from":[7.2,4.87206,5.56738],"to":[8.8,7.55206,5.96738],"rotation":{"angle":-22.5,"axis":"x","origin":[8,5.67206,5.76738]},"faces":{"north":{"uv":[0,0,1,1],"texture":"#0"},"east":{"uv":[0,0,1,1],"texture":"#0"},"south":{"uv":[0,0,1,1],"texture":"#0"},"west":{"uv":[0,0,1,1],"texture":"#0"},"up":{"uv":[0,0,1,1],"texture":"#0"},"down":{"uv":[0,0,1,1],"texture":"#0"}}},{"from":[7.2,6.38126,5.01306],"to":[8.8,6.78126,7.53306],"rotation":{"angle":22.5,"axis":"x","origin":[8,6.58126,6.89306]},"faces":{"north":{"uv":[0,0,1,1],"texture":"#0"},"east":{"uv":[0,0,1,1],"texture":"#0"},"south":{"uv":[0,0,1,1],"texture":"#0"},"west":{"uv":[0,0,1,1],"texture":"#0"},"up":{"uv":[0,0,1,1],"texture":"#0"},"down":{"uv":[0,0,1,1],"texture":"#0"}}},{"from":[7.2,3.05034,6.86882],"to":[8.8,5.25034,9.86882],"rotation":{"angle":45,"axis":"x","origin":[8,5.05034,8.74882]},"faces":{"north":{"uv":[0,0,1,1],"texture":"#0"},"east":{"uv":[0,0,1,1],"texture":"#0"},"south":{"uv":[0,0,1,1],"texture":"#0"},"west":{"uv":[0,0,1,1],"texture":"#0"},"up":{"uv":[0,0,1,1],"texture":"#0"},"down":{"uv":[0,0,1,1],"texture":"#0"}}},{"from":[7.2,0.27638,9.01688],"to":[8.8,4.46638,10.41688],"rotation":{"angle":-22.5,"axis":"x","origin":[8,2.58638,10.21688]},"faces":{"north":{"uv":[0,0,1,1],"texture":"#0"},"east":{"uv":[0,0,1,1],"texture":"#0"},"south":{"uv":[0,0,1,1],"texture":"#0"},"west":{"uv":[0,0,1,1],"texture":"#0"},"up":{"uv":[0,0,1,1],"texture":"#0"},"down":{"uv":[0,0,1,1],"texture":"#0"}}},{"from":[7.2,5.78126,5.23806],"to":[8.8,6.38126,7.40806],"rotation":{"angle":22.5,"axis":"x","origin":[8,6.18126,7.11806]},"faces":{"north":{"uv":[0,0,1,1],"texture":"#0"},"east":{"uv":[0,0,1,1],"texture":"#0"},"south":{"uv":[0,0,1,1],"texture":"#0"},"west":{"uv":[0,0,1,1],"texture":"#0"},"up":{"uv":[0,0,1,1],"texture":"#0"},"down":{"uv":[0,0,1,1],"texture":"#0"}}},{"from":[7.2,5.03126,5.53806],"to":[8.8,5.68126,7.13306],"rotation":{"angle":22.5,"axis":"x","origin":[8,5.48126,7.46806]},"faces":{"north":{"uv":[0,0,1,1],"texture":"#0"},"east":{"uv":[0,0,1,1],"texture":"#0"},"south":{"uv":[0,0,1,1],"texture":"#0"},"west":{"uv":[0,0,1,1],"texture":"#0"},"up":{"uv":[0,0,1,1],"texture":"#0"},"down":{"uv":[0,0,1,1],"texture":"#0"}}},{"from":[7.2,4.63126,5.86306],"to":[8.8,5.18126,6.40806],"rotation":{"angle":22.5,"axis":"x","origin":[8,4.98126,7.46806]},"faces":{"north":{"uv":[0,0,1,1],"texture":"#0"},"east":{"uv":[0,0,1,1],"texture":"#0"},"south":{"uv":[0,0,1,1],"texture":"#0"},"west":{"uv":[0,0,1,1],"texture":"#0"},"up":{"uv":[0,0,1,1],"texture":"#0"},"down":{"uv":[0,0,1,1],"texture":"#0"}}},{"from":[7.2,-0.01042,5.93627],"to":[8.8,2.79958,10.01127],"rotation":{"angle":0,"axis":"x","origin":[8,2.73958,6.13627]},"faces":{"north":{"uv":[0,0,1,1],"texture":"#0"},"east":{"uv":[0,0,1,1],"texture":"#0"},"south":{"uv":[0,0,1,1],"texture":"#0"},"west":{"uv":[0,0,1,1],"texture":"#0"},"up":{"uv":[0,0,1,1],"texture":"#0"},"down":{"uv":[0,0,1,1],"texture":"#0"}}},{"from":[4,0.58958,7.23627],"to":[12,0.99958,8.71127],"rotation":{"angle":0,"axis":"x","origin":[6.8,3.33958,6.13627]},"faces":{"north":{"uv":[0,0,1,1],"texture":"#1"},"east":{"uv":[0,0,1,1],"texture":"#1"},"south":{"uv":[0,0,1,1],"texture":"#1"},"west":{"uv":[0,0,1,1],"texture":"#1"},"up":{"uv":[0,0,1,1],"texture":"#1"},"down":{"uv":[0,0,1,1],"texture":"#1"}}},{"from":[3.59,-4.00042,7.23627],"to":[4,0.99958,8.71127],"rotation":{"angle":0,"axis":"z","origin":[1.25,-4.20042,6.13627]},"faces":{"north":{"uv":[0,0,1,1],"texture":"#1","rotation":90},"east":{"uv":[0,0,1,1],"texture":"#1","rotation":270},"south":{"uv":[0,0,1,1],"texture":"#1","rotation":270},"west":{"uv":[0,0,1,1],"texture":"#1","rotation":270},"up":{"uv":[0,0,1,1],"texture":"#1","rotation":270},"down":{"uv":[0,0,1,1],"texture":"#1","rotation":270}}},{"from":[12,-4.00042,7.23627],"to":[12.41,0.99958,8.71127],"rotation":{"angle":0,"axis":"z","origin":[9.66,-4.20042,6.13627]},"faces":{"north":{"uv":[0,0,1,1],"texture":"#1","rotation":90},"east":{"uv":[0,0,1,1],"texture":"#1","rotation":270},"south":{"uv":[0,0,1,1],"texture":"#1","rotation":270},"west":{"uv":[0,0,1,1],"texture":"#1","rotation":270},"up":{"uv":[0,0,1,1],"texture":"#1","rotation":270},"down":{"uv":[0,0,1,1],"texture":"#1","rotation":270}}},{"from":[3.59106,-1.7042,4.75124],"to":[3.98732,-0.65149,5.79612],"rotation":{"angle":45,"axis":"x","origin":[1.23732,-5.85149,3.22112]},"faces":{"north":{"uv":[0,0,1,1],"texture":"#1","rotation":90},"east":{"uv":[0,0,1,1],"texture":"#1","rotation":270},"south":{"uv":[0,0,1,1],"texture":"#1","rotation":270},"west":{"uv":[0,0,1,1],"texture":"#1","rotation":270},"up":{"uv":[0,0,1,1],"texture":"#1","rotation":270},"down":{"uv":[0,0,1,1],"texture":"#1","rotation":270}}},{"from":[12.01374,-1.70923,4.74358],"to":[12.41,-0.65652,5.78847],"rotation":{"angle":45,"axis":"x","origin":[9.66,-5.85652,3.21347]},"faces":{"north":{"uv":[0,0,1,1],"texture":"#1","rotation":90},"east":{"uv":[0,0,1,1],"texture":"#1","rotation":270},"south":{"uv":[0,0,1,1],"texture":"#1","rotation":270},"west":{"uv":[0,0,1,1],"texture":"#1","rotation":270},"up":{"uv":[0,0,1,1],"texture":"#1","rotation":270},"down":{"uv":[0,0,1,1],"texture":"#1","rotation":270}}},{"from":[3.54106,-1.4042,4.95124],"to":[3.93732,-0.75149,5.59612],"rotation":{"angle":45,"axis":"x","origin":[1.18732,-5.75149,3.22112]},"faces":{"north":{"uv":[0,0,1,1],"texture":"#0","rotation":90},"east":{"uv":[0,0,1,1],"texture":"#0","rotation":270},"south":{"uv":[0,0,1,1],"texture":"#0","rotation":270},"west":{"uv":[0,0,1,1],"texture":"#0","rotation":270},"up":{"uv":[0,0,1,1],"texture":"#0","rotation":270},"down":{"uv":[0,0,1,1],"texture":"#0","rotation":270}}},{"from":[12.06268,-1.4042,4.95124],"to":[12.45894,-0.75149,5.59612],"rotation":{"angle":45,"axis":"x","origin":[14.81268,-5.75149,3.22112]},"faces":{"north":{"uv":[1,0,0,1],"texture":"#0","rotation":90},"east":{"uv":[1,0,0,1],"texture":"#0","rotation":270},"south":{"uv":[1,0,0,1],"texture":"#0","rotation":270},"west":{"uv":[1,0,0,1],"texture":"#0","rotation":270},"up":{"uv":[1,0,0,1],"texture":"#0","rotation":270},"down":{"uv":[1,0,0,1],"texture":"#0","rotation":270}}}],"display":{"head":{"scale":[1.58,1.58,1.58],"translation":[0,17.8,0],"rotation":[0,180,0]},"gui":{"rotation":[15,-37,0],"translation":[0,6.5,0]}},"credit":"Model by Craftventure"}