{"ambientocclusion":false,"textures":{"particle":"block/flower_christmaspot","flowerpot":"block/flower_christmaspot","dirt":"block/dirt","plant":"block/christmastree"},"elements":[{"from":[5,0,5],"to":[6,6,11],"faces":{"down":{"uv":[5,5,6,11],"texture":"#flowerpot","cullface":"down"},"up":{"uv":[5,5,6,11],"texture":"#flowerpot"},"north":{"uv":[10,10,11,16],"texture":"#flowerpot"},"south":{"uv":[5,10,6,16],"texture":"#flowerpot"},"west":{"uv":[5,10,11,16],"texture":"#flowerpot"},"east":{"uv":[5,10,11,16],"texture":"#flowerpot"}}},{"from":[10,0,5],"to":[11,6,11],"faces":{"down":{"uv":[10,5,11,11],"texture":"#flowerpot","cullface":"down"},"up":{"uv":[10,5,11,11],"texture":"#flowerpot"},"north":{"uv":[5,10,6,16],"texture":"#flowerpot"},"south":{"uv":[10,10,11,16],"texture":"#flowerpot"},"west":{"uv":[5,10,11,16],"texture":"#flowerpot"},"east":{"uv":[5,10,11,16],"texture":"#flowerpot"}}},{"from":[6,0,5],"to":[10,6,6],"faces":{"down":{"uv":[6,10,10,11],"texture":"#flowerpot","cullface":"down"},"up":{"uv":[6,5,10,6],"texture":"#flowerpot"},"north":{"uv":[6,10,10,16],"texture":"#flowerpot"},"south":{"uv":[6,10,10,16],"texture":"#flowerpot"}}},{"from":[6,0,10],"to":[10,6,11],"faces":{"down":{"uv":[6,5,10,6],"texture":"#flowerpot","cullface":"down"},"up":{"uv":[6,10,10,11],"texture":"#flowerpot"},"north":{"uv":[6,10,10,16],"texture":"#flowerpot"},"south":{"uv":[6,10,10,16],"texture":"#flowerpot"}}},{"from":[6,0,6],"to":[10,4,10],"faces":{"down":{"uv":[6,6,10,10],"texture":"#flowerpot","cullface":"down"},"up":{"uv":[6,6,10,10],"texture":"#dirt"}}},{"from":[2.6,4,7.9987],"to":[13.4,16,7.9997],"rotation":{"origin":[8,8,8],"axis":"y","angle":45,"rescale":true},"faces":{"north":{"uv":[0,0,16,16],"texture":"#plant"},"south":{"uv":[0,0,16,16],"texture":"#plant"}}},{"from":[8.0013,4,2.6],"to":[8.0023,16,13.4],"rotation":{"origin":[8,8,8],"axis":"y","angle":45,"rescale":true},"faces":{"west":{"uv":[0,0,16,16],"texture":"#plant"},"east":{"uv":[0,0,16,16],"texture":"#plant"}}}],"display":{"head":{"translation":[0,16,0],"scale":[1.2,1.2,1.2]}},"credit":"Model by Craftventure"}