{"textures":{"2":"block/red_wool","3":"block/coal_block","4":"block/orange_wool","1_0":"block/snow"},"elements":[{"name":"head","from":[6,0.5,6],"to":[10,3.5,10],"faces":{"north":{"uv":[0,0,16,16],"texture":"#1_0"},"east":{"uv":[0,0,16,16],"texture":"#1_0"},"south":{"uv":[0,0,16,16],"texture":"#1_0"},"west":{"uv":[0,0,16,16],"texture":"#1_0"},"up":{"uv":[0,0,16,16],"texture":"#1_0"},"down":{"uv":[0,0,16,16],"texture":"#1_0"}}},{"name":"tophat1","from":[5.5,3.5,5.5],"to":[10.5,4,10.5],"faces":{"north":{"uv":[0,0,16,1.5],"texture":"#3"},"east":{"uv":[0,0,16,1.5],"texture":"#3"},"south":{"uv":[0,0,16,1.5],"texture":"#3"},"west":{"uv":[0,0,16,1.5],"texture":"#3"},"up":{"uv":[0,0,16,16],"texture":"#3"},"down":{"uv":[0,0,16,16],"texture":"#3"}}},{"name":"tophatblack1","from":[6,3.5,6],"to":[10,4.5,10],"faces":{"north":{"uv":[2,0,14,2.5],"texture":"#3"},"east":{"uv":[2,0,14,2.5],"texture":"#3"},"south":{"uv":[2,0,14,2.5],"texture":"#3"},"west":{"uv":[2,0,14,2.5],"texture":"#3"},"up":{"uv":[0,0,4,4],"texture":"#3"},"down":{"uv":[0,0,4,4],"texture":"#3"}}},{"name":"tophatblack","from":[6,5.5,6],"to":[10,7,10],"faces":{"north":{"uv":[2,0,14,5.5],"texture":"#3"},"east":{"uv":[2,0,14,5.5],"texture":"#3"},"south":{"uv":[2,0,14,5.5],"texture":"#3"},"west":{"uv":[2,0,14,5.5],"texture":"#3"},"up":{"uv":[2,0,14,10.5],"texture":"#3"},"down":{"uv":[2,0,14,5.5],"texture":"#3"}}},{"name":"tophatred","from":[6,4.5,6],"to":[10,5.5,10],"faces":{"north":{"uv":[0,0,16,4],"texture":"#2"},"east":{"uv":[0,0,16,4],"texture":"#2"},"south":{"uv":[0,0,16,4],"texture":"#2"},"west":{"uv":[0,0,16,4],"texture":"#2"},"up":{"uv":[0,0,4,4],"texture":"#2"},"down":{"uv":[0,0,4,4],"texture":"#2"}}},{"name":"eye1","from":[9.3,2,9],"to":[10.3,3,9.5],"faces":{"north":{"uv":[0,0,1,1],"texture":"#3"},"east":{"uv":[0,0,0.5,1],"texture":"#3"},"south":{"uv":[0,0,1,1],"texture":"#3"},"west":{"uv":[0,0,0.5,1],"texture":"#3"},"up":{"uv":[0,0,1,0.5],"texture":"#3"},"down":{"uv":[0,0,1,0.5],"texture":"#3"}}},{"name":"eye2","from":[9.3,2,6.5],"to":[10.3,3,7],"faces":{"north":{"uv":[0,0,1,1],"texture":"#3"},"east":{"uv":[0,0,0.5,1],"texture":"#3"},"south":{"uv":[0,0,1,1],"texture":"#3"},"west":{"uv":[0,0,0.5,1],"texture":"#3"},"up":{"uv":[0,0,1,0.5],"texture":"#3"},"down":{"uv":[0,0,1,0.5],"texture":"#3"}}},{"name":"mouth1","from":[9.8,1,7.3],"to":[10.3,1.5,8.3],"faces":{"north":{"uv":[0,0,0.5,0.5],"texture":"#3"},"east":{"uv":[0,0,1,0.5],"texture":"#3"},"south":{"uv":[0,0,0.5,0.5],"texture":"#3"},"west":{"uv":[0,0,1,0.5],"texture":"#3"},"up":{"uv":[0,0,0.5,1],"texture":"#3"},"down":{"uv":[0,0,0.5,1],"texture":"#3"}}},{"name":"nose1","from":[9.5,1.7,7.6],"to":[10.5,2.4,8.3],"faces":{"north":{"uv":[0,0,1,0.7],"texture":"#4"},"east":{"uv":[0,0,0.7,0.7],"texture":"#4"},"south":{"uv":[0,0,1,0.7],"texture":"#4"},"west":{"uv":[0,0,0.7,0.7],"texture":"#4"},"up":{"uv":[0,0,1,0.7],"texture":"#4"},"down":{"uv":[0,0,1,0.7],"texture":"#4"}}},{"name":"nose2","from":[10.5,1.8,7.7],"to":[11.5,2.3,8.2],"faces":{"north":{"uv":[0,0,1,0.5],"texture":"#4"},"east":{"uv":[0,0,0.5,0.5],"texture":"#4"},"south":{"uv":[0,0,1,0.5],"texture":"#4"},"west":{"uv":[0,0,0.5,0.5],"texture":"#4"},"up":{"uv":[0,0,1,0.5],"texture":"#4"},"down":{"uv":[0,0,1,0.5],"texture":"#4"}}}],"display":{"head":{"rotation":[0,90,0],"translation":[0,21.5,0],"scale":[3.8,3.8,3.8]},"gui":{"rotation":[10,-67,0],"translation":[0,7.5,0],"scale":[1.8,1.8,1.8]}},"groups":[{"name":"snowman","children":[0,1,2,3,4,5,6,7,8,9]}],"credit":"Model by Craftventure"}