{"textures":{"0":"block/hay_block_top","1":"block/red_terracotta","2":"block/green_terracotta"},"elements":[{"from":[1,1,1],"to":[2,3,2],"faces":{"down":{"uv":[0,0,1,1],"texture":"#0"},"up":{"uv":[0,0,1,1],"texture":"#0"},"north":{"uv":[0,0,1,2],"texture":"#0"},"south":{"uv":[0,0,1,2],"texture":"#0"},"west":{"uv":[0,0,1,2],"texture":"#0"},"east":{"uv":[0,0,1,2],"texture":"#0"}}},{"from":[2,1,0.6],"to":[4,3,1.6],"faces":{"down":{"uv":[0,0,2,1],"texture":"#0"},"up":{"uv":[0,0,2,1],"texture":"#0"},"north":{"uv":[0,0,2,2],"texture":"#0"},"south":{"uv":[0,0,2,2],"texture":"#0"},"west":{"uv":[0,0,1,2],"texture":"#0"},"east":{"uv":[0,0,1,2],"texture":"#0"}}},{"from":[4,1,0.4],"to":[6,3,1.4],"faces":{"down":{"uv":[0,0,2,1],"texture":"#0"},"up":{"uv":[0,0,2,1],"texture":"#0"},"north":{"uv":[0,0,2,2],"texture":"#0"},"south":{"uv":[0,0,2,2],"texture":"#0"},"west":{"uv":[0,0,1,2],"texture":"#0"},"east":{"uv":[0,0,1,2],"texture":"#0"}}},{"from":[6,1,0.2],"to":[8,3,1.2],"faces":{"down":{"uv":[0,0,2,1],"texture":"#0"},"up":{"uv":[0,0,2,1],"texture":"#0"},"north":{"uv":[0,0,2,2],"texture":"#0"},"south":{"uv":[0,0,2,2],"texture":"#0"},"west":{"uv":[0,0,1,2],"texture":"#0"},"east":{"uv":[0,0,1,2],"texture":"#0"}}},{"from":[8,1,0.2],"to":[10,3,1.2],"faces":{"down":{"uv":[0,0,2,1],"texture":"#0"},"up":{"uv":[0,0,2,1],"texture":"#0"},"north":{"uv":[0,0,2,2],"texture":"#0"},"south":{"uv":[0,0,2,2],"texture":"#0"},"west":{"uv":[0,0,1,2],"texture":"#0"},"east":{"uv":[0,0,1,2],"texture":"#0"}}},{"from":[10,1,0.4],"to":[12,3,1.4],"faces":{"down":{"uv":[0,0,2,1],"texture":"#0"},"up":{"uv":[0,0,2,1],"texture":"#0"},"north":{"uv":[0,0,2,2],"texture":"#0"},"south":{"uv":[0,0,2,2],"texture":"#0"},"west":{"uv":[0,0,1,2],"texture":"#0"},"east":{"uv":[0,0,1,2],"texture":"#0"}}},{"from":[12,1,0.6],"to":[14,3,1.6],"faces":{"down":{"uv":[0,0,2,1],"texture":"#0"},"up":{"uv":[0,0,2,1],"texture":"#0"},"north":{"uv":[0,0,2,2],"texture":"#0"},"south":{"uv":[0,0,2,2],"texture":"#0"},"west":{"uv":[0,0,1,2],"texture":"#0"},"east":{"uv":[0,0,1,2],"texture":"#0"}}},{"from":[14,1,1],"to":[15,3,2],"faces":{"down":{"uv":[0,0,1,1],"texture":"#0"},"up":{"uv":[0,0,1,1],"texture":"#0"},"north":{"uv":[0,0,1,2],"texture":"#0"},"south":{"uv":[0,0,1,2],"texture":"#0"},"west":{"uv":[0,0,1,2],"texture":"#0"},"east":{"uv":[0,0,1,2],"texture":"#0"}}},{"from":[14.4,1,2],"to":[15.4,3,4],"faces":{"down":{"uv":[0,0,1,2],"texture":"#0"},"up":{"uv":[0,0,1,2],"texture":"#0"},"north":{"uv":[0,0,1,2],"texture":"#0"},"south":{"uv":[0,0,1,2],"texture":"#0"},"west":{"uv":[0,0,2,2],"texture":"#0"},"east":{"uv":[0,0,2,2],"texture":"#0"}}},{"from":[14.6,1,4],"to":[15.6,3,6],"faces":{"down":{"uv":[0,0,1,2],"texture":"#0"},"up":{"uv":[0,0,1,2],"texture":"#0"},"north":{"uv":[0,0,1,2],"texture":"#0"},"south":{"uv":[0,0,1,2],"texture":"#0"},"west":{"uv":[0,0,2,2],"texture":"#0"},"east":{"uv":[0,0,2,2],"texture":"#0"}}},{"from":[14.8,1,6],"to":[15.8,3,8],"faces":{"down":{"uv":[0,0,1,2],"texture":"#0"},"up":{"uv":[0,0,1,2],"texture":"#0"},"north":{"uv":[0,0,1,2],"texture":"#0"},"south":{"uv":[0,0,1,2],"texture":"#0"},"west":{"uv":[0,0,2,2],"texture":"#0"},"east":{"uv":[0,0,2,2],"texture":"#0"}}},{"from":[14.8,1,8],"to":[15.8,3,10],"faces":{"down":{"uv":[0,0,1,2],"texture":"#0"},"up":{"uv":[0,0,1,2],"texture":"#0"},"north":{"uv":[0,0,1,2],"texture":"#0"},"south":{"uv":[0,0,1,2],"texture":"#0"},"west":{"uv":[0,0,2,2],"texture":"#0"},"east":{"uv":[0,0,2,2],"texture":"#0"}}},{"from":[14.6,1,10],"to":[15.6,3,12],"faces":{"down":{"uv":[0,0,1,2],"texture":"#0"},"up":{"uv":[0,0,1,2],"texture":"#0"},"north":{"uv":[0,0,1,2],"texture":"#0"},"south":{"uv":[0,0,1,2],"texture":"#0"},"west":{"uv":[0,0,2,2],"texture":"#0"},"east":{"uv":[0,0,2,2],"texture":"#0"}}},{"from":[14.4,1,12],"to":[15.4,3,14],"faces":{"down":{"uv":[0,0,1,2],"texture":"#0"},"up":{"uv":[0,0,1,2],"texture":"#0"},"north":{"uv":[0,0,1,2],"texture":"#0"},"south":{"uv":[0,0,1,2],"texture":"#0"},"west":{"uv":[0,0,2,2],"texture":"#0"},"east":{"uv":[0,0,2,2],"texture":"#0"}}},{"from":[14,1,14],"to":[15,3,15],"faces":{"down":{"uv":[0,0,1,1],"texture":"#0"},"up":{"uv":[0,0,1,1],"texture":"#0"},"north":{"uv":[0,0,1,2],"texture":"#0"},"south":{"uv":[0,0,1,2],"texture":"#0"},"west":{"uv":[0,0,1,2],"texture":"#0"},"east":{"uv":[0,0,1,2],"texture":"#0"}}},{"from":[12,1,14.4],"to":[14,3,15.4],"faces":{"down":{"uv":[0,0,2,1],"texture":"#0"},"up":{"uv":[0,0,2,1],"texture":"#0"},"north":{"uv":[0,0,2,2],"texture":"#0"},"south":{"uv":[0,0,2,2],"texture":"#0"},"west":{"uv":[0,0,1,2],"texture":"#0"},"east":{"uv":[0,0,1,2],"texture":"#0"}}},{"from":[10,1,14.6],"to":[12,3,15.6],"faces":{"down":{"uv":[0,0,2,1],"texture":"#0"},"up":{"uv":[0,0,2,1],"texture":"#0"},"north":{"uv":[0,0,2,2],"texture":"#0"},"south":{"uv":[0,0,2,2],"texture":"#0"},"west":{"uv":[0,0,1,2],"texture":"#0"},"east":{"uv":[0,0,1,2],"texture":"#0"}}},{"from":[8,1,14.8],"to":[10,3,15.8],"faces":{"down":{"uv":[0,0,2,1],"texture":"#0"},"up":{"uv":[0,0,2,1],"texture":"#0"},"north":{"uv":[0,0,2,2],"texture":"#0"},"south":{"uv":[0,0,2,2],"texture":"#0"},"west":{"uv":[0,0,1,2],"texture":"#0"},"east":{"uv":[0,0,1,2],"texture":"#0"}}},{"from":[6,1,14.8],"to":[8,3,15.8],"faces":{"down":{"uv":[0,0,2,1],"texture":"#0"},"up":{"uv":[0,0,2,1],"texture":"#0"},"north":{"uv":[0,0,2,2],"texture":"#0"},"south":{"uv":[0,0,2,2],"texture":"#0"},"west":{"uv":[0,0,1,2],"texture":"#0"},"east":{"uv":[0,0,1,2],"texture":"#0"}}},{"from":[4,1,14.6],"to":[6,3,15.6],"faces":{"down":{"uv":[0,0,2,1],"texture":"#0"},"up":{"uv":[0,0,2,1],"texture":"#0"},"north":{"uv":[0,0,2,2],"texture":"#0"},"south":{"uv":[0,0,2,2],"texture":"#0"},"west":{"uv":[0,0,1,2],"texture":"#0"},"east":{"uv":[0,0,1,2],"texture":"#0"}}},{"from":[2,1,14.4],"to":[4,3,15.4],"faces":{"down":{"uv":[0,0,2,1],"texture":"#0"},"up":{"uv":[0,0,2,1],"texture":"#0"},"north":{"uv":[0,0,2,2],"texture":"#0"},"south":{"uv":[0,0,2,2],"texture":"#0"},"west":{"uv":[0,0,1,2],"texture":"#0"},"east":{"uv":[0,0,1,2],"texture":"#0"}}},{"from":[1,1,14],"to":[2,3,15],"faces":{"down":{"uv":[0,0,1,1],"texture":"#0"},"up":{"uv":[0,0,1,1],"texture":"#0"},"north":{"uv":[0,0,1,2],"texture":"#0"},"south":{"uv":[0,0,1,2],"texture":"#0"},"west":{"uv":[0,0,1,2],"texture":"#0"},"east":{"uv":[0,0,1,2],"texture":"#0"}}},{"from":[0.5,1,12],"to":[1.5,3,14],"faces":{"down":{"uv":[0,0,1,2],"texture":"#0"},"up":{"uv":[0,0,1,2],"texture":"#0"},"north":{"uv":[0,0,1,2],"texture":"#0"},"south":{"uv":[0,0,1,2],"texture":"#0"},"west":{"uv":[0,0,2,2],"texture":"#0"},"east":{"uv":[0,0,2,2],"texture":"#0"}}},{"from":[0.375,1,10],"to":[1.375,3,12],"faces":{"down":{"uv":[0,0,1,2],"texture":"#0"},"up":{"uv":[0,0,1,2],"texture":"#0"},"north":{"uv":[0,0,1,2],"texture":"#0"},"south":{"uv":[0,0,1,2],"texture":"#0"},"west":{"uv":[0,0,2,2],"texture":"#0"},"east":{"uv":[0,0,2,2],"texture":"#0"}}},{"from":[0.1875,1,8],"to":[1.1875,3,10],"faces":{"down":{"uv":[0,0,1,2],"texture":"#0"},"up":{"uv":[0,0,1,2],"texture":"#0"},"north":{"uv":[0,0,1,2],"texture":"#0"},"south":{"uv":[0,0,1,2],"texture":"#0"},"west":{"uv":[0,0,2,2],"texture":"#0"},"east":{"uv":[0,0,2,2],"texture":"#0"}}},{"from":[0.1875,1,6],"to":[1.1875,3,8],"faces":{"down":{"uv":[0,0,1,2],"texture":"#0"},"up":{"uv":[0,0,1,2],"texture":"#0"},"north":{"uv":[0,0,1,2],"texture":"#0"},"south":{"uv":[0,0,1,2],"texture":"#0"},"west":{"uv":[0,0,2,2],"texture":"#0"},"east":{"uv":[0,0,2,2],"texture":"#0"}}},{"from":[0.375,1,4],"to":[1.375,3,6],"faces":{"down":{"uv":[0,0,1,2],"texture":"#0"},"up":{"uv":[0,0,1,2],"texture":"#0"},"north":{"uv":[0,0,1,2],"texture":"#0"},"south":{"uv":[0,0,1,2],"texture":"#0"},"west":{"uv":[0,0,2,2],"texture":"#0"},"east":{"uv":[0,0,2,2],"texture":"#0"}}},{"from":[0.5,1,2],"to":[1.5,3,4],"faces":{"down":{"uv":[0,0,1,2],"texture":"#0"},"up":{"uv":[0,0,1,2],"texture":"#0"},"north":{"uv":[0,0,1,2],"texture":"#0"},"south":{"uv":[0,0,1,2],"texture":"#0"},"west":{"uv":[0,0,2,2],"texture":"#0"},"east":{"uv":[0,0,2,2],"texture":"#0"}}},{"from":[14.8,3,8],"to":[15.3,3.5,10],"faces":{"down":{"uv":[0,0,0.5,2],"texture":"#1"},"up":{"uv":[0,0,0.5,2],"texture":"#1"},"north":{"uv":[0,0,0.5,0.5],"texture":"#1"},"south":{"uv":[0,0,0.5,0.5],"texture":"#1"},"west":{"uv":[0,0,2,0.5],"texture":"#1"},"east":{"uv":[0,0,2,0.5],"texture":"#1"}}},{"from":[14.8,3,6],"to":[15.3,3.5,8],"faces":{"down":{"uv":[0,0,0.5,2],"texture":"#1"},"up":{"uv":[0,0,0.5,2],"texture":"#1"},"north":{"uv":[0,0,0.5,0.5],"texture":"#1"},"south":{"uv":[0,0,0.5,0.5],"texture":"#1"},"west":{"uv":[0,0,2,0.5],"texture":"#1"},"east":{"uv":[0,0,2,0.5],"texture":"#1"}}},{"from":[14.6,3,4],"to":[15.1,3.5,6],"faces":{"down":{"uv":[0,0,0.5,2],"texture":"#1"},"up":{"uv":[0,0,0.5,2],"texture":"#1"},"north":{"uv":[0,0,0.5,0.5],"texture":"#1"},"south":{"uv":[0,0,0.5,0.5],"texture":"#1"},"west":{"uv":[0,0,2,0.5],"texture":"#1"},"east":{"uv":[0,0,2,0.5],"texture":"#1"}}},{"from":[12,3,1],"to":[14,3.5,1.5],"faces":{"down":{"uv":[0,0,2,0.5],"texture":"#1"},"up":{"uv":[0,0,2,0.5],"texture":"#1"},"north":{"uv":[0,0,2,0.5],"texture":"#1"},"south":{"uv":[0,0,2,0.5],"texture":"#1"},"west":{"uv":[0,0,0.5,0.5],"texture":"#1"},"east":{"uv":[0,0,0.5,0.5],"texture":"#1"}}},{"from":[14,3,1.5],"to":[14.5,3.5,2],"faces":{"down":{"uv":[0,0,0.5,0.5],"texture":"#1"},"up":{"uv":[0,0,0.5,0.5],"texture":"#1"},"north":{"uv":[0,0,0.5,0.5],"texture":"#1"},"south":{"uv":[0,0,0.5,0.5],"texture":"#1"},"west":{"uv":[0,0,0.5,0.5],"texture":"#1"},"east":{"uv":[0,0,0.5,0.5],"texture":"#1"}}},{"from":[14.4,3,2],"to":[14.9,3.5,4],"faces":{"down":{"uv":[0,0,0.5,2],"texture":"#1"},"up":{"uv":[0,0,0.5,2],"texture":"#1"},"north":{"uv":[0,0,0.5,0.5],"texture":"#1"},"south":{"uv":[0,0,0.5,0.5],"texture":"#1"},"west":{"uv":[0,0,2,0.5],"texture":"#1"},"east":{"uv":[0,0,2,0.5],"texture":"#1"}}},{"from":[8,3,0.7],"to":[10,3.5,1.2],"faces":{"down":{"uv":[0,0,2,0.5],"texture":"#1"},"up":{"uv":[0,0,2,0.5],"texture":"#1"},"north":{"uv":[0,0,2,0.5],"texture":"#1"},"south":{"uv":[0,0,2,0.5],"texture":"#1"},"west":{"uv":[0,0,0.5,0.5],"texture":"#1"},"east":{"uv":[0,0,0.5,0.5],"texture":"#1"}}},{"from":[10,3,0.9],"to":[12,3.5,1.4],"faces":{"down":{"uv":[0,0,2,0.5],"texture":"#1"},"up":{"uv":[0,0,2,0.5],"texture":"#1"},"north":{"uv":[0,0,2,0.5],"texture":"#1"},"south":{"uv":[0,0,2,0.5],"texture":"#1"},"west":{"uv":[0,0,0.5,0.5],"texture":"#1"},"east":{"uv":[0,0,0.5,0.5],"texture":"#1"}}},{"from":[4,3.5,4],"to":[12,4,4.5],"faces":{"down":{"uv":[0,0,5.4,0.5],"texture":"#1"},"up":{"uv":[0,0,5.4000000953674316,0.5],"texture":"#1"},"north":{"uv":[0,0,5.4000000953674316,0.5],"texture":"#1"},"south":{"uv":[0,0,5.4000000953674316,0.5],"texture":"#1"},"west":{"uv":[0,0,0.5,0.5],"texture":"#1"},"east":{"uv":[0,0,0.5,0.5],"texture":"#1"}}},{"from":[4,3.5,11.5],"to":[12,4,12],"faces":{"down":{"uv":[0,0,5.4,0.5],"texture":"#1"},"up":{"uv":[0,0,5.4000000953674316,0.5],"texture":"#1"},"north":{"uv":[0,0,5.4000000953674316,0.5],"texture":"#1"},"south":{"uv":[0,0,5.4000000953674316,0.5],"texture":"#1"},"west":{"uv":[0,0,0.5,0.5],"texture":"#1"},"east":{"uv":[0,0,0.5,0.5],"texture":"#1"}}},{"from":[11.5,3.5,4.5],"to":[12,4,11.5],"faces":{"down":{"uv":[0,0,0.5,5.5],"texture":"#1"},"up":{"uv":[0,0,0.5,5.5],"texture":"#1"},"north":{"uv":[0,0,0.5,0.5],"texture":"#1"},"south":{"uv":[0,0,0.5,0.5],"texture":"#1"},"west":{"uv":[0,0,5.5,0.5],"texture":"#1"},"east":{"uv":[0,0,5.5,0.5],"texture":"#1"}}},{"from":[6,3,0.7],"to":[8,3.5,1.2],"faces":{"down":{"uv":[0,0,2,0.5],"texture":"#1"},"up":{"uv":[0,0,2,0.5],"texture":"#1"},"north":{"uv":[0,0,2,0.5],"texture":"#1"},"south":{"uv":[0,0,2,0.5],"texture":"#1"},"west":{"uv":[0,0,0.5,0.5],"texture":"#1"},"east":{"uv":[0,0,0.5,0.5],"texture":"#1"}}},{"from":[4,3,0.9],"to":[6,3.5,1.4],"faces":{"down":{"uv":[0,0,2,0.5],"texture":"#1"},"up":{"uv":[0,0,2,0.5],"texture":"#1"},"north":{"uv":[0,0,2,0.5],"texture":"#1"},"south":{"uv":[0,0,2,0.5],"texture":"#1"},"west":{"uv":[0,0,0.5,0.5],"texture":"#1"},"east":{"uv":[0,0,0.5,0.5],"texture":"#1"}}},{"from":[2,3,1],"to":[4,3.5,1.5],"faces":{"down":{"uv":[0,0,2,0.5],"texture":"#1"},"up":{"uv":[0,0,2,0.5],"texture":"#1"},"north":{"uv":[0,0,2,0.5],"texture":"#1"},"south":{"uv":[0,0,2,0.5],"texture":"#1"},"west":{"uv":[0,0,0.5,0.5],"texture":"#1"},"east":{"uv":[0,0,0.5,0.5],"texture":"#1"}}},{"from":[1.5,3,1.5],"to":[2,3.5,2],"faces":{"down":{"uv":[0,0,1,1],"texture":"#1"},"up":{"uv":[0,0,1,1],"texture":"#1"},"north":{"uv":[0,0,1,2],"texture":"#1"},"south":{"uv":[0,0,1,2],"texture":"#1"},"west":{"uv":[0,0,1,2],"texture":"#1"},"east":{"uv":[0,0,1,2],"texture":"#1"}}},{"from":[1,3,2],"to":[1.5,3.5,4],"faces":{"down":{"uv":[0,0,1,2],"texture":"#1"},"up":{"uv":[0,0,1,2],"texture":"#1"},"north":{"uv":[0,0,1,2],"texture":"#1"},"south":{"uv":[0,0,1,2],"texture":"#1"},"west":{"uv":[0,0,2,2],"texture":"#1"},"east":{"uv":[0,0,2,2],"texture":"#1"}}},{"from":[1,3,4],"to":[1.5,3.5,6],"faces":{"down":{"uv":[0,0,1,2],"texture":"#1"},"up":{"uv":[0,0,1,2],"texture":"#1"},"north":{"uv":[0,0,1,2],"texture":"#1"},"south":{"uv":[0,0,1,2],"texture":"#1"},"west":{"uv":[0,0,2,2],"texture":"#1"},"east":{"uv":[0,0,2,2],"texture":"#1"}}},{"from":[0.6875,3,6],"to":[1.1875,3.5,8],"faces":{"down":{"uv":[0,0,1,2],"texture":"#1"},"up":{"uv":[0,0,1,2],"texture":"#1"},"north":{"uv":[0,0,1,2],"texture":"#1"},"south":{"uv":[0,0,1,2],"texture":"#1"},"west":{"uv":[0,0,2,2],"texture":"#1"},"east":{"uv":[0,0,2,2],"texture":"#1"}}},{"from":[0.6875,3,8],"to":[1.1875,3.5,10],"faces":{"down":{"uv":[0,0,1,2],"texture":"#1"},"up":{"uv":[0,0,1,2],"texture":"#1"},"north":{"uv":[0,0,1,2],"texture":"#1"},"south":{"uv":[0,0,1,2],"texture":"#1"},"west":{"uv":[0,0,2,2],"texture":"#1"},"east":{"uv":[0,0,2,2],"texture":"#1"}}},{"from":[1,3,10],"to":[1.5,3.5,12],"faces":{"down":{"uv":[0,0,1,2],"texture":"#1"},"up":{"uv":[0,0,1,2],"texture":"#1"},"north":{"uv":[0,0,1,2],"texture":"#1"},"south":{"uv":[0,0,1,2],"texture":"#1"},"west":{"uv":[0,0,2,2],"texture":"#1"},"east":{"uv":[0,0,2,2],"texture":"#1"}}},{"from":[1,3,12],"to":[1.5,3.5,14],"faces":{"down":{"uv":[0,0,1,2],"texture":"#1"},"up":{"uv":[0,0,1,2],"texture":"#1"},"north":{"uv":[0,0,1,2],"texture":"#1"},"south":{"uv":[0,0,1,2],"texture":"#1"},"west":{"uv":[0,0,2,2],"texture":"#1"},"east":{"uv":[0,0,2,2],"texture":"#1"}}},{"from":[1.5,3,14],"to":[2,3.5,14.5],"faces":{"down":{"uv":[0,0,1,1],"texture":"#1"},"up":{"uv":[0,0,1,1],"texture":"#1"},"north":{"uv":[0,0,1,2],"texture":"#1"},"south":{"uv":[0,0,1,2],"texture":"#1"},"west":{"uv":[0,0,1,2],"texture":"#1"},"east":{"uv":[0,0,1,2],"texture":"#1"}}},{"from":[2,3,14.5],"to":[4,3.5,15],"faces":{"down":{"uv":[0,0,2,0.5],"texture":"#1"},"up":{"uv":[0,0,2,0.5],"texture":"#1"},"north":{"uv":[0,0,2,0.5],"texture":"#1"},"south":{"uv":[0,0,2,0.5],"texture":"#1"},"west":{"uv":[0,0,0.5,0.5],"texture":"#1"},"east":{"uv":[0,0,0.5,0.5],"texture":"#1"}}},{"from":[4,3,14.6],"to":[6,3.5,15.1],"faces":{"down":{"uv":[0,0,2,0.5],"texture":"#1"},"up":{"uv":[0,0,2,0.5],"texture":"#1"},"north":{"uv":[0,0,2,0.5],"texture":"#1"},"south":{"uv":[0,0,2,0.5],"texture":"#1"},"west":{"uv":[0,0,0.5,0.5],"texture":"#1"},"east":{"uv":[0,0,0.5,0.5],"texture":"#1"}}},{"from":[6,3,14.8],"to":[8,3.5,15.3],"faces":{"down":{"uv":[0,0,2,1],"texture":"#1"},"up":{"uv":[0,0,2,1],"texture":"#1"},"north":{"uv":[0,0,2,2],"texture":"#1"},"south":{"uv":[0,0,2,2],"texture":"#1"},"west":{"uv":[0,0,1,2],"texture":"#1"},"east":{"uv":[0,0,1,2],"texture":"#1"}}},{"from":[8,3,14.8],"to":[10,3.5,15.3],"faces":{"down":{"uv":[0,0,2,1],"texture":"#1"},"up":{"uv":[0,0,2,1],"texture":"#1"},"north":{"uv":[0,0,2,2],"texture":"#1"},"south":{"uv":[0,0,2,2],"texture":"#1"},"west":{"uv":[0,0,1,2],"texture":"#1"},"east":{"uv":[0,0,1,2],"texture":"#1"}}},{"from":[10,3,14.6],"to":[12,3.5,15.1],"faces":{"down":{"uv":[0,0,2,0.5],"texture":"#1"},"up":{"uv":[0,0,2,0.5],"texture":"#1"},"north":{"uv":[0,0,2,0.5],"texture":"#1"},"south":{"uv":[0,0,2,0.5],"texture":"#1"},"west":{"uv":[0,0,0.5,0.5],"texture":"#1"},"east":{"uv":[0,0,0.5,0.5],"texture":"#1"}}},{"from":[12,3,14.5],"to":[14,3.5,15],"faces":{"down":{"uv":[0,0,2,0.5],"texture":"#1"},"up":{"uv":[0,0,2,0.5],"texture":"#1"},"north":{"uv":[0,0,2,0.5],"texture":"#1"},"south":{"uv":[0,0,2,0.5],"texture":"#1"},"west":{"uv":[0,0,0.5,0.5],"texture":"#1"},"east":{"uv":[0,0,0.5,0.5],"texture":"#1"}}},{"from":[14,3,14],"to":[14.5,3.5,14.5],"faces":{"down":{"uv":[0,0,1,1],"texture":"#1"},"up":{"uv":[0,0,1,1],"texture":"#1"},"north":{"uv":[0,0,1,2],"texture":"#1"},"south":{"uv":[0,0,1,2],"texture":"#1"},"west":{"uv":[0,0,1,2],"texture":"#1"},"east":{"uv":[0,0,1,2],"texture":"#1"}}},{"from":[14.4,3,12],"to":[14.9,3.5,14],"faces":{"down":{"uv":[0,0,1,2],"texture":"#1"},"up":{"uv":[0,0,1,2],"texture":"#1"},"north":{"uv":[0,0,1,2],"texture":"#1"},"south":{"uv":[0,0,1,2],"texture":"#1"},"west":{"uv":[0,0,2,2],"texture":"#1"},"east":{"uv":[0,0,2,2],"texture":"#1"}}},{"from":[14.6,3,10],"to":[15.1,3.5,12],"faces":{"down":{"uv":[0,0,1,2],"texture":"#1"},"up":{"uv":[0,0,1,2],"texture":"#1"},"north":{"uv":[0,0,1,2],"texture":"#1"},"south":{"uv":[0,0,1,2],"texture":"#1"},"west":{"uv":[0,0,2,2],"texture":"#1"},"east":{"uv":[0,0,2,2],"texture":"#1"}}},{"from":[1.5,0.5,1.5],"to":[14.5,2.5,14.5],"faces":{"down":{"uv":[0,0,16,12],"texture":"#0"},"up":{"uv":[0,0,16,14],"texture":"#0"},"north":{"uv":[0,3,2,2],"texture":"#0"},"south":{"uv":[0,0,2,2],"texture":"#0"},"west":{"uv":[0,0,1,2],"texture":"#0"},"east":{"uv":[0,0,1,2],"texture":"#0"}}},{"from":[4,1.5,4.2],"to":[11,2.2,11.2],"faces":{"down":{"uv":[0,0,16,12],"texture":"#0"},"up":{"uv":[0,0,16,14],"texture":"#0"},"north":{"uv":[0,3,2,2],"texture":"#0"},"south":{"uv":[0,0,2,2],"texture":"#0"},"west":{"uv":[0,0,1,2],"texture":"#0"},"east":{"uv":[0,0,1,2],"texture":"#0"}}},{"from":[4,1.5,4],"to":[12,3.5,12],"faces":{"down":{"uv":[0,0,16,12],"texture":"#0"},"up":{"uv":[0,0,16,14],"texture":"#0"},"north":{"uv":[0,3,6,7],"texture":"#0"},"south":{"uv":[0,0,6,6],"texture":"#0"},"west":{"uv":[0,0,5,6],"texture":"#0"},"east":{"uv":[0,0,4,6],"texture":"#0"}}},{"from":[5,3.5,5],"to":[11,6,11],"faces":{"down":{"uv":[0,0,16,12],"texture":"#0"},"up":{"uv":[0,0,16,14],"texture":"#0"},"north":{"uv":[0,3,6,7],"texture":"#0"},"south":{"uv":[0,0,6,6],"texture":"#0"},"west":{"uv":[0,0,5,6],"texture":"#0"},"east":{"uv":[0,0,4,6],"texture":"#0"}}},{"from":[5.5,5.2,5.5],"to":[10.5,8.7,10.5],"faces":{"down":{"uv":[0,0,16,12],"texture":"#0"},"up":{"uv":[0,0,16,14],"texture":"#0"},"north":{"uv":[0,3,6,7],"texture":"#0"},"south":{"uv":[0,0,6,6],"texture":"#0"},"west":{"uv":[0,0,5,6],"texture":"#0"},"east":{"uv":[0,0,4,6],"texture":"#0"}}},{"from":[6,8,5.9375],"to":[10,10.5,9.9375],"faces":{"down":{"uv":[0,0,16,12],"texture":"#0"},"up":{"uv":[0,0,16,14],"texture":"#0"},"north":{"uv":[0,3,6,7],"texture":"#0"},"south":{"uv":[0,0,6,6],"texture":"#0"},"west":{"uv":[0,0,5,6],"texture":"#0"},"east":{"uv":[0,0,4,6],"texture":"#0"}}},{"from":[6.75,10.5,6.6875],"to":[9.25,11,9.1875],"faces":{"down":{"uv":[0,0,16,12],"texture":"#0"},"up":{"uv":[0,0,16,14],"texture":"#0"},"north":{"uv":[0,3,6,7],"texture":"#0"},"south":{"uv":[0,0,6,6],"texture":"#0"},"west":{"uv":[0,0,5,6],"texture":"#0"},"east":{"uv":[0,0,4,6],"texture":"#0"}}},{"from":[4,3.5,4.5],"to":[4.5,4,11.5],"faces":{"down":{"uv":[0,0,0.5,5.5],"texture":"#1"},"up":{"uv":[0,0,0.5,5.5],"texture":"#1"},"north":{"uv":[0,0,0.5,0.5],"texture":"#1"},"south":{"uv":[0,0,0.5,0.5],"texture":"#1"},"west":{"uv":[0,0,5.5,0.5],"texture":"#1"},"east":{"uv":[0,0,5.5,0.5],"texture":"#1"}}},{"from":[4.5,3.5,4.5],"to":[5,4.5,11.5],"faces":{"down":{"uv":[11.5,11.5,11,4.5],"texture":"#2"},"up":{"uv":[4.5,4.5,5,11.5],"texture":"#2"},"north":{"uv":[11,11.5,11.5,12.5],"texture":"#2"},"south":{"uv":[4.5,11.5,5,12.5],"texture":"#2"},"west":{"uv":[4.5,11.5,11.5,12.5],"texture":"#2"},"east":{"uv":[4.5,11.5,11.5,12.5],"texture":"#2"}}},{"from":[1,0.5,3],"to":[1.5,1,13],"faces":{"down":{"uv":[0,0,16,12],"texture":"#0"},"up":{"uv":[0,0,16,14],"texture":"#0"},"north":{"uv":[0,3,2,2],"texture":"#0"},"south":{"uv":[0,0,2,2],"texture":"#0"},"west":{"uv":[0,0,1,2],"texture":"#0"},"east":{"uv":[0,0,1,2],"texture":"#0"}}},{"from":[3,0.5,1],"to":[13,1,1.5],"faces":{"down":{"uv":[0,0,16,12],"texture":"#0"},"up":{"uv":[0,0,16,14],"texture":"#0"},"north":{"uv":[0,3,2,2],"texture":"#0"},"south":{"uv":[0,0,2,2],"texture":"#0"},"west":{"uv":[0,0,1,2],"texture":"#0"},"east":{"uv":[0,0,1,2],"texture":"#0"}}},{"from":[14.5,0.5,3],"to":[15,1,13],"faces":{"down":{"uv":[0,0,16,12],"texture":"#0"},"up":{"uv":[0,0,16,14],"texture":"#0"},"north":{"uv":[0,3,2,2],"texture":"#0"},"south":{"uv":[0,0,2,2],"texture":"#0"},"west":{"uv":[0,0,1,2],"texture":"#0"},"east":{"uv":[0,0,1,2],"texture":"#0"}}},{"from":[3,0.5,14.5],"to":[13,1,15],"faces":{"down":{"uv":[0,0,16,12],"texture":"#0"},"up":{"uv":[0,0,16,14],"texture":"#0"},"north":{"uv":[0,3,2,2],"texture":"#0"},"south":{"uv":[0,0,2,2],"texture":"#0"},"west":{"uv":[0,0,1,2],"texture":"#0"},"east":{"uv":[0,0,1,2],"texture":"#0"}}},{"from":[11,3.5,4.5],"to":[11.5,4.5,11.5],"faces":{"down":{"uv":[5,11.5,4.5,4.5],"texture":"#2"},"up":{"uv":[11,4.5,11.5,11.5],"texture":"#2"},"north":{"uv":[4.5,11.5,5,12.5],"texture":"#2"},"south":{"uv":[11,11.5,11.5,12.5],"texture":"#2"},"west":{"uv":[4.5,11.5,11.5,12.5],"texture":"#2"},"east":{"uv":[4.5,11.5,11.5,12.5],"texture":"#2"}}},{"from":[5,3.5,11],"to":[11,4.5,11.5],"faces":{"down":{"uv":[11,11.5,5,11],"texture":"#2"},"up":{"uv":[5,11,11,11.5],"texture":"#2"},"north":{"uv":[5,11.5,11,12.5],"texture":"#2"},"south":{"uv":[5,11.5,11,12.5],"texture":"#2"},"west":{"uv":[11,11.5,11.5,12.5],"texture":"#2"},"east":{"uv":[4.5,11.5,5,12.5],"texture":"#2"}}},{"from":[5,3.5,4.5],"to":[11,4.5,5],"faces":{"down":{"uv":[11,5,5,4.5],"texture":"#2"},"up":{"uv":[5,4.5,11,5],"texture":"#2"},"north":{"uv":[5,11.5,11,12.5],"texture":"#2"},"south":{"uv":[5,11.5,11,12.5],"texture":"#2"},"west":{"uv":[4.5,11.5,5,12.5],"texture":"#2"},"east":{"uv":[11,11.5,11.5,12.5],"texture":"#2"}}},{"from":[14.5,2,3],"to":[15,2.5,13],"faces":{"down":{"uv":[0,0,16,12],"texture":"#0"},"up":{"uv":[0,0,16,14],"texture":"#0"},"north":{"uv":[0,3,2,2],"texture":"#0"},"south":{"uv":[0,0,2,2],"texture":"#0"},"west":{"uv":[0,0,1,2],"texture":"#0"},"east":{"uv":[0,0,1,2],"texture":"#0"}}},{"from":[1,2,3],"to":[1.5,2.5,13],"faces":{"down":{"uv":[0,0,16,12],"texture":"#0"},"up":{"uv":[0,0,16,14],"texture":"#0"},"north":{"uv":[0,3,2,2],"texture":"#0"},"south":{"uv":[0,0,2,2],"texture":"#0"},"west":{"uv":[0,0,1,2],"texture":"#0"},"east":{"uv":[0,0,1,2],"texture":"#0"}}},{"from":[3,2,1],"to":[13,2.5,1.5],"faces":{"down":{"uv":[0,0,16,12],"texture":"#0"},"up":{"uv":[0,0,16,14],"texture":"#0"},"north":{"uv":[0,3,2,2],"texture":"#0"},"south":{"uv":[0,0,2,2],"texture":"#0"},"west":{"uv":[0,0,1,2],"texture":"#0"},"east":{"uv":[0,0,1,2],"texture":"#0"}}},{"from":[3,2,14.5],"to":[13,2.5,15],"faces":{"down":{"uv":[0,0,16,12],"texture":"#0"},"up":{"uv":[0,0,16,14],"texture":"#0"},"north":{"uv":[0,3,2,2],"texture":"#0"},"south":{"uv":[0,0,2,2],"texture":"#0"},"west":{"uv":[0,0,1,2],"texture":"#0"},"east":{"uv":[0,0,1,2],"texture":"#0"}}}],"display":{"head":{"rotation":[0,0,0],"translation":[0,16,0],"scale":[1.9,1.9,1.9]},"gui":{"rotation":[7,11,0],"translation":[0,2.27,0],"scale":[0.9,0.9,0.9]}},"credit":"Model by Craftventure"}