{"textures":{"0":"block/white_concrete_powder","1":"block/gray_concrete","2":"block/white_concrete","3":"block/blue_concrete","4":"block/black_concrete","particle":"block/white_concrete_powder"},"elements":[{"from":[5.92,-0.12,5.92],"to":[10.08,3,10.08],"faces":{"north":{"uv":[0,0,1.5,0.75],"texture":"#1"},"east":{"uv":[0,0,1.5,0.75],"texture":"#1"},"south":{"uv":[0,0,1.5,0.75],"texture":"#1"},"west":{"uv":[0,0,1.5,0.75],"texture":"#1"},"up":{"uv":[0,0,1.5,0.75],"texture":"#1"},"down":{"uv":[0,0,1.5,0.75],"texture":"#1"}}},{"from":[5.92,-0.12,3.32],"to":[10.08,0.66,5.92],"faces":{"north":{"uv":[0,0,1.5,0.75],"texture":"#1"},"east":{"uv":[0,0,1.5,0.75],"texture":"#1"},"south":{"uv":[0,0,1.5,0.75],"texture":"#1"},"west":{"uv":[0,0,1.5,0.75],"texture":"#1"},"up":{"uv":[0,0,1.5,0.75],"texture":"#1"},"down":{"uv":[0,0,1.5,0.75],"texture":"#1"}}},{"from":[5.92,0.4473,2.028],"to":[10.08,1.2273,3.588],"rotation":{"angle":22.5,"axis":"x","origin":[8,0.8373,2.028]},"faces":{"north":{"uv":[0,0,1.5,0.75],"texture":"#1"},"east":{"uv":[0,0,1.5,0.75],"texture":"#1"},"south":{"uv":[0,0,1.5,0.75],"texture":"#1"},"west":{"uv":[0,0,1.5,0.75],"texture":"#1"},"up":{"uv":[0,0,1.5,0.75],"texture":"#1"},"down":{"uv":[0,0,1.5,0.75],"texture":"#1"}}},{"from":[6.44,1.46584,1.83144],"to":[9.56,2.24584,2.61144],"rotation":{"angle":45,"axis":"x","origin":[8,1.85584,1.05144]},"faces":{"north":{"uv":[0,0,1.5,0.75],"texture":"#1"},"east":{"uv":[0,0,1.5,0.75],"texture":"#1"},"south":{"uv":[0,0,1.5,0.75],"texture":"#1"},"west":{"uv":[0,0,1.5,0.75],"texture":"#1"},"up":{"uv":[0,0,1.5,0.75],"texture":"#1"},"down":{"uv":[0,0,1.5,0.75],"texture":"#1"}}},{"from":[6.96,2.01739,1.74789],"to":[9.04,2.79739,2.05989],"rotation":{"angle":45,"axis":"x","origin":[8,2.40739,0.49989]},"faces":{"north":{"uv":[0,0,1.5,0.75],"texture":"#1"},"east":{"uv":[0,0,1.5,0.75],"texture":"#1"},"south":{"uv":[0,0,1.5,0.75],"texture":"#1"},"west":{"uv":[0,0,1.5,0.75],"texture":"#1"},"up":{"uv":[0,0,1.5,0.75],"texture":"#1"},"down":{"uv":[0,0,1.5,0.75],"texture":"#1"}}},{"from":[5.75,3,5.75],"to":[10.25,3.8,10.25],"faces":{"north":{"uv":[0,0,1.5,0.75],"texture":"#2"},"east":{"uv":[0,0,1.5,0.75],"texture":"#2"},"south":{"uv":[0,0,1.5,0.75],"texture":"#2"},"west":{"uv":[0,0,1.5,0.75],"texture":"#2"},"up":{"uv":[0,0,1.5,0.75],"texture":"#2"},"down":{"uv":[0,0,1.5,0.75],"texture":"#2"}}},{"from":[5.5,3.8,5.5],"to":[10.5,11.6,10.5],"faces":{"north":{"uv":[0,0,1.5,0.75],"texture":"#2"},"east":{"uv":[0,0,1.5,0.75],"texture":"#2"},"south":{"uv":[0,0,1.5,0.75],"texture":"#2"},"west":{"uv":[0,0,1.5,0.75],"texture":"#2"},"up":{"uv":[0,0,1.5,0.75],"texture":"#2"},"down":{"uv":[0,0,1.5,0.75],"texture":"#2"}}},{"from":[5.75,11.6,5.75],"to":[10.25,12.4,10.25],"faces":{"north":{"uv":[0,0,1.5,0.75],"texture":"#2"},"east":{"uv":[0,0,1.5,0.75],"texture":"#2"},"south":{"uv":[0,0,1.5,0.75],"texture":"#2"},"west":{"uv":[0,0,1.5,0.75],"texture":"#2"},"up":{"uv":[0,0,1.5,0.75],"texture":"#2"},"down":{"uv":[0,0,1.5,0.75],"texture":"#2"}}},{"from":[7.7,5.5,5.3],"to":[8.3,10.5,5.5],"faces":{"north":{"uv":[0,0,1.5,0.75],"texture":"#3"},"east":{"uv":[0,0,1.5,0.75],"texture":"#3"},"south":{"uv":[0,0,1.5,0.75],"texture":"#3"},"west":{"uv":[0,0,1.5,0.75],"texture":"#3"},"up":{"uv":[0,0,1.5,0.75],"texture":"#3"},"down":{"uv":[0,0,1.5,0.75],"texture":"#3"}}},{"from":[7.1,9.4,5.3],"to":[8.9,10,5.5],"faces":{"north":{"uv":[0,0,1.5,0.75],"texture":"#3"},"east":{"uv":[0,0,1.5,0.75],"texture":"#3"},"south":{"uv":[0,0,1.5,0.75],"texture":"#3"},"west":{"uv":[0,0,1.5,0.75],"texture":"#3"},"up":{"uv":[0,0,1.5,0.75],"texture":"#3"},"down":{"uv":[0,0,1.5,0.75],"texture":"#3"}}},{"from":[6.63764,9.30803,5.3],"to":[7.23764,9.90803,5.5],"rotation":{"angle":22.5,"axis":"z","origin":[6.93764,9.60803,5.4]},"faces":{"north":{"uv":[0,0,1.5,0.75],"texture":"#3"},"east":{"uv":[0,0,1.5,0.75],"texture":"#3"},"south":{"uv":[0,0,1.5,0.75],"texture":"#3"},"west":{"uv":[0,0,1.5,0.75],"texture":"#3"},"up":{"uv":[0,0,1.5,0.75],"texture":"#3"},"down":{"uv":[0,0,1.5,0.75],"texture":"#3"}}},{"from":[8.76236,9.30803,5.3],"to":[9.36236,9.90803,5.5],"rotation":{"angle":-22.5,"axis":"z","origin":[9.06236,9.60803,5.4]},"faces":{"north":{"uv":[0,0,1.5,0.75],"texture":"#3"},"east":{"uv":[0,0,1.5,0.75],"texture":"#3"},"south":{"uv":[0,0,1.5,0.75],"texture":"#3"},"west":{"uv":[0,0,1.5,0.75],"texture":"#3"},"up":{"uv":[0,0,1.5,0.75],"texture":"#3"},"down":{"uv":[0,0,1.5,0.75],"texture":"#3"}}},{"from":[6.63764,5.39197,5.3],"to":[7.48764,5.99197,5.5],"rotation":{"angle":-22.5,"axis":"z","origin":[7.18764,5.69197,5.4]},"faces":{"north":{"uv":[0,0.75,1.5,0],"texture":"#3"},"east":{"uv":[0,0.75,1.5,0],"texture":"#3"},"south":{"uv":[0,0.75,1.5,0],"texture":"#3"},"west":{"uv":[0,0.75,1.5,0],"texture":"#3"},"up":{"uv":[0,0.75,1.5,0],"texture":"#3"},"down":{"uv":[0,0.75,1.5,0],"texture":"#3"}}},{"from":[7.35,5.3,5.3],"to":[8.65,5.9,5.5],"faces":{"north":{"uv":[0,0.75,1.5,0],"texture":"#3"},"east":{"uv":[0,0.75,1.5,0],"texture":"#3"},"south":{"uv":[0,0.75,1.5,0],"texture":"#3"},"west":{"uv":[0,0.75,1.5,0],"texture":"#3"},"up":{"uv":[0,0.75,1.5,0],"texture":"#3"},"down":{"uv":[0,0.75,1.5,0],"texture":"#3"}}},{"from":[8.51236,5.39197,5.3],"to":[9.36236,5.99197,5.5],"rotation":{"angle":22.5,"axis":"z","origin":[8.81236,5.69197,5.4]},"faces":{"north":{"uv":[0,0.75,1.5,0],"texture":"#3"},"east":{"uv":[0,0.75,1.5,0],"texture":"#3"},"south":{"uv":[0,0.75,1.5,0],"texture":"#3"},"west":{"uv":[0,0.75,1.5,0],"texture":"#3"},"up":{"uv":[0,0.75,1.5,0],"texture":"#3"},"down":{"uv":[0,0.75,1.5,0],"texture":"#3"}}},{"from":[6.0147,5.74955,5.3],"to":[6.8647,6.34955,5.5],"rotation":{"angle":-45,"axis":"z","origin":[6.5647,6.04955,5.4]},"faces":{"north":{"uv":[0,0.75,1.5,0],"texture":"#3"},"east":{"uv":[0,0.75,1.5,0],"texture":"#3"},"south":{"uv":[0,0.75,1.5,0],"texture":"#3"},"west":{"uv":[0,0.75,1.5,0],"texture":"#3"},"up":{"uv":[0,0.75,1.5,0],"texture":"#3"},"down":{"uv":[0,0.75,1.5,0],"texture":"#3"}}},{"from":[9.1353,5.74955,5.3],"to":[9.9853,6.34955,5.5],"rotation":{"angle":45,"axis":"z","origin":[9.4353,6.04955,5.4]},"faces":{"north":{"uv":[1.5,0.75,0,0],"texture":"#3"},"east":{"uv":[1.5,0.75,0,0],"texture":"#3"},"south":{"uv":[1.5,0.75,0,0],"texture":"#3"},"west":{"uv":[1.5,0.75,0,0],"texture":"#3"},"up":{"uv":[1.5,0.75,0,0],"texture":"#3"},"down":{"uv":[1.5,0.75,0,0],"texture":"#3"}}},{"from":[6.5,12.4,6.5],"to":[9.5,12.7,9.5],"faces":{"north":{"uv":[0,0,1.5,0.75],"texture":"#2"},"east":{"uv":[0,0,1.5,0.75],"texture":"#2"},"south":{"uv":[0,0,1.5,0.75],"texture":"#2"},"west":{"uv":[0,0,1.5,0.75],"texture":"#2"},"up":{"uv":[0,0,1.5,0.75],"texture":"#2"},"down":{"uv":[0,0,1.5,0.75],"texture":"#2"}}},{"from":[7.5,12.7,7.5],"to":[8.5,13.1,8.5],"faces":{"north":{"uv":[0,0,1,0.4],"texture":"#0"},"east":{"uv":[0,0,1,0.4],"texture":"#0"},"south":{"uv":[0,0,1,0.4],"texture":"#0"},"west":{"uv":[0,0,1,0.4],"texture":"#0"},"up":{"uv":[0,0,1,1],"texture":"#0"},"down":{"uv":[0,0,1,1],"texture":"#0"}}},{"from":[5.67,2.38,5.67],"to":[10.33,3.2,10.33],"faces":{"north":{"uv":[0,0,4.66,0.82],"texture":"#4"},"east":{"uv":[0,0,4.66,0.82],"texture":"#4"},"south":{"uv":[0,0,4.66,0.82],"texture":"#4"},"west":{"uv":[0,0,4.66,0.82],"texture":"#4"},"up":{"uv":[0,0,4.66,4.66],"texture":"#4"},"down":{"uv":[0,0,4.66,4.66],"texture":"#4"}}},{"from":[5.42,3.68,10.17],"to":[5.83,11.7,10.58],"faces":{"north":{"uv":[0,0,0.41,8.02],"texture":"#4"},"east":{"uv":[0,0,0.41,8.02],"texture":"#4"},"south":{"uv":[0,0,0.41,8.02],"texture":"#4"},"west":{"uv":[0,0,0.41,8.02],"texture":"#4"},"up":{"uv":[0,0,0.41,0.41],"texture":"#4"},"down":{"uv":[0,0,0.41,0.41],"texture":"#4"}}},{"from":[5.42,3.68,5.42],"to":[5.83,11.7,5.83],"faces":{"north":{"uv":[0,0,0.41,8.02],"texture":"#4"},"east":{"uv":[0,0,0.41,8.02],"texture":"#4"},"south":{"uv":[0,0,0.41,8.02],"texture":"#4"},"west":{"uv":[0,0,0.41,8.02],"texture":"#4"},"up":{"uv":[0,0,0.41,0.41],"texture":"#4"},"down":{"uv":[0,0,0.41,0.41],"texture":"#4"}}},{"from":[10.17,3.68,5.42],"to":[10.58,11.7,5.83],"faces":{"north":{"uv":[0.41,0,0,8.02],"texture":"#4"},"east":{"uv":[0.41,0,0,8.02],"texture":"#4"},"south":{"uv":[0.41,0,0,8.02],"texture":"#4"},"west":{"uv":[0.41,0,0,8.02],"texture":"#4"},"up":{"uv":[0.41,0,0,0.41],"texture":"#4"},"down":{"uv":[0.41,0,0,0.41],"texture":"#4"}}},{"from":[10.17,3.68,10.17],"to":[10.58,11.7,10.58],"faces":{"north":{"uv":[0.41,0,0,8.02],"texture":"#4"},"east":{"uv":[0.41,0,0,8.02],"texture":"#4"},"south":{"uv":[0.41,0,0,8.02],"texture":"#4"},"west":{"uv":[0.41,0,0,8.02],"texture":"#4"},"up":{"uv":[0.41,0,0,0.41],"texture":"#4"},"down":{"uv":[0.41,0,0,0.41],"texture":"#4"}}},{"from":[5.67,3.18,5.67],"to":[6.08,3.95,6.08],"faces":{"north":{"uv":[0,0,0.41,0.77],"texture":"#4"},"east":{"uv":[0,0,0.41,0.77],"texture":"#4"},"south":{"uv":[0,0,0.41,0.77],"texture":"#4"},"west":{"uv":[0,0,0.41,0.77],"texture":"#4"},"up":{"uv":[0,0,0.41,0.41],"texture":"#4"},"down":{"uv":[0,0,0.41,0.41],"texture":"#4"}}},{"from":[5.67,3.18,9.92],"to":[6.08,3.95,10.33],"faces":{"north":{"uv":[0,0,0.41,0.77],"texture":"#4"},"east":{"uv":[0,0,0.41,0.77],"texture":"#4"},"south":{"uv":[0,0,0.41,0.77],"texture":"#4"},"west":{"uv":[0,0,0.41,0.77],"texture":"#4"},"up":{"uv":[0,0,0.41,0.41],"texture":"#4"},"down":{"uv":[0,0,0.41,0.41],"texture":"#4"}}},{"from":[9.92,3.18,9.92],"to":[10.33,3.95,10.33],"faces":{"north":{"uv":[0.41,0,0,0.77],"texture":"#4"},"east":{"uv":[0.41,0,0,0.77],"texture":"#4"},"south":{"uv":[0.41,0,0,0.77],"texture":"#4"},"west":{"uv":[0.41,0,0,0.77],"texture":"#4"},"up":{"uv":[0.41,0,0,0.41],"texture":"#4"},"down":{"uv":[0.41,0,0,0.41],"texture":"#4"}}},{"from":[9.92,3.18,5.67],"to":[10.33,3.95,6.08],"faces":{"north":{"uv":[0.41,0,0,0.77],"texture":"#4"},"east":{"uv":[0.41,0,0,0.77],"texture":"#4"},"south":{"uv":[0.41,0,0,0.77],"texture":"#4"},"west":{"uv":[0.41,0,0,0.77],"texture":"#4"},"up":{"uv":[0.41,0,0,0.41],"texture":"#4"},"down":{"uv":[0.41,0,0,0.41],"texture":"#4"}}},{"from":[9.92,11.53,9.92],"to":[10.33,12.5,10.33],"faces":{"north":{"uv":[0.41,0,0.82,0.97],"texture":"#4"},"east":{"uv":[0.41,0,0.82,0.97],"texture":"#4"},"south":{"uv":[0.41,0,0.82,0.97],"texture":"#4"},"west":{"uv":[0.41,0,0.82,0.97],"texture":"#4"},"up":{"uv":[0.41,0,0.82,0.41],"texture":"#4"},"down":{"uv":[0.41,0,0.82,0.41],"texture":"#4"}}},{"from":[9.92,11.53,5.67],"to":[10.33,12.5,6.08],"faces":{"north":{"uv":[0.41,0,0.82,0.97],"texture":"#4"},"east":{"uv":[0.41,0,0.82,0.97],"texture":"#4"},"south":{"uv":[0.41,0,0.82,0.97],"texture":"#4"},"west":{"uv":[0.41,0,0.82,0.97],"texture":"#4"},"up":{"uv":[0.41,0,0.82,0.41],"texture":"#4"},"down":{"uv":[0.41,0,0.82,0.41],"texture":"#4"}}},{"from":[5.67,11.53,5.67],"to":[6.08,12.5,6.08],"faces":{"north":{"uv":[0,0,0.41,0.97],"texture":"#4"},"east":{"uv":[0,0,0.41,0.97],"texture":"#4"},"south":{"uv":[0,0,0.41,0.97],"texture":"#4"},"west":{"uv":[0,0,0.41,0.97],"texture":"#4"},"up":{"uv":[0,0,0.41,0.41],"texture":"#4"},"down":{"uv":[0,0,0.41,0.41],"texture":"#4"}}},{"from":[5.67,11.53,9.92],"to":[6.08,12.5,10.33],"faces":{"north":{"uv":[0,0,0.41,0.97],"texture":"#4"},"east":{"uv":[0,0,0.41,0.97],"texture":"#4"},"south":{"uv":[0,0,0.41,0.97],"texture":"#4"},"west":{"uv":[0,0,0.41,0.97],"texture":"#4"},"up":{"uv":[0,0,0.41,0.41],"texture":"#4"},"down":{"uv":[0,0,0.41,0.41],"texture":"#4"}}},{"from":[9.52,11.53,9.52],"to":[9.93,12.5,9.93],"faces":{"north":{"uv":[0.41,0,0.82,0.97],"texture":"#4"},"east":{"uv":[0.41,0,0.82,0.97],"texture":"#4"},"south":{"uv":[0.41,0,0.82,0.97],"texture":"#4"},"west":{"uv":[0.41,0,0.82,0.97],"texture":"#4"},"up":{"uv":[0.41,0,0.82,0.41],"texture":"#4"},"down":{"uv":[0.41,0,0.82,0.41],"texture":"#4"}}},{"from":[9.52,11.53,6.07],"to":[9.93,12.5,6.48],"faces":{"north":{"uv":[0.41,0,0.82,0.97],"texture":"#4"},"east":{"uv":[0.41,0,0.82,0.97],"texture":"#4"},"south":{"uv":[0.41,0,0.82,0.97],"texture":"#4"},"west":{"uv":[0.41,0,0.82,0.97],"texture":"#4"},"up":{"uv":[0.41,0,0.82,0.41],"texture":"#4"},"down":{"uv":[0.41,0,0.82,0.41],"texture":"#4"}}},{"from":[6.07,11.53,6.07],"to":[6.48,12.5,6.48],"faces":{"north":{"uv":[0.82,0,0.41,0.97],"texture":"#4"},"east":{"uv":[0.82,0,0.41,0.97],"texture":"#4"},"south":{"uv":[0.82,0,0.41,0.97],"texture":"#4"},"west":{"uv":[0.82,0,0.41,0.97],"texture":"#4"},"up":{"uv":[0.82,0,0.41,0.41],"texture":"#4"},"down":{"uv":[0.82,0,0.41,0.41],"texture":"#4"}}},{"from":[6.07,11.53,9.52],"to":[6.48,12.5,9.93],"faces":{"north":{"uv":[0.82,0,0.41,0.97],"texture":"#4"},"east":{"uv":[0.82,0,0.41,0.97],"texture":"#4"},"south":{"uv":[0.82,0,0.41,0.97],"texture":"#4"},"west":{"uv":[0.82,0,0.41,0.97],"texture":"#4"},"up":{"uv":[0.82,0,0.41,0.41],"texture":"#4"},"down":{"uv":[0.82,0,0.41,0.41],"texture":"#4"}}},{"from":[6.47,11.53,6.47],"to":[6.88,12.75,9.53],"faces":{"north":{"uv":[0.82,0,1.23,1.22],"texture":"#4"},"east":{"uv":[0.82,0,3.88,1.22],"texture":"#4"},"south":{"uv":[0.82,0,1.23,1.22],"texture":"#4"},"west":{"uv":[0.82,0,3.88,1.22],"texture":"#4"},"up":{"uv":[0.82,0,1.23,3.06],"texture":"#4"},"down":{"uv":[0.82,0,1.23,3.06],"texture":"#4"}}},{"from":[9.12,11.53,6.47],"to":[9.53,12.75,9.53],"faces":{"north":{"uv":[1.23,0,0.82,1.22],"texture":"#4"},"east":{"uv":[3.88,0,0.82,1.22],"texture":"#4"},"south":{"uv":[1.23,0,0.82,1.22],"texture":"#4"},"west":{"uv":[3.88,0,0.82,1.22],"texture":"#4"},"up":{"uv":[1.23,0,0.82,3.06],"texture":"#4"},"down":{"uv":[1.23,0,0.82,3.06],"texture":"#4"}}},{"from":[6.87,11.53,9.12],"to":[9.13,12.75,9.53],"faces":{"north":{"uv":[1.23,0,3.49,1.22],"texture":"#4"},"east":{"uv":[3.88,0,4.29,1.22],"texture":"#4"},"south":{"uv":[1.23,0,3.49,1.22],"texture":"#4"},"west":{"uv":[3.88,0,4.29,1.22],"texture":"#4"},"up":{"uv":[1.23,0,3.49,0.41],"texture":"#4"},"down":{"uv":[1.23,0,3.49,0.41],"texture":"#4"}}},{"from":[6.87,11.53,6.47],"to":[9.13,12.75,6.88],"faces":{"north":{"uv":[3.49,0,1.23,1.22],"texture":"#4"},"east":{"uv":[4.29,0,3.88,1.22],"texture":"#4"},"south":{"uv":[3.49,0,1.23,1.22],"texture":"#4"},"west":{"uv":[4.29,0,3.88,1.22],"texture":"#4"},"up":{"uv":[1.23,0.41,3.49,0],"texture":"#4"},"down":{"uv":[1.23,0.41,3.49,0],"texture":"#4"}}}],"display":{"head":{"scale":[0.8,0.8,0.8],"translation":[0,12.8,0],"rotation":[0,-7,0]},"gui":{"rotation":[10,154,0],"translation":[0,2,0]}},"credit":"Model by Craftventure"}