{"textures":{"main":"block/stalin-hoed1"},"elements":[{"name":"Cube","from":[3,0,5.9],"to":[5,2,11.9],"rotation":{"angle":-22.5,"axis":"y","origin":[8,8,8]},"faces":{"north":{"uv":[0.75,1.5,0.875,2],"texture":"#main"},"east":{"uv":[0.75,1.5,0.875,2],"texture":"#main","rotation":90},"south":{"uv":[0.625,1.5,0.75,1.625],"texture":"#main"},"west":{"uv":[0.75,1.5,0.875,2],"texture":"#main","rotation":270},"up":{"uv":[0.625,1.375,0.75,2],"texture":"#main"},"down":{"uv":[0.625,1.5,0.75,2],"texture":"#main","rotation":180}}},{"name":"Cube","from":[6.5,0,4],"to":[8.5,2,10],"rotation":{"angle":22.5,"axis":"y","origin":[8,-2,8]},"faces":{"north":{"uv":[0.5,1.625,0.625,2],"texture":"#main","rotation":180},"east":{"uv":[0.625,1.5,0.75,2],"texture":"#main","rotation":90},"south":{"uv":[0.625,1.5875,0.75,1.625],"texture":"#main"},"west":{"uv":[0.625,1.5,0.75,2],"texture":"#main","rotation":270},"up":{"uv":[0.625,1.5,0.75,2],"texture":"#main"},"down":{"uv":[0.625,1.5,0.75,2],"texture":"#main","rotation":180}}},{"name":"Cube","from":[3.3,0,4],"to":[7.8,6,6],"faces":{"north":{"uv":[1,0.625,1.25,1],"texture":"#main"},"east":{"uv":[1,0.875,1.25,1],"texture":"#main"},"south":{"uv":[0.625,0.625,0.875,1.125],"texture":"#main"},"west":{"uv":[1,0.875,1.25,1],"texture":"#main"},"up":{"uv":[0,0,0.5625,0.25],"texture":"#main"},"down":{"uv":[0.625,1.75,0.8125,1.875],"texture":"#main"}}},{"name":"Cube","from":[6.2,1,4],"to":[8.2,6,6],"rotation":{"angle":22.5,"axis":"z","origin":[8,8,8]},"faces":{"north":{"uv":[1.125,1.5,1.25,2],"texture":"#main"},"east":{"uv":[1.125,1.5,1.25,2],"texture":"#main"},"south":{"uv":[1.125,1.5,1.25,2],"texture":"#main"},"west":{"uv":[1.125,1.5,1.25,2],"texture":"#main"},"up":{"uv":[1.125,1.625,1.375,1.875],"texture":"#main"},"down":{"uv":[1.5,0.5,1.625,0.625],"texture":"#main"}}},{"name":"Cube","from":[3.3,6,3],"to":[7.8,10,7],"faces":{"north":{"uv":[0.75,0.25,1,0.5],"texture":"#main"},"east":{"uv":[0.75,0.25,0.5,0.5],"texture":"#main"},"south":{"uv":[0.25,0.25,0.5,0.5],"texture":"#main"},"west":{"uv":[0,0.25,0.25,0.5],"texture":"#main"},"up":{"uv":[0.25,0,0.5,0.25],"texture":"#main"},"down":{"uv":[0.5,0,0.75,0.125],"texture":"#main"}}},{"name":"Cube","from":[3.25,5.9,2.8],"to":[7.95,10.1,7.2],"faces":{"north":{"uv":[1.75,0.25,2,0.5],"texture":"#main"},"east":{"uv":[1.5,0.25,1.625,0.5],"texture":"#main"},"south":{"uv":[1.2125,0.25,1.5375,0.5],"texture":"#main"},"west":{"uv":[1.125,0.25,1.35,0.5],"texture":"#main"},"up":{"uv":[1.25,0,1.4375,0.25],"texture":"#main"},"down":{"uv":[1.5,0,1.9375,0.25],"texture":"#main"}}},{"name":"Cube","from":[10.1,0,6.8],"to":[13.1,1.3,11.5],"faces":{"north":{"uv":[2,0,2.21875,0.09687],"texture":"#main"},"east":{"uv":[2,0,2.24062,0.12812],"texture":"#main"},"south":{"uv":[2,0,2.1875,0.09687],"texture":"#main"},"west":{"uv":[2,0,2.20937,0.12812],"texture":"#main"},"up":{"uv":[2,0,2.1875,0.17812],"texture":"#main"},"down":{"uv":[2,0,2.1875,0.20937],"texture":"#main"}}},{"name":"Cube","from":[11.1,2.6,2.7],"to":[12.1,6.6,3.7],"rotation":{"angle":-45,"axis":"x","origin":[8,8,8]},"faces":{"north":{"uv":[0.21875,2.1875,0.28125,2.5],"texture":"#main"},"east":{"uv":[0.21875,2.1875,0.28125,2.5],"texture":"#main"},"south":{"uv":[0.21875,2.1875,0.28125,2.5],"texture":"#main"},"west":{"uv":[0.21875,2.1875,0.28125,2.5],"texture":"#main"},"up":{"uv":[0.21875,2.1875,0.28125,2.24062],"texture":"#main"},"down":{"uv":[0,2,0.1875,2.30312],"texture":"#main"}}},{"name":"Cube","from":[-2,0,6.8],"to":[1,1.3,11.5],"faces":{"north":{"uv":[2,0,2.21875,0.09687],"texture":"#main"},"east":{"uv":[2,0,2.24062,0.12812],"texture":"#main"},"south":{"uv":[2,0,2.1875,0.09687],"texture":"#main"},"west":{"uv":[2,0,2.20937,0.12812],"texture":"#main"},"up":{"uv":[2,0,2.1875,0.17812],"texture":"#main"},"down":{"uv":[2,0,2.1875,0.20937],"texture":"#main"}}},{"name":"Cube","from":[3.3,-0.9,4],"to":[5.3,4.1,6],"rotation":{"angle":-22.5,"axis":"z","origin":[8,8,8]},"faces":{"north":{"uv":[1.125,1.5,1.25,2],"texture":"#main"},"east":{"uv":[1.125,1.5,1.25,2],"texture":"#main"},"south":{"uv":[1.125,1.5,1.25,2],"texture":"#main"},"west":{"uv":[1.125,1.5,1.25,2],"texture":"#main"},"up":{"uv":[1.125,1.625,1.375,1.875],"texture":"#main"},"down":{"uv":[1.5,0.5,1.625,0.625],"texture":"#main"}}},{"name":"Cube","from":[-1,2.6,2.7],"to":[0,6.6,3.7],"rotation":{"angle":-45,"axis":"x","origin":[8,8,8]},"faces":{"north":{"uv":[0.21875,2.1875,0.28125,2.5],"texture":"#main"},"east":{"uv":[0.21875,2.1875,0.28125,2.5],"texture":"#main"},"south":{"uv":[0.21875,2.1875,0.28125,2.5],"texture":"#main"},"west":{"uv":[0.21875,2.1875,0.28125,2.5],"texture":"#main"},"up":{"uv":[0.21875,2.1875,0.28125,2.24062],"texture":"#main"},"down":{"uv":[0,2,0.1875,2.30312],"texture":"#main"}}},{"name":"Cube","from":[3,0,5.9],"to":[5,2,11.9],"rotation":{"angle":-22.5,"axis":"y","origin":[8,8,8]},"faces":{"north":{"uv":[4.75,1.5,4.875,2],"texture":"#main"},"east":{"uv":[4.75,1.5,4.875,2],"texture":"#main","rotation":90},"south":{"uv":[4.625,1.5,4.75,1.625],"texture":"#main"},"west":{"uv":[4.75,1.5,4.875,2],"texture":"#main","rotation":270},"up":{"uv":[4.625,1.375,4.75,2],"texture":"#main"},"down":{"uv":[4.625,1.5,4.75,2],"texture":"#main","rotation":180}}},{"name":"Cube","from":[6.5,0,4],"to":[8.5,2,10],"rotation":{"angle":22.5,"axis":"y","origin":[8,-2,8]},"faces":{"north":{"uv":[4.5,1.625,4.625,2],"texture":"#main","rotation":180},"east":{"uv":[4.625,1.5,4.75,2],"texture":"#main","rotation":90},"south":{"uv":[4.625,1.5875,4.75,1.625],"texture":"#main"},"west":{"uv":[4.625,1.5,4.75,2],"texture":"#main","rotation":270},"up":{"uv":[4.625,1.5,4.75,2],"texture":"#main"},"down":{"uv":[4.625,1.5,4.75,2],"texture":"#main","rotation":180}}},{"name":"Cube","from":[3.3,0,4],"to":[7.8,6,6],"faces":{"north":{"uv":[5,0.625,5.25,1],"texture":"#main"},"east":{"uv":[5,0.875,5.25,1],"texture":"#main"},"south":{"uv":[4.625,0.625,4.875,1.125],"texture":"#main"},"west":{"uv":[5,0.875,5.25,1],"texture":"#main"},"up":{"uv":[5.125,0.75,5.0625,1],"texture":"#main"},"down":{"uv":[5.125,1.75,5.3125,1.875],"texture":"#main"}}},{"name":"Cube","from":[6.2,1,4],"to":[8.2,6,6],"rotation":{"angle":22.5,"axis":"z","origin":[8,8,8]},"faces":{"north":{"uv":[5.125,1.5,5.25,2],"texture":"#main"},"east":{"uv":[5.125,1.5,5.25,2],"texture":"#main"},"south":{"uv":[5.125,1.5,5.25,2],"texture":"#main"},"west":{"uv":[5.125,1.5,5.25,2],"texture":"#main"},"up":{"uv":[5.125,1.625,5.375,1.875],"texture":"#main"},"down":{"uv":[5.5,0.5,5.625,0.625],"texture":"#main"}}},{"name":"Cube","from":[1.9,6,5.6],"to":[6.4,10,9.6],"rotation":{"angle":-45,"axis":"y","origin":[8,8,8]},"faces":{"north":{"uv":[4.75,0.25,5,0.5],"texture":"#main"},"east":{"uv":[4.75,0.25,4.5,0.5],"texture":"#main"},"south":{"uv":[4.25,0.25,4.5,0.5],"texture":"#main"},"west":{"uv":[4,0.25,4.25,0.5],"texture":"#main"},"up":{"uv":[4.25,0,4.5,0.25],"texture":"#main"},"down":{"uv":[4.5,0,4.75,0.125],"texture":"#main"}}},{"name":"Cube","from":[1.75,5.9,5.4],"to":[6.45,10.1,9.8],"rotation":{"angle":-45,"axis":"y","origin":[8,8,8]},"faces":{"north":{"uv":[5.75,0.25,6,0.5],"texture":"#main"},"east":{"uv":[5.5,0.25,5.625,0.5],"texture":"#main"},"south":{"uv":[5.2125,0.25,5.5375,0.5],"texture":"#main"},"west":{"uv":[5.125,0.25,5.35,0.5],"texture":"#main"},"up":{"uv":[5.25,0,5.4375,0.25],"texture":"#main"},"down":{"uv":[5.5,0,5.9375,0.25],"texture":"#main"}}},{"name":"Cube","from":[10.1,0,6.8],"to":[13.1,1.3,11.5],"faces":{"north":{"uv":[6,0,6.21875,0.09687],"texture":"#main"},"east":{"uv":[6,0,6.24062,0.12812],"texture":"#main"},"south":{"uv":[6,0,6.1875,0.09687],"texture":"#main"},"west":{"uv":[6,0,6.20937,0.12812],"texture":"#main"},"up":{"uv":[6,0,6.1875,0.17812],"texture":"#main"},"down":{"uv":[6,0,6.1875,0.20937],"texture":"#main"}}},{"name":"Cube","from":[11.1,2.6,2.7],"to":[12.1,6.6,3.7],"rotation":{"angle":-45,"axis":"x","origin":[8,8,8]},"faces":{"north":{"uv":[4.21875,2.1875,4.28125,2.5],"texture":"#main"},"east":{"uv":[4.21875,2.1875,4.28125,2.5],"texture":"#main"},"south":{"uv":[4.21875,2.1875,4.28125,2.5],"texture":"#main"},"west":{"uv":[4.21875,2.1875,4.28125,2.5],"texture":"#main"},"up":{"uv":[4.21875,2.1875,4.28125,2.24062],"texture":"#main"},"down":{"uv":[4,2,4.1875,2.30312],"texture":"#main"}}},{"name":"Cube","from":[-2,0,6.8],"to":[1,1.3,11.5],"faces":{"north":{"uv":[6,0,6.21875,0.09687],"texture":"#main"},"east":{"uv":[6,0,6.24062,0.12812],"texture":"#main"},"south":{"uv":[6,0,6.1875,0.09687],"texture":"#main"},"west":{"uv":[6,0,6.20937,0.12812],"texture":"#main"},"up":{"uv":[6,0,6.1875,0.17812],"texture":"#main"},"down":{"uv":[6,0,6.1875,0.20937],"texture":"#main"}}},{"name":"Cube","from":[3.3,-0.9,4],"to":[5.3,4.1,6],"rotation":{"angle":-22.5,"axis":"z","origin":[8,8,8]},"faces":{"north":{"uv":[5.125,1.5,5.25,2],"texture":"#main"},"east":{"uv":[5.125,1.5,5.25,2],"texture":"#main"},"south":{"uv":[5.125,1.5,5.25,2],"texture":"#main"},"west":{"uv":[5.125,1.5,5.25,2],"texture":"#main"},"up":{"uv":[5.125,1.625,5.375,1.875],"texture":"#main"},"down":{"uv":[5.5,0.5,5.625,0.625],"texture":"#main"}}},{"name":"Cube","from":[-1,2.6,2.7],"to":[0,6.6,3.7],"rotation":{"angle":-45,"axis":"x","origin":[8,8,8]},"faces":{"north":{"uv":[4.21875,2.1875,4.28125,2.5],"texture":"#main"},"east":{"uv":[4.21875,2.1875,4.28125,2.5],"texture":"#main"},"south":{"uv":[4.21875,2.1875,4.28125,2.5],"texture":"#main"},"west":{"uv":[4.21875,2.1875,4.28125,2.5],"texture":"#main"},"up":{"uv":[4.21875,2.1875,4.28125,2.24062],"texture":"#main"},"down":{"uv":[4,2,4.1875,2.30312],"texture":"#main"}}},{"name":"Cube","from":[3,0,5.9],"to":[5,2,11.9],"rotation":{"angle":-22.5,"axis":"y","origin":[8,8,8]},"faces":{"north":{"uv":[8.75,1.5,8.875,2],"texture":"#main"},"east":{"uv":[8.75,1.5,8.875,2],"texture":"#main","rotation":90},"south":{"uv":[8.625,1.5,8.75,1.625],"texture":"#main"},"west":{"uv":[8.75,1.5,8.875,2],"texture":"#main","rotation":270},"up":{"uv":[8.625,1.375,8.75,2],"texture":"#main"},"down":{"uv":[8.625,1.5,8.75,2],"texture":"#main","rotation":180}}},{"name":"Cube","from":[6.5,0,4],"to":[8.5,2,10],"rotation":{"angle":22.5,"axis":"y","origin":[8,-2,8]},"faces":{"north":{"uv":[8.5,1.625,8.625,2],"texture":"#main","rotation":180},"east":{"uv":[8.625,1.5,8.75,2],"texture":"#main","rotation":90},"south":{"uv":[8.625,1.5875,8.75,1.625],"texture":"#main"},"west":{"uv":[8.625,1.5,8.75,2],"texture":"#main","rotation":270},"up":{"uv":[8.625,1.5,8.75,2],"texture":"#main"},"down":{"uv":[8.625,1.5,8.75,2],"texture":"#main","rotation":180}}},{"name":"Cube","from":[3.3,0,4],"to":[7.8,6,6],"faces":{"north":{"uv":[9,0.625,9.25,1],"texture":"#main"},"east":{"uv":[9,0.875,9.25,1],"texture":"#main"},"south":{"uv":[8.625,0.625,8.875,1.125],"texture":"#main"},"west":{"uv":[9,0.875,9.25,1],"texture":"#main"},"up":{"uv":[9.125,0.75,9.0625,1],"texture":"#main"},"down":{"uv":[9.125,1.75,9.3125,1.875],"texture":"#main"}}},{"name":"Cube","from":[6.2,1,4],"to":[8.2,6,6],"rotation":{"angle":22.5,"axis":"z","origin":[8,8,8]},"faces":{"north":{"uv":[9.125,1.5,9.25,2],"texture":"#main"},"east":{"uv":[9.125,1.5,9.25,2],"texture":"#main"},"south":{"uv":[9.125,1.5,9.25,2],"texture":"#main"},"west":{"uv":[9.125,1.5,9.25,2],"texture":"#main"},"up":{"uv":[9.125,1.625,9.375,1.875],"texture":"#main"},"down":{"uv":[9.5,0.5,9.625,0.625],"texture":"#main"}}},{"name":"Cube","from":[1.9,6,5.6],"to":[6.4,10,9.6],"rotation":{"angle":-45,"axis":"y","origin":[8,8,8]},"faces":{"north":{"uv":[8.75,0.25,9,0.5],"texture":"#main"},"east":{"uv":[8.75,0.25,8.5,0.5],"texture":"#main"},"south":{"uv":[8.25,0.25,8.5,0.5],"texture":"#main"},"west":{"uv":[8,0.25,8.25,0.5],"texture":"#main"},"up":{"uv":[8.25,0,8.5,0.25],"texture":"#main"},"down":{"uv":[8.5,0,8.75,0.125],"texture":"#main"}}},{"name":"Cube","from":[1.75,5.9,5.4],"to":[6.45,10.1,9.8],"rotation":{"angle":-45,"axis":"y","origin":[8,8,8]},"faces":{"north":{"uv":[9.75,0.25,10,0.5],"texture":"#main"},"east":{"uv":[9.5,0.25,9.625,0.5],"texture":"#main"},"south":{"uv":[9.2125,0.25,9.5375,0.5],"texture":"#main"},"west":{"uv":[9.125,0.25,9.225,0.5],"texture":"#main"},"up":{"uv":[9.25,0,9.4375,0.25],"texture":"#main"},"down":{"uv":[9.5,0,9.9375,0.25],"texture":"#main"}}},{"name":"Cube","from":[10.1,0,6.8],"to":[13.1,1.3,11.5],"faces":{"north":{"uv":[10,0,10.21875,0.09687],"texture":"#main"},"east":{"uv":[10,0,10.24062,0.12812],"texture":"#main"},"south":{"uv":[10,0,10.1875,0.09687],"texture":"#main"},"west":{"uv":[10,0,10.20937,0.12812],"texture":"#main"},"up":{"uv":[10,0,10.1875,0.17812],"texture":"#main"},"down":{"uv":[10,0,10.1875,0.20937],"texture":"#main"}}},{"name":"Cube","from":[11.1,2.6,2.7],"to":[12.1,6.6,3.7],"rotation":{"angle":-45,"axis":"x","origin":[8,8,8]},"faces":{"north":{"uv":[8.21875,2.1875,8.28125,2.5],"texture":"#main"},"east":{"uv":[8.21875,2.1875,8.28125,2.5],"texture":"#main"},"south":{"uv":[8.21875,2.1875,8.28125,2.5],"texture":"#main"},"west":{"uv":[8.21875,2.1875,8.28125,2.5],"texture":"#main"},"up":{"uv":[8.21875,2.1875,8.28125,2.24062],"texture":"#main"},"down":{"uv":[8,2,8.1875,2.30312],"texture":"#main"}}},{"name":"Cube","from":[-2,0,6.8],"to":[1,1.3,11.5],"faces":{"north":{"uv":[10,0,10.21875,0.09687],"texture":"#main"},"east":{"uv":[10,0,10.24062,0.12812],"texture":"#main"},"south":{"uv":[10,0,10.1875,0.09687],"texture":"#main"},"west":{"uv":[10,0,10.20937,0.12812],"texture":"#main"},"up":{"uv":[10,0,10.1875,0.17812],"texture":"#main"},"down":{"uv":[10,0,10.1875,0.20937],"texture":"#main"}}},{"name":"Cube","from":[3.3,-0.9,4],"to":[5.3,4.1,6],"rotation":{"angle":-22.5,"axis":"z","origin":[8,8,8]},"faces":{"north":{"uv":[9.125,1.5,9.25,2],"texture":"#main"},"east":{"uv":[9.125,1.5,9.25,2],"texture":"#main"},"south":{"uv":[9.125,1.5,9.25,2],"texture":"#main"},"west":{"uv":[9.125,1.5,9.25,2],"texture":"#main"},"up":{"uv":[9.125,1.625,9.375,1.875],"texture":"#main"},"down":{"uv":[9.5,0.5,9.625,0.625],"texture":"#main"}}},{"name":"Cube","from":[-1,4.2,13.8],"to":[0,8.2,14.8],"rotation":{"angle":45,"axis":"x","origin":[8,8,8]},"faces":{"north":{"uv":[8.21875,2.1875,8.28125,2.5],"texture":"#main"},"east":{"uv":[8.21875,2.1875,8.28125,2.5],"texture":"#main"},"south":{"uv":[8.21875,2.1875,8.28125,2.5],"texture":"#main"},"west":{"uv":[8.21875,2.1875,8.28125,2.5],"texture":"#main"},"up":{"uv":[8.21875,2.1875,8.28125,2.24062],"texture":"#main"},"down":{"uv":[8,2,8.1875,2.30312],"texture":"#main"}}},{"name":"Cube","from":[3,0,5.9],"to":[5,2,11.9],"rotation":{"angle":-22.5,"axis":"y","origin":[8,8,8]},"faces":{"north":{"uv":[12.75,1.5,12.875,2],"texture":"#main"},"east":{"uv":[12.75,1.5,12.875,2],"texture":"#main","rotation":90},"south":{"uv":[12.625,1.5,12.75,1.625],"texture":"#main"},"west":{"uv":[12.75,1.5,12.875,2],"texture":"#main","rotation":270},"up":{"uv":[12.625,1.375,12.75,2],"texture":"#main"},"down":{"uv":[12.625,1.5,12.75,2],"texture":"#main","rotation":180}}},{"name":"Cube","from":[6.5,0,4],"to":[8.5,2,10],"rotation":{"angle":22.5,"axis":"y","origin":[8,-2,8]},"faces":{"north":{"uv":[12.5,1.625,12.625,2],"texture":"#main","rotation":180},"east":{"uv":[12.625,1.5,12.75,2],"texture":"#main","rotation":90},"south":{"uv":[12.625,1.5875,12.75,1.625],"texture":"#main"},"west":{"uv":[12.625,1.5,12.75,2],"texture":"#main","rotation":270},"up":{"uv":[12.625,1.5,12.75,2],"texture":"#main"},"down":{"uv":[12.625,1.5,12.75,2],"texture":"#main","rotation":180}}},{"name":"Cube","from":[3.3,0,4],"to":[7.8,6,6],"faces":{"north":{"uv":[13,0.625,13.25,1],"texture":"#main"},"east":{"uv":[13,0.875,13.25,1],"texture":"#main"},"south":{"uv":[12.625,0.625,12.875,1.125],"texture":"#main"},"west":{"uv":[13,0.875,13.25,1],"texture":"#main"},"up":{"uv":[13.25,0.625,13.4375,0.875],"texture":"#main"},"down":{"uv":[12.625,1.75,12.8125,1.875],"texture":"#main"}}},{"name":"Cube","from":[6.2,1,4],"to":[8.2,6,6],"rotation":{"angle":22.5,"axis":"z","origin":[8,8,8]},"faces":{"north":{"uv":[13.125,1.5,13.25,2],"texture":"#main"},"east":{"uv":[13.125,1.5,13.25,2],"texture":"#main"},"south":{"uv":[13.125,1.5,13.25,2],"texture":"#main"},"west":{"uv":[13.125,1.5,13.25,2],"texture":"#main"},"up":{"uv":[13.125,1.625,13.375,1.875],"texture":"#main"},"down":{"uv":[13.5,0.5,13.625,0.625],"texture":"#main"}}},{"name":"Cube","from":[6,6,2.1],"to":[10.5,10,6.1],"rotation":{"angle":45,"axis":"y","origin":[8,8,8]},"faces":{"north":{"uv":[12.75,0.25,13,0.5],"texture":"#main"},"east":{"uv":[12.75,0.25,12.5,0.5],"texture":"#main"},"south":{"uv":[12.25,0.25,12.5,0.5],"texture":"#main"},"west":{"uv":[12,0.25,12.25,0.5],"texture":"#main"},"up":{"uv":[12.25,0,12.5,0.25],"texture":"#main"},"down":{"uv":[12.5,0,12.75,0.125],"texture":"#main"}}},{"name":"Cube","from":[5.95,5.9,1.9],"to":[10.65,10.1,6.3],"rotation":{"angle":45,"axis":"y","origin":[8,8,8]},"faces":{"north":{"uv":[13.75,0.25,14,0.5],"texture":"#main"},"east":{"uv":[13.5,0.25,13.625,0.5],"texture":"#main"},"south":{"uv":[13.2125,0.25,13.5375,0.5],"texture":"#main"},"west":{"uv":[13,0.25,13.225,0.5],"texture":"#main"},"up":{"uv":[13.25,0,13.4375,0.25],"texture":"#main"},"down":{"uv":[13.5,0,13.9375,0.25],"texture":"#main"}}},{"name":"Cube","from":[10.1,0,6.8],"to":[13.1,1.3,11.5],"faces":{"north":{"uv":[14,0,14.21875,0.09687],"texture":"#main"},"east":{"uv":[14,0,14.24062,0.12812],"texture":"#main"},"south":{"uv":[14,0,14.1875,0.09687],"texture":"#main"},"west":{"uv":[14,0,14.20937,0.12812],"texture":"#main"},"up":{"uv":[14,0,14.1875,0.17812],"texture":"#main"},"down":{"uv":[14,0,14.1875,0.20937],"texture":"#main"}}},{"name":"Cube","from":[11.1,2.6,2.7],"to":[12.1,6.6,3.7],"rotation":{"angle":-45,"axis":"x","origin":[8,8,8]},"faces":{"north":{"uv":[12.21875,2.1875,12.28125,2.5],"texture":"#main"},"east":{"uv":[12.21875,2.1875,12.28125,2.5],"texture":"#main"},"south":{"uv":[12.21875,2.1875,12.28125,2.5],"texture":"#main"},"west":{"uv":[12.21875,2.1875,12.28125,2.5],"texture":"#main"},"up":{"uv":[12.21875,2.1875,12.28125,2.24062],"texture":"#main"},"down":{"uv":[12,2,12.1875,2.30312],"texture":"#main"}}},{"name":"Cube","from":[-2,0,6.8],"to":[1,1.3,11.5],"faces":{"north":{"uv":[14,0,14.21875,0.09687],"texture":"#main"},"east":{"uv":[14,0,14.24062,0.12812],"texture":"#main"},"south":{"uv":[14,0,14.1875,0.09687],"texture":"#main"},"west":{"uv":[14,0,14.20937,0.12812],"texture":"#main"},"up":{"uv":[14,0,14.1875,0.17812],"texture":"#main"},"down":{"uv":[14,0,14.1875,0.20937],"texture":"#main"}}},{"name":"Cube","from":[3.3,-0.9,4],"to":[5.3,4.1,6],"rotation":{"angle":-22.5,"axis":"z","origin":[8,8,8]},"faces":{"north":{"uv":[13.125,1.5,13.25,2],"texture":"#main"},"east":{"uv":[13.125,1.5,13.25,2],"texture":"#main"},"south":{"uv":[13.125,1.5,13.25,2],"texture":"#main"},"west":{"uv":[13.125,1.5,13.25,2],"texture":"#main"},"up":{"uv":[13.125,1.625,13.375,1.875],"texture":"#main"},"down":{"uv":[13.5,0.5,13.625,0.625],"texture":"#main"}}},{"name":"Cube","from":[-1,2.6,2.7],"to":[0,6.6,3.7],"rotation":{"angle":-45,"axis":"x","origin":[8,8,8]},"faces":{"north":{"uv":[12.21875,2.1875,12.28125,2.5],"texture":"#main"},"east":{"uv":[12.21875,2.1875,12.28125,2.5],"texture":"#main"},"south":{"uv":[12.21875,2.1875,12.28125,2.5],"texture":"#main"},"west":{"uv":[12.21875,2.1875,12.28125,2.5],"texture":"#main"},"up":{"uv":[12.21875,2.1875,12.28125,2.24062],"texture":"#main"},"down":{"uv":[12,2,12.1875,2.30312],"texture":"#main"}}},{"name":"Cube","from":[3,0,5.9],"to":[5,2,11.9],"rotation":{"angle":-22.5,"axis":"y","origin":[8,8,8]},"faces":{"north":{"uv":[0.75,5.5,0.875,6],"texture":"#main"},"east":{"uv":[0.75,5.5,0.875,6],"texture":"#main","rotation":90},"south":{"uv":[0.625,5.5,0.75,5.625],"texture":"#main"},"west":{"uv":[0.75,5.5,0.875,6],"texture":"#main","rotation":270},"up":{"uv":[0.625,5.375,0.75,6],"texture":"#main"},"down":{"uv":[0.625,5.5,0.75,6],"texture":"#main","rotation":180}}},{"name":"Cube","from":[6.5,0,4],"to":[8.5,2,10],"rotation":{"angle":22.5,"axis":"y","origin":[8,-2,8]},"faces":{"north":{"uv":[0.5,5.625,0.625,6],"texture":"#main","rotation":180},"east":{"uv":[0.625,5.5,0.75,6],"texture":"#main","rotation":90},"south":{"uv":[0.625,5.5875,0.75,5.625],"texture":"#main"},"west":{"uv":[0.625,5.5,0.75,6],"texture":"#main","rotation":270},"up":{"uv":[0.625,5.5,0.75,6],"texture":"#main"},"down":{"uv":[0.625,5.5,0.75,6],"texture":"#main","rotation":180}}},{"name":"Cube","from":[3.3,0,4],"to":[7.8,6,6],"faces":{"north":{"uv":[1,4.625,1.25,5],"texture":"#main"},"east":{"uv":[1,4.875,1.25,5],"texture":"#main"},"south":{"uv":[0.625,4.625,0.875,5.125],"texture":"#main"},"west":{"uv":[1,4.875,1.25,5],"texture":"#main"},"up":{"uv":[1.25,4.625,1.4375,4.875],"texture":"#main"},"down":{"uv":[0.625,5.75,0.8125,5.875],"texture":"#main"}}},{"name":"Cube","from":[6.2,1,4],"to":[8.2,6,6],"rotation":{"angle":22.5,"axis":"z","origin":[8,8,8]},"faces":{"north":{"uv":[1.125,5.5,1.25,6],"texture":"#main"},"east":{"uv":[1.125,5.5,1.25,6],"texture":"#main"},"south":{"uv":[1.125,5.5,1.25,6],"texture":"#main"},"west":{"uv":[1.125,5.5,1.25,6],"texture":"#main"},"up":{"uv":[1.125,5.625,1.375,5.875],"texture":"#main"},"down":{"uv":[1.5,4.5,1.625,4.625],"texture":"#main"}}},{"name":"Cube","from":[6,6,2.1],"to":[10.5,10,6.1],"rotation":{"angle":45,"axis":"y","origin":[8,8,8]},"faces":{"north":{"uv":[0.75,4.25,1,4.5],"texture":"#main"},"east":{"uv":[0.75,4.25,0.5,4.5],"texture":"#main"},"south":{"uv":[0.25,4.25,0.5,4.5],"texture":"#main"},"west":{"uv":[0,4.25,0.25,4.5],"texture":"#main"},"up":{"uv":[0.25,4,0.5,4.25],"texture":"#main"},"down":{"uv":[0.5,4,0.75,4.125],"texture":"#main"}}},{"name":"Cube","from":[5.95,5.9,1.9],"to":[10.65,10.1,6.3],"rotation":{"angle":45,"axis":"y","origin":[8,8,8]},"faces":{"north":{"uv":[1.75,4.25,2,4.5],"texture":"#main"},"east":{"uv":[1.5,4.25,1.625,4.5],"texture":"#main"},"south":{"uv":[1.2125,4.25,1.5375,4.5],"texture":"#main"},"west":{"uv":[1,4.25,1.225,4.5],"texture":"#main"},"up":{"uv":[1.25,4,1.4375,4.25],"texture":"#main"},"down":{"uv":[1.5,4,1.9375,4.25],"texture":"#main"}}},{"name":"Cube","from":[10.1,0,6.8],"to":[13.1,1.3,11.5],"faces":{"north":{"uv":[2,4,2.21875,4.09687],"texture":"#main"},"east":{"uv":[2,4,2.24062,4.12812],"texture":"#main"},"south":{"uv":[2,4,2.1875,4.09687],"texture":"#main"},"west":{"uv":[2,4,2.20937,4.12812],"texture":"#main"},"up":{"uv":[2,4,2.1875,4.17812],"texture":"#main"},"down":{"uv":[2,4,2.1875,4.20937],"texture":"#main"}}},{"name":"Cube","from":[11.1,4.3,13.8],"to":[12.1,8.3,14.8],"rotation":{"angle":45,"axis":"x","origin":[8,8,8]},"faces":{"north":{"uv":[0.21875,6.1875,0.28125,6.5],"texture":"#main"},"east":{"uv":[0.21875,6.1875,0.28125,6.5],"texture":"#main"},"south":{"uv":[0.21875,6.1875,0.28125,6.5],"texture":"#main"},"west":{"uv":[0.21875,6.1875,0.28125,6.5],"texture":"#main"},"up":{"uv":[0.21875,6.1875,0.28125,6.24062],"texture":"#main"},"down":{"uv":[0,6,0.1875,6.30312],"texture":"#main"}}},{"name":"Cube","from":[-2,0,6.8],"to":[1,1.3,11.5],"faces":{"north":{"uv":[2,4,2.21875,4.09687],"texture":"#main"},"east":{"uv":[2,4,2.24062,4.12812],"texture":"#main"},"south":{"uv":[2,4,2.1875,4.09687],"texture":"#main"},"west":{"uv":[2,4,2.20937,4.12812],"texture":"#main"},"up":{"uv":[2,4,2.1875,4.17812],"texture":"#main"},"down":{"uv":[2,4,2.1875,4.20937],"texture":"#main"}}},{"name":"Cube","from":[3.3,-0.9,4],"to":[5.3,4.1,6],"rotation":{"angle":-22.5,"axis":"z","origin":[8,8,8]},"faces":{"north":{"uv":[1.125,5.5,1.25,6],"texture":"#main"},"east":{"uv":[1.125,5.5,1.25,6],"texture":"#main"},"south":{"uv":[1.125,5.5,1.25,6],"texture":"#main"},"west":{"uv":[1.125,5.5,1.25,6],"texture":"#main"},"up":{"uv":[1.125,5.625,1.375,5.875],"texture":"#main"},"down":{"uv":[1.5,4.5,1.625,4.625],"texture":"#main"}}},{"name":"Cube","from":[-1,2.6,2.7],"to":[0,6.6,3.7],"rotation":{"angle":-45,"axis":"x","origin":[8,8,8]},"faces":{"north":{"uv":[0.21875,6.1875,0.28125,6.5],"texture":"#main"},"east":{"uv":[0.21875,6.1875,0.28125,6.5],"texture":"#main"},"south":{"uv":[0.21875,6.1875,0.28125,6.5],"texture":"#main"},"west":{"uv":[0.21875,6.1875,0.28125,6.5],"texture":"#main"},"up":{"uv":[0.21875,6.1875,0.28125,6.24062],"texture":"#main"},"down":{"uv":[0,6,0.1875,6.30312],"texture":"#main"}}}],"display":{"head":{"rotation":[0,180,0],"translation":[-2,13.8,0],"scale":[0.85,0.9,0.85]},"gui":{"rotation":[0,0,0],"translation":[2.5,0,0]}},"credit":"Model by Craftventure"}