{"textures":{"6":"block/spruce_log","7":"block/spruce_log_top","8":"block/stripped_spruce_log","9":"block/gold_block"},"elements":[{"name":"midden","from":[7,0,8],"to":[10,1,11],"faces":{"north":{"uv":[6,15,9,16],"texture":"#9"},"east":{"uv":[5,15,8,16],"texture":"#9"},"south":{"uv":[7,15,10,16],"texture":"#9"},"west":{"uv":[8,15,11,16],"texture":"#9"},"up":{"uv":[7,5,10,8],"texture":"#9"},"down":{"uv":[7,4,10,7],"texture":"#9"}}},{"name":"midden","from":[7.5,-0.2,8.5],"to":[9.5,1.2,10.5],"faces":{"north":{"uv":[8,13,10,14.2],"texture":"#9"},"east":{"uv":[8,13,10,14.2],"texture":"#9"},"south":{"uv":[8,13,10,14.2],"texture":"#9"},"west":{"uv":[8,13,10,14.2],"texture":"#9"},"up":{"uv":[7,9,9,11],"texture":"#9"},"down":{"uv":[7,10,9,12],"texture":"#9"}}},{"name":"midden","from":[5.75,-0.1,15.35],"to":[11.25,1.1,15.85],"faces":{"north":{"uv":[8,13,10,14.2],"texture":"#9"},"east":{"uv":[8,13,10,14.2],"texture":"#9"},"south":{"uv":[8,13,10,14.2],"texture":"#9"},"west":{"uv":[8,13,10,14.2],"texture":"#9"},"up":{"uv":[7,9,9,11],"rotation":180,"texture":"#9"},"down":{"uv":[7,10,9,12],"rotation":180,"texture":"#9"}}},{"name":"midden","from":[5.97966,-0.10018,15.25499],"to":[11.07966,1.09982,15.75499],"rotation":{"angle":45,"axis":"y","origin":[8.72966,-0.00018,9.44055]},"faces":{"north":{"uv":[8,13,10,14.2],"texture":"#9"},"east":{"uv":[8,13,10,14.2],"texture":"#9"},"south":{"uv":[8,13,10,14.2],"texture":"#9"},"west":{"uv":[8,13,10,14.2],"texture":"#9"},"up":{"uv":[7,9,9,11],"rotation":180,"texture":"#9"},"down":{"uv":[7,10,9,12],"rotation":180,"texture":"#9"}}},{"name":"midden","from":[14.26087,-0.10021,6.92718],"to":[14.76087,1.09979,12.02718],"rotation":{"angle":45,"axis":"y","origin":[8.44643,-0.00021,9.27718]},"faces":{"north":{"uv":[8,13,10,14.2],"texture":"#9"},"east":{"uv":[8,13,10,14.2],"texture":"#9"},"south":{"uv":[8,13,10,14.2],"texture":"#9"},"west":{"uv":[8,13,10,14.2],"texture":"#9"},"up":{"uv":[7,9,9,11],"rotation":90,"texture":"#9"},"down":{"uv":[7,10,9,12],"rotation":270,"texture":"#9"}}},{"name":"midden","from":[5.53,-0.13056,15.68834],"to":[6.03,1.06944,20.78834],"rotation":{"angle":45,"axis":"y","origin":[-0.28444,-0.03056,18.03834]},"faces":{"north":{"uv":[8,13,10,14.2],"texture":"#9"},"east":{"uv":[8,13,10,14.2],"texture":"#9"},"south":{"uv":[8,13,10,14.2],"texture":"#9"},"west":{"uv":[8,13,10,14.2],"texture":"#9"},"up":{"uv":[7,9,9,11],"rotation":90,"texture":"#9"},"down":{"uv":[7,10,9,12],"rotation":270,"texture":"#9"}}},{"name":"midden","from":[-2.78213,-0.10003,6.52373],"to":[2.31787,1.09997,7.02373],"rotation":{"angle":45,"axis":"y","origin":[-0.03213,-3E-05,0.70929]},"faces":{"north":{"uv":[8,13,10,14.2],"texture":"#9"},"east":{"uv":[8,13,10,14.2],"texture":"#9"},"south":{"uv":[8,13,10,14.2],"texture":"#9"},"west":{"uv":[8,13,10,14.2],"texture":"#9"},"up":{"uv":[7,9,9,11],"rotation":180,"texture":"#9"},"down":{"uv":[7,10,9,12],"rotation":180,"texture":"#9"}}},{"name":"midden","from":[14.35,-0.1,6.75],"to":[14.85,1.1,12.25],"faces":{"north":{"uv":[8,13,10,14.2],"texture":"#9"},"east":{"uv":[8,13,10,14.2],"texture":"#9"},"south":{"uv":[8,13,10,14.2],"texture":"#9"},"west":{"uv":[8,13,10,14.2],"texture":"#9"},"up":{"uv":[7,9,9,11],"rotation":90,"texture":"#9"},"down":{"uv":[7,10,9,12],"rotation":270,"texture":"#9"}}},{"name":"midden","from":[5.75,-0.1,3.15],"to":[11.25,1.1,3.65],"faces":{"north":{"uv":[8,13,10,14.2],"texture":"#9"},"east":{"uv":[8,13,10,14.2],"texture":"#9"},"south":{"uv":[8,13,10,14.2],"texture":"#9"},"west":{"uv":[8,13,10,14.2],"texture":"#9"},"up":{"uv":[7,9,9,11],"texture":"#9"},"down":{"uv":[7,10,9,12],"texture":"#9"}}},{"name":"midden","from":[2.15,-0.1,6.75],"to":[2.65,1.1,12.25],"faces":{"north":{"uv":[8,13,10,14.2],"texture":"#9"},"east":{"uv":[8,13,10,14.2],"texture":"#9"},"south":{"uv":[8,13,10,14.2],"texture":"#9"},"west":{"uv":[8,13,10,14.2],"texture":"#9"},"up":{"uv":[7,9,9,11],"rotation":270,"texture":"#9"},"down":{"uv":[7,10,9,12],"rotation":90,"texture":"#9"}}},{"name":"midden","from":[2.15,-0.1,6.75],"to":[2.65,1.1,12.25],"faces":{"north":{"uv":[8,13,10,14.2],"texture":"#9"},"east":{"uv":[8,13,10,14.2],"texture":"#9"},"south":{"uv":[8,13,10,14.2],"texture":"#9"},"west":{"uv":[8,13,10,14.2],"texture":"#9"},"up":{"uv":[7,9,9,11],"rotation":270,"texture":"#9"},"down":{"uv":[7,10,9,12],"rotation":90,"texture":"#9"}}},{"name":"ronding","from":[-3.16041,-3E-05,6.58608],"to":[1.78959,0.99997,7.58608],"rotation":{"angle":45,"axis":"y","origin":[-0.67325,0.51623,0.34004]},"faces":{"north":{"uv":[0,0,2.95,15],"rotation":90,"texture":"#8"},"east":{"uv":[0,0,14.95,3],"rotation":90,"texture":"#8"},"south":{"uv":[5,0,7.95,15],"rotation":90,"texture":"#8"},"west":{"uv":[0,3,14.95,6],"rotation":90,"texture":"#8"},"up":{"uv":[0,0,2.95,15],"rotation":90,"texture":"#8"},"down":{"uv":[3,0,5.95,15],"rotation":90,"texture":"#8"}}},{"name":"ronding","from":[5.66292,8E-05,15.34843],"to":[10.61292,1.00008,16.34843],"rotation":{"angle":45,"axis":"y","origin":[8.15008,0.51634,9.10239]},"faces":{"north":{"uv":[0,0,2.95,15],"rotation":90,"texture":"#8"},"east":{"uv":[0,0,14.95,3],"rotation":90,"texture":"#8"},"south":{"uv":[5,0,7.95,15],"rotation":90,"texture":"#8"},"west":{"uv":[0,3,14.95,6],"rotation":90,"texture":"#8"},"up":{"uv":[0,0,2.95,15],"rotation":90,"texture":"#8"},"down":{"uv":[3,0,5.95,15],"rotation":90,"texture":"#8"}}},{"name":"ronding","from":[14.36496,-0.00139,7.40225],"to":[15.36496,0.99861,12.35225],"rotation":{"angle":45,"axis":"y","origin":[8.11892,0.51488,9.86509]},"faces":{"north":{"uv":[0,0,14.95,3],"rotation":90,"texture":"#8"},"east":{"uv":[5,0,7.95,15],"rotation":90,"texture":"#8"},"south":{"uv":[0,3,14.95,6],"rotation":90,"texture":"#8"},"west":{"uv":[0,0,2.95,15],"rotation":90,"texture":"#8"},"up":{"uv":[0,0,2.95,15],"texture":"#8"},"down":{"uv":[3,0,5.95,15],"rotation":180,"texture":"#8"}}},{"name":"ronding","from":[1.63492,0.00261,6.6463],"to":[2.63492,1.00261,11.5963],"rotation":{"angle":45,"axis":"y","origin":[8.88096,0.51887,9.13346]},"faces":{"north":{"uv":[0,3,14.95,6],"rotation":90,"texture":"#8"},"east":{"uv":[0,0,2.95,15],"rotation":90,"texture":"#8"},"south":{"uv":[0,0,14.95,3],"rotation":90,"texture":"#8"},"west":{"uv":[5,0,7.95,15],"rotation":90,"texture":"#8"},"up":{"uv":[0,0,2.95,15],"rotation":180,"texture":"#8"},"down":{"uv":[3,0,5.95,15],"texture":"#8"}}},{"name":"ronding","from":[2,0,6.5],"to":[3,1,12.5],"faces":{"north":{"uv":[0,0,1,1],"texture":"#8"},"east":{"uv":[0,3,15,6],"texture":"#8"},"south":{"uv":[0,0,1,1],"texture":"#8"},"west":{"uv":[0,0,15,3],"texture":"#8"},"up":{"uv":[6,0,9,15],"texture":"#8"},"down":{"uv":[0,0,3,15],"texture":"#8"}}},{"name":"ronding","from":[5.5,0,15],"to":[11.5,1,16],"faces":{"north":{"uv":[0,3,15,6],"texture":"#8"},"east":{"uv":[0,0,1,1],"texture":"#8"},"south":{"uv":[0,0,15,3],"texture":"#8"},"west":{"uv":[0,0,1,1],"texture":"#8"},"up":{"uv":[6,0,9,15],"rotation":270,"texture":"#8"},"down":{"uv":[0,0,3,15],"rotation":90,"texture":"#8"}}},{"name":"ronding","from":[14,0,6.5],"to":[15,1,12.5],"faces":{"north":{"uv":[0,0,1,1],"texture":"#8"},"east":{"uv":[0,0,15,3],"texture":"#8"},"south":{"uv":[0,0,1,1],"texture":"#8"},"west":{"uv":[0,3,15,6],"texture":"#8"},"up":{"uv":[6,0,9,15],"rotation":180,"texture":"#8"},"down":{"uv":[0,0,3,15],"rotation":180,"texture":"#8"}}},{"name":"ronding","from":[5.5,0,3],"to":[11.5,1,4],"faces":{"north":{"uv":[0,0,15,3],"texture":"#8"},"east":{"uv":[0,0,1,1],"texture":"#8"},"south":{"uv":[0,3,15,6],"texture":"#8"},"west":{"uv":[0,0,1,1],"texture":"#8"},"up":{"uv":[6,0,9,15],"rotation":90,"texture":"#8"},"down":{"uv":[0,0,3,15],"rotation":270,"texture":"#8"}}},{"name":"arm","from":[8.1,0.1,7],"to":[8.9,0.9,8],"rotation":{"angle":45,"axis":"y","origin":[8.5,0,9.5]},"faces":{"north":{"uv":[9,7,9.8,8],"texture":"#6"},"east":{"uv":[9,7,9.8,8],"texture":"#6"},"south":{"uv":[9,7,9.8,8],"texture":"#6"},"west":{"uv":[9,7,9.8,8],"texture":"#6"},"up":{"uv":[9,7,9.8,8],"texture":"#6"},"down":{"uv":[9,7,9.8,8],"texture":"#6"}}},{"name":"arm","from":[8.1,0.1,3.8],"to":[8.9,0.9,4],"rotation":{"angle":45,"axis":"y","origin":[8.5,0,9.5]},"faces":{"north":{"uv":[7,0,7.8,0.8],"texture":"#7"},"east":{"uv":[7,0,7.2,0.8],"texture":"#7"},"south":{"uv":[7,0,7.8,0.8],"texture":"#7"},"west":{"uv":[7,0,7.2,0.8],"texture":"#7"},"up":{"uv":[7,0,7.8,0.2],"texture":"#7"},"down":{"uv":[7,0,7.8,0.2],"texture":"#7"}}},{"name":"arm","from":[8.1,0.1,1.2],"to":[8.9,0.9,2.2],"rotation":{"angle":45,"axis":"y","origin":[8.5,0,9.5]},"faces":{"north":{"uv":[9,7,9.8,8],"texture":"#6"},"east":{"uv":[9,7,9.8,8],"texture":"#6"},"south":{"uv":[9,7,9.8,8],"texture":"#6"},"west":{"uv":[9,7,9.8,8],"texture":"#6"},"up":{"uv":[9,7,9.8,8],"texture":"#6"},"down":{"uv":[9,7,9.8,8],"texture":"#6"}}},{"name":"arm","from":[8.2,0.2,6.6],"to":[8.8,0.8,7],"rotation":{"angle":45,"axis":"y","origin":[8.5,0,9.5]},"faces":{"north":{"uv":[10,9,10.6,9.4],"texture":"#6"},"east":{"uv":[10,9,10.6,9.4],"texture":"#6"},"south":{"uv":[10,9,10.6,9.4],"texture":"#6"},"west":{"uv":[10,9,10.6,9.4],"texture":"#6"},"up":{"uv":[10,9,10.6,9.4],"texture":"#6"},"down":{"uv":[10,9,10.6,9.4],"texture":"#6"}}},{"name":"arm","from":[8.2,0.2,2.2],"to":[8.8,0.8,5.6],"rotation":{"angle":45,"axis":"y","origin":[8.5,0,9.5]},"faces":{"north":{"uv":[10,9,10.6,12.4],"texture":"#6"},"east":{"uv":[10,9,10.6,12.4],"texture":"#6"},"south":{"uv":[10,9,10.6,12.4],"texture":"#6"},"west":{"uv":[10,9,10.6,12.4],"texture":"#6"},"up":{"uv":[10,9,10.6,12.4],"texture":"#6"},"down":{"uv":[10,9,10.6,12.4],"texture":"#6"}}},{"name":"arm","from":[8,0,5.6],"to":[9,1,6.6],"rotation":{"angle":45,"axis":"y","origin":[8.5,0,9.5]},"faces":{"north":{"uv":[7,0,8,1],"texture":"#7"},"east":{"uv":[7,0,8,1],"texture":"#7"},"south":{"uv":[7,0,8,1],"texture":"#7"},"west":{"uv":[7,0,8,1],"texture":"#7"},"up":{"uv":[7,0,8,1],"texture":"#7"},"down":{"uv":[7,0,8,1],"texture":"#7"}}},{"name":"arm","from":[8.1,0.1,7],"to":[8.9,0.9,8],"rotation":{"angle":-45,"axis":"y","origin":[8.5,0,9.5]},"faces":{"north":{"uv":[9,7,9.8,8],"texture":"#6"},"east":{"uv":[9,7,9.8,8],"texture":"#6"},"south":{"uv":[9,7,9.8,8],"texture":"#6"},"west":{"uv":[9,7,9.8,8],"texture":"#6"},"up":{"uv":[9,7,9.8,8],"texture":"#6"},"down":{"uv":[9,7,9.8,8],"texture":"#6"}}},{"name":"arm","from":[8.1,0.1,3.8],"to":[8.9,0.9,4],"rotation":{"angle":-45,"axis":"y","origin":[8.5,0,9.5]},"faces":{"north":{"uv":[7,0,7.8,0.8],"texture":"#7"},"east":{"uv":[7,0,7.2,0.8],"texture":"#7"},"south":{"uv":[7,0,7.8,0.8],"texture":"#7"},"west":{"uv":[7,0,7.2,0.8],"texture":"#7"},"up":{"uv":[7,0,7.8,0.2],"texture":"#7"},"down":{"uv":[7,0,7.8,0.2],"texture":"#7"}}},{"name":"arm","from":[8.1,0.1,1.2],"to":[8.9,0.9,2.2],"rotation":{"angle":-45,"axis":"y","origin":[8.5,0,9.5]},"faces":{"north":{"uv":[9,7,9.8,8],"texture":"#6"},"east":{"uv":[9,7,9.8,8],"texture":"#6"},"south":{"uv":[9,7,9.8,8],"texture":"#6"},"west":{"uv":[9,7,9.8,8],"texture":"#6"},"up":{"uv":[9,7,9.8,8],"texture":"#6"},"down":{"uv":[9,7,9.8,8],"texture":"#6"}}},{"name":"arm","from":[8.2,0.2,6.6],"to":[8.8,0.8,7],"rotation":{"angle":-45,"axis":"y","origin":[8.5,0,9.5]},"faces":{"north":{"uv":[10,9,10.6,9.4],"texture":"#6"},"east":{"uv":[10,9,10.6,9.4],"texture":"#6"},"south":{"uv":[10,9,10.6,9.4],"texture":"#6"},"west":{"uv":[10,9,10.6,9.4],"texture":"#6"},"up":{"uv":[10,9,10.6,9.4],"texture":"#6"},"down":{"uv":[10,9,10.6,9.4],"texture":"#6"}}},{"name":"arm","from":[8.2,0.2,2.2],"to":[8.8,0.8,5.6],"rotation":{"angle":-45,"axis":"y","origin":[8.5,0,9.5]},"faces":{"north":{"uv":[10,9,10.6,12.4],"texture":"#6"},"east":{"uv":[10,9,10.6,12.4],"texture":"#6"},"south":{"uv":[10,9,10.6,12.4],"texture":"#6"},"west":{"uv":[10,9,10.6,12.4],"texture":"#6"},"up":{"uv":[10,9,10.6,12.4],"texture":"#6"},"down":{"uv":[10,9,10.6,12.4],"texture":"#6"}}},{"name":"arm","from":[8,0,5.6],"to":[9,1,6.6],"rotation":{"angle":-45,"axis":"y","origin":[8.5,0,9.5]},"faces":{"north":{"uv":[7,0,8,1],"texture":"#7"},"east":{"uv":[7,0,8,1],"texture":"#7"},"south":{"uv":[7,0,8,1],"texture":"#7"},"west":{"uv":[7,0,8,1],"texture":"#7"},"up":{"uv":[7,0,8,1],"texture":"#7"},"down":{"uv":[7,0,8,1],"texture":"#7"}}},{"name":"arm","from":[6,0.1,9.1],"to":[7,0.9,9.9],"faces":{"north":{"uv":[9,7,9.8,8],"texture":"#6"},"east":{"uv":[9,7,9.8,8],"texture":"#6"},"south":{"uv":[9,7,9.8,8],"texture":"#6"},"west":{"uv":[9,7,9.8,8],"texture":"#6"},"up":{"uv":[9,7,9.8,8],"rotation":270,"texture":"#6"},"down":{"uv":[9,7,9.8,8],"rotation":90,"texture":"#6"}}},{"name":"arm","from":[3,0.1,9.1],"to":[3.2,0.9,9.9],"faces":{"north":{"uv":[7,0,8,1],"texture":"#7"},"east":{"uv":[7,0,8,1],"texture":"#7"},"south":{"uv":[7,0,8,1],"texture":"#7"},"west":{"uv":[7,0,8,1],"texture":"#7"},"up":{"uv":[7,0,8,1],"rotation":270,"texture":"#7"},"down":{"uv":[7,0,8,1],"rotation":90,"texture":"#7"}}},{"name":"arm","from":[0.5,0.1,9.1],"to":[1.5,0.9,9.9],"faces":{"north":{"uv":[9,7,9.8,8],"texture":"#6"},"east":{"uv":[9,7,9.8,8],"texture":"#6"},"south":{"uv":[9,7,9.8,8],"texture":"#6"},"west":{"uv":[9,7,9.8,8],"texture":"#6"},"up":{"uv":[9,7,9.8,8],"rotation":270,"texture":"#6"},"down":{"uv":[9,7,9.8,8],"rotation":90,"texture":"#6"}}},{"name":"arm","from":[5.6,0.2,9.2],"to":[6,0.8,9.8],"faces":{"north":{"uv":[10,9,10.6,9.4],"texture":"#6"},"east":{"uv":[10,9,10.6,9.4],"texture":"#6"},"south":{"uv":[10,9,10.6,9.4],"texture":"#6"},"west":{"uv":[10,9,10.6,9.4],"texture":"#6"},"up":{"uv":[10,9,10.6,9.4],"rotation":270,"texture":"#6"},"down":{"uv":[10,9,10.6,9.4],"rotation":90,"texture":"#6"}}},{"name":"arm","from":[1.2,0.2,9.2],"to":[4.6,0.8,9.8],"faces":{"north":{"uv":[10,9,10.6,12.4],"texture":"#6"},"east":{"uv":[10,9,10.6,12.4],"texture":"#6"},"south":{"uv":[10,9,10.6,12.4],"texture":"#6"},"west":{"uv":[10,9,10.6,12.4],"texture":"#6"},"up":{"uv":[10,9,10.6,12.4],"rotation":270,"texture":"#6"},"down":{"uv":[10,9,10.6,12.4],"rotation":90,"texture":"#6"}}},{"name":"arm","from":[4.6,0,9],"to":[5.6,1,10],"faces":{"north":{"uv":[7,0,8,1],"texture":"#7"},"east":{"uv":[7,0,8,1],"texture":"#7"},"south":{"uv":[7,0,8,1],"texture":"#7"},"west":{"uv":[7,0,8,1],"texture":"#7"},"up":{"uv":[7,0,8,1],"rotation":270,"texture":"#7"},"down":{"uv":[7,0,8,1],"rotation":90,"texture":"#7"}}},{"name":"arm","from":[6,0.1,9.1],"to":[7,0.9,9.9],"rotation":{"angle":45,"axis":"y","origin":[8.5,0,9.5]},"faces":{"north":{"uv":[9,7,9.8,8],"texture":"#6"},"east":{"uv":[9,7,9.8,8],"texture":"#6"},"south":{"uv":[9,7,9.8,8],"texture":"#6"},"west":{"uv":[9,7,9.8,8],"texture":"#6"},"up":{"uv":[9,7,9.8,8],"rotation":270,"texture":"#6"},"down":{"uv":[9,7,9.8,8],"rotation":90,"texture":"#6"}}},{"name":"arm","from":[2.8,0.1,9.1],"to":[3,0.9,9.9],"rotation":{"angle":45,"axis":"y","origin":[8.5,0,9.5]},"faces":{"north":{"uv":[7,0,7.2,0.8],"texture":"#7"},"east":{"uv":[7,0,7.8,0.8],"texture":"#7"},"south":{"uv":[7,0,7.2,0.8],"texture":"#7"},"west":{"uv":[7,0,7.8,0.8],"texture":"#7"},"up":{"uv":[7,0,7.8,0.2],"rotation":270,"texture":"#7"},"down":{"uv":[7,0,7.8,0.2],"rotation":90,"texture":"#7"}}},{"name":"arm","from":[0.2,0.1,9.1],"to":[1.2,0.9,9.9],"rotation":{"angle":45,"axis":"y","origin":[8.5,0,9.5]},"faces":{"north":{"uv":[9,7,9.8,8],"texture":"#6"},"east":{"uv":[9,7,9.8,8],"texture":"#6"},"south":{"uv":[9,7,9.8,8],"texture":"#6"},"west":{"uv":[9,7,9.8,8],"texture":"#6"},"up":{"uv":[9,7,9.8,8],"rotation":270,"texture":"#6"},"down":{"uv":[9,7,9.8,8],"rotation":90,"texture":"#6"}}},{"name":"arm","from":[5.6,0.2,9.2],"to":[6,0.8,9.8],"rotation":{"angle":45,"axis":"y","origin":[8.5,0,9.5]},"faces":{"north":{"uv":[10,9,10.6,9.4],"texture":"#6"},"east":{"uv":[10,9,10.6,9.4],"texture":"#6"},"south":{"uv":[10,9,10.6,9.4],"texture":"#6"},"west":{"uv":[10,9,10.6,9.4],"texture":"#6"},"up":{"uv":[10,9,10.6,9.4],"rotation":270,"texture":"#6"},"down":{"uv":[10,9,10.6,9.4],"rotation":90,"texture":"#6"}}},{"name":"arm","from":[1.2,0.2,9.2],"to":[4.6,0.8,9.8],"rotation":{"angle":45,"axis":"y","origin":[8.5,0,9.5]},"faces":{"north":{"uv":[10,9,10.6,12.4],"texture":"#6"},"east":{"uv":[10,9,10.6,12.4],"texture":"#6"},"south":{"uv":[10,9,10.6,12.4],"texture":"#6"},"west":{"uv":[10,9,10.6,12.4],"texture":"#6"},"up":{"uv":[10,9,10.6,12.4],"rotation":270,"texture":"#6"},"down":{"uv":[10,9,10.6,12.4],"rotation":90,"texture":"#6"}}},{"name":"arm","from":[4.6,0,9],"to":[5.6,1,10],"rotation":{"angle":45,"axis":"y","origin":[8.5,0,9.5]},"faces":{"north":{"uv":[7,0,8,1],"texture":"#7"},"east":{"uv":[7,0,8,1],"texture":"#7"},"south":{"uv":[7,0,8,1],"texture":"#7"},"west":{"uv":[7,0,8,1],"texture":"#7"},"up":{"uv":[7,0,8,1],"rotation":270,"texture":"#7"},"down":{"uv":[7,0,8,1],"rotation":90,"texture":"#7"}}},{"name":"arm","from":[8.1,0.1,7],"to":[8.9,0.9,8],"faces":{"north":{"uv":[9,7,9.8,8],"texture":"#6"},"east":{"uv":[9,7,9.8,8],"texture":"#6"},"south":{"uv":[9,7,9.8,8],"texture":"#6"},"west":{"uv":[9,7,9.8,8],"texture":"#6"},"up":{"uv":[9,7,9.8,8],"texture":"#6"},"down":{"uv":[9,7,9.8,8],"texture":"#6"}}},{"name":"arm","from":[8.1,0.1,4],"to":[8.9,0.9,4.2],"faces":{"north":{"uv":[7,0,8,1],"texture":"#7"},"east":{"uv":[7,0,8,1],"texture":"#7"},"south":{"uv":[7,0,8,1],"texture":"#7"},"west":{"uv":[7,0,8,1],"texture":"#7"},"up":{"uv":[7,0,8,1],"texture":"#7"},"down":{"uv":[7,0,8,1],"texture":"#7"}}},{"name":"arm","from":[8.1,0.1,1.5],"to":[8.9,0.9,2.5],"faces":{"north":{"uv":[9,7,9.8,8],"texture":"#6"},"east":{"uv":[9,7,9.8,8],"texture":"#6"},"south":{"uv":[9,7,9.8,8],"texture":"#6"},"west":{"uv":[9,7,9.8,8],"texture":"#6"},"up":{"uv":[9,7,9.8,8],"texture":"#6"},"down":{"uv":[9,7,9.8,8],"texture":"#6"}}},{"name":"arm","from":[8.2,0.2,6.6],"to":[8.8,0.8,7],"faces":{"north":{"uv":[10,9,10.6,9.4],"texture":"#6"},"east":{"uv":[10,9,10.6,9.4],"texture":"#6"},"south":{"uv":[10,9,10.6,9.4],"texture":"#6"},"west":{"uv":[10,9,10.6,9.4],"texture":"#6"},"up":{"uv":[10,9,10.6,9.4],"texture":"#6"},"down":{"uv":[10,9,10.6,9.4],"texture":"#6"}}},{"name":"arm","from":[8.2,0.2,2.2],"to":[8.8,0.8,5.6],"faces":{"north":{"uv":[10,9,10.6,12.4],"texture":"#6"},"east":{"uv":[10,9,10.6,12.4],"texture":"#6"},"south":{"uv":[10,9,10.6,12.4],"texture":"#6"},"west":{"uv":[10,9,10.6,12.4],"texture":"#6"},"up":{"uv":[10,9,10.6,12.4],"texture":"#6"},"down":{"uv":[10,9,10.6,12.4],"texture":"#6"}}},{"name":"arm","from":[8,0,5.6],"to":[9,1,6.6],"faces":{"north":{"uv":[7,0,8,1],"texture":"#7"},"east":{"uv":[7,0,8,1],"texture":"#7"},"south":{"uv":[7,0,8,1],"texture":"#7"},"west":{"uv":[7,0,8,1],"texture":"#7"},"up":{"uv":[7,0,8,1],"texture":"#7"},"down":{"uv":[7,0,8,1],"texture":"#7"}}},{"name":"arm","from":[8.1,0.1,11],"to":[8.9,0.9,12],"faces":{"north":{"uv":[9,7,9.8,8],"texture":"#6"},"east":{"uv":[9,7,9.8,8],"texture":"#6"},"south":{"uv":[9,7,9.8,8],"texture":"#6"},"west":{"uv":[9,7,9.8,8],"texture":"#6"},"up":{"uv":[9,7,9.8,8],"rotation":180,"texture":"#6"},"down":{"uv":[9,7,9.8,8],"rotation":180,"texture":"#6"}}},{"name":"arm","from":[8.1,0.1,14.8],"to":[8.9,0.9,15],"faces":{"north":{"uv":[7,0,8,1],"texture":"#7"},"east":{"uv":[7,0,8,1],"texture":"#7"},"south":{"uv":[7,0,8,1],"texture":"#7"},"west":{"uv":[7,0,8,1],"texture":"#7"},"up":{"uv":[7,0,8,1],"rotation":180,"texture":"#7"},"down":{"uv":[7,0,8,1],"rotation":180,"texture":"#7"}}},{"name":"arm","from":[8.1,0.1,16.5],"to":[8.9,0.9,17.5],"faces":{"north":{"uv":[9,7,9.8,8],"texture":"#6"},"east":{"uv":[9,7,9.8,8],"texture":"#6"},"south":{"uv":[9,7,9.8,8],"texture":"#6"},"west":{"uv":[9,7,9.8,8],"texture":"#6"},"up":{"uv":[9,7,9.8,8],"rotation":180,"texture":"#6"},"down":{"uv":[9,7,9.8,8],"rotation":180,"texture":"#6"}}},{"name":"arm","from":[8.2,0.2,12],"to":[8.8,0.8,12.4],"faces":{"north":{"uv":[10,9,10.6,9.4],"texture":"#6"},"east":{"uv":[10,9,10.6,9.4],"texture":"#6"},"south":{"uv":[10,9,10.6,9.4],"texture":"#6"},"west":{"uv":[10,9,10.6,9.4],"texture":"#6"},"up":{"uv":[10,9,10.6,9.4],"rotation":180,"texture":"#6"},"down":{"uv":[10,9,10.6,9.4],"rotation":180,"texture":"#6"}}},{"name":"arm","from":[8.2,0.2,13.4],"to":[8.8,0.8,16.8],"faces":{"north":{"uv":[10,9,10.6,12.4],"texture":"#6"},"east":{"uv":[10,9,10.6,12.4],"texture":"#6"},"south":{"uv":[10,9,10.6,12.4],"texture":"#6"},"west":{"uv":[10,9,10.6,12.4],"texture":"#6"},"up":{"uv":[10,9,10.6,12.4],"rotation":180,"texture":"#6"},"down":{"uv":[10,9,10.6,12.4],"rotation":180,"texture":"#6"}}},{"name":"arm","from":[8,0,12.4],"to":[9,1,13.4],"faces":{"north":{"uv":[7,0,8,1],"texture":"#7"},"east":{"uv":[7,0,8,1],"texture":"#7"},"south":{"uv":[7,0,8,1],"texture":"#7"},"west":{"uv":[7,0,8,1],"texture":"#7"},"up":{"uv":[7,0,8,1],"rotation":180,"texture":"#7"},"down":{"uv":[7,0,8,1],"rotation":180,"texture":"#7"}}},{"name":"arm","from":[8.1,0.1,11],"to":[8.9,0.9,12],"rotation":{"angle":45,"axis":"y","origin":[8.5,0,9.5]},"faces":{"north":{"uv":[9,7,9.8,8],"texture":"#6"},"east":{"uv":[9,7,9.8,8],"texture":"#6"},"south":{"uv":[9,7,9.8,8],"texture":"#6"},"west":{"uv":[9,7,9.8,8],"texture":"#6"},"up":{"uv":[9,7,9.8,8],"rotation":180,"texture":"#6"},"down":{"uv":[9,7,9.8,8],"rotation":180,"texture":"#6"}}},{"name":"arm","from":[8.1,0.1,15],"to":[8.9,0.9,15.2],"rotation":{"angle":45,"axis":"y","origin":[8.5,0,9.5]},"faces":{"north":{"uv":[7,0,7.8,0.8],"texture":"#7"},"east":{"uv":[7,0,7.2,0.8],"texture":"#7"},"south":{"uv":[7,0,7.8,0.8],"texture":"#7"},"west":{"uv":[7,0,7.2,0.8],"texture":"#7"},"up":{"uv":[7,0,7.8,0.2],"rotation":180,"texture":"#7"},"down":{"uv":[7,0,7.8,0.2],"rotation":180,"texture":"#7"}}},{"name":"arm","from":[8.1,0.1,16.8],"to":[8.9,0.9,17.8],"rotation":{"angle":45,"axis":"y","origin":[8.5,0,9.5]},"faces":{"north":{"uv":[9,7,9.8,8],"texture":"#6"},"east":{"uv":[9,7,9.8,8],"texture":"#6"},"south":{"uv":[9,7,9.8,8],"texture":"#6"},"west":{"uv":[9,7,9.8,8],"texture":"#6"},"up":{"uv":[9,7,9.8,8],"rotation":180,"texture":"#6"},"down":{"uv":[9,7,9.8,8],"rotation":180,"texture":"#6"}}},{"name":"arm","from":[8.2,0.2,12],"to":[8.8,0.8,12.4],"rotation":{"angle":45,"axis":"y","origin":[8.5,0,9.5]},"faces":{"north":{"uv":[10,9,10.6,9.4],"texture":"#6"},"east":{"uv":[10,9,10.6,9.4],"texture":"#6"},"south":{"uv":[10,9,10.6,9.4],"texture":"#6"},"west":{"uv":[10,9,10.6,9.4],"texture":"#6"},"up":{"uv":[10,9,10.6,9.4],"rotation":180,"texture":"#6"},"down":{"uv":[10,9,10.6,9.4],"rotation":180,"texture":"#6"}}},{"name":"arm","from":[8.2,0.2,13.4],"to":[8.8,0.8,16.8],"rotation":{"angle":45,"axis":"y","origin":[8.5,0,9.5]},"faces":{"north":{"uv":[10,9,10.6,12.4],"texture":"#6"},"east":{"uv":[10,9,10.6,12.4],"texture":"#6"},"south":{"uv":[10,9,10.6,12.4],"texture":"#6"},"west":{"uv":[10,9,10.6,12.4],"texture":"#6"},"up":{"uv":[10,9,10.6,12.4],"rotation":180,"texture":"#6"},"down":{"uv":[10,9,10.6,12.4],"rotation":180,"texture":"#6"}}},{"name":"arm","from":[8,0,12.4],"to":[9,1,13.4],"rotation":{"angle":45,"axis":"y","origin":[8.5,0,9.5]},"faces":{"north":{"uv":[7,0,8,1],"texture":"#7"},"east":{"uv":[7,0,8,1],"texture":"#7"},"south":{"uv":[7,0,8,1],"texture":"#7"},"west":{"uv":[7,0,8,1],"texture":"#7"},"up":{"uv":[7,0,8,1],"rotation":180,"texture":"#7"},"down":{"uv":[7,0,8,1],"rotation":180,"texture":"#7"}}},{"name":"arm","from":[10,0.1,9.1],"to":[11,0.9,9.9],"faces":{"north":{"uv":[9,7,9.8,8],"texture":"#6"},"east":{"uv":[9,7,9.8,8],"texture":"#6"},"south":{"uv":[9,7,9.8,8],"texture":"#6"},"west":{"uv":[9,7,9.8,8],"texture":"#6"},"up":{"uv":[9,7,9.8,8],"rotation":90,"texture":"#6"},"down":{"uv":[9,7,9.8,8],"rotation":270,"texture":"#6"}}},{"name":"arm","from":[13.8,0.1,9.1],"to":[14,0.9,9.9],"faces":{"north":{"uv":[7,0,8,1],"texture":"#7"},"east":{"uv":[7,0,8,1],"texture":"#7"},"south":{"uv":[7,0,8,1],"texture":"#7"},"west":{"uv":[7,0,8,1],"texture":"#7"},"up":{"uv":[7,0,8,1],"rotation":90,"texture":"#7"},"down":{"uv":[7,0,8,1],"rotation":270,"texture":"#7"}}},{"name":"arm","from":[15.5,0.1,9.1],"to":[16.5,0.9,9.9],"faces":{"north":{"uv":[9,7,9.8,8],"texture":"#6"},"east":{"uv":[9,7,9.8,8],"texture":"#6"},"south":{"uv":[9,7,9.8,8],"texture":"#6"},"west":{"uv":[9,7,9.8,8],"texture":"#6"},"up":{"uv":[9,7,9.8,8],"rotation":90,"texture":"#6"},"down":{"uv":[9,7,9.8,8],"rotation":270,"texture":"#6"}}},{"name":"arm","from":[11,0.2,9.2],"to":[11.4,0.8,9.8],"faces":{"north":{"uv":[10,9,10.6,9.4],"texture":"#6"},"east":{"uv":[10,9,10.6,9.4],"texture":"#6"},"south":{"uv":[10,9,10.6,9.4],"texture":"#6"},"west":{"uv":[10,9,10.6,9.4],"texture":"#6"},"up":{"uv":[10,9,10.6,9.4],"rotation":90,"texture":"#6"},"down":{"uv":[10,9,10.6,9.4],"rotation":270,"texture":"#6"}}},{"name":"arm","from":[12.4,0.2,9.2],"to":[15.8,0.8,9.8],"faces":{"north":{"uv":[10,9,10.6,12.4],"texture":"#6"},"east":{"uv":[10,9,10.6,12.4],"texture":"#6"},"south":{"uv":[10,9,10.6,12.4],"texture":"#6"},"west":{"uv":[10,9,10.6,12.4],"texture":"#6"},"up":{"uv":[10,9,10.6,12.4],"rotation":90,"texture":"#6"},"down":{"uv":[10,9,10.6,12.4],"rotation":270,"texture":"#6"}}},{"name":"arm","from":[11.4,0,9],"to":[12.4,1,10],"faces":{"north":{"uv":[7,0,8,1],"texture":"#7"},"east":{"uv":[7,0,8,1],"texture":"#7"},"south":{"uv":[7,0,8,1],"texture":"#7"},"west":{"uv":[7,0,8,1],"texture":"#7"},"up":{"uv":[7,0,8,1],"rotation":90,"texture":"#7"},"down":{"uv":[7,0,8,1],"rotation":270,"texture":"#7"}}}],"display":{"gui":{"rotation":[-74,14,-33],"translation":[3,-0.25,2.5],"scale":[0.9,0.9,0.9]},"head":{"rotation":[90,19,12],"translation":[1.25,8.25,12],"scale":[1.6,1.6,1.6]}},"groups":[0,1,2,3,4,5,6,7,8,9,10,{"name":"group","children":[11,12,13,14,15,16,17,18]},{"name":"arm","children":[19,20,21,22,23,24]},{"name":"arm","children":[25,26,27,28,29,30]},{"name":"arm","children":[31,32,33,34,35,36]},{"name":"arm","children":[37,38,39,40,41,42]},{"name":"arm","children":[43,44,45,46,47,48]},{"name":"arm","children":[49,50,51,52,53,54]},{"name":"arm","children":[55,56,57,58,59,60]},{"name":"arm","children":[61,62,63,64,65,66]}],"credit":"Model by Craftventure"}