{"textures":{"main":"block/button_green_off"},"elements":[{"name":"hexadecagon","from":[6.92786,2.61,5.19],"to":[9.07214,13.39,7.23],"rotation":{"angle":-45,"axis":"z","origin":[8,8,6.46]},"faces":{"north":{"uv":[0,0,0.25,0.25],"texture":"#main"},"east":{"uv":[0,0,0.25,0.25],"texture":"#main"},"south":{"uv":[0,0,0.25,0.25],"texture":"#main"},"west":{"uv":[0,0,0.25,0.25],"texture":"#main"},"up":{"uv":[0,0,0.25,0.25],"texture":"#main"},"down":{"uv":[0,0,0.25,0.25],"texture":"#main"}}},{"name":"hexadecagon","from":[6.92786,2.61,5.19],"to":[9.07214,13.39,7.23],"rotation":{"angle":-22.5,"axis":"z","origin":[8,8,6.46]},"faces":{"north":{"uv":[0,0,0.25,0.25],"texture":"#main"},"east":{"uv":[0,0,0.25,0.25],"texture":"#main"},"south":{"uv":[0,0,0.25,0.25],"texture":"#main"},"west":{"uv":[0,0,0.25,0.25],"texture":"#main"},"up":{"uv":[0,0,0.25,0.25],"texture":"#main"},"down":{"uv":[0,0,0.25,0.25],"texture":"#main"}}},{"name":"hexadecagon","from":[6.92786,2.61,5.19],"to":[9.07214,13.39,7.23],"faces":{"north":{"uv":[0,0,0.25,0.25],"texture":"#main"},"east":{"uv":[0,0,0.25,0.25],"texture":"#main"},"south":{"uv":[0,0,0.25,0.25],"texture":"#main"},"west":{"uv":[0,0,0.25,0.25],"texture":"#main"},"up":{"uv":[0,0,0.25,0.25],"texture":"#main"},"down":{"uv":[0,0,0.25,0.25],"texture":"#main"}}},{"name":"hexadecagon","from":[6.92786,2.61,5.19],"to":[9.07214,13.39,7.23],"rotation":{"angle":22.5,"axis":"z","origin":[8,8,6.46]},"faces":{"north":{"uv":[0,0,0.25,0.25],"texture":"#main"},"east":{"uv":[0,0,0.25,0.25],"texture":"#main"},"south":{"uv":[0,0,0.25,0.25],"texture":"#main"},"west":{"uv":[0,0,0.25,0.25],"texture":"#main"},"up":{"uv":[0,0,0.25,0.25],"texture":"#main"},"down":{"uv":[0,0,0.25,0.25],"texture":"#main"}}},{"name":"hexadecagon","from":[6.92786,2.61,5.19],"to":[9.07214,13.39,7.23],"rotation":{"angle":45,"axis":"z","origin":[8,8,6.46]},"faces":{"north":{"uv":[0,0,0.25,0.25],"texture":"#main"},"east":{"uv":[0,0,0.25,0.25],"texture":"#main"},"south":{"uv":[0,0,0.25,0.25],"texture":"#main"},"west":{"uv":[0,0,0.25,0.25],"texture":"#main"},"up":{"uv":[0,0,0.25,0.25],"texture":"#main"},"down":{"uv":[0,0,0.25,0.25],"texture":"#main"}}},{"name":"hexadecagon","from":[2.61,6.92786,5.19],"to":[13.39,9.07214,7.23],"rotation":{"angle":-22.5,"axis":"z","origin":[8,8,6.46]},"faces":{"north":{"uv":[0,0,0.25,0.25],"texture":"#main"},"east":{"uv":[0,0,0.25,0.25],"texture":"#main"},"south":{"uv":[0,0,0.25,0.25],"texture":"#main"},"west":{"uv":[0,0,0.25,0.25],"texture":"#main"},"up":{"uv":[0,0,0.25,0.25],"texture":"#main"},"down":{"uv":[0,0,0.25,0.25],"texture":"#main"}}},{"name":"hexadecagon","from":[2.61,6.92786,5.19],"to":[13.39,9.07214,7.23],"faces":{"north":{"uv":[0,0,0.25,0.25],"texture":"#main"},"east":{"uv":[0,0,0.25,0.25],"texture":"#main"},"south":{"uv":[0,0,0.25,0.25],"texture":"#main"},"west":{"uv":[0,0,0.25,0.25],"texture":"#main"},"up":{"uv":[0,0,0.25,0.25],"texture":"#main"},"down":{"uv":[0,0,0.25,0.25],"texture":"#main"}}},{"name":"hexadecagon","from":[2.61,6.92786,5.19],"to":[13.39,9.07214,7.23],"rotation":{"angle":22.5,"axis":"z","origin":[8,8,6.46]},"faces":{"north":{"uv":[0,0,0.25,0.25],"texture":"#main"},"east":{"uv":[0,0,0.25,0.25],"texture":"#main"},"south":{"uv":[0,0,0.25,0.25],"texture":"#main"},"west":{"uv":[0,0,0.25,0.25],"texture":"#main"},"up":{"uv":[0,0,0.25,0.25],"texture":"#main"},"down":{"uv":[0,0,0.25,0.25],"texture":"#main"}}},{"name":"hexadecagon","from":[6.44951,1.45515,5.94],"to":[9.55049,14.54485,7.23],"faces":{"north":{"uv":[4,0,4.25,0.25],"texture":"#main"},"east":{"uv":[4,0,4.25,0.25],"texture":"#main"},"south":{"uv":[4,0,4.25,0.25],"texture":"#main"},"west":{"uv":[4,0,4.25,0.25],"texture":"#main"},"up":{"uv":[4,0,4.25,0.25],"texture":"#main"},"down":{"uv":[4,0,4.25,0.25],"texture":"#main"}}},{"name":"hexadecagon","from":[5.22786,1.36,5.94],"to":[9.07214,6.64,7.23],"rotation":{"angle":-22.5,"axis":"z","origin":[8,8,6.46]},"faces":{"north":{"uv":[4,0,4.25,0.25],"texture":"#main"},"east":{"uv":[4,0,4.25,0.25],"texture":"#main"},"south":{"uv":[4,0,4.25,0.25],"texture":"#main"},"west":{"uv":[4,0,4.25,0.25],"texture":"#main"},"up":{"uv":[4,0,4.25,0.25],"texture":"#main"},"down":{"uv":[4,0,4.25,0.25],"texture":"#main"}}},{"name":"hexadecagon","from":[1.45515,6.44951,5.94],"to":[14.54485,9.55049,7.23],"faces":{"north":{"uv":[4,0,4.25,0.25],"texture":"#main"},"east":{"uv":[4,0,4.25,0.25],"texture":"#main"},"south":{"uv":[4,0,4.25,0.25],"texture":"#main"},"west":{"uv":[4,0,4.25,0.25],"texture":"#main"},"up":{"uv":[4,0,4.25,0.25],"texture":"#main"},"down":{"uv":[4,0,4.25,0.25],"texture":"#main"}}},{"name":"hexadecagon","from":[1.36,5.22786,5.94],"to":[5.64,9.07214,7.23],"rotation":{"angle":22.5,"axis":"z","origin":[8,8,6.46]},"faces":{"north":{"uv":[4,0,4.25,0.25],"texture":"#main"},"east":{"uv":[4,0,4.25,0.25],"texture":"#main"},"south":{"uv":[4,0,4.25,0.25],"texture":"#main"},"west":{"uv":[4,0,4.25,0.25],"texture":"#main"},"up":{"uv":[4,0,4.25,0.25],"texture":"#main"},"down":{"uv":[4,0,4.25,0.25],"texture":"#main"}}},{"name":"hexadecagon","from":[10.36,5.22786,5.94],"to":[14.64,9.07214,7.23],"rotation":{"angle":-22.5,"axis":"z","origin":[8,8,6.46]},"faces":{"north":{"uv":[4.25,0,4,0.25],"texture":"#main"},"east":{"uv":[4.25,0,4,0.25],"texture":"#main"},"south":{"uv":[4.25,0,4,0.25],"texture":"#main"},"west":{"uv":[4.25,0,4,0.25],"texture":"#main"},"up":{"uv":[4.25,0,4,0.25],"texture":"#main"},"down":{"uv":[4.25,0,4,0.25],"texture":"#main"}}},{"name":"hexadecagon","from":[6.92786,1.36,5.94],"to":[10.77214,6.64,7.23],"rotation":{"angle":22.5,"axis":"z","origin":[8,8,6.46]},"faces":{"north":{"uv":[4.25,0,4,0.25],"texture":"#main"},"east":{"uv":[4.25,0,4,0.25],"texture":"#main"},"south":{"uv":[4.25,0,4,0.25],"texture":"#main"},"west":{"uv":[4.25,0,4,0.25],"texture":"#main"},"up":{"uv":[4.25,0,4,0.25],"texture":"#main"},"down":{"uv":[4.25,0,4,0.25],"texture":"#main"}}},{"name":"hexadecagon","from":[10.36,6.92786,5.94],"to":[14.64,10.77214,7.23],"rotation":{"angle":22.5,"axis":"z","origin":[8,8,6.46]},"faces":{"north":{"uv":[4.25,0.25,4,0],"texture":"#main"},"east":{"uv":[4.25,0.25,4,0],"texture":"#main"},"south":{"uv":[4.25,0.25,4,0],"texture":"#main"},"west":{"uv":[4.25,0.25,4,0],"texture":"#main"},"up":{"uv":[4.25,0.25,4,0],"texture":"#main"},"down":{"uv":[4.25,0.25,4,0],"texture":"#main"}}},{"name":"hexadecagon","from":[6.92786,9.36,5.94],"to":[10.77214,14.64,7.23],"rotation":{"angle":-22.5,"axis":"z","origin":[8,8,6.46]},"faces":{"north":{"uv":[4.25,0.25,4,0],"texture":"#main"},"east":{"uv":[4.25,0.25,4,0],"texture":"#main"},"south":{"uv":[4.25,0.25,4,0],"texture":"#main"},"west":{"uv":[4.25,0.25,4,0],"texture":"#main"},"up":{"uv":[4.25,0.25,4,0],"texture":"#main"},"down":{"uv":[4.25,0.25,4,0],"texture":"#main"}}},{"name":"hexadecagon","from":[5.22786,9.36,5.94],"to":[9.07214,14.64,7.23],"rotation":{"angle":22.5,"axis":"z","origin":[8,8,6.46]},"faces":{"north":{"uv":[4,0.25,4.25,0],"texture":"#main"},"east":{"uv":[4,0.25,4.25,0],"texture":"#main"},"south":{"uv":[4,0.25,4.25,0],"texture":"#main"},"west":{"uv":[4,0.25,4.25,0],"texture":"#main"},"up":{"uv":[4,0.25,4.25,0],"texture":"#main"},"down":{"uv":[4,0.25,4.25,0],"texture":"#main"}}},{"name":"hexadecagon","from":[1.36,6.92786,5.94],"to":[5.64,10.77214,7.23],"rotation":{"angle":-22.5,"axis":"z","origin":[8,8,6.46]},"faces":{"north":{"uv":[4,0.25,4.25,0],"texture":"#main"},"east":{"uv":[4,0.25,4.25,0],"texture":"#main"},"south":{"uv":[4,0.25,4.25,0],"texture":"#main"},"west":{"uv":[4,0.25,4.25,0],"texture":"#main"},"up":{"uv":[4,0.25,4.25,0],"texture":"#main"},"down":{"uv":[4,0.25,4.25,0],"texture":"#main"}}},{"name":"hexadecagon","from":[6.92786,2.61,5.19],"to":[9.07214,13.39,7.23],"rotation":{"angle":-45,"axis":"z","origin":[8,8,6.46]},"faces":{"north":{"uv":[8,0,8.25,0.25],"texture":"#main"},"east":{"uv":[8,0,8.25,0.25],"texture":"#main"},"south":{"uv":[8,0,8.25,0.25],"texture":"#main"},"west":{"uv":[8,0,8.25,0.25],"texture":"#main"},"up":{"uv":[8,0,8.25,0.25],"texture":"#main"},"down":{"uv":[8,0,8.25,0.25],"texture":"#main"}}},{"name":"hexadecagon","from":[6.92786,2.61,5.19],"to":[9.07214,13.39,7.23],"rotation":{"angle":-22.5,"axis":"z","origin":[8,8,6.46]},"faces":{"north":{"uv":[8,0,8.25,0.25],"texture":"#main"},"east":{"uv":[8,0,8.25,0.25],"texture":"#main"},"south":{"uv":[8,0,8.25,0.25],"texture":"#main"},"west":{"uv":[8,0,8.25,0.25],"texture":"#main"},"up":{"uv":[8,0,8.25,0.25],"texture":"#main"},"down":{"uv":[8,0,8.25,0.25],"texture":"#main"}}},{"name":"hexadecagon","from":[6.92786,2.61,5.19],"to":[9.07214,13.39,7.23],"faces":{"north":{"uv":[8,0,8.25,0.25],"texture":"#main"},"east":{"uv":[8,0,8.25,0.25],"texture":"#main"},"south":{"uv":[8,0,8.25,0.25],"texture":"#main"},"west":{"uv":[8,0,8.25,0.25],"texture":"#main"},"up":{"uv":[8,0,8.25,0.25],"texture":"#main"},"down":{"uv":[8,0,8.25,0.25],"texture":"#main"}}},{"name":"hexadecagon","from":[6.92786,2.61,5.19],"to":[9.07214,13.39,7.23],"rotation":{"angle":22.5,"axis":"z","origin":[8,8,6.46]},"faces":{"north":{"uv":[8,0,8.25,0.25],"texture":"#main"},"east":{"uv":[8,0,8.25,0.25],"texture":"#main"},"south":{"uv":[8,0,8.25,0.25],"texture":"#main"},"west":{"uv":[8,0,8.25,0.25],"texture":"#main"},"up":{"uv":[8,0,8.25,0.25],"texture":"#main"},"down":{"uv":[8,0,8.25,0.25],"texture":"#main"}}},{"name":"hexadecagon","from":[6.92786,2.61,5.19],"to":[9.07214,13.39,7.23],"rotation":{"angle":45,"axis":"z","origin":[8,8,6.46]},"faces":{"north":{"uv":[8,0,8.25,0.25],"texture":"#main"},"east":{"uv":[8,0,8.25,0.25],"texture":"#main"},"south":{"uv":[8,0,8.25,0.25],"texture":"#main"},"west":{"uv":[8,0,8.25,0.25],"texture":"#main"},"up":{"uv":[8,0,8.25,0.25],"texture":"#main"},"down":{"uv":[8,0,8.25,0.25],"texture":"#main"}}},{"name":"hexadecagon","from":[2.61,6.92786,5.19],"to":[13.39,9.07214,7.23],"rotation":{"angle":-22.5,"axis":"z","origin":[8,8,6.46]},"faces":{"north":{"uv":[8,0,8.25,0.25],"texture":"#main"},"east":{"uv":[8,0,8.25,0.25],"texture":"#main"},"south":{"uv":[8,0,8.25,0.25],"texture":"#main"},"west":{"uv":[8,0,8.25,0.25],"texture":"#main"},"up":{"uv":[8,0,8.25,0.25],"texture":"#main"},"down":{"uv":[8,0,8.25,0.25],"texture":"#main"}}},{"name":"hexadecagon","from":[2.61,6.92786,5.19],"to":[13.39,9.07214,7.23],"faces":{"north":{"uv":[8,0,8.25,0.25],"texture":"#main"},"east":{"uv":[8,0,8.25,0.25],"texture":"#main"},"south":{"uv":[8,0,8.25,0.25],"texture":"#main"},"west":{"uv":[8,0,8.25,0.25],"texture":"#main"},"up":{"uv":[8,0,8.25,0.25],"texture":"#main"},"down":{"uv":[8,0,8.25,0.25],"texture":"#main"}}},{"name":"hexadecagon","from":[2.61,6.92786,5.19],"to":[13.39,9.07214,7.23],"rotation":{"angle":22.5,"axis":"z","origin":[8,8,6.46]},"faces":{"north":{"uv":[8,0,8.25,0.25],"texture":"#main"},"east":{"uv":[8,0,8.25,0.25],"texture":"#main"},"south":{"uv":[8,0,8.25,0.25],"texture":"#main"},"west":{"uv":[8,0,8.25,0.25],"texture":"#main"},"up":{"uv":[8,0,8.25,0.25],"texture":"#main"},"down":{"uv":[8,0,8.25,0.25],"texture":"#main"}}},{"name":"hexadecagon","from":[6.44951,1.45515,5.94],"to":[9.55049,14.54485,7.23],"faces":{"north":{"uv":[12,0,12.25,0.25],"texture":"#main"},"east":{"uv":[12,0,12.25,0.25],"texture":"#main"},"south":{"uv":[12,0,12.25,0.25],"texture":"#main"},"west":{"uv":[12,0,12.25,0.25],"texture":"#main"},"up":{"uv":[12,0,12.25,0.25],"texture":"#main"},"down":{"uv":[12,0,12.25,0.25],"texture":"#main"}}},{"name":"hexadecagon","from":[5.22786,1.36,5.94],"to":[9.07214,6.64,7.23],"rotation":{"angle":-22.5,"axis":"z","origin":[8,8,6.46]},"faces":{"north":{"uv":[12,0,12.25,0.25],"texture":"#main"},"east":{"uv":[12,0,12.25,0.25],"texture":"#main"},"south":{"uv":[12,0,12.25,0.25],"texture":"#main"},"west":{"uv":[12,0,12.25,0.25],"texture":"#main"},"up":{"uv":[12,0,12.25,0.25],"texture":"#main"},"down":{"uv":[12,0,12.25,0.25],"texture":"#main"}}},{"name":"hexadecagon","from":[1.45515,6.44951,5.94],"to":[14.54485,9.55049,7.23],"faces":{"north":{"uv":[12,0,12.25,0.25],"texture":"#main"},"east":{"uv":[12,0,12.25,0.25],"texture":"#main"},"south":{"uv":[12,0,12.25,0.25],"texture":"#main"},"west":{"uv":[12,0,12.25,0.25],"texture":"#main"},"up":{"uv":[12,0,12.25,0.25],"texture":"#main"},"down":{"uv":[12,0,12.25,0.25],"texture":"#main"}}},{"name":"hexadecagon","from":[1.36,5.22786,5.94],"to":[5.64,9.07214,7.23],"rotation":{"angle":22.5,"axis":"z","origin":[8,8,6.46]},"faces":{"north":{"uv":[12,0,12.25,0.25],"texture":"#main"},"east":{"uv":[12,0,12.25,0.25],"texture":"#main"},"south":{"uv":[12,0,12.25,0.25],"texture":"#main"},"west":{"uv":[12,0,12.25,0.25],"texture":"#main"},"up":{"uv":[12,0,12.25,0.25],"texture":"#main"},"down":{"uv":[12,0,12.25,0.25],"texture":"#main"}}},{"name":"hexadecagon","from":[10.36,5.22786,5.94],"to":[14.64,9.07214,7.23],"rotation":{"angle":-22.5,"axis":"z","origin":[8,8,6.46]},"faces":{"north":{"uv":[12.25,0,12,0.25],"texture":"#main"},"east":{"uv":[12.25,0,12,0.25],"texture":"#main"},"south":{"uv":[12.25,0,12,0.25],"texture":"#main"},"west":{"uv":[12.25,0,12,0.25],"texture":"#main"},"up":{"uv":[12.25,0,12,0.25],"texture":"#main"},"down":{"uv":[12.25,0,12,0.25],"texture":"#main"}}},{"name":"hexadecagon","from":[6.92786,1.36,5.94],"to":[10.77214,6.64,7.23],"rotation":{"angle":22.5,"axis":"z","origin":[8,8,6.46]},"faces":{"north":{"uv":[12.25,0,12,0.25],"texture":"#main"},"east":{"uv":[12.25,0,12,0.25],"texture":"#main"},"south":{"uv":[12.25,0,12,0.25],"texture":"#main"},"west":{"uv":[12.25,0,12,0.25],"texture":"#main"},"up":{"uv":[12.25,0,12,0.25],"texture":"#main"},"down":{"uv":[12.25,0,12,0.25],"texture":"#main"}}},{"name":"hexadecagon","from":[10.36,6.92786,5.94],"to":[14.64,10.77214,7.23],"rotation":{"angle":22.5,"axis":"z","origin":[8,8,6.46]},"faces":{"north":{"uv":[12.25,0.25,12,0],"texture":"#main"},"east":{"uv":[12.25,0.25,12,0],"texture":"#main"},"south":{"uv":[12.25,0.25,12,0],"texture":"#main"},"west":{"uv":[12.25,0.25,12,0],"texture":"#main"},"up":{"uv":[12.25,0.25,12,0],"texture":"#main"},"down":{"uv":[12.25,0.25,12,0],"texture":"#main"}}},{"name":"hexadecagon","from":[6.92786,9.36,5.94],"to":[10.77214,14.64,7.23],"rotation":{"angle":-22.5,"axis":"z","origin":[8,8,6.46]},"faces":{"north":{"uv":[12.25,0.25,12,0],"texture":"#main"},"east":{"uv":[12.25,0.25,12,0],"texture":"#main"},"south":{"uv":[12.25,0.25,12,0],"texture":"#main"},"west":{"uv":[12.25,0.25,12,0],"texture":"#main"},"up":{"uv":[12.25,0.25,12,0],"texture":"#main"},"down":{"uv":[12.25,0.25,12,0],"texture":"#main"}}},{"name":"hexadecagon","from":[5.22786,9.36,5.94],"to":[9.07214,14.64,7.23],"rotation":{"angle":22.5,"axis":"z","origin":[8,8,6.46]},"faces":{"north":{"uv":[12,0.25,12.25,0],"texture":"#main"},"east":{"uv":[12,0.25,12.25,0],"texture":"#main"},"south":{"uv":[12,0.25,12.25,0],"texture":"#main"},"west":{"uv":[12,0.25,12.25,0],"texture":"#main"},"up":{"uv":[12,0.25,12.25,0],"texture":"#main"},"down":{"uv":[12,0.25,12.25,0],"texture":"#main"}}},{"name":"hexadecagon","from":[1.36,6.92786,5.94],"to":[5.64,10.77214,7.23],"rotation":{"angle":-22.5,"axis":"z","origin":[8,8,6.46]},"faces":{"north":{"uv":[12,0.25,12.25,0],"texture":"#main"},"east":{"uv":[12,0.25,12.25,0],"texture":"#main"},"south":{"uv":[12,0.25,12.25,0],"texture":"#main"},"west":{"uv":[12,0.25,12.25,0],"texture":"#main"},"up":{"uv":[12,0.25,12.25,0],"texture":"#main"},"down":{"uv":[12,0.25,12.25,0],"texture":"#main"}}}],"display":{"gui":{"rotation":[-55,180,0],"scale":[1.1,1.1,1.1],"translation":[0,-3.5,0]},"thirdperson_righthand":{"scale":[0.1,0.1,0.1],"rotation":[0,0,0],"translation":[0,-2,0]},"firstperson_righthand":{"translation":[0,-12.5,0]},"firstperson_lefthand":{"translation":[0,-12,0]},"head":{"rotation":[90,0,0],"translation":[0,-6.75,0],"scale":[0.3,0.3,0.3]}},"groups":[{"name":"hexadecagon","children":[0,1,2,3,4,5,6,7,8,9,10,11,12,13,14,15,16,17]}],"credit":"Model by Craftventure"}