{"textures":{"texture":"nlp/placeholder"},"elements":[{"name":"Box1","from":[0,-8,0],"to":[16,8,16],"faces":{"north":{"uv":[0,0,16,16],"texture":"#texture"},"east":{"uv":[0,0,16,16],"texture":"#texture"},"south":{"uv":[0,0,16,16],"texture":"#texture"},"west":{"uv":[0,0,16,16],"texture":"#texture"},"up":{"uv":[0,0,16,16],"texture":"#texture"},"down":{"uv":[0,0,16,16],"texture":"#texture"}}}],"display":{"thirdperson_righthand":{"scale":[0.4,0.4,0.4]},"thirdperson_lefthand":{"scale":[0.4,0.4,0.4]},"firstperson_righthand":{"scale":[0.4,0.4,0.4]},"firstperson_lefthand":{"scale":[0.4,0.4,0.4]},"ground":{"translation":[0,2.0869,0],"scale":[0.2,0.2,0.2]},"gui":{"translation":[0,8,0]},"fixed":{"scale":[0.8,0.8,0.8]}},"credit":"Model by Craftventure"}