{"textures":{"0":"block/greenlight","1":"block/anvil","2":"block/smooth_stone","3":"block/terracotta","4":"block/brown_terracotta","5":"block/yellow_terracotta","6":"block/redlight","7":"block/gold_block","8":"block/dispenser_front_vertical","particle":"block/greenlight"},"elements":[{"from":[6.8375,-3.63361,20.42382],"to":[9.1625,-2.63361,24.92382],"rotation":{"angle":-22.5,"axis":"x","origin":[8,1.51725,12.2992]},"faces":{"north":{"uv":[1,1,3,3],"texture":"#2"},"east":{"uv":[1,1,9,3],"texture":"#2"},"south":{"uv":[1,1,3,3],"texture":"#2"},"west":{"uv":[1,1,9,3],"texture":"#2"},"up":{"uv":[1,1,3,9],"texture":"#2"},"down":{"uv":[1,1,3,9],"texture":"#2"}}},{"from":[6.8381,4.94446,21.26479],"to":[9.1619,6.44446,22.01479],"rotation":{"angle":22.5,"axis":"x","origin":[8,2.5436,10.89017]},"faces":{"north":{"uv":[1,1,4,3],"rotation":270,"texture":"#2"},"east":{"uv":[1,1,4,2.5],"rotation":270,"texture":"#2"},"south":{"uv":[1,1,4,3],"rotation":270,"texture":"#2"},"west":{"uv":[1,1,4,2.5],"rotation":270,"texture":"#2"},"up":{"uv":[1,1,2.5,3],"rotation":270,"texture":"#2"},"down":{"uv":[1,1,2.5,3],"rotation":270,"texture":"#2"}}},{"from":[6.8375,-2.63361,21.42382],"to":[9.1625,4.3664,24.92382],"rotation":{"angle":-22.5,"axis":"x","origin":[8,1.51725,12.2992]},"faces":{"north":{"uv":[1,1,3,15],"texture":"#2"},"east":{"uv":[1,1,7,15],"texture":"#2"},"south":{"uv":[1,1,3,15],"texture":"#2"},"west":{"uv":[1,1,7,15],"texture":"#2"},"up":{"uv":[1,1,3,7],"texture":"#2"},"down":{"uv":[1,1,3,7],"texture":"#2"}}},{"from":[6.6875,-2.13361,21.92382],"to":[9.3125,3.2414,24.42382],"rotation":{"angle":-22.5,"axis":"x","origin":[8,1.51725,12.2992]},"faces":{"north":{"uv":[7,8,9,16],"texture":"#1"},"east":{"uv":[13,0,15.999,8],"texture":"#1"},"south":{"uv":[7,0,9,8],"texture":"#1"},"west":{"uv":[0,0,3,8],"texture":"#1"},"up":{"uv":[0,0,2,2.999],"texture":"#1"},"down":{"uv":[14,13,15.999,15.999],"texture":"#1"}}},{"from":[7.7003,5.21506,16.94595],"to":[8.2997,5.71507,20.94595],"rotation":{"angle":0,"axis":"x","origin":[8,4.96506,11.44595]},"faces":{"north":{"uv":[1,1,2,2],"texture":"#2"},"east":{"uv":[1,1,8,2],"texture":"#2"},"south":{"uv":[1,1,2,2],"texture":"#2"},"west":{"uv":[1,1,8,2],"texture":"#2"},"up":{"uv":[1,1,2,8],"texture":"#2"},"down":{"uv":[1,1,2.1988,8],"texture":"#2"}}},{"from":[7.7003,6.09007,18.07095],"to":[8.2997,8.09007,19.57095],"rotation":{"angle":0,"axis":"x","origin":[8,5.84007,11.44595]},"faces":{"north":{"uv":[8,4,9,8],"texture":"#1"},"east":{"uv":[0,0,3,4],"texture":"#1"},"west":{"uv":[13,0,15.999,4],"texture":"#1"},"down":{"uv":[2,11,3,14],"texture":"#1"}}},{"from":[7.7,1.12128,15.6493],"to":[8.3,4.62128,16.1493],"rotation":{"angle":-22.5,"axis":"x","origin":[8,6.42753,6.00722]},"faces":{"north":{"uv":[1,1,8,2],"rotation":90,"texture":"#2"},"east":{"uv":[1,1,8,2],"rotation":90,"texture":"#2"},"south":{"uv":[1,1,8,2],"rotation":90,"texture":"#2"},"west":{"uv":[1,1,8,2],"rotation":90,"texture":"#2"},"up":{"uv":[1,1,2,2],"rotation":90,"texture":"#2"},"down":{"uv":[1,1,2,2],"rotation":90,"texture":"#2"}}},{"from":[6.75,7.80918,16.04408],"to":[9.25,11.80918,20.04408],"rotation":{"angle":0,"axis":"y","origin":[22,-6.94082,22.79408]},"faces":{"east":{"uv":[2,5,10,13],"texture":"#2"},"south":{"uv":[6,3,11,11],"rotation":180,"texture":"#2"},"west":{"uv":[3,5,11,13],"rotation":180,"texture":"#2"},"up":{"uv":[1,1,6,9],"texture":"#2"},"down":{"uv":[1,1,6,9],"texture":"#2"}}},{"from":[6.775,6.98075,18.04408],"to":[9.225,10.98075,22.04408],"rotation":{"angle":45,"axis":"x","origin":[8,8.98075,20.04408]},"faces":{"east":{"uv":[2,5,10,13],"texture":"#2"},"south":{"uv":[6,3,11,11],"rotation":180,"texture":"#2"},"west":{"uv":[3,5,11,13],"rotation":180,"texture":"#2"},"up":{"uv":[1,1,6,9],"texture":"#2"},"down":{"uv":[1,1,6,9],"texture":"#2"}}},{"from":[6.5,12.18418,16.41908],"to":[9.5,13.43418,18.91908],"rotation":{"angle":0,"axis":"y","origin":[22,-2.56583,23.41908]},"faces":{"north":{"uv":[1,1,7,3.5],"texture":"#2"},"east":{"uv":[1,1,6,3.5],"texture":"#2"},"south":{"uv":[1,1,7,3.5],"texture":"#2"},"west":{"uv":[1,1,6,3.5],"texture":"#2"},"up":{"uv":[1,1,7,6],"texture":"#2"},"down":{"uv":[1,1,7,6],"texture":"#2"}}},{"from":[7.625,12.43418,14.66908],"to":[8.375,13.18418,16.41908],"rotation":{"angle":45,"axis":"z","origin":[8.00109,12.80415,7.673]},"faces":{"north":{"uv":[0,0,1.5,1.5],"texture":"#0"},"east":{"uv":[0,0,3.5,1.5],"texture":"#0"},"south":{"uv":[0,0,1.5,1.5],"texture":"#0"},"west":{"uv":[0,0,3.5,1.5],"texture":"#0"},"up":{"uv":[0,0,1.5,3.5],"texture":"#0"},"down":{"uv":[0,0,1.5,3.5],"texture":"#0"}}},{"from":[7,10.68418,16.66908],"to":[9,12.68418,18.66908],"rotation":{"angle":-45,"axis":"z","origin":[8.00785,11.67414,11.17125]},"faces":{"north":{"uv":[1,1,5,5],"texture":"#2"},"south":{"uv":[1,1,5,5],"texture":"#2"},"west":{"uv":[1,1,5,5],"texture":"#2"},"up":{"uv":[1,1,5,5],"texture":"#2"}}},{"from":[7.61872,9.4279,10.79407],"to":[9.61872,11.4279,11.29408],"rotation":{"angle":45,"axis":"z","origin":[8,9.80918,1.54408]},"faces":{"north":{"uv":[0,0,4,4],"texture":"#4"},"east":{"uv":[0,0,1,4],"texture":"#4"},"west":{"uv":[0,0,1,4],"texture":"#4"},"up":{"uv":[0,0,4,1],"texture":"#4"},"down":{"uv":[0,0,4,1],"texture":"#4"}}},{"from":[6.38128,8.19046,4.54407],"to":[8.38128,10.19046,5.04408],"rotation":{"angle":45,"axis":"z","origin":[8,9.80918,1.54408]},"faces":{"north":{"uv":[0,0,4,4],"texture":"#4"},"east":{"uv":[0,0,1,4],"texture":"#4"},"west":{"uv":[0,0,1,4],"texture":"#4"},"up":{"uv":[0,0,4,1],"texture":"#4"},"down":{"uv":[0,0,4,1],"texture":"#4"}}},{"from":[7,9.99668,5.16908],"to":[9,12.05918,5.66908],"rotation":{"angle":0,"axis":"z","origin":[8,9.80918,1.54408]},"faces":{"north":{"uv":[0,0,4,4],"texture":"#5"},"east":{"uv":[0,0,1,4],"texture":"#5"},"south":{"uv":[0,0,4,4],"texture":"#5"},"west":{"uv":[0,0,1,4],"texture":"#5"},"up":{"uv":[0,0,4,1],"texture":"#5"},"down":{"uv":[0,0,4,1],"texture":"#5"}}},{"from":[6.65,7.07102,0.29407],"to":[9.35,12.47102,0.79407],"rotation":{"angle":0,"axis":"z","origin":[8,9.77102,-0.58092]},"faces":{"north":{"uv":[0,0,4,4],"texture":"#3"},"east":{"uv":[0,0,1,4],"texture":"#3"},"south":{"uv":[0,0,4,4],"texture":"#3"},"west":{"uv":[0,0,1,4],"texture":"#3"},"up":{"uv":[0,0,4,1],"texture":"#3"},"down":{"uv":[0,0,4,1],"texture":"#3"}}},{"from":[7.055,9.99721,7.66907],"to":[8.945,11.22471,8.16907],"rotation":{"angle":0,"axis":"z","origin":[8,9.83971,-0.58092]},"faces":{"north":{"uv":[0,0,4,4],"texture":"#5"},"east":{"uv":[0,0,1,4],"texture":"#5"},"south":{"uv":[0,0,4,4],"texture":"#5"},"west":{"uv":[0,0,1,4],"texture":"#5"},"up":{"uv":[0,0,4,1],"texture":"#5"},"down":{"uv":[0,0,4,1],"texture":"#5"}}},{"from":[6.866,9.99665,2.79407],"to":[9.134,11.31965,3.29407],"rotation":{"angle":0,"axis":"z","origin":[8,9.80765,-0.58092]},"faces":{"north":{"uv":[0,0,4,4],"texture":"#3"},"east":{"uv":[0,0,1,4],"texture":"#3"},"south":{"uv":[0,0,4,4],"texture":"#3"},"west":{"uv":[0,0,1,4],"texture":"#3"},"up":{"uv":[0,0,4,1],"texture":"#3"},"down":{"uv":[0,0,4,1],"texture":"#3"}}},{"from":[6.97669,10.7064,7.67407],"to":[8.30914,12.03885,8.16407],"rotation":{"angle":45,"axis":"z","origin":[8,11.72971,-4.58093]},"faces":{"north":{"uv":[0,0,4,4],"texture":"#5"},"east":{"uv":[0,0,1,4],"texture":"#5"},"south":{"uv":[0,0,4,4],"texture":"#5"},"west":{"uv":[0,0,1,4],"texture":"#5"},"up":{"uv":[0,0,4,1],"texture":"#5"},"down":{"uv":[0,0,4,1],"texture":"#5"}}},{"from":[6.66596,10.74161,2.79907],"to":[8.2649,12.34055,3.28907],"rotation":{"angle":45,"axis":"z","origin":[8,12.07565,-4.58093]},"faces":{"north":{"uv":[0,0,4,4],"texture":"#3"},"east":{"uv":[0,0,1,4],"texture":"#3"},"south":{"uv":[0,0,4,4],"texture":"#3"},"west":{"uv":[0,0,1,4],"texture":"#3"},"up":{"uv":[0,0,4,1],"texture":"#3"},"down":{"uv":[0,0,4,1],"texture":"#3"}}},{"from":[6.925,9.60918,-5.83093],"to":[9.075,11.75918,-3.08093],"rotation":{"angle":0,"axis":"z","origin":[8,9.80918,1.54408]},"faces":{"north":{"uv":[0,0,2.15,2.15],"texture":"#4"},"east":{"uv":[0,0,2.75,2.15],"texture":"#4"},"south":{"uv":[0,0,2.15,2.15],"texture":"#4"},"west":{"uv":[0,0,2.75,2.15],"texture":"#4"},"up":{"uv":[0,0,2.15,2.75],"texture":"#4"},"down":{"uv":[0,0,2.15,2.75],"texture":"#4"}}},{"from":[7.175,8.10918,-3.58093],"to":[8.825,10.00918,-1.58093],"rotation":{"angle":0,"axis":"z","origin":[8,9.80918,1.54408]},"faces":{"north":{"uv":[0,0,1.65,1.9],"texture":"#4"},"east":{"uv":[0,0,2,1.9],"texture":"#4"},"south":{"uv":[0,0,1.65,1.9],"texture":"#4"},"west":{"uv":[0,0,2,1.9],"texture":"#4"},"up":{"uv":[0,0,1.65,2],"texture":"#4"},"down":{"uv":[0,0,1.65,2],"texture":"#4"}}},{"from":[7.3,9.98418,-6.20592],"to":[8.7,11.38418,10.79407],"rotation":{"angle":0,"axis":"z","origin":[8,9.80918,1.54408]},"faces":{"north":{"uv":[6,6,10,10],"texture":"#8"},"east":{"uv":[0,0,13,2.8],"texture":"#4"},"south":{"uv":[0,0,2.8,2.8],"texture":"#4"},"west":{"uv":[0,0,13,2.8],"texture":"#4"},"up":{"uv":[0,0,2.8,13],"texture":"#4"},"down":{"uv":[0,0,2.8,13],"texture":"#4"}}},{"from":[7.3,8.23418,-3.70593],"to":[8.7,9.63418,4.54407],"rotation":{"angle":0,"axis":"z","origin":[8,9.80918,1.54408]},"faces":{"north":{"uv":[6,6,10,10],"texture":"#8"},"east":{"uv":[0,0,13,2.8],"texture":"#4"},"south":{"uv":[0,0,2.8,2.8],"texture":"#4"},"west":{"uv":[0,0,13,2.8],"texture":"#4"},"up":{"uv":[0,0,2.8,13],"texture":"#4"},"down":{"uv":[0,0,2.8,13],"texture":"#4"}}},{"from":[6.225,9.32917,15.54408],"to":[6.775,10.28918,16.29408],"rotation":{"angle":0,"axis":"y","origin":[8,9.80918,8.16908]},"faces":{"east":{"uv":[6,1,8,2.92],"texture":"#7"},"south":{"uv":[6,1,7.1,2.92],"texture":"#7"},"west":{"uv":[6,1,8,2.92],"texture":"#7"},"up":{"uv":[6,1,7.1,3],"texture":"#7"},"down":{"uv":[6,1,7.1,3],"texture":"#7"}}},{"from":[9.225,9.32917,15.54408],"to":[9.775,10.28918,16.29408],"rotation":{"angle":0,"axis":"y","origin":[8,9.80918,8.16908]},"faces":{"east":{"uv":[8,2.92,6,1],"texture":"#7"},"south":{"uv":[7.1,2.92,6,1],"texture":"#7"},"west":{"uv":[8,2.92,6,1],"texture":"#7"},"up":{"uv":[7.1,3,6,1],"texture":"#7"},"down":{"uv":[7.1,3,6,1],"texture":"#7"}}},{"from":[6.225,9.32917,13.10658],"to":[6.4,10.28918,15.54408],"rotation":{"angle":0,"axis":"y","origin":[8,9.80918,8.16908]},"faces":{"east":{"uv":[1,1,6,2.92],"texture":"#7"},"west":{"uv":[1,1,6,2.92],"texture":"#7"},"up":{"uv":[1,1,1.35,6],"texture":"#7"},"down":{"uv":[1,1,1.35,6],"texture":"#7"}}},{"from":[9.6,9.32917,13.10658],"to":[9.775,10.28918,15.54408],"rotation":{"angle":0,"axis":"y","origin":[8,9.80918,8.16908]},"faces":{"east":{"uv":[6,2.92,1,1],"texture":"#7"},"west":{"uv":[6,2.92,1,1],"texture":"#7"},"up":{"uv":[1.35,6,1,1],"texture":"#7"},"down":{"uv":[1.35,6,1,1],"texture":"#7"}}},{"from":[6.475,9.32917,16.29408],"to":[6.775,10.28918,17.04408],"rotation":{"angle":0,"axis":"y","origin":[8,9.80918,8.16908]},"faces":{"west":{"uv":[1,1,2.5,2.92],"texture":"#7"},"up":{"uv":[1,1,1.6,2.5],"texture":"#7"},"down":{"uv":[1,1,1.6,2.5],"texture":"#7"}}},{"from":[9.225,9.32917,16.29408],"to":[9.525,10.28918,17.04408],"rotation":{"angle":0,"axis":"y","origin":[8,9.80918,8.16908]},"faces":{"east":{"uv":[2.5,2.92,1,1],"texture":"#7"},"up":{"uv":[1.6,2.5,1,1],"texture":"#7"},"down":{"uv":[1.6,2.5,1,1],"texture":"#7"}}},{"from":[6.475,9.07917,17.04408],"to":[6.775,10.53918,18.54408],"rotation":{"angle":0,"axis":"y","origin":[8,9.80918,8.16908]},"faces":{"north":{"uv":[3,3,3.6,5.92],"texture":"#7"},"east":{"uv":[3,3,6,5.92],"texture":"#7"},"south":{"uv":[3,3,3.6,5.92],"texture":"#7"},"west":{"uv":[3,3,6,5.92],"texture":"#7"},"up":{"uv":[3,3,3.6,6],"texture":"#7"},"down":{"uv":[3,3,3.6,6],"texture":"#7"}}},{"from":[9.225,9.07917,17.04408],"to":[9.525,10.53918,18.54408],"rotation":{"angle":0,"axis":"y","origin":[8,9.80918,8.16908]},"faces":{"north":{"uv":[3.6,5.92,3,3],"texture":"#7"},"east":{"uv":[6,5.92,3,3],"texture":"#7"},"south":{"uv":[3.6,5.92,3,3],"texture":"#7"},"west":{"uv":[6,5.92,3,3],"texture":"#7"},"up":{"uv":[3.6,6,3,3],"texture":"#7"},"down":{"uv":[3.6,6,3,3],"texture":"#7"}}},{"from":[6.225,9.07917,11.60658],"to":[6.525,10.53918,13.10658],"rotation":{"angle":0,"axis":"y","origin":[8,9.80918,8.16908]},"faces":{"north":{"uv":[3,3,3.6,5.92],"texture":"#7"},"east":{"uv":[3,3,6,5.92],"texture":"#7"},"south":{"uv":[3,3,3.6,5.92],"texture":"#7"},"west":{"uv":[3,3,6,5.92],"texture":"#7"},"up":{"uv":[3,3,3.6,6],"texture":"#7"},"down":{"uv":[3,3,3.6,6],"texture":"#7"}}},{"from":[9.475,9.07917,11.60658],"to":[9.775,10.53918,13.10658],"rotation":{"angle":0,"axis":"y","origin":[8,9.80918,8.16908]},"faces":{"north":{"uv":[3.6,5.92,3,3],"texture":"#7"},"east":{"uv":[6,5.92,3,3],"texture":"#7"},"south":{"uv":[3.6,5.92,3,3],"texture":"#7"},"west":{"uv":[6,5.92,3,3],"texture":"#7"},"up":{"uv":[3.6,6,3,3],"texture":"#7"},"down":{"uv":[3.6,6,3,3],"texture":"#7"}}},{"from":[5.6,9.18418,11.73158],"to":[6.275,10.43418,12.98158],"rotation":{"angle":0,"axis":"y","origin":[8,10.53918,8.16908]},"faces":{"north":{"uv":[0,0,1.35,2.42],"texture":"#6"},"south":{"uv":[0,0,1.35,2.42],"texture":"#6"},"west":{"uv":[0,0,2.5,2.42],"texture":"#6"},"up":{"uv":[0,0,1.35,2.5],"texture":"#6"},"down":{"uv":[0,0,1.35,2.5],"texture":"#6"}}},{"from":[9.725,9.18418,11.73158],"to":[10.4,10.43418,12.98158],"rotation":{"angle":0,"axis":"y","origin":[8,9.07917,8.16908]},"faces":{"north":{"uv":[1.35,2.42,0,0],"texture":"#6"},"east":{"uv":[2.5,2.42,0,0],"texture":"#6"},"south":{"uv":[1.35,2.42,0,0],"texture":"#6"},"up":{"uv":[1.35,2.5,0,0],"texture":"#6"},"down":{"uv":[1.35,2.5,0,0],"texture":"#6"}}},{"from":[6.35,7.40917,0.79408],"to":[9.65,9.80917,1.54408],"rotation":{"angle":0,"axis":"y","origin":[8,9.80918,8.16908]},"faces":{"north":{"uv":[1,1,7.6,5.8],"texture":"#2"},"east":{"uv":[1,1,2.5,5.8],"texture":"#2"},"south":{"uv":[1,1,7.6,5.8],"texture":"#2"},"west":{"uv":[1,1,2.5,5.8],"texture":"#2"},"up":{"uv":[1,1,7.6,2.5],"texture":"#2"},"down":{"uv":[1,1,7.6,2.5],"texture":"#2"}}},{"from":[6.35,7.40917,10.79408],"to":[9.65,9.80917,11.54408],"rotation":{"angle":0,"axis":"y","origin":[8,9.80918,8.16908]},"faces":{"north":{"uv":[1,1,7.6,5.8],"texture":"#2"},"east":{"uv":[1,1,2.5,5.8],"texture":"#2"},"south":{"uv":[1,1,7.6,5.8],"texture":"#2"},"west":{"uv":[1,1,2.5,5.8],"texture":"#2"},"up":{"uv":[1,1,7.6,2.5],"texture":"#2"},"down":{"uv":[1,1,7.6,2.5],"texture":"#2"}}},{"from":[6.475,7.53417,1.54408],"to":[9.525,9.68417,10.79408],"rotation":{"angle":0,"axis":"y","origin":[8,9.80918,8.16908]},"faces":{"north":{"uv":[1,1,4.05,3.15],"texture":"#0"},"east":{"uv":[1,1,10.25,3.15],"texture":"#0"},"south":{"uv":[1,1,4.05,3.15],"texture":"#0"},"west":{"uv":[1,1,10.25,3.15],"texture":"#0"},"up":{"uv":[1,1,4.05,10.25],"texture":"#0"},"down":{"uv":[1,1,4.05,10.25],"texture":"#0"}}},{"from":[6.35,7.40917,11.54408],"to":[9.65,12.20918,16.04408],"rotation":{"angle":0,"axis":"y","origin":[8,9.80918,8.16908]},"faces":{"north":{"uv":[1,1,7.6,10.60002],"texture":"#2"},"east":{"uv":[1,1,9,10.6],"texture":"#2"},"south":{"uv":[1,1,7.6,10.60002],"texture":"#2"},"west":{"uv":[1,1,9,10.6],"texture":"#2"},"up":{"uv":[1,1,7.6,10],"texture":"#2"},"down":{"uv":[1,1,10,7.6],"rotation":90,"texture":"#2"}}},{"from":[6.475,9.78417,11.26283],"to":[9.525,12.08418,11.54408],"rotation":{"angle":0,"axis":"y","origin":[8,9.80918,8.16908]},"faces":{"north":{"uv":[1,1,7.1,5.60002],"texture":"#2"},"east":{"uv":[6,6,6.499,10.599],"texture":"#2"},"south":{"uv":[1,1,7.1,5.60002],"texture":"#2"},"west":{"uv":[3,3,3.499,7.599],"texture":"#2"},"up":{"uv":[6,9,12.1,9.499],"texture":"#2"},"down":{"uv":[1,1,1.5,7.1],"rotation":90,"texture":"#2"}}},{"from":[7.125,7.55918,15.91908],"to":[8.875,7.80918,19.91908],"rotation":{"angle":0,"axis":"y","origin":[22,-6.94082,22.79408]},"faces":{"north":{"uv":[1,1,4.5,1.5],"texture":"#2"},"east":{"uv":[1,1,9,1.5],"texture":"#2"},"south":{"uv":[1,1,4.5,1.5],"texture":"#2"},"west":{"uv":[1,1,9,1.5],"texture":"#2"},"up":{"uv":[1,1,4.5,9],"texture":"#2"},"down":{"uv":[1,1,4.5,9],"texture":"#2"}}},{"from":[6.3125,7.40127,2.35361],"to":[9.6875,9.90126,5.55361],"rotation":{"angle":0,"axis":"z","origin":[8,8.65126,6.00361]},"faces":{"north":{"uv":[0,0,4.875,2.5],"texture":"#5"},"east":{"uv":[0,0,4,2.5],"texture":"#5"},"south":{"uv":[0,0,4.875,2.5],"texture":"#5"},"west":{"uv":[0,0,4,2.5],"texture":"#5"},"up":{"uv":[0,0,4.875,4],"texture":"#5"},"down":{"uv":[0,0,4.875,4],"texture":"#5"}}},{"from":[6.25,7.33877,5.55361],"to":[9.75,9.96376,5.95361],"rotation":{"angle":0,"axis":"z","origin":[8,8.65126,6.00361]},"faces":{"north":{"uv":[0,0,5,2.625],"texture":"#3"},"east":{"uv":[0,0,0.5,2.625],"texture":"#3"},"south":{"uv":[0,0,5,2.625],"texture":"#3"},"west":{"uv":[0,0,0.5,2.625],"texture":"#3"},"up":{"uv":[0,0,5,0.5],"texture":"#3"},"down":{"uv":[0,0,5,0.5],"texture":"#3"}}},{"from":[6.25,7.33877,4.95361],"to":[9.75,9.96376,5.35361],"rotation":{"angle":0,"axis":"z","origin":[8,8.65126,6.00361]},"faces":{"north":{"uv":[0,0,5,2.625],"texture":"#3"},"east":{"uv":[0,0,0.5,2.625],"texture":"#3"},"south":{"uv":[0,0,5,2.625],"texture":"#3"},"west":{"uv":[0,0,0.5,2.625],"texture":"#3"},"up":{"uv":[0,0,5,0.5],"texture":"#3"},"down":{"uv":[0,0,5,0.5],"texture":"#3"}}},{"from":[6.25,7.33877,4.35361],"to":[9.75,9.96376,4.75361],"rotation":{"angle":0,"axis":"z","origin":[8,8.65126,6.00361]},"faces":{"north":{"uv":[0,0,5,2.625],"texture":"#3"},"east":{"uv":[0,0,0.5,2.625],"texture":"#3"},"south":{"uv":[0,0,5,2.625],"texture":"#3"},"west":{"uv":[0,0,0.5,2.625],"texture":"#3"},"up":{"uv":[0,0,5,0.5],"texture":"#3"},"down":{"uv":[0,0,5,0.5],"texture":"#3"}}},{"from":[6.25,7.33877,3.75361],"to":[9.75,9.96376,4.15361],"rotation":{"angle":0,"axis":"z","origin":[8,8.65126,6.00361]},"faces":{"north":{"uv":[0,0,5,2.625],"texture":"#3"},"east":{"uv":[0,0,0.5,2.625],"texture":"#3"},"south":{"uv":[0,0,5,2.625],"texture":"#3"},"west":{"uv":[0,0,0.5,2.625],"texture":"#3"},"up":{"uv":[0,0,5,0.5],"texture":"#3"},"down":{"uv":[0,0,5,0.5],"texture":"#3"}}},{"from":[6.25,7.33877,3.15361],"to":[9.75,9.96376,3.55361],"rotation":{"angle":0,"axis":"z","origin":[8,8.65126,6.00361]},"faces":{"north":{"uv":[0,0,5,2.625],"texture":"#3"},"east":{"uv":[0,0,0.5,2.625],"texture":"#3"},"south":{"uv":[0,0,5,2.625],"texture":"#3"},"west":{"uv":[0,0,0.5,2.625],"texture":"#3"},"up":{"uv":[0,0,5,0.5],"texture":"#3"},"down":{"uv":[0,0,5,0.5],"texture":"#3"}}},{"from":[6.25,7.33877,2.55361],"to":[9.75,9.96376,2.9536],"rotation":{"angle":0,"axis":"z","origin":[8,8.65126,6.00361]},"faces":{"north":{"uv":[0,0,5,2.625],"texture":"#3"},"east":{"uv":[0,0,0.5,2.625],"texture":"#3"},"south":{"uv":[0,0,5,2.625],"texture":"#3"},"west":{"uv":[0,0,0.5,2.625],"texture":"#3"},"up":{"uv":[0,0,5,0.5],"texture":"#3"},"down":{"uv":[0,0,5,0.5],"texture":"#3"}}},{"from":[6.25,7.33877,1.95361],"to":[9.75,9.96376,2.35361],"rotation":{"angle":0,"axis":"z","origin":[8,8.65126,6.00361]},"faces":{"north":{"uv":[0,0,5,2.625],"texture":"#3"},"east":{"uv":[0,0,0.5,2.625],"texture":"#3"},"south":{"uv":[0,0,5,2.625],"texture":"#3"},"west":{"uv":[0,0,0.5,2.625],"texture":"#3"},"up":{"uv":[0,0,5,0.5],"texture":"#3"},"down":{"uv":[0,0,5,0.5],"texture":"#3"}}},{"from":[6.3125,7.40127,5.95361],"to":[9.6875,9.90126,9.15361],"rotation":{"angle":0,"axis":"z","origin":[8,8.65126,6.00361]},"faces":{"north":{"uv":[0,0,4.875,2.5],"texture":"#5"},"east":{"uv":[0,0,4,2.5],"texture":"#5"},"south":{"uv":[0,0,4.875,2.5],"texture":"#5"},"west":{"uv":[0,0,4,2.5],"texture":"#5"},"up":{"uv":[0,0,4.875,4],"texture":"#5"},"down":{"uv":[0,0,4.875,4],"texture":"#5"}}},{"from":[6.25,7.33877,9.15361],"to":[9.75,9.96376,9.55361],"rotation":{"angle":0,"axis":"z","origin":[8,8.65126,6.00361]},"faces":{"north":{"uv":[0,0,5,2.625],"texture":"#3"},"east":{"uv":[0,0,0.5,2.625],"texture":"#3"},"south":{"uv":[0,0,5,2.625],"texture":"#3"},"west":{"uv":[0,0,0.5,2.625],"texture":"#3"},"up":{"uv":[0,0,5,0.5],"texture":"#3"},"down":{"uv":[0,0,5,0.5],"texture":"#3"}}},{"from":[6.25,7.33877,8.55361],"to":[9.75,9.96376,8.95361],"rotation":{"angle":0,"axis":"z","origin":[8,8.65126,6.00361]},"faces":{"north":{"uv":[0,0,5,2.625],"texture":"#3"},"east":{"uv":[0,0,0.5,2.625],"texture":"#3"},"south":{"uv":[0,0,5,2.625],"texture":"#3"},"west":{"uv":[0,0,0.5,2.625],"texture":"#3"},"up":{"uv":[0,0,5,0.5],"texture":"#3"},"down":{"uv":[0,0,5,0.5],"texture":"#3"}}},{"from":[6.25,7.33877,7.95361],"to":[9.75,9.96376,8.35361],"rotation":{"angle":0,"axis":"z","origin":[8,8.65126,6.00361]},"faces":{"north":{"uv":[0,0,5,2.625],"texture":"#3"},"east":{"uv":[0,0,0.5,2.625],"texture":"#3"},"south":{"uv":[0,0,5,2.625],"texture":"#3"},"west":{"uv":[0,0,0.5,2.625],"texture":"#3"},"up":{"uv":[0,0,5,0.5],"texture":"#3"},"down":{"uv":[0,0,5,0.5],"texture":"#3"}}},{"from":[6.25,7.33877,7.35361],"to":[9.75,9.96376,7.75361],"rotation":{"angle":0,"axis":"z","origin":[8,8.65126,6.00361]},"faces":{"north":{"uv":[0,0,5,2.625],"texture":"#3"},"east":{"uv":[0,0,0.5,2.625],"texture":"#3"},"south":{"uv":[0,0,5,2.625],"texture":"#3"},"west":{"uv":[0,0,0.5,2.625],"texture":"#3"},"up":{"uv":[0,0,5,0.5],"texture":"#3"},"down":{"uv":[0,0,5,0.5],"texture":"#3"}}},{"from":[6.25,7.33877,6.75361],"to":[9.75,9.96376,7.15361],"rotation":{"angle":0,"axis":"z","origin":[8,8.65126,6.00361]},"faces":{"north":{"uv":[0,0,5,2.625],"texture":"#3"},"east":{"uv":[0,0,0.5,2.625],"texture":"#3"},"south":{"uv":[0,0,5,2.625],"texture":"#3"},"west":{"uv":[0,0,0.5,2.625],"texture":"#3"},"up":{"uv":[0,0,5,0.5],"texture":"#3"},"down":{"uv":[0,0,5,0.5],"texture":"#3"}}},{"from":[6.25,7.33877,6.15361],"to":[9.75,9.96376,6.55361],"rotation":{"angle":0,"axis":"z","origin":[8,8.65126,6.00361]},"faces":{"north":{"uv":[0,0,5,2.625],"texture":"#3"},"east":{"uv":[0,0,0.5,2.625],"texture":"#3"},"south":{"uv":[0,0,5,2.625],"texture":"#3"},"west":{"uv":[0,0,0.5,2.625],"texture":"#3"},"up":{"uv":[0,0,5,0.5],"texture":"#3"},"down":{"uv":[0,0,5,0.5],"texture":"#3"}}}],"display":{"thirdperson_righthand":{"rotation":[22.5,0,0],"translation":[0,3.5,-5.5],"scale":[0.6,0.6,0.6]},"thirdperson_lefthand":{"rotation":[22.5,0,0],"translation":[0,3.5,-5.5],"scale":[0.6,0.6,0.6]},"firstperson_righthand":{"rotation":[22.5,0,0],"translation":[0,3.5,-4],"scale":[0.6,0.6,0.6]},"firstperson_lefthand":{"rotation":[22.5,0,0],"translation":[0,3.5,-4],"scale":[0.6,0.6,0.6]},"ground":{"translation":[0,2.5,-0.25],"scale":[0.6,0.6,0.6]},"gui":{"rotation":[22.5,135,0],"translation":[-1,-1.75,0],"scale":[0.7,0.7,0.7]},"head":{"scale":[0.6,0.6,0.6]},"fixed":{"rotation":[0,90,0],"translation":[0,0.25,-1.75]}},"groups":[{"name":"group","origin":[8,13.11835,1.58815],"children":[0,1,2,3,4,5,6,7,8,9,10,11,12,13,14,15,16,17,18,19,20,21,22,23,24,25,26,27,28,29,30,31,32,33,34,35,36,37,38,39,40,41]},{"name":"group","origin":[8,8,8],"children":[{"name":"group","origin":[8,9.80918,-0.58092],"children":[42,43,44,45,46,47,48,49]},{"name":"group","origin":[8,9.80918,-0.58092],"children":[50,51,52,53,54,55,56]}]}],"credit":"Model by Craftventure"}