{"textures":{"2":"block/red_mushroom","3":"block/red_mushroom_block"},"elements":[{"from":[12.5,0,13],"to":[13.5,2,14],"faces":{"north":{"uv":[7,15,8,16],"texture":"#2"},"east":{"uv":[7,15,8,16],"texture":"#2"},"south":{"uv":[7,15,8,16],"texture":"#2"},"west":{"uv":[7,15,8,16],"texture":"#2"},"up":{"uv":[7,15,8,16],"texture":"#2","rotation":90},"down":{"uv":[7,15,8,16],"texture":"#2","rotation":270}}},{"from":[11.5,2,12],"to":[14.5,3.5,15],"faces":{"north":{"uv":[1,3,4,4.5],"texture":"#3"},"east":{"uv":[8,11,11,12.5],"texture":"#3"},"south":{"uv":[8,11,11,12.5],"texture":"#3"},"west":{"uv":[3,0,6,1.5],"texture":"#3"},"up":{"uv":[10,7,13,10],"texture":"#3","rotation":180},"down":{"uv":[0,0,3,3],"texture":"#3","rotation":270}}},{"from":[10.24,0,8.8],"to":[11.56,2.64,10.12],"faces":{"north":{"uv":[7,15,8,16],"texture":"#2"},"east":{"uv":[7,15,8,16],"texture":"#2"},"south":{"uv":[7,15,8,16],"texture":"#2"},"west":{"uv":[7,15,8,16],"texture":"#2"},"up":{"uv":[7,15,8,16],"texture":"#2","rotation":90},"down":{"uv":[7,15,8,16],"texture":"#2","rotation":270}}},{"from":[8.92,2.58,7.48],"to":[12.88,4.56,11.44],"faces":{"north":{"uv":[7,13,10.95859,14.97969],"texture":"#3"},"east":{"uv":[10,8,13.95938,9.97969],"texture":"#3"},"south":{"uv":[7,11,10.95938,12.97969],"texture":"#3"},"west":{"uv":[4,11,7.95859,12.97969],"texture":"#3"},"up":{"uv":[3,3,6.95938,6.95938],"texture":"#3","rotation":90},"down":{"uv":[0,0,3.96,3.96],"texture":"#3","rotation":270}}},{"from":[1.75,2,3],"to":[4.75,3.5,6],"faces":{"north":{"uv":[10,6,13,7.5],"texture":"#3"},"east":{"uv":[0,0,3,1.5],"texture":"#3"},"south":{"uv":[4,9,7,10.5],"texture":"#3"},"west":{"uv":[3,4,6,5.5],"texture":"#3"},"up":{"uv":[10,8,13,11],"texture":"#3","rotation":180},"down":{"uv":[0,0,3,3],"texture":"#3","rotation":270}}},{"from":[2.75,0,4],"to":[3.75,2,5],"faces":{"north":{"uv":[7,15,8,16],"texture":"#2"},"east":{"uv":[7,15,8,16],"texture":"#2"},"south":{"uv":[7,15,8,16],"texture":"#2"},"west":{"uv":[7,15,8,16],"texture":"#2"},"up":{"uv":[7,15,8,16],"texture":"#2","rotation":90},"down":{"uv":[7,15,8,16],"texture":"#2","rotation":270}}},{"from":[4.465,1.315,6.705],"to":[6.445,2.305,8.685],"faces":{"north":{"uv":[0,0,1.98,0.99],"texture":"#3"},"east":{"uv":[0,0,1.98,0.99],"texture":"#3"},"south":{"uv":[0,0,1.98,0.99],"texture":"#3"},"west":{"uv":[2,3,3.97969,3.98984],"texture":"#3"},"up":{"uv":[4,4,5.97969,5.97969],"texture":"#3","rotation":90},"down":{"uv":[0,0,1.98,1.98],"texture":"#3","rotation":270}}},{"from":[5.125,0,7.365],"to":[5.785,1.32,8.025],"faces":{"north":{"uv":[7,15,8,16],"texture":"#2"},"east":{"uv":[7,15,8,16],"texture":"#2"},"south":{"uv":[7,15,8,16],"texture":"#2"},"west":{"uv":[7,15,8,16],"texture":"#2"},"up":{"uv":[7,15,8,16],"texture":"#2","rotation":90},"down":{"uv":[7,15,8,16],"texture":"#2","rotation":270}}}],"credit":"Model by Craftventure"}