{"textures":{"texture":"block/cyan_terracotta"},"elements":[{"from":[-1.5,-16,7],"to":[0,32,9],"faces":{"north":{"uv":[7,0,9,16],"texture":"#texture"},"east":{"uv":[7,0,9,16],"texture":"#texture"},"south":{"uv":[7,0,9,16],"texture":"#texture"},"west":{"uv":[7,0,9,16],"texture":"#texture"},"up":{"uv":[7,0,9,16],"texture":"#texture"},"down":{"uv":[7,0,9,16],"texture":"#texture"}}},{"from":[16,-16,7],"to":[17.5,32,9],"faces":{"north":{"uv":[7,0,9,16],"texture":"#texture"},"east":{"uv":[7,0,9,16],"texture":"#texture"},"south":{"uv":[7,0,9,16],"texture":"#texture"},"west":{"uv":[7,0,9,16],"texture":"#texture"},"up":{"uv":[7,0,9,16],"texture":"#texture"},"down":{"uv":[7,0,9,16],"texture":"#texture"}}},{"from":[15.9375,-15.5,7.5],"to":[16.9375,28.5,8.5],"rotation":{"angle":-22.5,"axis":"z","origin":[15.9375,28.5,7.5]},"faces":{"north":{"uv":[7.5,0,8.5,16],"texture":"#texture"},"east":{"uv":[7.5,0,8.5,16],"texture":"#texture"},"south":{"uv":[7.5,0,8.5,16],"texture":"#texture"},"west":{"uv":[7.5,0,8.5,16],"texture":"#texture"},"up":{"uv":[7.5,7.5,8.5,8.5],"texture":"#texture"},"down":{"uv":[8.5,8.5,7.5,7.5],"texture":"#texture"}}},{"from":[-0.875,-15.875,7.5],"to":[0.125,28.125,8.5],"rotation":{"angle":22.5,"axis":"z","origin":[-0.875,28.125,7.5]},"faces":{"north":{"uv":[7.5,0,8.5,16],"texture":"#texture"},"east":{"uv":[7.5,0,8.5,16],"texture":"#texture"},"south":{"uv":[7.5,0,8.5,16],"texture":"#texture"},"west":{"uv":[7.5,0,8.5,16],"texture":"#texture"},"up":{"uv":[7.5,7.5,8.5,8.5],"texture":"#texture"},"down":{"uv":[8.5,8.5,7.5,7.5],"texture":"#texture"}}}],"display":{"gui":{"scale":[0.3,0.3,0.3]},"head":{"scale":[4,4,4]}},"credit":"Model by Craftventure"}