{"textures":{"0":"block/spruce_log","2":"block/oak_planks","3":"block/spruce_planks","6":"block/spruce_log_top","7":"block/dark_oak_planks","8":"block/cobblestone","particle":"block/spruce_planks","1_0":"block/bierglas"},"elements":[{"name":"log","from":[4,-12,16],"to":[12,-4,24],"rotation":{"angle":0,"axis":"y","origin":[-24,-4,52]},"faces":{"north":{"uv":[0,0,16,16],"texture":"#0"},"east":{"uv":[0,0,16,16],"texture":"#0"},"south":{"uv":[0,0,16,16],"texture":"#0"},"west":{"uv":[0,0,16,16],"texture":"#0"},"up":{"uv":[0,0,16,16],"texture":"#6"},"down":{"uv":[0,0,16,16],"texture":"#0"}}},{"name":"log","from":[4,-12,-8],"to":[12,-4,0],"faces":{"north":{"uv":[0,0,16,16],"texture":"#0"},"east":{"uv":[0,0,16,16],"texture":"#0"},"south":{"uv":[0,0,16,16],"texture":"#0"},"west":{"uv":[0,0,16,16],"texture":"#0"},"up":{"uv":[0,0,16,16],"texture":"#6"},"down":{"uv":[0,0,16,16],"texture":"#0"}}},{"from":[4,-16,-16],"to":[12,-12,-8],"faces":{"north":{"uv":[0,0,16,16],"texture":"#0"},"east":{"uv":[0,0,16,16],"texture":"#0"},"south":{"uv":[0,0,16,16],"texture":"#0"},"west":{"uv":[0,0,16,16],"texture":"#0"},"up":{"uv":[0,0,16,16],"texture":"#6"},"down":{"uv":[0,0,16,16],"texture":"#6"}}},{"from":[4,-16,0],"to":[12,-12,8],"faces":{"north":{"uv":[0,0,16,16],"texture":"#0"},"east":{"uv":[0,0,16,16],"texture":"#0"},"south":{"uv":[0,0,16,16],"texture":"#0"},"west":{"uv":[0,0,16,16],"texture":"#0"},"up":{"uv":[0,0,16,16],"texture":"#6"},"down":{"uv":[0,0,16,16],"texture":"#6"}}},{"from":[4,-16,24],"to":[12,-12,32],"faces":{"north":{"uv":[0,0,16,16],"texture":"#0"},"east":{"uv":[0,0,16,16],"texture":"#0"},"south":{"uv":[0,0,16,16],"texture":"#0"},"west":{"uv":[0,0,16,16],"texture":"#0"},"up":{"uv":[0,0,16,16],"texture":"#6"},"down":{"uv":[0,0,16,16],"texture":"#6"}}},{"from":[4,-16,8],"to":[12,-12,16],"faces":{"north":{"uv":[0,0,16,16],"texture":"#0"},"east":{"uv":[0,0,16,16],"texture":"#0"},"south":{"uv":[0,0,16,16],"texture":"#0"},"west":{"uv":[0,0,16,16],"texture":"#0"},"up":{"uv":[0,0,16,16],"texture":"#6"},"down":{"uv":[0,0,16,16],"texture":"#6"}}},{"from":[4,-16,-8],"to":[12,-12,0],"faces":{"north":{"uv":[0,0,16,16],"texture":"#3"},"east":{"uv":[0,0,16,16],"texture":"#3"},"south":{"uv":[0,0,16,16],"texture":"#3"},"west":{"uv":[0,0,16,16],"texture":"#3"},"up":{"uv":[0,0,16,16],"texture":"#3"},"down":{"uv":[0,0,16,16],"texture":"#3"}}},{"from":[4,-16,16],"to":[12,-12,24],"faces":{"north":{"uv":[0,0,16,16],"texture":"#3"},"east":{"uv":[0,0,16,16],"texture":"#3"},"south":{"uv":[0,0,16,16],"texture":"#3"},"west":{"uv":[0,0,16,16],"texture":"#3"},"up":{"uv":[0,0,16,16],"texture":"#3"},"down":{"uv":[0,0,16,16],"texture":"#3"}}},{"from":[12,-16,0],"to":[20,-12,8],"faces":{"north":{"uv":[0,0,16,16],"texture":"#2"},"east":{"uv":[0,0,16,16],"texture":"#2"},"south":{"uv":[0,0,16,16],"texture":"#2"},"west":{"uv":[0,0,16,16],"texture":"#2"},"up":{"uv":[0,0,16,16],"texture":"#2"},"down":{"uv":[0,0,16,16],"texture":"#2"}}},{"from":[-4,-16,0],"to":[4,-12,8],"faces":{"north":{"uv":[0,0,16,16],"texture":"#2"},"east":{"uv":[0,0,16,16],"texture":"#2"},"south":{"uv":[0,0,16,16],"texture":"#2"},"west":{"uv":[0,0,16,16],"texture":"#2"},"up":{"uv":[0,16,16,0],"texture":"#2"},"down":{"uv":[0,0,16,16],"texture":"#2"}}},{"from":[12,-16,24],"to":[20,-12,32],"faces":{"north":{"uv":[0,0,16,16],"texture":"#2"},"east":{"uv":[0,0,16,16],"texture":"#2"},"south":{"uv":[0,0,16,16],"texture":"#2"},"west":{"uv":[0,0,16,16],"texture":"#2"},"up":{"uv":[0,0,16,16],"texture":"#2"},"down":{"uv":[0,0,16,16],"texture":"#2"}}},{"from":[-4,-16,24],"to":[4,-12,32],"faces":{"north":{"uv":[0,0,16,16],"texture":"#2"},"east":{"uv":[0,0,16,16],"texture":"#2"},"south":{"uv":[0,0,16,16],"texture":"#2"},"west":{"uv":[0,0,16,16],"texture":"#2"},"up":{"uv":[0,16,16,0],"texture":"#2"},"down":{"uv":[0,0,16,16],"texture":"#2"}}},{"from":[12,-16,16],"to":[20,-12,24],"faces":{"north":{"uv":[0,0,16,16],"texture":"#2"},"east":{"uv":[0,0,16,16],"texture":"#2"},"south":{"uv":[0,0,16,16],"texture":"#2"},"west":{"uv":[0,0,16,16],"texture":"#2"},"up":{"uv":[0,0,16,16],"texture":"#2"},"down":{"uv":[0,0,16,16],"texture":"#2"}}},{"from":[-4,-16,16],"to":[4,-12,24],"faces":{"north":{"uv":[0,0,16,16],"texture":"#2"},"east":{"uv":[0,0,16,16],"texture":"#2"},"south":{"uv":[0,0,16,16],"texture":"#2"},"west":{"uv":[0,0,16,16],"texture":"#2"},"up":{"uv":[0,16,16,0],"texture":"#2"},"down":{"uv":[0,0,16,16],"texture":"#2"}}},{"from":[12,-16,8],"to":[20,-12,16],"faces":{"north":{"uv":[0,0,16,16],"texture":"#2"},"east":{"uv":[0,0,16,16],"texture":"#2"},"south":{"uv":[0,0,16,16],"texture":"#2"},"west":{"uv":[0,0,16,16],"texture":"#2"},"up":{"uv":[0,0,16,16],"texture":"#2"},"down":{"uv":[0,0,16,16],"texture":"#2"}}},{"from":[-4,-16,8],"to":[4,-12,16],"faces":{"north":{"uv":[0,0,16,16],"texture":"#2"},"east":{"uv":[0,0,16,16],"texture":"#2"},"south":{"uv":[0,0,16,16],"texture":"#2"},"west":{"uv":[0,0,16,16],"texture":"#2"},"up":{"uv":[0,16,16,0],"texture":"#2"},"down":{"uv":[0,0,16,16],"texture":"#2"}}},{"from":[12,-16,-8],"to":[20,-12,0],"faces":{"north":{"uv":[0,0,16,16],"texture":"#2"},"east":{"uv":[0,0,16,16],"texture":"#2"},"south":{"uv":[0,0,16,16],"texture":"#2"},"west":{"uv":[0,0,16,16],"texture":"#2"},"up":{"uv":[0,0,16,16],"texture":"#2"},"down":{"uv":[0,0,16,16],"texture":"#2"}}},{"from":[-4,-16,-8],"to":[4,-12,0],"faces":{"north":{"uv":[0,0,16,16],"texture":"#2"},"east":{"uv":[0,0,16,16],"texture":"#2"},"south":{"uv":[0,0,16,16],"texture":"#2"},"west":{"uv":[0,0,16,16],"texture":"#2"},"up":{"uv":[0,16,16,0],"texture":"#2"},"down":{"uv":[0,0,16,16],"texture":"#2"}}},{"from":[-4,-16,-16],"to":[4,-12,-8],"faces":{"north":{"uv":[0,0,16,16],"texture":"#2"},"east":{"uv":[0,0,16,16],"texture":"#2"},"south":{"uv":[0,0,16,16],"texture":"#2"},"west":{"uv":[0,0,16,16],"texture":"#2"},"up":{"uv":[0,16,16,0],"texture":"#2"},"down":{"uv":[0,0,16,16],"texture":"#2"}}},{"from":[12,-16,-16],"to":[20,-12,-8],"faces":{"north":{"uv":[0,0,16,16],"texture":"#2"},"east":{"uv":[0,0,16,16],"texture":"#2"},"south":{"uv":[0,0,16,16],"texture":"#2"},"west":{"uv":[0,0,16,16],"texture":"#2"},"up":{"uv":[0,0,16,16],"texture":"#2"},"down":{"uv":[0,0,16,16],"texture":"#2"}}},{"from":[4,-8,24],"to":[12,-4,32],"faces":{"north":{"uv":[0,0,16,8],"texture":"#7"},"east":{"uv":[0,0,16,8],"texture":"#7"},"south":{"uv":[0,0,16,8],"texture":"#7"},"west":{"uv":[0,0,16,8],"texture":"#7"},"up":{"uv":[0,0,16,16],"texture":"#7"},"down":{"uv":[0,0,16,16],"texture":"#7"}}},{"from":[4,-8,-16],"to":[12,-4,-8],"faces":{"north":{"uv":[0,0,16,8],"texture":"#7"},"east":{"uv":[0,0,16,8],"texture":"#7"},"south":{"uv":[0,0,16,8],"texture":"#7"},"west":{"uv":[0,0,16,8],"texture":"#7"},"up":{"uv":[0,0,16,16],"texture":"#7"},"down":{"uv":[0,0,16,16],"texture":"#7"}}},{"from":[4,-8,0],"to":[12,-4,8],"faces":{"north":{"uv":[0,0,16,8],"texture":"#7"},"east":{"uv":[0,0,16,8],"texture":"#7"},"south":{"uv":[0,0,16,8],"texture":"#7"},"west":{"uv":[0,0,16,8],"texture":"#7"},"up":{"uv":[0,0,16,16],"texture":"#7"},"down":{"uv":[0,0,16,16],"texture":"#7"}}},{"from":[4,-12,24],"to":[12,-8,28],"faces":{"north":{"uv":[0,0,16,8],"texture":"#7"},"east":{"uv":[0,8,8,16],"texture":"#7"},"south":{"uv":[0,0,16,8],"texture":"#7"},"west":{"uv":[0,8,8,16],"texture":"#7"},"up":{"uv":[0,0,16,16],"texture":"#7"},"down":{"uv":[0,0,16,16],"texture":"#7"}}},{"from":[4,-12,0],"to":[12,-8,4],"faces":{"north":{"uv":[0,0,16,8],"texture":"#7"},"east":{"uv":[0,8,8,16],"texture":"#7"},"south":{"uv":[0,0,16,8],"texture":"#7"},"west":{"uv":[0,8,8,16],"texture":"#7"},"up":{"uv":[0,0,16,16],"texture":"#7"},"down":{"uv":[0,0,16,16],"texture":"#7"}}},{"from":[4,-12,-12],"to":[12,-8,-8],"faces":{"north":{"uv":[0,0,16,8],"texture":"#7"},"east":{"uv":[8,8,16,16],"texture":"#7"},"south":{"uv":[0,0,16,8],"texture":"#7"},"west":{"uv":[8,8,16,16],"texture":"#7"},"up":{"uv":[0,0,16,16],"texture":"#7"},"down":{"uv":[0,0,16,16],"texture":"#7"}}},{"from":[4,-12,12],"to":[12,-8,16],"faces":{"north":{"uv":[0,0,16,8],"texture":"#7"},"east":{"uv":[8,8,16,16],"texture":"#7"},"south":{"uv":[0,0,16,8],"texture":"#7"},"west":{"uv":[8,8,16,16],"texture":"#7"},"up":{"uv":[0,0,16,16],"texture":"#7"},"down":{"uv":[0,0,16,16],"texture":"#7"}}},{"from":[4,-8,8],"to":[12,-4,16],"faces":{"north":{"uv":[0,0,16,8],"texture":"#7"},"east":{"uv":[0,0,16,8],"texture":"#7"},"south":{"uv":[0,0,16,8],"texture":"#7"},"west":{"uv":[0,0,16,8],"texture":"#7"},"up":{"uv":[0,0,16,16],"texture":"#7"},"down":{"uv":[0,0,16,16],"texture":"#7"}}},{"name":"bierout","from":[5.875,-4.125,9.875],"to":[10.125,0.125,14.125],"rotation":{"angle":0,"axis":"y","origin":[8,-2,12]},"faces":{"north":{"uv":[8,2,10,4],"texture":"#1_0"},"east":{"uv":[14,2,16,4],"texture":"#1_0"},"south":{"uv":[10,2,12,4],"texture":"#1_0"},"west":{"uv":[12,2,14,4],"texture":"#1_0"},"up":{"uv":[10,0,12,2],"texture":"#1_0"},"down":{"uv":[12,0,14,2],"texture":"#1_0"}}},{"name":"bierin","from":[6,-4,10],"to":[10,0,14],"rotation":{"angle":0,"axis":"y","origin":[8,-2,12]},"faces":{"north":{"uv":[0,2,2,4],"texture":"#1_0"},"east":{"uv":[6,2,8,4],"texture":"#1_0"},"south":{"uv":[2,2,4,4],"texture":"#1_0"},"west":{"uv":[4,2,6,4],"texture":"#1_0"},"up":{"uv":[2,0,4,2],"texture":"#1_0"},"down":{"uv":[4,0,6,2],"texture":"#1_0"}}},{"name":"bierout","from":[5.875,-4.125,1.875],"to":[10.125,0.125,6.125],"rotation":{"angle":22.5,"axis":"y","origin":[8,-2,4]},"faces":{"north":{"uv":[12,2,14,4],"texture":"#1_0"},"east":{"uv":[8,2,10,4],"texture":"#1_0"},"south":{"uv":[14,2,16,4],"texture":"#1_0"},"west":{"uv":[10,2,12,4],"texture":"#1_0"},"up":{"uv":[10,0,12,2],"rotation":90,"texture":"#1_0"},"down":{"uv":[12,0,14,2],"rotation":270,"texture":"#1_0"}}},{"name":"bierin","from":[6,-4,2],"to":[10,0,6],"rotation":{"angle":22.5,"axis":"y","origin":[8,-2,4]},"faces":{"north":{"uv":[4,2,6,4],"texture":"#1_0"},"east":{"uv":[0,2,2,4],"texture":"#1_0"},"south":{"uv":[6,2,8,4],"texture":"#1_0"},"west":{"uv":[2,2,4,4],"texture":"#1_0"},"up":{"uv":[2,0,4,2],"rotation":90,"texture":"#1_0"},"down":{"uv":[4,0,6,2],"rotation":270,"texture":"#1_0"}}},{"from":[6,-4,-6],"to":[10,4,-2],"faces":{"north":{"uv":[0,0,8,16],"texture":"#8"},"east":{"uv":[0,0,8,16],"texture":"#8"},"south":{"uv":[0,0,8,16],"texture":"#8"},"west":{"uv":[0,0,8,16],"texture":"#8"},"up":{"uv":[0,0,8,8],"texture":"#8"},"down":{"uv":[0,0,8,8],"texture":"#8"}}},{"from":[6,-4,18],"to":[10,4,22],"faces":{"north":{"uv":[0,0,8,16],"texture":"#8"},"east":{"uv":[0,0,8,16],"texture":"#8"},"south":{"uv":[0,0,8,16],"texture":"#8"},"west":{"uv":[0,0,8,16],"texture":"#8"},"up":{"uv":[0,0,8,8],"texture":"#8"},"down":{"uv":[0,0,8,8],"texture":"#8"}}}],"display":{"gui":{"rotation":[21,45,0],"translation":[-2.5,2,0],"scale":[0.3,0.3,0.3]},"head":{"rotation":[0,-90,0],"translation":[0,-56,0],"scale":[3.2,3.2,3.2]}},"groups":[{"name":"group","origin":[8,8,8],"children":[{"name":"LOG","origin":[8,8,8],"children":[0,1]},{"name":"PLANKS SPRUCE","origin":[8,8,8],"children":[2,3,4,5,6,7]},{"name":"PLANKS OAK","origin":[8,8,8],"children":[8,9,10,11,12,13,14,15,16,17,18,19]},{"name":"planks dark oak","origin":[8,8,8],"children":[20,21,22,23,24,25,26,27]},{"name":"madhouse_tafel_midden","origin":[8,8,8],"children":[28,29,30,31]},32,33]}],"credit":"Model by Craftventure"}