{
	"__comment": "Designed by StevenPaw with Cubik Studio - https://cubik.studio",
	"textures": {
		"texture": "block/fastpass"
	},
	"elements": [ 	 
		{
			"__comment": "Box1",
			"from": [ 0, 0, 0 ],
			"to": [ 16, 1, 16 ],
			"faces": {
				"down": { "uv": [ 0, 0, 8, 8 ], "texture": "#texture" },
				"up": { "uv": [ 0, 0, 8, 8 ], "texture": "#texture" },
				"north": { "uv": [ 0, 8, 8, 9 ], "texture": "#texture" },
				"south": { "uv": [ 0, 8, 8, 9 ], "texture": "#texture" },
				"west": { "uv": [ 0, 8, 8, 9 ], "texture": "#texture" },
				"east": { "uv": [ 0, 8, 8, 9 ], "texture": "#texture" }
			}
		},
		{
			"__comment": "Box1",
			"from": [ 2, 1, 1 ],
			"to": [ 11.5, 18, 15 ],
			"faces": {
				"down": { "uv": [ 8, 8, 12, 11.5 ], "texture": "#texture" },
				"up": { "uv": [ 8, 8, 12, 11.5 ], "texture": "#texture" },
				"north": { "uv": [ 12, 8, 16, 14.5 ], "texture": "#texture" },
				"south": { "uv": [ 12, 8, 16, 14.5 ], "texture": "#texture" },
				"west": { "uv": [ 8, 8, 12, 11.5 ], "texture": "#texture" },
				"east": { "uv": [ 8, 8.000001, 12, 11.5 ], "texture": "#texture" }
			}
		},
		{
			"__comment": "Box1",
			"from": [ 4.375, 15.5514, 7.9787 ],
			"to": [ 9.375, 20.5514, 12.9787 ],
			"rotation": { "origin": [ 4.375, 15.5, 8 ], "axis": "x", "angle": 22.5 },
			"faces": {
				"down": { "uv": [ 8, 0, 16, 8 ], "texture": "#texture" },
				"up": { "uv": [ 8, 0, 16, 8 ], "texture": "#texture" },
				"north": { "uv": [ 0, 9, 8, 11.5 ], "texture": "#texture" },
				"south": { "uv": [ 0, 9, 8, 11.5 ], "texture": "#texture" },
				"west": { "uv": [ 0, 9, 8, 11.5 ], "texture": "#texture" },
				"east": { "uv": [ 0, 9, 8, 11.5 ], "texture": "#texture" }
			}
		},
		{
			"__comment": "Box1",
			"from": [ 4.5, 3, 7 ],
			"to": [ 14.5, 16, 9 ],
			"faces": {
				"down": { "uv": [ 0, 11.5, 5, 12.5 ], "texture": "#texture" },
				"up": { "uv": [ 0, 11.5, 5, 12.5 ], "texture": "#texture" },
				"north": { "uv": [ 0, 12.5, 5, 16 ], "texture": "#texture" },
				"south": { "uv": [ 0, 12.5, 5, 16 ], "texture": "#texture" },
				"west": { "uv": [ 5, 12.5, 6, 16 ], "texture": "#texture" },
				"east": { "uv": [ 5, 12.5, 6, 16 ], "texture": "#texture" }
			}
		},
		{
			"__comment": "Box1",
			"from": [ 5, 4, 7.5 ],
			"to": [ 16, 15, 8.5 ],
			"faces": {
				"down": { "uv": [ 0, 11.5, 5, 12.5 ], "texture": "#texture" },
				"up": { "uv": [ 0, 11.5, 5, 12.5 ], "texture": "#texture" },
				"north": { "uv": [ 0, 12.5, 5, 16 ], "texture": "#texture" },
				"south": { "uv": [ 0, 12.5, 5, 16 ], "texture": "#texture" },
				"west": { "uv": [ 5, 12.5, 6, 16 ], "texture": "#texture" },
				"east": { "uv": [ 5, 12.5, 6, 16 ], "texture": "#texture" }
			}
		},
		{
			"__comment": "Box1",
			"from": [ 9, 2.5, 6.5 ],
			"to": [ 13.5, 16.5, 9.5 ],
			"faces": {
				"down": { "uv": [ 0, 11.5, 5, 12.5 ], "texture": "#texture" },
				"up": { "uv": [ 0, 11.5, 5, 12.5 ], "texture": "#texture" },
				"north": { "uv": [ 0, 12.5, 5, 16 ], "texture": "#texture" },
				"south": { "uv": [ 0, 12.5, 5, 16 ], "texture": "#texture" },
				"west": { "uv": [ 5, 12.5, 6, 16 ], "texture": "#texture" },
				"east": { "uv": [ 5, 12.5, 6, 16 ], "texture": "#texture" }
			}
		},
		{
			"__comment": "Box1",
			"from": [ 1.5, 0.5, 4.75 ],
			"to": [ 6, 15.5, 11.25 ],
			"faces": {
				"down": { "uv": [ 0, 11.5, 5, 12.5 ], "texture": "#texture" },
				"up": { "uv": [ 0, 11.5, 5, 12.5 ], "texture": "#texture" },
				"north": { "uv": [ 0, 12.5, 5, 16 ], "texture": "#texture" },
				"south": { "uv": [ 0, 12.5, 5, 16 ], "texture": "#texture" },
				"west": { "uv": [ 5, 12.5, 6, 16 ], "texture": "#texture" },
				"east": { "uv": [ 5, 12.5, 6, 16 ], "texture": "#texture" }
			}
		},
		{
			"__comment": "Box1",
			"from": [ 4.875, 13.625, 5 ],
			"to": [ 8.875, 17.625, 12 ],
			"rotation": { "origin": [ 4.875, 13.625, 5 ], "axis": "x", "angle": -22.5 },
			"faces": {
				"down": { "uv": [ 0, 9, 8, 11.5 ], "texture": "#texture" },
				"up": { "uv": [ 0, 9, 8, 11.5 ], "texture": "#texture" },
				"north": { "uv": [ 0, 9, 8, 11.5 ], "texture": "#texture" },
				"south": { "uv": [ 0, 9, 8, 11.5 ], "texture": "#texture" },
				"west": { "uv": [ 0, 9, 8, 11.5 ], "texture": "#texture" },
				"east": { "uv": [ 0, 9, 8, 11.5 ], "texture": "#texture" }
			}
		}
	]
}