{"textures":{"particle":"item/equipment_slot_color"},"elements":[{"name":"icon_costume_0","from":[1,11,0],"to":[3,12,1],"faces":{"north":{"uv":[1,5,3,4],"rotation":180,"texture":"#particle"},"east":{"uv":[2,4,3,5],"texture":"#particle"},"south":{"uv":[1,4,3,5],"texture":"#particle"},"west":{"uv":[1,4,2,5],"texture":"#particle"},"up":{"uv":[3,4,1,5],"rotation":180,"texture":"#particle"},"down":{"uv":[1,4,3,5],"texture":"#particle"}}},{"name":"icon_costume_1","from":[13,11,0],"to":[15,12,1],"faces":{"north":{"uv":[13,5,15,4],"rotation":180,"texture":"#particle"},"east":{"uv":[14,4,15,5],"texture":"#particle"},"south":{"uv":[13,4,15,5],"texture":"#particle"},"west":{"uv":[13,4,14,5],"texture":"#particle"},"up":{"uv":[15,4,13,5],"rotation":180,"texture":"#particle"},"down":{"uv":[13,4,15,5],"texture":"#particle"}}},{"name":"icon_costume_2","from":[1,7,0],"to":[2,11,1],"faces":{"north":{"uv":[1,9,2,5],"rotation":180,"texture":"#particle"},"east":{"uv":[1,5,2,9],"texture":"#particle"},"south":{"uv":[1,5,2,9],"texture":"#particle"},"west":{"uv":[1,5,2,9],"texture":"#particle"},"up":{"uv":[2,5,1,6],"rotation":180,"texture":"#particle"},"down":{"uv":[1,8,2,9],"texture":"#particle"}}},{"name":"icon_costume_3","from":[3,10,0],"to":[7,11,1],"faces":{"north":{"uv":[3,6,7,5],"rotation":180,"texture":"#particle"},"east":{"uv":[6,5,7,6],"texture":"#particle"},"south":{"uv":[3,5,7,6],"texture":"#particle"},"west":{"uv":[3,5,4,6],"texture":"#particle"},"up":{"uv":[7,5,3,6],"rotation":180,"texture":"#particle"},"down":{"uv":[3,5,7,6],"texture":"#particle"}}},{"name":"icon_costume_4","from":[9,10,0],"to":[13,11,1],"faces":{"north":{"uv":[9,6,13,5],"rotation":180,"texture":"#particle"},"east":{"uv":[12,5,13,6],"texture":"#particle"},"south":{"uv":[9,5,13,6],"texture":"#particle"},"west":{"uv":[9,5,10,6],"texture":"#particle"},"up":{"uv":[13,5,9,6],"rotation":180,"texture":"#particle"},"down":{"uv":[9,5,13,6],"texture":"#particle"}}},{"name":"icon_costume_5","from":[14,2,0],"to":[15,11,1],"faces":{"north":{"uv":[14,14,15,5],"rotation":180,"texture":"#particle"},"east":{"uv":[14,5,15,14],"texture":"#particle"},"south":{"uv":[14,5,15,14],"texture":"#particle"},"west":{"uv":[14,5,15,14],"texture":"#particle"},"up":{"uv":[15,5,14,6],"rotation":180,"texture":"#particle"},"down":{"uv":[14,13,15,14],"texture":"#particle"}}},{"name":"icon_costume_6","from":[2,9,0],"to":[3,10,1],"faces":{"north":{"uv":[2,7,3,6],"rotation":180,"texture":"#particle"},"east":{"uv":[2,6,3,7],"texture":"#particle"},"south":{"uv":[2,6,3,7],"texture":"#particle"},"west":{"uv":[2,6,3,7],"texture":"#particle"},"up":{"uv":[3,6,2,7],"rotation":180,"texture":"#particle"},"down":{"uv":[2,6,3,7],"texture":"#particle"}}},{"name":"icon_costume_7","from":[7,7,0],"to":[9,10,1],"faces":{"north":{"uv":[7,9,9,6],"rotation":180,"texture":"#particle"},"east":{"uv":[8,6,9,9],"texture":"#particle"},"south":{"uv":[7,6,9,9],"texture":"#particle"},"west":{"uv":[7,6,8,9],"texture":"#particle"},"up":{"uv":[9,6,7,7],"rotation":180,"texture":"#particle"},"down":{"uv":[7,8,9,9],"texture":"#particle"}}},{"name":"icon_costume_8","from":[13,9,0],"to":[14,10,1],"faces":{"north":{"uv":[13,7,14,6],"rotation":180,"texture":"#particle"},"east":{"uv":[13,6,14,7],"texture":"#particle"},"south":{"uv":[13,6,14,7],"texture":"#particle"},"west":{"uv":[13,6,14,7],"texture":"#particle"},"up":{"uv":[14,6,13,7],"rotation":180,"texture":"#particle"},"down":{"uv":[13,6,14,7],"texture":"#particle"}}},{"name":"icon_costume_9","from":[2,6,0],"to":[3,7,1],"faces":{"north":{"uv":[2,10,3,9],"rotation":180,"texture":"#particle"},"east":{"uv":[2,9,3,10],"texture":"#particle"},"south":{"uv":[2,9,3,10],"texture":"#particle"},"west":{"uv":[2,9,3,10],"texture":"#particle"},"up":{"uv":[3,9,2,10],"rotation":180,"texture":"#particle"},"down":{"uv":[2,9,3,10],"texture":"#particle"}}},{"name":"icon_costume_10","from":[6,6,0],"to":[7,7,1],"faces":{"north":{"uv":[6,10,7,9],"rotation":180,"texture":"#particle"},"east":{"uv":[6,9,7,10],"texture":"#particle"},"south":{"uv":[6,9,7,10],"texture":"#particle"},"west":{"uv":[6,9,7,10],"texture":"#particle"},"up":{"uv":[7,9,6,10],"rotation":180,"texture":"#particle"},"down":{"uv":[6,9,7,10],"texture":"#particle"}}},{"name":"icon_costume_11","from":[9,6,0],"to":[10,7,1],"faces":{"north":{"uv":[9,10,10,9],"rotation":180,"texture":"#particle"},"east":{"uv":[9,9,10,10],"texture":"#particle"},"south":{"uv":[9,9,10,10],"texture":"#particle"},"west":{"uv":[9,9,10,10],"texture":"#particle"},"up":{"uv":[10,9,9,10],"rotation":180,"texture":"#particle"},"down":{"uv":[9,9,10,10],"texture":"#particle"}}},{"name":"icon_costume_12","from":[13,6,0],"to":[14,7,1],"faces":{"north":{"uv":[13,10,14,9],"rotation":180,"texture":"#particle"},"east":{"uv":[13,9,14,10],"texture":"#particle"},"south":{"uv":[13,9,14,10],"texture":"#particle"},"west":{"uv":[13,9,14,10],"texture":"#particle"},"up":{"uv":[14,9,13,10],"rotation":180,"texture":"#particle"},"down":{"uv":[13,9,14,10],"texture":"#particle"}}},{"name":"icon_costume_13","from":[3,5,0],"to":[6,6,1],"faces":{"north":{"uv":[3,11,6,10],"rotation":180,"texture":"#particle"},"east":{"uv":[5,10,6,11],"texture":"#particle"},"south":{"uv":[3,10,6,11],"texture":"#particle"},"west":{"uv":[3,10,4,11],"texture":"#particle"},"up":{"uv":[6,10,3,11],"rotation":180,"texture":"#particle"},"down":{"uv":[3,10,6,11],"texture":"#particle"}}},{"name":"icon_costume_14","from":[10,5,0],"to":[13,6,1],"faces":{"north":{"uv":[10,11,13,10],"rotation":180,"texture":"#particle"},"east":{"uv":[12,10,13,11],"texture":"#particle"},"south":{"uv":[10,10,13,11],"texture":"#particle"},"west":{"uv":[10,10,11,11],"texture":"#particle"},"up":{"uv":[13,10,10,11],"rotation":180,"texture":"#particle"},"down":{"uv":[10,10,13,11],"texture":"#particle"}}}],"display":{"gui":{"translation":[0,0.25,0]}},"groups":[{"name":"empty_armor_slot_chestplate","origin":[8,8,8],"children":[]},{"name":"boots","origin":[8,8,8],"children":[{"name":"empty_armor_slot_boots","origin":[8,8,8],"children":[]}]},{"name":"leggings","origin":[8,8,8],"children":[{"name":"empty_armor_slot_leggings","origin":[8,8,8],"children":[]}]},{"name":"helmet","origin":[8,8,8],"children":[{"name":"empty_armor_slot_helmet","origin":[8,8,8],"children":[]}]},{"name":"icon_costume","origin":[8,8,8],"children":[]},{"name":"icon_costume","origin":[8,8,8],"children":[0,1,2,3,4,5,6,7,8,9,10,11,12,13,14]}],"credit":"Model by Craftventure"}