{
  "parent":"item/handheld","textures":
  {
    "layer0":"item/diamond_hoe"
  },
  
  "overrides":[
    
	{"predicate":{"custom_model_data":1},"model":"nlp/hats/cap-placeholder"},
	{"predicate":{"custom_model_data":2},"model":"nlp/hats/nlp-cap-interact"},
	{"predicate":{"custom_model_data":3},"model":"nlp/hats/nlp-cap-magic"},
	{"predicate":{"custom_model_data":4},"model":"nlp/hats/nlp-cap-technic"},
	{"predicate":{"custom_model_data":5},"model":"nlp/hats/nlp-cap-alpha"},
	{"predicate":{"custom_model_data":6},"model":"nlp/hats/nlp-cap-creative"},
	{"predicate":{"custom_model_data":7},"model":"nlp/hats/nlp-cap-leitung"},
	{"predicate":{"custom_model_data":8},"model":"nlp/placeholder"}
  ]
}