{
  "parent":"item/generated","textures":
  {
    "layer0":"item/firework_star","layer1":"item/firework_star_overlay"
  },
  
  "overrides":[
  
    {"predicate":{"custom_model_data":1},"model":"item/balloons/firework_star"},
	{"predicate":{"custom_model_data":2},"model":"item/lasergame/gun/basic"},
	{"predicate":{"custom_model_data":3},"model":"item/lasergame/turret/default_stand"},
	{"predicate":{"custom_model_data":4},"model":"item/lasergame/turret/default_head"},
	{"predicate":{"custom_model_data":5},"model":"item/lasergame/gun/sniper"},
	{"predicate":{"custom_model_data":6},"model":"item/lasergame/cart/1"},
	{"predicate":{"custom_model_data":7},"model":"item/karts/hyperion/default"},
	{"predicate":{"custom_model_data":8},"model":"item/karts/autopia"},
	{"predicate":{"custom_model_data":9},"model":"item/karts/oldtimer"},
	{"predicate":{"custom_model_data":10},"model":"item/karts/snowscooter"},
	{"predicate":{"custom_model_data":11},"model":"item/karts/jeep/light_gray_fenders"},
	{"predicate":{"custom_model_data":12},"model":"item/karts/jeep/brown_fenders"},
	{"predicate":{"custom_model_data":13},"model":"item/karts/jeep/dark_gray_fenders"},
	{"predicate":{"custom_model_data":14},"model":"item/karts/jeep/sandy_fenders"},
	{"predicate":{"custom_model_data":15},"model":"item/karts/racer/cyan"},
	{"predicate":{"custom_model_data":16},"model":"item/karts/racer/orange"},
	{"predicate":{"custom_model_data":17},"model":"item/karts/racer/pink"},
	{"predicate":{"custom_model_data":18},"model":"item/karts/racer/white"},
	{"predicate":{"custom_model_data":19},"model":"item/karts/racer/yellow"},
	{"predicate":{"custom_model_data":20},"model":"item/lasergame/turret/default"},
	{"predicate":{"custom_model_data":21},"model":"item/lasergame/gun/shotgun"}
	
  ]
}