{"textures":{"0":"block/red_wool","1":"block/bell_top","2":"block/bell_side","3":"particle/flame","4":"block/black_wool","5":"block/white_wool","6":"block/bamboo_large_leaves","7":"block/bamboo_small_leaves","9":"block/green_wool","10":"block/fern2","11":"block/dead_bush","12":"block/spruce_sapling","particle":"block/red_wool"},"elements":[{"name":"octagon","from":[14,6,3.85786],"to":[18,10,12.14214],"rotation":{"angle":-22.5,"axis":"y","origin":[8,8,8]},"faces":{"east":{"uv":[0,0,8,4],"texture":"#9"},"west":{"uv":[0,0,8,4],"texture":"#9"},"up":{"uv":[5,5,9,13],"texture":"#9"},"down":{"uv":[1,2,5,10],"texture":"#9"}}},{"name":"octagon","from":[-2,6,3.85786],"to":[2,10,12.14214],"rotation":{"angle":-22.5,"axis":"y","origin":[8,8,8]},"faces":{"east":{"uv":[0,0,8,4],"texture":"#9"},"west":{"uv":[0,0,8,4],"texture":"#9"},"up":{"uv":[5,5,9,13],"rotation":180,"texture":"#9"},"down":{"uv":[1,2,5,10],"rotation":180,"texture":"#9"}}},{"name":"octagon","from":[3.85786,6,-2],"to":[12.14214,10,2],"rotation":{"angle":-22.5,"axis":"y","origin":[8,8,8]},"faces":{"north":{"uv":[0,0,8,4],"texture":"#9"},"south":{"uv":[0,0,8,4],"texture":"#9"},"up":{"uv":[5,5,9,13],"rotation":270,"texture":"#9"},"down":{"uv":[1,2,5,10],"rotation":90,"texture":"#9"}}},{"name":"octagon","from":[3.85786,6,14],"to":[12.14214,10,18],"rotation":{"angle":-22.5,"axis":"y","origin":[8,8,8]},"faces":{"north":{"uv":[0,0,8,4],"texture":"#9"},"south":{"uv":[0,0,8,4],"texture":"#9"},"up":{"uv":[5,5,9,13],"rotation":90,"texture":"#9"},"down":{"uv":[1,2,5,10],"rotation":270,"texture":"#9"}}},{"name":"octagon","from":[14,6.002,3.85786],"to":[18,10.002,12.14214],"rotation":{"angle":22.5,"axis":"y","origin":[8,8,8]},"faces":{"east":{"uv":[0,0,8,4],"texture":"#9"},"west":{"uv":[0,0,8,4],"texture":"#9"},"up":{"uv":[5,5,9,13],"texture":"#9"},"down":{"uv":[1,2,5,10],"texture":"#9"}}},{"name":"octagon","from":[-2,6.002,3.85786],"to":[2,10.002,12.14214],"rotation":{"angle":22.5,"axis":"y","origin":[8,8,8]},"faces":{"east":{"uv":[0,0,8,4],"texture":"#9"},"west":{"uv":[0,0,8,4],"texture":"#9"},"up":{"uv":[5,5,9,13],"rotation":180,"texture":"#9"},"down":{"uv":[1,2,5,10],"rotation":180,"texture":"#9"}}},{"name":"octagon","from":[3.85786,6.002,-2],"to":[12.14214,10.002,2],"rotation":{"angle":22.5,"axis":"y","origin":[8,8,8]},"faces":{"north":{"uv":[0,0,8,4],"texture":"#9"},"south":{"uv":[0,0,8,4],"texture":"#9"},"up":{"uv":[5,5,9,13],"rotation":270,"texture":"#9"},"down":{"uv":[1,2,5,10],"rotation":90,"texture":"#9"}}},{"name":"octagon","from":[3.85786,6.002,14],"to":[12.14214,10.002,18],"rotation":{"angle":22.5,"axis":"y","origin":[8,8,8]},"faces":{"north":{"uv":[0,0,8,4],"texture":"#9"},"south":{"uv":[0,0,8,4],"texture":"#9"},"up":{"uv":[5,5,9,13],"rotation":90,"texture":"#9"},"down":{"uv":[1,2,5,10],"rotation":270,"texture":"#9"}}},{"name":"octagon","from":[8.04536,5.752,18.8125],"to":[12.54536,10.252,18.875],"rotation":{"angle":45,"axis":"y","origin":[8,8,8]},"faces":{"north":{"uv":[12,10,7,15],"rotation":90,"texture":"#7"},"south":{"uv":[7,10,12,15],"rotation":270,"texture":"#7"}}},{"name":"octagon","from":[18.8125,5.752,4.95464],"to":[18.875,10.252,7.95464],"rotation":{"angle":45,"axis":"y","origin":[8,8,8]},"faces":{"east":{"uv":[9,7,14,9.999],"rotation":270,"texture":"#7"},"west":{"uv":[14,7,9,9.999],"rotation":90,"texture":"#7"}}},{"name":"octagon","from":[-2.875,5.752,8.04536],"to":[-2.8125,10.252,12.54536],"rotation":{"angle":-45,"axis":"y","origin":[8,8,8]},"faces":{"east":{"uv":[12,10,7,15],"rotation":90,"texture":"#7"},"west":{"uv":[7,10,12,15],"rotation":270,"texture":"#7"}}},{"name":"octagon","from":[8.04536,5.752,18.8125],"to":[11.04536,10.252,18.875],"rotation":{"angle":-45,"axis":"y","origin":[8,8,8]},"faces":{"north":{"uv":[14,7,9,9.999],"rotation":90,"texture":"#7"},"south":{"uv":[9,7,14,9.999],"rotation":270,"texture":"#7"}}},{"name":"octagon","from":[3.45464,5.752,-2.875],"to":[7.95464,10.252,-2.8125],"faces":{"north":{"uv":[7,10,11.999,15],"rotation":270,"texture":"#7"},"south":{"uv":[11.999,10,7,15],"rotation":90,"texture":"#7"}}},{"name":"octagon","from":[-2.875,5.752,8.04536],"to":[-2.8125,10.252,11.04536],"faces":{"east":{"uv":[8,1,3,3.999],"rotation":90,"texture":"#7"},"west":{"uv":[3,1,8,3.999],"rotation":270,"texture":"#7"}}},{"name":"octagon","from":[8.04536,5.752,18.8125],"to":[12.54536,10.252,18.875],"faces":{"north":{"uv":[7,8,2,13],"rotation":90,"texture":"#7"},"south":{"uv":[2,8,7,13],"rotation":270,"texture":"#7"}}},{"name":"octagon","from":[13.995,5.96,3.77502],"to":[18.2,10.04,12.22498],"rotation":{"angle":-22.5,"axis":"y","origin":[8,8,8]},"faces":{"north":{"uv":[0,0,0,0],"texture":"#6"},"east":{"uv":[5,11,13,15],"texture":"#6"},"south":{"uv":[0,0,0,0],"texture":"#6"},"west":{"uv":[7,11,15,15],"texture":"#6"},"up":{"uv":[1,7,5,15],"texture":"#6"},"down":{"uv":[1,2,5,10],"texture":"#6"}}},{"name":"octagon","from":[-2.2,5.96,3.77502],"to":[2.005,10.04,12.22498],"rotation":{"angle":-22.5,"axis":"y","origin":[8,8,8]},"faces":{"north":{"uv":[0,0,0,0],"texture":"#6"},"east":{"uv":[3,5,11,9],"rotation":180,"texture":"#6"},"south":{"uv":[0,0,0,0],"texture":"#6"},"west":{"uv":[0,9,8,13],"texture":"#6"},"up":{"uv":[1,5,5,13],"texture":"#6"},"down":{"uv":[1,2,5,10],"rotation":180,"texture":"#6"}}},{"name":"octagon","from":[-2.95,10.04,4.77502],"to":[1.255,10.165,10.97498],"rotation":{"angle":-22.5,"axis":"y","origin":[8,8,8]},"faces":{"up":{"uv":[3,1,12.999,15.999],"texture":"#10"}}},{"name":"octagon","from":[15.10972,5.07496,4.51208],"to":[19.31472,11.27492,4.63708],"rotation":{"angle":-22.5,"axis":"y","origin":[8,8,8]},"faces":{"north":{"uv":[3,1,12.999,15.999],"texture":"#12"},"south":{"uv":[12.999,1,3,15.999],"texture":"#12"}}},{"name":"octagon","from":[3.77502,5.96,-2.2],"to":[12.22498,10.04,2.005],"rotation":{"angle":-22.5,"axis":"y","origin":[8,8,8]},"faces":{"north":{"uv":[0,0,8,4],"texture":"#6"},"east":{"uv":[0,0,0,0],"texture":"#6"},"south":{"uv":[8,10,16,14],"texture":"#6"},"west":{"uv":[0,0,0,0],"texture":"#6"},"up":{"uv":[10,7,14,15],"rotation":270,"texture":"#6"},"down":{"uv":[1,2,5,10],"rotation":90,"texture":"#6"}}},{"name":"octagon","from":[3.77502,5.96,13.995],"to":[12.22498,10.04,18.2],"rotation":{"angle":-22.5,"axis":"y","origin":[8,8,8]},"faces":{"north":{"uv":[8,9,16,13],"texture":"#6"},"east":{"uv":[0,0,0,0],"texture":"#6"},"south":{"uv":[1,7,9,11],"texture":"#6"},"west":{"uv":[0,0,0,0],"texture":"#6"},"up":{"uv":[10,2,14,10],"rotation":270,"texture":"#6"},"down":{"uv":[1,2,5,10],"rotation":270,"texture":"#6"}}},{"name":"octagon","from":[7.9155,11.71,14.995],"to":[8.0845,15.79,19.2],"rotation":{"angle":22.5,"axis":"x","origin":[8,8,8]},"faces":{"east":{"uv":[16,0,0,16],"texture":"#11"},"west":{"uv":[0,0,16,16],"texture":"#11"}}},{"name":"octagon","from":[7.9155,8.31235,-4.61906],"to":[8.0845,10.89235,-0.41406],"rotation":{"angle":-45,"axis":"x","origin":[7.97886,9.61821,-2.50692]},"faces":{"east":{"uv":[0,11,6.997,15.998],"rotation":180,"texture":"#6"},"west":{"uv":[6.997,11,0,15.998],"rotation":180,"texture":"#6"}}},{"name":"octagon","from":[13.995,5.96204,3.77502],"to":[18.2,10.04204,12.22498],"rotation":{"angle":22.5,"axis":"y","origin":[8,8,8]},"faces":{"north":{"uv":[0,0,0,0],"texture":"#6"},"east":{"uv":[3,4,11,8],"texture":"#6"},"south":{"uv":[0,0,0,0],"texture":"#6"},"west":{"uv":[1,12,9,16],"texture":"#6"},"up":{"uv":[5,5,9,13],"texture":"#6"},"down":{"uv":[1,2,5,10],"texture":"#6"}}},{"name":"octagon","from":[-2.2,5.96204,3.77502],"to":[2.0675,10.04204,12.22498],"rotation":{"angle":22.5,"axis":"y","origin":[8,8,8]},"faces":{"north":{"uv":[0,0,0,0],"texture":"#6"},"east":{"uv":[4,6,12,10],"texture":"#6"},"south":{"uv":[0,0,0,0],"texture":"#6"},"west":{"uv":[8,10,16,14],"rotation":180,"texture":"#6"},"up":{"uv":[5,5,9,13],"rotation":180,"texture":"#6"},"down":{"uv":[1,2,5,10],"rotation":180,"texture":"#6"}}},{"name":"octagon","from":[3.77502,5.96204,-2.2],"to":[12.22498,10.04204,2.005],"rotation":{"angle":22.5,"axis":"y","origin":[8,8,8]},"faces":{"north":{"uv":[8,8,16,12],"texture":"#6"},"east":{"uv":[0,0,0,0],"texture":"#6"},"south":{"uv":[7,8,15,12],"texture":"#6"},"west":{"uv":[0,0,0,0],"texture":"#6"},"up":{"uv":[5,5,9,13],"rotation":270,"texture":"#6"},"down":{"uv":[1,2,5,10],"rotation":90,"texture":"#6"}}},{"name":"octagon","from":[3.77502,5.96204,13.995],"to":[12.22498,10.04204,18.2],"rotation":{"angle":22.5,"axis":"y","origin":[8,8,8]},"faces":{"north":{"uv":[4,9,12,13],"texture":"#6"},"east":{"uv":[0,0,0,0],"texture":"#6"},"south":{"uv":[8,5,16,9],"texture":"#6"},"west":{"uv":[0,0,0,0],"texture":"#6"},"up":{"uv":[5,5,9,13],"rotation":90,"texture":"#6"},"down":{"uv":[1,2,5,10],"rotation":270,"texture":"#6"}}},{"name":"octagon","from":[18.28993,11.06243,5.39778],"to":[18.33368,11.60451,5.89675],"rotation":{"angle":-22.5,"axis":"x","origin":[16.99998,11.00632,5.65723]},"faces":{"east":{"uv":[2,0,14.999,16],"rotation":180,"texture":"#11"},"west":{"uv":[14.999,0,2,16],"rotation":180,"texture":"#11"}}},{"name":"octagon","from":[18.28993,10.39989,5.39778],"to":[18.33368,10.94197,5.89675],"rotation":{"angle":-22.5,"axis":"x","origin":[16.99998,11.00632,5.65723]},"faces":{"east":{"uv":[2,0,14.999,16],"texture":"#11"},"west":{"uv":[14.999,0,2,16],"texture":"#11"}}},{"name":"octagon","from":[18.28993,10.75272,5.7075],"to":[18.33368,11.25169,6.24957],"rotation":{"angle":-22.5,"axis":"x","origin":[16.99998,11.00632,5.65723]},"faces":{"east":{"uv":[2,0,14.999,16],"rotation":90,"texture":"#11"},"west":{"uv":[14.999,0,2,16],"rotation":270,"texture":"#11"}}},{"name":"octagon","from":[18.28993,10.75272,5.04496],"to":[18.33368,11.25169,5.58704],"rotation":{"angle":-22.5,"axis":"x","origin":[16.99998,11.00632,5.65723]},"faces":{"east":{"uv":[2,0,14.999,16],"rotation":270,"texture":"#11"},"west":{"uv":[14.999,0,2,16],"rotation":90,"texture":"#11"}}},{"name":"octagon","from":[18.29133,10.74688,5.05079],"to":[18.33508,11.24585,5.59286],"rotation":{"angle":22.5,"axis":"x","origin":[16.99998,11.00632,5.65723]},"faces":{"east":{"uv":[2,0,14.999,16],"rotation":270,"texture":"#11"},"west":{"uv":[14.999,0,2,16],"rotation":90,"texture":"#11"}}},{"name":"octagon","from":[18.29133,10.74688,5.71333],"to":[18.33508,11.24585,6.2554],"rotation":{"angle":22.5,"axis":"x","origin":[16.99998,11.00632,5.65723]},"faces":{"east":{"uv":[2,0,14.999,16],"rotation":90,"texture":"#11"},"west":{"uv":[14.999,0,2,16],"rotation":270,"texture":"#11"}}},{"name":"octagon","from":[18.29133,11.05659,5.40361],"to":[18.33508,11.59867,5.90258],"rotation":{"angle":22.5,"axis":"x","origin":[16.99998,11.00632,5.65723]},"faces":{"east":{"uv":[2,0,14.999,16],"rotation":180,"texture":"#11"},"west":{"uv":[14.999,0,2,16],"rotation":180,"texture":"#11"}}},{"name":"octagon","from":[18.29133,10.39406,5.40361],"to":[18.33508,10.93613,5.90258],"rotation":{"angle":22.5,"axis":"x","origin":[16.99998,11.00632,5.65723]},"faces":{"east":{"uv":[2,0,14.999,16],"texture":"#11"},"west":{"uv":[14.999,0,2,16],"texture":"#11"}}},{"name":"octagon","from":[17.93993,10.61651,4.70534],"to":[17.98368,11.39615,5.55234],"rotation":{"angle":-45,"axis":"x","origin":[16.99998,11.00632,5.65723]},"faces":{"east":{"uv":[2,0,14.999,16],"rotation":270,"texture":"#11"},"west":{"uv":[14.999,0,2,16],"rotation":90,"texture":"#11"}}},{"name":"octagon","from":[17.93993,10.61651,5.74056],"to":[17.98368,11.39615,6.58756],"rotation":{"angle":-45,"axis":"x","origin":[16.99998,11.00632,5.65723]},"faces":{"east":{"uv":[2,0,14.999,16],"rotation":90,"texture":"#11"},"west":{"uv":[14.999,0,2,16],"rotation":270,"texture":"#11"}}},{"name":"octagon","from":[17.93993,11.10044,5.25663],"to":[17.98368,11.94743,6.03627],"rotation":{"angle":-45,"axis":"x","origin":[16.99998,11.00632,5.65723]},"faces":{"east":{"uv":[2,0,14.999,16],"rotation":180,"texture":"#11"},"west":{"uv":[14.999,0,2,16],"rotation":180,"texture":"#11"}}},{"name":"octagon","from":[17.93993,10.06522,5.25663],"to":[17.98368,10.91222,6.03627],"rotation":{"angle":-45,"axis":"x","origin":[16.99998,11.00632,5.65723]},"faces":{"east":{"uv":[2,0,14.999,16],"texture":"#11"},"west":{"uv":[14.999,0,2,16],"texture":"#11"}}},{"name":"octagon","from":[17.94133,10.0576,5.25978],"to":[17.98508,10.90459,6.03942],"rotation":{"angle":0,"axis":"y","origin":[16.99998,11.00632,5.65723]},"faces":{"east":{"uv":[2,0,14.999,16],"texture":"#11"},"west":{"uv":[14.999,0,2,16],"texture":"#11"}}},{"name":"octagon","from":[17.94133,11.09281,5.25978],"to":[17.98508,11.93981,6.03942],"rotation":{"angle":0,"axis":"y","origin":[16.99998,11.00632,5.65723]},"faces":{"east":{"uv":[2,0,14.999,16],"rotation":180,"texture":"#11"},"west":{"uv":[14.999,0,2,16],"rotation":180,"texture":"#11"}}},{"name":"octagon","from":[17.94133,10.60888,4.70849],"to":[17.98508,11.38852,5.55549],"rotation":{"angle":0,"axis":"y","origin":[16.99998,11.00632,5.65723]},"faces":{"east":{"uv":[2,0,14.999,16],"rotation":270,"texture":"#11"},"west":{"uv":[14.999,0,2,16],"rotation":90,"texture":"#11"}}},{"name":"octagon","from":[17.94133,10.60888,5.74371],"to":[17.98508,11.38852,6.59071],"rotation":{"angle":0,"axis":"y","origin":[16.99998,11.00632,5.65723]},"faces":{"east":{"uv":[2,0,14.999,16],"rotation":90,"texture":"#11"},"west":{"uv":[14.999,0,2,16],"rotation":270,"texture":"#11"}}},{"name":"octagon","from":[17.41493,10.46199,4.34307],"to":[17.45868,11.54242,5.51685],"rotation":{"angle":-22.5,"axis":"x","origin":[16.99998,11.00632,5.65723]},"faces":{"east":{"uv":[2,0,14.999,16],"rotation":270,"texture":"#11"},"west":{"uv":[14.999,0,2,16],"rotation":90,"texture":"#11"}}},{"name":"octagon","from":[17.41493,10.46199,5.77769],"to":[17.45868,11.54242,6.95146],"rotation":{"angle":-22.5,"axis":"x","origin":[16.99998,11.00632,5.65723]},"faces":{"east":{"uv":[2,0,14.999,16],"rotation":90,"texture":"#11"},"west":{"uv":[14.999,0,2,16],"rotation":270,"texture":"#11"}}},{"name":"octagon","from":[17.41493,11.13262,5.10705],"to":[17.45868,12.3064,6.18748],"rotation":{"angle":-22.5,"axis":"x","origin":[16.99998,11.00632,5.65723]},"faces":{"east":{"uv":[2,0,14.999,16],"rotation":180,"texture":"#11"},"west":{"uv":[14.999,0,2,16],"rotation":180,"texture":"#11"}}},{"name":"octagon","from":[17.41493,9.69801,5.10705],"to":[17.45868,10.87178,6.18748],"rotation":{"angle":-22.5,"axis":"x","origin":[16.99998,11.00632,5.65723]},"faces":{"east":{"uv":[2,0,14.999,16],"texture":"#11"},"west":{"uv":[14.999,0,2,16],"texture":"#11"}}},{"name":"octagon","from":[17.41633,9.69217,5.11288],"to":[17.46008,10.86594,6.19331],"rotation":{"angle":22.5,"axis":"x","origin":[16.99998,11.00632,5.65723]},"faces":{"east":{"uv":[2,0,14.999,16],"texture":"#11"},"west":{"uv":[14.999,0,2,16],"texture":"#11"}}},{"name":"octagon","from":[17.41633,11.12678,5.11288],"to":[17.46008,12.30056,6.19331],"rotation":{"angle":22.5,"axis":"x","origin":[16.99998,11.00632,5.65723]},"faces":{"east":{"uv":[2,0,14.999,16],"rotation":180,"texture":"#11"},"west":{"uv":[14.999,0,2,16],"rotation":180,"texture":"#11"}}},{"name":"octagon","from":[17.41633,10.45615,4.3489],"to":[17.46008,11.53658,5.52268],"rotation":{"angle":22.5,"axis":"x","origin":[16.99998,11.00632,5.65723]},"faces":{"east":{"uv":[2,0,14.999,16],"rotation":270,"texture":"#11"},"west":{"uv":[14.999,0,2,16],"rotation":90,"texture":"#11"}}},{"name":"octagon","from":[17.41633,10.45615,5.78351],"to":[17.46008,11.53658,6.95729],"rotation":{"angle":22.5,"axis":"x","origin":[16.99998,11.00632,5.65723]},"faces":{"east":{"uv":[2,0,14.999,16],"rotation":90,"texture":"#11"},"west":{"uv":[14.999,0,2,16],"rotation":270,"texture":"#11"}}},{"name":"octagon","from":[16.71493,10.37943,4.15455],"to":[16.75868,11.61797,5.50009],"rotation":{"angle":0,"axis":"y","origin":[16.99998,11.00632,5.65723]},"faces":{"east":{"uv":[2,0,14.999,16],"rotation":270,"texture":"#11"},"west":{"uv":[14.999,0,2,16],"rotation":90,"texture":"#11"}}},{"name":"octagon","from":[16.71493,10.37943,5.7991],"to":[16.75868,11.61797,7.14465],"rotation":{"angle":0,"axis":"y","origin":[16.99998,11.00632,5.65723]},"faces":{"east":{"uv":[2,0,14.999,16],"rotation":90,"texture":"#11"},"west":{"uv":[14.999,0,2,16],"rotation":270,"texture":"#11"}}},{"name":"octagon","from":[16.71493,11.14821,5.03033],"to":[16.75868,12.49375,6.26887],"rotation":{"angle":0,"axis":"y","origin":[16.99998,11.00632,5.65723]},"faces":{"east":{"uv":[2,0,14.999,16],"rotation":180,"texture":"#11"},"west":{"uv":[14.999,0,2,16],"rotation":180,"texture":"#11"}}},{"name":"octagon","from":[16.71493,9.50365,5.03033],"to":[16.75868,10.8492,6.26887],"rotation":{"angle":0,"axis":"y","origin":[16.99998,11.00632,5.65723]},"faces":{"east":{"uv":[2,0,14.999,16],"texture":"#11"},"west":{"uv":[14.999,0,2,16],"texture":"#11"}}},{"name":"octagon","from":[16.71633,10.38706,4.1514],"to":[16.76008,11.6256,5.49694],"rotation":{"angle":-45,"axis":"x","origin":[16.99998,11.00632,5.65723]},"faces":{"east":{"uv":[2,0,14.999,16],"rotation":270,"texture":"#11"},"west":{"uv":[14.999,0,2,16],"rotation":90,"texture":"#11"}}},{"name":"octagon","from":[16.71633,10.38706,5.79595],"to":[16.76008,11.6256,7.1415],"rotation":{"angle":-45,"axis":"x","origin":[16.99998,11.00632,5.65723]},"faces":{"east":{"uv":[2,0,14.999,16],"rotation":90,"texture":"#11"},"west":{"uv":[14.999,0,2,16],"rotation":270,"texture":"#11"}}},{"name":"octagon","from":[16.71633,11.15583,5.02718],"to":[16.76008,12.50138,6.26572],"rotation":{"angle":-45,"axis":"x","origin":[16.99998,11.00632,5.65723]},"faces":{"east":{"uv":[2,0,14.999,16],"rotation":180,"texture":"#11"},"west":{"uv":[14.999,0,2,16],"rotation":180,"texture":"#11"}}},{"name":"octagon","from":[16.71633,9.51128,5.02718],"to":[16.76008,10.85682,6.26572],"rotation":{"angle":-45,"axis":"x","origin":[16.99998,11.00632,5.65723]},"faces":{"east":{"uv":[2,0,14.999,16],"texture":"#11"},"west":{"uv":[14.999,0,2,16],"texture":"#11"}}},{"name":"octagon","from":[16.01493,10.35781,4.11149],"to":[16.05868,11.63492,5.49893],"rotation":{"angle":22.5,"axis":"x","origin":[16.99998,11.00632,5.65723]},"faces":{"east":{"uv":[2,0,14.999,16],"rotation":270,"texture":"#11"},"west":{"uv":[14.999,0,2,16],"rotation":90,"texture":"#11"}}},{"name":"octagon","from":[16.01493,10.35781,5.80725],"to":[16.05868,11.63492,7.19469],"rotation":{"angle":22.5,"axis":"x","origin":[16.99998,11.00632,5.65723]},"faces":{"east":{"uv":[2,0,14.999,16],"rotation":90,"texture":"#11"},"west":{"uv":[14.999,0,2,16],"rotation":270,"texture":"#11"}}},{"name":"octagon","from":[16.01493,11.15052,5.01454],"to":[16.05868,12.53796,6.29165],"rotation":{"angle":22.5,"axis":"x","origin":[16.99998,11.00632,5.65723]},"faces":{"east":{"uv":[2,0,14.999,16],"rotation":180,"texture":"#11"},"west":{"uv":[14.999,0,2,16],"rotation":180,"texture":"#11"}}},{"name":"octagon","from":[16.01493,9.45476,5.01454],"to":[16.05868,10.8422,6.29165],"rotation":{"angle":22.5,"axis":"x","origin":[16.99998,11.00632,5.65723]},"faces":{"east":{"uv":[2,0,14.999,16],"texture":"#11"},"west":{"uv":[14.999,0,2,16],"texture":"#11"}}},{"name":"octagon","from":[16.01633,10.36365,4.10567],"to":[16.06008,11.64075,5.49311],"rotation":{"angle":-22.5,"axis":"x","origin":[16.99998,11.00632,5.65723]},"faces":{"east":{"uv":[2,0,14.999,16],"rotation":270,"texture":"#11"},"west":{"uv":[14.999,0,2,16],"rotation":90,"texture":"#11"}}},{"name":"octagon","from":[16.01633,10.36365,5.80143],"to":[16.06008,11.64075,7.18887],"rotation":{"angle":-22.5,"axis":"x","origin":[16.99998,11.00632,5.65723]},"faces":{"east":{"uv":[2,0,14.999,16],"rotation":90,"texture":"#11"},"west":{"uv":[14.999,0,2,16],"rotation":270,"texture":"#11"}}},{"name":"octagon","from":[16.01633,11.15636,5.00871],"to":[16.06008,12.5438,6.28582],"rotation":{"angle":-22.5,"axis":"x","origin":[16.99998,11.00632,5.65723]},"faces":{"east":{"uv":[2,0,14.999,16],"rotation":180,"texture":"#11"},"west":{"uv":[14.999,0,2,16],"rotation":180,"texture":"#11"}}},{"name":"octagon","from":[16.01633,9.4606,5.00871],"to":[16.06008,10.84804,6.28582],"rotation":{"angle":-22.5,"axis":"x","origin":[16.99998,11.00632,5.65723]},"faces":{"east":{"uv":[2,0,14.999,16],"texture":"#11"},"west":{"uv":[14.999,0,2,16],"texture":"#11"}}},{"name":"octagon","from":[15.48993,10.34937,4.09722],"to":[15.53368,11.64171,5.50122],"rotation":{"angle":45,"axis":"x","origin":[16.99998,11.00632,5.65723]},"faces":{"east":{"uv":[2,0,14.999,16],"rotation":270,"texture":"#11"},"west":{"uv":[14.999,0,2,16],"rotation":90,"texture":"#11"}}},{"name":"octagon","from":[15.48993,10.34937,5.81322],"to":[15.53368,11.64171,7.21722],"rotation":{"angle":45,"axis":"x","origin":[16.99998,11.00632,5.65723]},"faces":{"east":{"uv":[2,0,14.999,16],"rotation":90,"texture":"#11"},"west":{"uv":[14.999,0,2,16],"rotation":270,"texture":"#11"}}},{"name":"octagon","from":[15.48993,11.15154,5.01105],"to":[15.53368,12.55554,6.30339],"rotation":{"angle":45,"axis":"x","origin":[16.99998,11.00632,5.65723]},"faces":{"east":{"uv":[2,0,14.999,16],"rotation":180,"texture":"#11"},"west":{"uv":[14.999,0,2,16],"rotation":180,"texture":"#11"}}},{"name":"octagon","from":[15.48993,9.43554,5.01105],"to":[15.53368,10.83954,6.30339],"rotation":{"angle":45,"axis":"x","origin":[16.99998,11.00632,5.65723]},"faces":{"east":{"uv":[2,0,14.999,16],"texture":"#11"},"west":{"uv":[14.999,0,2,16],"texture":"#11"}}},{"name":"octagon","from":[15.49133,10.35253,4.0896],"to":[15.53508,11.64488,5.4936],"rotation":{"angle":0,"axis":"y","origin":[16.99998,11.00632,5.65723]},"faces":{"east":{"uv":[2,0,14.999,16],"rotation":270,"texture":"#11"},"west":{"uv":[14.999,0,2,16],"rotation":90,"texture":"#11"}}},{"name":"octagon","from":[15.49133,10.35253,5.8056],"to":[15.53508,11.64488,7.2096],"rotation":{"angle":0,"axis":"y","origin":[16.99998,11.00632,5.65723]},"faces":{"east":{"uv":[2,0,14.999,16],"rotation":90,"texture":"#11"},"west":{"uv":[14.999,0,2,16],"rotation":270,"texture":"#11"}}},{"name":"octagon","from":[15.49133,11.1547,5.00343],"to":[15.53508,12.5587,6.29577],"rotation":{"angle":0,"axis":"y","origin":[16.99998,11.00632,5.65723]},"faces":{"east":{"uv":[2,0,14.999,16],"rotation":180,"texture":"#11"},"west":{"uv":[14.999,0,2,16],"rotation":180,"texture":"#11"}}},{"name":"octagon","from":[15.49133,9.4387,5.00343],"to":[15.53508,10.8427,6.29577],"rotation":{"angle":0,"axis":"y","origin":[16.99998,11.00632,5.65723]},"faces":{"east":{"uv":[2,0,14.999,16],"texture":"#11"},"west":{"uv":[14.999,0,2,16],"texture":"#11"}}},{"from":[15.375,10.8,5.45],"to":[18.625,11.2,5.85],"rotation":{"angle":0,"axis":"y","origin":[17.25,10.9,5.75]},"faces":{"north":{"uv":[9,11,9.5,14.25],"rotation":90,"texture":"#11"},"east":{"uv":[7,13,7.5,13.5],"rotation":90,"texture":"#11"},"south":{"uv":[7,12,7.5,15.25],"rotation":90,"texture":"#11"},"west":{"uv":[10,14,10.5,14.5],"rotation":90,"texture":"#11"},"up":{"uv":[9,11,9.5,14.25],"rotation":90,"texture":"#11"},"down":{"uv":[8,11,8.5,14.25],"rotation":90,"texture":"#11"}}},{"name":"octagon","from":[0.44215,10,11.56224],"to":[4.44215,10.25,15.56224],"faces":{"north":{"uv":[0,7,8,8],"texture":"#2"},"east":{"uv":[0,7,8,8],"texture":"#2"},"south":{"uv":[0,7,8,8],"texture":"#2"},"west":{"uv":[0,7,8,8],"texture":"#2"},"up":{"uv":[0,0,8,8],"rotation":90,"texture":"#1"},"down":{"uv":[0,0,8,8],"rotation":270,"texture":"#1"}}},{"name":"octagon","from":[11.56273,10,0.42597],"to":[15.56273,10.25,4.42597],"faces":{"north":{"uv":[0,7,8,8],"texture":"#2"},"east":{"uv":[0,7,8,8],"texture":"#2"},"south":{"uv":[0,7,8,8],"texture":"#2"},"west":{"uv":[0,7,8,8],"texture":"#2"},"up":{"uv":[8,8,0,0],"rotation":90,"texture":"#1"},"down":{"uv":[8,8,0,0],"rotation":270,"texture":"#1"}}},{"name":"octagon","from":[6.625,9.75,-1.25],"to":[9.375,15.5,1.5],"rotation":{"angle":-45,"axis":"y","origin":[8,8,8]},"faces":{"north":{"uv":[12,0,16,8],"texture":"#0"},"east":{"uv":[9,7,13,15],"texture":"#0"},"south":{"uv":[1,0,5,8],"texture":"#0"},"west":{"uv":[5,4,9,12],"texture":"#0"},"up":{"uv":[5,4,9,8],"texture":"#0"}}},{"name":"octagon","from":[6.625,9.75,14.5],"to":[9.375,15.5,17.25],"rotation":{"angle":-45,"axis":"y","origin":[8,8,8]},"faces":{"north":{"uv":[1,0,5,8],"texture":"#0"},"east":{"uv":[5,4,9,12],"texture":"#0"},"south":{"uv":[12,0,16,8],"texture":"#0"},"west":{"uv":[9,7,13,15],"texture":"#0"},"up":{"uv":[9,8,5,4],"texture":"#0"}}},{"name":"octagon","from":[14.5,9.75,6.625],"to":[17.25,15.5,9.375],"rotation":{"angle":-45,"axis":"y","origin":[8,8,8]},"faces":{"north":{"uv":[5,4,9,12],"texture":"#0"},"east":{"uv":[12,0,16,8],"texture":"#0"},"south":{"uv":[9,7,13,15],"texture":"#0"},"west":{"uv":[1,0,5,8],"texture":"#0"},"up":{"uv":[5,4,9,8],"rotation":90,"texture":"#0"}}},{"name":"octagon","from":[-1.25,9.75,6.625],"to":[1.5,15.5,9.375],"rotation":{"angle":-45,"axis":"y","origin":[8,8,8]},"faces":{"north":{"uv":[9,7,13,15],"texture":"#0"},"east":{"uv":[1,0,5,8],"texture":"#0"},"south":{"uv":[5,4,9,12],"texture":"#0"},"west":{"uv":[12,0,16,8],"texture":"#0"},"up":{"uv":[9,8,5,4],"rotation":90,"texture":"#0"}}},{"name":"octagon","from":[0.43776,10,0.44215],"to":[4.43776,10.25,4.44215],"faces":{"north":{"uv":[0,7,8,8],"texture":"#2"},"east":{"uv":[0,7,8,8],"texture":"#2"},"south":{"uv":[0,7,8,8],"texture":"#2"},"west":{"uv":[0,7,8,8],"texture":"#2"},"up":{"uv":[0,0,8,8],"rotation":180,"texture":"#1"},"down":{"uv":[0,0,8,8],"rotation":180,"texture":"#1"}}},{"name":"octagon","from":[11.57403,10,11.56273],"to":[15.57403,10.25,15.56273],"faces":{"north":{"uv":[0,7,8,8],"texture":"#2"},"east":{"uv":[0,7,8,8],"texture":"#2"},"south":{"uv":[0,7,8,8],"texture":"#2"},"west":{"uv":[0,7,8,8],"texture":"#2"},"up":{"uv":[8,8,0,0],"rotation":180,"texture":"#1"},"down":{"uv":[8,8,0,0],"rotation":180,"texture":"#1"}}},{"name":"octagon","from":[0,15.5,7.985],"to":[0.25,16.25,8.015],"rotation":{"angle":-45,"axis":"y","origin":[8,8,8]},"faces":{"north":{"uv":[0,0,0.25,0.75],"texture":"#4"},"south":{"uv":[0,0,0.25,0.25],"texture":"#4"}}},{"name":"octagon","from":[1.27667,16.25,2.4214],"to":[3.52667,18.5,2.4514],"rotation":{"angle":0,"axis":"y","origin":[2.3647,17.37492,2.43646]},"faces":{"north":{"uv":[0,0,16,16],"texture":"#3"},"south":{"uv":[16,0,0,16],"texture":"#3"}}},{"name":"octagon","from":[2.34965,16.25,1.27449],"to":[2.37965,18.5,3.52449],"rotation":{"angle":0,"axis":"y","origin":[2.3647,17.37492,2.43646]},"faces":{"east":{"uv":[16,0,0,16],"texture":"#3"},"west":{"uv":[0,0,16,16],"texture":"#3"}}},{"name":"octagon","from":[7.985,15.5,15.75],"to":[8.015,16.25,16],"rotation":{"angle":-45,"axis":"y","origin":[8,8,8]},"faces":{"east":{"uv":[0,0,0.25,0.25],"texture":"#5"},"west":{"uv":[0,0,0.25,0.75],"texture":"#5"}}},{"name":"octagon","from":[15.75,15.5,7.985],"to":[16,16.25,8.015],"rotation":{"angle":-45,"axis":"y","origin":[8,8,8]},"faces":{"north":{"uv":[0,0,0.25,0.25],"texture":"#5"},"south":{"uv":[0,0,0.25,0.75],"texture":"#5"}}},{"name":"octagon","from":[7.985,15.5,0],"to":[8.015,16.25,0.25],"rotation":{"angle":-45,"axis":"y","origin":[8,8,8]},"faces":{"east":{"uv":[0,0,0.25,0.75],"texture":"#5"},"west":{"uv":[0,0,0.25,0.25],"texture":"#5"}}}],"display":{"thirdperson_righthand":{"rotation":[22.5,22.5,0],"translation":[0,1.5,-2.75],"scale":[0.4,0.4,0.4]},"thirdperson_lefthand":{"rotation":[22.5,22.5,0],"translation":[0,1.5,-2.75],"scale":[0.4,0.4,0.4]},"firstperson_righthand":{"rotation":[22.5,22.5,10],"translation":[1.25,1.5,-2.75],"scale":[0.5,0.5,0.5]},"firstperson_lefthand":{"rotation":[22.5,22.5,10],"translation":[1.25,1.5,-2.75],"scale":[0.5,0.5,0.5]},"ground":{"scale":[0.8,0.8,0.8]},"gui":{"rotation":[22.5,22.5,0],"translation":[0,-2.5,0],"scale":[0.7,0.7,0.7]},"head":{"rotation":[0,45,0],"translation":[0,7.75,0],"scale":[0.7,0.7,0.7]},"fixed":{"rotation":[0,45,0],"translation":[0,-3.25,-9.25]}},"groups":[{"name":"octagon","origin":[8,8,8],"children":[0,1,2,3,4,5,6,7]},{"name":"group","origin":[8,8,8],"children":[8,9,10,11]},{"name":"group","origin":[8,8,8],"children":[12,13,14]},{"name":"octagon","origin":[8,8,8],"children":[15,16,17,18,19,20,21,22,23,24,25,26]},{"name":"group","origin":[8,8,8],"children":[{"name":"octagon","origin":[8,8,8],"children":[27,28,29,30,31,32,33,34]},{"name":"octagon","origin":[8,8,8],"children":[35,36,37,38,39,40,41,42]},{"name":"octagon","origin":[8,8,8],"children":[43,44,45,46,47,48,49,50]},{"name":"octagon","origin":[8,8,8],"children":[51,52,53,54,55,56,57,58]},{"name":"octagon","origin":[8,8,8],"children":[59,60,61,62,63,64,65,66]},{"name":"octagon","origin":[8,8,8],"children":[67,68,69,70,71,72,73,74]},75]},{"name":"group","origin":[8,8,8],"children":[{"name":"group","origin":[8,11.75,8],"children":[76,77,78,79,80,81]},{"name":"group","origin":[8,11.75,8],"children":[82,83]},{"name":"group","origin":[0.11128,15.86121,8.02749],"children":[84,85,86,87,88,89]}]}],"credit":"Model by Craftventure"}