{"textures":{"0":"block/red_mushroom","3":"block/red_mushroom_block","particle":"block/red_mushroom"},"elements":[{"from":[10,0,9],"to":[12,4,11],"faces":{"north":{"uv":[7,15,8,16],"texture":"#0"},"east":{"uv":[7,15,8,16],"texture":"#0"},"south":{"uv":[7,15,8,16],"texture":"#0"},"west":{"uv":[7,15,8,16],"texture":"#0"},"up":{"uv":[7,15,8,16],"texture":"#0"},"down":{"uv":[7,15,8,16],"texture":"#0"}}},{"from":[8,4,7],"to":[14,7,13],"faces":{"north":{"uv":[10,5,16,8],"texture":"#3"},"east":{"uv":[9,5,15,8],"texture":"#3"},"south":{"uv":[10,8,16,11],"texture":"#3"},"west":{"uv":[4,12,10,15],"texture":"#3"},"up":{"uv":[2,2,8,8],"texture":"#3"},"down":{"uv":[0,0,6,6],"texture":"#3"}}},{"from":[5.1,0,5.1],"to":[6.26,2.32,6.26],"faces":{"north":{"uv":[7,15,8,16],"texture":"#0"},"east":{"uv":[7,15,8,16],"texture":"#0"},"south":{"uv":[7,15,8,16],"texture":"#0"},"west":{"uv":[7,15,8,16],"texture":"#0"},"up":{"uv":[7,15,8,16],"texture":"#0"},"down":{"uv":[7,15,8,16],"texture":"#0"}}},{"from":[3.94,2.18,3.94],"to":[7.42,3.92,7.42],"faces":{"north":{"uv":[9,8,12.47969,9.73906],"texture":"#3"},"east":{"uv":[5,12,8.47969,13.73906],"texture":"#3"},"south":{"uv":[3,5,6.47969,6.73984],"texture":"#3"},"west":{"uv":[4,3,7.47969,4.73906],"texture":"#3"},"up":{"uv":[3,2,6.47969,5.47969],"texture":"#3"},"down":{"uv":[0,0,3.48,3.48],"texture":"#3"}}}],"credit":"Model by Craftventure"}