{
	"credit": "Steven Paw",
	"texture_size": [32, 32],
	"textures": {
		"0": "nlp/hats/cyberhead",
		"particle": "nlp/hats/cyberhead"
	},
	"elements": [
		{
			"from": [0, -9, -2],
			"to": [16, 1, 1],
			"rotation": {"angle": 0, "axis": "y", "origin": [0, 0, 0]},
			"faces": {
				"north": {"uv": [0, 11, 8, 16], "texture": "#0"},
				"east": {"uv": [0, 0, 1.5, 5], "texture": "#0"},
				"south": {"uv": [0, 0, 8, 5], "texture": "#0"},
				"west": {"uv": [0, 0, 1.5, 5], "texture": "#0"},
				"up": {"uv": [0, 0, 8, 1.5], "texture": "#0"},
				"down": {"uv": [0, 0, 8, 1.5], "texture": "#0"}
			}
		},
		{
			"from": [0.2, -8.8, -2.5],
			"to": [1.2, 0.8, -1.5],
			"rotation": {"angle": 0, "axis": "y", "origin": [0, 0, 0]},
			"faces": {
				"north": {"uv": [15.5, 0, 16, 5], "texture": "#0"},
				"east": {"uv": [15.5, 0, 16, 5], "texture": "#0"},
				"south": {"uv": [15.5, 0, 16, 5], "texture": "#0"},
				"west": {"uv": [15.5, 0, 16, 5], "texture": "#0"},
				"up": {"uv": [15.5, 0, 16, 0.5], "texture": "#0"},
				"down": {"uv": [15.5, 0, 16, 0.5], "texture": "#0"}
			}
		},
		{
			"from": [1.2, -8.8, -2.5],
			"to": [14.8, -7.8, -1.5],
			"rotation": {"angle": 0, "axis": "y", "origin": [0, 0, 0]},
			"faces": {
				"north": {"uv": [9.5, 0, 16, 0.5], "texture": "#0"},
				"east": {"uv": [14.5, 0, 16, 5], "texture": "#0"},
				"south": {"uv": [15.5, 0, 16, 5], "texture": "#0"},
				"west": {"uv": [14.5, 0, 16, 5], "texture": "#0"},
				"up": {"uv": [9.5, 0, 16, 0.5], "texture": "#0"},
				"down": {"uv": [9.5, 0, 16, 0.5], "texture": "#0"}
			}
		},
		{
			"from": [1.2, -0.2, -2.5],
			"to": [14.8, 0.8, -1.5],
			"rotation": {"angle": 0, "axis": "y", "origin": [0, 0, 0]},
			"faces": {
				"north": {"uv": [9.5, 0, 16, 0.5], "texture": "#0"},
				"east": {"uv": [15.5, 0, 16, 0.5], "texture": "#0"},
				"south": {"uv": [9.5, 0, 16, 0], "texture": "#0"},
				"west": {"uv": [15.5, 0, 16, 0.5], "texture": "#0"},
				"up": {"uv": [9.5, 0.5, 16, 1], "texture": "#0"},
				"down": {"uv": [9.5, 0, 16, 0.5], "texture": "#0"}
			}
		},
		{
			"from": [14.8, -8.8, -2.5],
			"to": [15.8, 0.8, -1.5],
			"rotation": {"angle": 0, "axis": "y", "origin": [0, 0, 0]},
			"faces": {
				"north": {"uv": [15.5, 0, 16, 5], "texture": "#0"},
				"east": {"uv": [15.5, 0, 16, 5], "texture": "#0"},
				"south": {"uv": [15.5, 0, 16, 5], "texture": "#0"},
				"west": {"uv": [15.5, 0, 16, 5], "texture": "#0"},
				"up": {"uv": [15.5, 0, 16, 0.5], "texture": "#0"},
				"down": {"uv": [15.5, 0, 16, 0.5], "texture": "#0"}
			}
		},
		{
			"from": [-1, -7, -1],
			"to": [1, -1, 8],
			"rotation": {"angle": 0, "axis": "y", "origin": [0, 0, 0]},
			"faces": {
				"north": {"uv": [0, 0, 1, 3], "texture": "#0"},
				"east": {"uv": [0, 0, 4.5, 3], "texture": "#0"},
				"south": {"uv": [0, 0, 1, 3], "texture": "#0"},
				"west": {"uv": [0, 0, 4.5, 3], "texture": "#0"},
				"up": {"uv": [0, 0, 1, 4.5], "texture": "#0"},
				"down": {"uv": [0, 0, 1, 4.5], "texture": "#0"}
			}
		},
		{
			"from": [15, -7, -1],
			"to": [17, -1, 8],
			"rotation": {"angle": 0, "axis": "y", "origin": [0, 0, 0]},
			"faces": {
				"north": {"uv": [0, 0, 1, 3], "texture": "#0"},
				"east": {"uv": [0, 0, 4.5, 3], "texture": "#0"},
				"south": {"uv": [0, 0, 1, 3], "texture": "#0"},
				"west": {"uv": [0, 0, 4.5, 3], "texture": "#0"},
				"up": {"uv": [0, 0, 1, 4.5], "texture": "#0"},
				"down": {"uv": [0, 0, 1, 4.5], "texture": "#0"}
			}
		},
		{
			"from": [15, -5, 8],
			"to": [17, -1, 15],
			"rotation": {"angle": 0, "axis": "y", "origin": [0, 0, 0]},
			"faces": {
				"north": {"uv": [0, 0, 1, 2], "texture": "#0"},
				"east": {"uv": [0, 0, 3.5, 2], "texture": "#0"},
				"south": {"uv": [0, 0, 1, 2], "texture": "#0"},
				"west": {"uv": [0, 0, 3.5, 2], "texture": "#0"},
				"up": {"uv": [0, 0, 1, 3.5], "texture": "#0"},
				"down": {"uv": [0, 0, 1, 3.5], "texture": "#0"}
			}
		},
		{
			"from": [-1, -5, 8],
			"to": [1, -1, 15],
			"rotation": {"angle": 0, "axis": "y", "origin": [0, 0, 0]},
			"faces": {
				"north": {"uv": [0, 0, 1, 2], "texture": "#0"},
				"east": {"uv": [0, 0, 3.5, 2], "texture": "#0"},
				"south": {"uv": [0, 0, 1, 2], "texture": "#0"},
				"west": {"uv": [0, 0, 3.5, 2], "texture": "#0"},
				"up": {"uv": [0, 0, 1, 3.5], "texture": "#0"},
				"down": {"uv": [0, 0, 1, 3.5], "texture": "#0"}
			}
		},
		{
			"from": [-1, -4, 15],
			"to": [17, -1, 17],
			"rotation": {"angle": 0, "axis": "y", "origin": [0, 0, 0]},
			"faces": {
				"north": {"uv": [0, 0, 9, 1.5], "texture": "#0"},
				"east": {"uv": [0, 0, 1, 1.5], "texture": "#0"},
				"south": {"uv": [0, 0, 9, 1.5], "texture": "#0"},
				"west": {"uv": [0, 0, 1, 1.5], "texture": "#0"},
				"up": {"uv": [0, 0, 9, 1], "texture": "#0"},
				"down": {"uv": [0, 0, 9, 1], "texture": "#0"}
			}
		},
		{
			"from": [4, -4, 17],
			"to": [12, -1, 18],
			"rotation": {"angle": 0, "axis": "y", "origin": [0, 0, 0]},
			"faces": {
				"north": {"uv": [0, 0, 4, 1.5], "texture": "#0"},
				"east": {"uv": [0, 0, 0.5, 1.5], "texture": "#0"},
				"south": {"uv": [0, 0, 4, 1.5], "texture": "#0"},
				"west": {"uv": [0, 0, 0.5, 1.5], "texture": "#0"},
				"up": {"uv": [0, 0, 4, 0.5], "texture": "#0"},
				"down": {"uv": [0, 0, 4, 0.5], "texture": "#0"}
			}
		},
		{
			"from": [1, -3, 16.5],
			"to": [15, -2, 17.5],
			"rotation": {"angle": 0, "axis": "y", "origin": [0, 0, 0]},
			"faces": {
				"north": {"uv": [9, 11, 16, 11.5], "texture": "#0"},
				"east": {"uv": [15.5, 11, 16, 11.5], "texture": "#0"},
				"south": {"uv": [9, 11, 16, 11.5], "texture": "#0"},
				"west": {"uv": [15.5, 11, 16, 11.5], "texture": "#0"},
				"up": {"uv": [9, 11, 16, 11.5], "texture": "#0"},
				"down": {"uv": [9, 11, 16, 11.5], "texture": "#0"}
			}
		}
	],
	"display": {
		"thirdperson_righthand": {
			"rotation": [-10, 25, -15],
			"translation": [0, 2.5, 0],
			"scale": [0.5, 0.5, 0.5]
		},
		"thirdperson_lefthand": {
			"rotation": [-10, 25, -15],
			"translation": [0, 2.5, 0],
			"scale": [0.5, 0.5, 0.5]
		},
		"firstperson_righthand": {
			"rotation": [0, 25, 0],
			"scale": [0.5, 0.5, 0.5]
		},
		"firstperson_lefthand": {
			"rotation": [0, 25, 0],
			"scale": [0.5, 0.5, 0.5]
		},
		"ground": {
			"translation": [0, 1, 0],
			"scale": [0.6, 0.6, 0.6]
		},
		"gui": {
			"rotation": [35, 135, 0],
			"translation": [1.25, 3.5, 0],
			"scale": [0.55, 0.55, 0.55]
		},
		"head": {
			"translation": [0, 11, 0],
			"scale": [0.91, 0.91, 0.91]
		}
	}
}