{
	"credit": "Steven Paw",
	"texture_size": [64, 64],
	"textures": {
		"0": "nlp/hats/heiligenschein",
		"particle": "nlp/hats/heiligenschein"
	},
	"elements": [
		{
			"from": [0, 0, 2],
			"to": [2, 1, 14],
			"faces": {
				"north": {"uv": [3, 6.25, 3.5, 6.5], "texture": "#0"},
				"east": {"uv": [0, 6.25, 3, 6.5], "texture": "#0"},
				"south": {"uv": [6.5, 6.25, 7, 6.5], "texture": "#0"},
				"west": {"uv": [3.5, 6.25, 6.5, 6.5], "texture": "#0"},
				"up": {"uv": [3.5, 6.25, 3, 3.25], "texture": "#0"},
				"down": {"uv": [4, 3.25, 3.5, 6.25], "texture": "#0"}
			}
		},
		{
			"from": [1, 0, 14],
			"to": [2, 1, 15],
			"faces": {
				"north": {"uv": [1.75, 1.75, 2, 2], "texture": "#0"},
				"east": {"uv": [1.5, 1.75, 1.75, 2], "texture": "#0"},
				"south": {"uv": [2.25, 1.75, 2.5, 2], "texture": "#0"},
				"west": {"uv": [2, 1.75, 2.25, 2], "texture": "#0"},
				"up": {"uv": [2, 1.75, 1.75, 1.5], "texture": "#0"},
				"down": {"uv": [2.25, 1.5, 2, 1.75], "texture": "#0"}
			}
		},
		{
			"from": [14, 0, 14],
			"to": [15, 1, 15],
			"faces": {
				"north": {"uv": [0.25, 1.75, 0.5, 2], "texture": "#0"},
				"east": {"uv": [0, 1.75, 0.25, 2], "texture": "#0"},
				"south": {"uv": [0.75, 1.75, 1, 2], "texture": "#0"},
				"west": {"uv": [0.5, 1.75, 0.75, 2], "texture": "#0"},
				"up": {"uv": [0.5, 1.75, 0.25, 1.5], "texture": "#0"},
				"down": {"uv": [0.75, 1.5, 0.5, 1.75], "texture": "#0"}
			}
		},
		{
			"from": [14, 0, 1],
			"to": [15, 1, 2],
			"faces": {
				"north": {"uv": [1, 1.5, 1.25, 1.75], "texture": "#0"},
				"east": {"uv": [0.75, 1.5, 1, 1.75], "texture": "#0"},
				"south": {"uv": [1.5, 1.5, 1.75, 1.75], "texture": "#0"},
				"west": {"uv": [1.25, 1.5, 1.5, 1.75], "texture": "#0"},
				"up": {"uv": [1.25, 1.5, 1, 1.25], "texture": "#0"},
				"down": {"uv": [1.5, 1.25, 1.25, 1.5], "texture": "#0"}
			}
		},
		{
			"from": [1, 0, 1],
			"to": [2, 1, 2],
			"faces": {
				"north": {"uv": [0.25, 1.25, 0.5, 1.5], "texture": "#0"},
				"east": {"uv": [0, 1.25, 0.25, 1.5], "texture": "#0"},
				"south": {"uv": [0.75, 1.25, 1, 1.5], "texture": "#0"},
				"west": {"uv": [0.5, 1.25, 0.75, 1.5], "texture": "#0"},
				"up": {"uv": [0.5, 1.25, 0.25, 1], "texture": "#0"},
				"down": {"uv": [0.75, 1, 0.5, 1.25], "texture": "#0"}
			}
		},
		{
			"from": [2, 0, 2],
			"to": [3, 1, 3],
			"faces": {
				"north": {"uv": [1, 0.5, 1.25, 0.75], "texture": "#0"},
				"east": {"uv": [0.75, 0.5, 1, 0.75], "texture": "#0"},
				"south": {"uv": [1.5, 0.5, 1.75, 0.75], "texture": "#0"},
				"west": {"uv": [1.25, 0.5, 1.5, 0.75], "texture": "#0"},
				"up": {"uv": [1.25, 0.5, 1, 0.25], "texture": "#0"},
				"down": {"uv": [1.5, 0.25, 1.25, 0.5], "texture": "#0"}
			}
		},
		{
			"from": [13, 0, 2],
			"to": [14, 1, 3],
			"faces": {
				"north": {"uv": [1, 1, 1.25, 1.25], "texture": "#0"},
				"east": {"uv": [0.75, 1, 1, 1.25], "texture": "#0"},
				"south": {"uv": [1.5, 1, 1.75, 1.25], "texture": "#0"},
				"west": {"uv": [1.25, 1, 1.5, 1.25], "texture": "#0"},
				"up": {"uv": [1.25, 1, 1, 0.75], "texture": "#0"},
				"down": {"uv": [1.5, 0.75, 1.25, 1], "texture": "#0"}
			}
		},
		{
			"from": [13, 0, 13],
			"to": [14, 1, 14],
			"faces": {
				"north": {"uv": [0.25, 0.75, 0.5, 1], "texture": "#0"},
				"east": {"uv": [0, 0.75, 0.25, 1], "texture": "#0"},
				"south": {"uv": [0.75, 0.75, 1, 1], "texture": "#0"},
				"west": {"uv": [0.5, 0.75, 0.75, 1], "texture": "#0"},
				"up": {"uv": [0.5, 0.75, 0.25, 0.5], "texture": "#0"},
				"down": {"uv": [0.75, 0.5, 0.5, 0.75], "texture": "#0"}
			}
		},
		{
			"from": [2, 0, 13],
			"to": [3, 1, 14],
			"faces": {
				"north": {"uv": [0.25, 0.25, 0.5, 0.5], "texture": "#0"},
				"east": {"uv": [0, 0.25, 0.25, 0.5], "texture": "#0"},
				"south": {"uv": [0.75, 0.25, 1, 0.5], "texture": "#0"},
				"west": {"uv": [0.5, 0.25, 0.75, 0.5], "texture": "#0"},
				"up": {"uv": [0.5, 0.25, 0.25, 0], "texture": "#0"},
				"down": {"uv": [0.75, 0, 0.5, 0.25], "texture": "#0"}
			}
		},
		{
			"from": [14, 0, 2],
			"to": [16, 1, 14],
			"faces": {
				"north": {"uv": [3, 3, 3.5, 3.25], "texture": "#0"},
				"east": {"uv": [0, 3, 3, 3.25], "texture": "#0"},
				"south": {"uv": [6.5, 3, 7, 3.25], "texture": "#0"},
				"west": {"uv": [3.5, 3, 6.5, 3.25], "texture": "#0"},
				"up": {"uv": [3.5, 3, 3, 0], "texture": "#0"},
				"down": {"uv": [4, 0, 3.5, 3], "texture": "#0"}
			}
		},
		{
			"from": [2, 0, 14],
			"to": [14, 1, 16],
			"faces": {
				"north": {"uv": [4.5, 4.5, 7.5, 4.75], "texture": "#0"},
				"east": {"uv": [4, 4.5, 4.5, 4.75], "texture": "#0"},
				"south": {"uv": [8, 4.5, 11, 4.75], "texture": "#0"},
				"west": {"uv": [7.5, 4.5, 8, 4.75], "texture": "#0"},
				"up": {"uv": [7.5, 4.5, 4.5, 4], "texture": "#0"},
				"down": {"uv": [10.5, 4, 7.5, 4.5], "texture": "#0"}
			}
		},
		{
			"from": [2, 0, 0],
			"to": [14, 1, 2],
			"faces": {
				"north": {"uv": [4.5, 0.5, 7.5, 0.75], "texture": "#0"},
				"east": {"uv": [4, 0.5, 4.5, 0.75], "texture": "#0"},
				"south": {"uv": [8, 0.5, 11, 0.75], "texture": "#0"},
				"west": {"uv": [7.5, 0.5, 8, 0.75], "texture": "#0"},
				"up": {"uv": [7.5, 0.5, 4.5, 0], "texture": "#0"},
				"down": {"uv": [10.5, 0, 7.5, 0.5], "texture": "#0"}
			}
		}
	],
	"display": {
		"thirdperson_righthand": {
			"rotation": [-10, 25, -15],
			"translation": [0, 2.5, 0],
			"scale": [0.5, 0.5, 0.5]
		},
		"thirdperson_lefthand": {
			"rotation": [-10, 25, -15],
			"translation": [0, 2.5, 0],
			"scale": [0.5, 0.5, 0.5]
		},
		"firstperson_righthand": {
			"rotation": [0, 25, 0],
			"translation": [0, 2.5, 0],
			"scale": [0.5, 0.5, 0.5]
		},
		"firstperson_lefthand": {
			"rotation": [0, 25, 0],
			"translation": [0, 2.5, 0],
			"scale": [0.5, 0.5, 0.5]
		},
		"ground": {
			"translation": [0, 1, 0],
			"scale": [0.6, 0.6, 0.6]
		},
		"gui": {
			"rotation": [35, 135, 0],
			"translation": [0, 3.5, 0],
			"scale": [0.55, 0.55, 0.55]
		},
		"head": {
			"translation": [0, 17, 0],
			"scale": [0.91, 0.91, 0.91]
		},
		"fixed": {
			"rotation": [90, 25, 0]
		}
	}
}