{"textures":{"chair":"block/anvil","stuur midden zijkant":"block/quartz_pillar","uitlaat top ":"block/piston_inner","uitlaat zijkant":"block/furnace_side","white":"block/quartz_block_top","furnace_front":"block/comparator_on","minecart":"block/furnace_top","motor":"block/dispenser_front_vertical","geel":"block/orange_concrete","paars":"block/white_concrete","glass":"block/glass","dispenser_front":"block/dispenser_front"},"elements":[{"from":[0.75,3.625,4.01563],"to":[15.25,6.525,12.7156],"faces":{"north":{"uv":[0.75,9.475,15.25,12.375],"texture":"#white"},"east":{"uv":[3.28438,9.475,11.9844,12.375],"texture":"#white"},"south":{"uv":[0.75,9.475,15.25,12.375],"texture":"#white"},"west":{"uv":[4.01563,9.475,12.7156,12.375],"texture":"#white"},"up":{"uv":[0.75,4.01563,15.25,12.7156],"texture":"#white"},"down":{"uv":[15.25,12.7156,0.75,4.01563],"texture":"#white"}}},{"from":[2.2,6.525,3.37499],"to":[13.8,7.975,12.075],"faces":{"north":{"uv":[0,0,16,2],"texture":"#chair"},"east":{"uv":[0,0,16,2],"texture":"#chair"},"south":{"uv":[0,0,16,2],"texture":"#chair"},"west":{"uv":[0,0,16,2.5],"texture":"#chair"},"up":{"uv":[0,4,16,15.999],"rotation":180,"texture":"#chair"},"down":{"uv":[0,0,16,16],"texture":"#chair"}}},{"from":[2.2,6.525,11.35],"to":[13.8,7.975,13.525],"rotation":{"angle":-45,"axis":"x","origin":[2.2,7.975,11.35]},"faces":{"north":{"uv":[4,10.5,12,12.5],"texture":"#chair"},"east":{"uv":[0,10.5,4.5,12.5],"texture":"#chair"},"south":{"uv":[4,10.5,12,12.5],"texture":"#chair"},"west":{"uv":[11.5,10.5,16,12.5],"texture":"#chair"},"up":{"uv":[0,7.5,16,11.5],"rotation":180,"texture":"#chair"},"down":{"uv":[0,16,16,12],"texture":"#chair"}}},{"from":[2.2,8.7,14.975],"to":[13.8,14.5,16.425],"rotation":{"angle":22.5,"axis":"x","origin":[2.2,14.5,14.975]},"faces":{"north":{"uv":[0,0,16,8],"texture":"#chair"},"east":{"uv":[0,0,16,2.5],"texture":"#chair"},"south":{"uv":[0,0,16,8],"texture":"#chair"},"west":{"uv":[0,0,16,2.5],"texture":"#chair"},"up":{"uv":[0,4,16,6],"texture":"#chair"},"down":{"uv":[0,0,16,2.5],"texture":"#chair"}}},{"from":[-2.875,2.175,15.525],"to":[18.875,5.075,18.425],"faces":{"north":{"uv":[0,10.925,16,13.825],"texture":"#chair"},"east":{"uv":[0,10.925,0.475,13.825],"texture":"#chair"},"south":{"uv":[0,10.925,16,13.825],"texture":"#chair"},"west":{"uv":[15.525,10.925,16,13.825],"texture":"#chair"},"up":{"uv":[0,15.525,16,16],"texture":"#chair"},"down":{"uv":[16,14,0,16],"texture":"#chair"}}},{"from":[0.75,3.625,-13.475],"to":[15.25,6.525,-12.75],"faces":{"north":{"uv":[2,10,12,12],"texture":"#uitlaat zijkant"},"east":{"uv":[2,10,4,14],"texture":"#uitlaat zijkant"},"south":{"uv":[2,10,12,12],"texture":"#uitlaat zijkant"},"west":{"uv":[2,10,4,14],"texture":"#uitlaat zijkant"},"up":{"uv":[2,10,14,12],"rotation":180,"texture":"#uitlaat zijkant"},"down":{"uv":[2,10,14,12],"texture":"#uitlaat zijkant"}}},{"from":[3.65,5.8,-14.2],"to":[12.35,9.425,-13.475],"faces":{"north":{"uv":[1,8,15,15],"texture":"#uitlaat zijkant"},"east":{"uv":[0,0,0.5,2.5],"texture":"#chair"},"south":{"uv":[5,0,11,2.5],"texture":"#chair"},"west":{"uv":[0,0,0.5,2.5],"texture":"#chair"},"up":{"uv":[5,0,11,0.5],"texture":"#chair"},"down":{"uv":[5,-11,11,-10.5],"texture":"#chair"}}},{"from":[0.025,9.425,-14.925],"to":[15.975,10.15,-13.475],"rotation":{"angle":-22.5,"axis":"x","origin":[0.025,10.15,-14.925]},"faces":{"north":{"uv":[2,9,14,11],"texture":"#uitlaat zijkant"},"east":{"uv":[2,10,6,12.5],"texture":"#uitlaat zijkant"},"south":{"uv":[2,10,14,14],"texture":"#uitlaat zijkant"},"west":{"uv":[2,10,6,12.5],"texture":"#uitlaat zijkant"},"up":{"uv":[2,10,14,12.999],"texture":"#uitlaat zijkant"},"down":{"uv":[2,10,14,14],"texture":"#uitlaat zijkant"}}},{"from":[0.025,5.075,-14.925],"to":[15.975,5.8,-13.475],"rotation":{"angle":22.5,"axis":"x","origin":[0.025,5.8,-14.925]},"faces":{"north":{"uv":[2,12,14,13.999],"texture":"#uitlaat zijkant"},"east":{"uv":[6,11,9,12.999],"texture":"#uitlaat zijkant"},"south":{"uv":[2,10,14,14],"texture":"#uitlaat zijkant"},"west":{"uv":[8,12,11,14],"texture":"#uitlaat zijkant"},"up":{"uv":[2,10,14,14],"texture":"#uitlaat zijkant"},"down":{"uv":[2,10,14,12.999],"texture":"#uitlaat zijkant"}}},{"from":[15.8844,9.51563,-14.925],"to":[18.0594,10.2406,-12.75],"rotation":{"angle":-45,"axis":"z","origin":[15.8844,10.2406,-14.925]},"faces":{"north":{"uv":[2,10,14,14],"texture":"#uitlaat zijkant"},"east":{"uv":[2,10,14,14],"texture":"#uitlaat zijkant"},"south":{"uv":[2,10,14,14],"texture":"#uitlaat zijkant"},"west":{"uv":[2,10,14,14],"texture":"#uitlaat zijkant"},"up":{"uv":[2,10,6,14],"texture":"#uitlaat zijkant"},"down":{"uv":[2,10,6,14],"texture":"#uitlaat zijkant"}}},{"from":[-2.0594,9.51563,-14.925],"to":[0.1156,10.2406,-12.75],"rotation":{"angle":45,"axis":"z","origin":[0.1156,10.2406,-14.925]},"faces":{"north":{"uv":[14,10,2,14],"texture":"#uitlaat zijkant"},"east":{"uv":[14,10,2,14],"texture":"#uitlaat zijkant"},"south":{"uv":[14,10,2,14],"texture":"#uitlaat zijkant"},"west":{"uv":[14,10,2,14],"texture":"#uitlaat zijkant"},"up":{"uv":[6,10,2,14],"texture":"#uitlaat zijkant"},"down":{"uv":[6,10,2,14],"texture":"#uitlaat zijkant"}}},{"from":[16.7906,6.525,-12.9312],"to":[18.2406,8.7,-7.85625],"rotation":{"angle":22.5,"axis":"y","origin":[16.7906,6.525,-12.9312]},"faces":{"north":{"uv":[0,7.3,0,9.475],"texture":"#paars","tintindex":1},"east":{"uv":[15,7.3,16,9.475],"texture":"#paars","tintindex":1},"south":{"uv":[15,7.3,16,9.475],"texture":"#paars","tintindex":1},"west":{"uv":[0,7.3,1,9.475],"texture":"#paars","tintindex":1},"up":{"uv":[15,0,16,1],"texture":"#paars","tintindex":1},"down":{"uv":[0,0,1,1],"texture":"#paars","tintindex":1}}},{"from":[-2.2406,6.525,-12.9312],"to":[-0.7906,8.7,-7.85625],"rotation":{"angle":-22.5,"axis":"y","origin":[-0.7906,6.525,-12.9312]},"faces":{"north":{"uv":[0,7.3,0,9.475],"texture":"#paars","tintindex":1},"east":{"uv":[0,7.3,1,9.475],"texture":"#paars","tintindex":1},"south":{"uv":[15,7.3,16,9.475],"texture":"#paars","tintindex":1},"west":{"uv":[16,7.3,15,9.475],"texture":"#paars","tintindex":1},"up":{"uv":[16,0,15,1],"texture":"#paars","tintindex":1},"down":{"uv":[0,0,1,1],"texture":"#paars","tintindex":1}}},{"from":[15.25,4.825,-14.925],"to":[17.425,5.55,-12.75],"rotation":{"angle":45,"axis":"z","origin":[15.25,5.55,-14.925]},"faces":{"north":{"uv":[2,10,14,14],"texture":"#uitlaat zijkant"},"east":{"uv":[2,10,14,14],"texture":"#uitlaat zijkant"},"south":{"uv":[2,10,14,14],"texture":"#uitlaat zijkant"},"west":{"uv":[2,10,14,14],"rotation":90,"texture":"#uitlaat zijkant"},"up":{"uv":[2,10,6,14],"texture":"#uitlaat zijkant"},"down":{"uv":[2,10,6,14],"texture":"#uitlaat zijkant"}}},{"from":[-1.425,4.825,-14.925],"to":[0.75,5.55,-12.75],"rotation":{"angle":-45,"axis":"z","origin":[0.75,5.55,-14.925]},"faces":{"north":{"uv":[14,10,2,14],"texture":"#uitlaat zijkant"},"east":{"uv":[2,14,14,10],"rotation":90,"texture":"#uitlaat zijkant"},"south":{"uv":[14,10,2,14],"texture":"#uitlaat zijkant"},"west":{"uv":[14,10,2,14],"texture":"#uitlaat zijkant"},"up":{"uv":[6,10,2,14],"texture":"#uitlaat zijkant"},"down":{"uv":[6,10,2,14],"texture":"#uitlaat zijkant"}}},{"from":[0.025,9.425,-13.475],"to":[15.975,10.875,-11.3],"faces":{"north":{"uv":[0.025,5.125,15.975,6.575],"texture":"#paars","tintindex":1},"east":{"uv":[15,5.125,16,6.575],"texture":"#paars","tintindex":1},"south":{"uv":[0.025,5.125,15.975,6.575],"texture":"#paars","tintindex":1},"west":{"uv":[0,5.125,1,6.575],"texture":"#paars","tintindex":1},"up":{"uv":[0.025,0,15.975,2],"texture":"#paars","tintindex":1},"down":{"uv":[15.975,0,0.025,1],"texture":"#paars","tintindex":1}}},{"from":[0.75,5.075,-14.2],"to":[15.25,5.8,-13.475],"faces":{"north":{"uv":[0.75,10.2,15.25,10.925],"texture":"#chair"},"east":{"uv":[16,10.2,16,10.925],"texture":"#chair"},"south":{"uv":[0.75,10.2,15.25,10.925],"texture":"#chair"},"west":{"uv":[0,10.2,0,10.925],"texture":"#chair"},"up":{"uv":[0.75,0,15.25,0],"texture":"#chair"},"down":{"uv":[15.25,0,0.75,0],"texture":"#chair"}}},{"from":[0.025,9.425,-14.2],"to":[15.975,10.15,-13.475],"faces":{"north":{"uv":[0.025,5.85,15.975,6.575],"texture":"#chair"},"east":{"uv":[16,5.85,16,6.575],"texture":"#chair"},"south":{"uv":[0.025,5.85,15.975,6.575],"texture":"#chair"},"west":{"uv":[0,5.85,0,6.575],"texture":"#chair"},"up":{"uv":[0.025,0,15.975,0],"texture":"#chair"},"down":{"uv":[15.975,0,0.025,0],"texture":"#chair"}}},{"from":[0.025,9.425,-9.85],"to":[4.375,11.6,-4.775],"faces":{"north":{"uv":[11.625,4.4,15.975,6.575],"texture":"#paars","tintindex":1},"east":{"uv":[15,4.4,16,6.575],"texture":"#paars","tintindex":1},"south":{"uv":[0.025,4.4,4.375,6.575],"texture":"#paars","tintindex":1},"west":{"uv":[0,4.4,0,6.575],"texture":"#paars","tintindex":1},"up":{"uv":[0.025,0,4.375,5],"texture":"#paars","tintindex":1},"down":{"uv":[15.975,0,11.625,1],"texture":"#paars","tintindex":1}}},{"from":[0.025,9.425,-11.3],"to":[4.375,10.875,-9.85],"faces":{"north":{"uv":[11.625,5.125,15.975,6.575],"texture":"#paars","tintindex":1},"east":{"uv":[16,5.125,16,6.575],"texture":"#paars","tintindex":1},"south":{"uv":[0.025,5.125,4.375,6.575],"texture":"#paars","tintindex":1},"west":{"uv":[0,5.125,0,6.575],"texture":"#paars","tintindex":1},"up":{"uv":[0.025,0,4.375,1],"texture":"#paars","tintindex":1},"down":{"uv":[15.975,0,11.625,1],"texture":"#paars","tintindex":1}}},{"from":[0.025,10.15,-5.5],"to":[15.975,11.6,-1.875],"rotation":{"angle":-22.5,"axis":"x","origin":[0.025,11.6,-5.5]},"faces":{"north":{"uv":[0.025,4.4,15.975,5.85],"texture":"#paars","tintindex":1},"east":{"uv":[13,4.4,16,5.85],"texture":"#paars","tintindex":1},"south":{"uv":[0.025,4.4,15.975,5.85],"texture":"#paars","tintindex":1},"west":{"uv":[0,4.4,3,5.85],"texture":"#paars","tintindex":1},"up":{"uv":[0.025,0,15.975,4],"texture":"#paars","tintindex":1},"down":{"uv":[15.975,0,0.025,1],"texture":"#paars","tintindex":1}}},{"from":[11.625,9.425,-9.85],"to":[15.975,11.6,-4.775],"faces":{"north":{"uv":[0.025,4.4,4.375,6.575],"texture":"#paars","tintindex":1},"east":{"uv":[16,4.4,16,6.575],"texture":"#paars","tintindex":1},"south":{"uv":[11.625,4.4,15.975,6.575],"texture":"#paars","tintindex":1},"west":{"uv":[0,4.4,1,6.575],"texture":"#paars","tintindex":1},"up":{"uv":[11.625,0,15.975,5],"texture":"#paars","tintindex":1},"down":{"uv":[4.375,0,0.025,1],"texture":"#paars","tintindex":1}}},{"from":[16.0656,10.0594,-12.75],"to":[18.9656,10.7844,-9.85],"rotation":{"angle":-45,"axis":"z","origin":[16.0656,10.7844,-12.75]},"faces":{"north":{"uv":[0,5.21562,0,5.94062],"texture":"#paars","tintindex":1},"east":{"uv":[16,5.21562,16,5.94062],"texture":"#paars","tintindex":1},"south":{"uv":[16,5.21562,16,5.94062],"texture":"#paars","tintindex":1},"west":{"uv":[0,5.21562,0,5.94062],"texture":"#paars","tintindex":1},"up":{"uv":[15,0,16,1],"texture":"#paars","tintindex":1},"down":{"uv":[0,0,1,1],"texture":"#paars","tintindex":1}}},{"from":[-2.05937,8.06563,-12.75],"to":[0.84063,8.79063,-9.75],"rotation":{"angle":45,"axis":"z","origin":[-2.05937,8.79063,-12.75]},"faces":{"north":{"uv":[15.1594,7.20937,16,7.93437],"texture":"#paars","tintindex":1},"east":{"uv":[16,7.20937,16,7.93437],"texture":"#paars","tintindex":1},"south":{"uv":[0,7.20937,0.84063,7.93437],"texture":"#paars","tintindex":1},"west":{"uv":[0,7.20937,0,7.93437],"texture":"#paars","tintindex":1},"up":{"uv":[0,0,0.84063,1],"texture":"#paars","tintindex":1},"down":{"uv":[16,0,15.1594,1],"texture":"#paars","tintindex":1}}},{"from":[-3.05625,7.06875,-9.85],"to":[1.29375,8.51875,-1.875],"rotation":{"angle":45,"axis":"z","origin":[-3.05625,8.51875,-9.85]},"faces":{"north":{"uv":[14.7062,7.48125,16,8.93125],"texture":"#paars","tintindex":1},"east":{"uv":[15,7.48125,16,8.93125],"texture":"#paars","tintindex":1},"south":{"uv":[0,7.48125,1.29375,8.93125],"texture":"#paars","tintindex":1},"west":{"uv":[0,7.48125,0,8.93125],"texture":"#paars","tintindex":1},"up":{"uv":[0,0,5,8],"texture":"#paars","tintindex":1},"down":{"uv":[16,0,14.7063,1],"texture":"#paars","tintindex":1}}},{"from":[11.625,9.425,-11.3],"to":[15.975,10.875,-9.85],"faces":{"north":{"uv":[0.025,5.125,4.375,6.575],"texture":"#paars","tintindex":1},"east":{"uv":[16,5.125,16,6.575],"texture":"#paars","tintindex":1},"south":{"uv":[11.625,5.125,15.975,6.575],"texture":"#paars","tintindex":1},"west":{"uv":[0,5.125,0,6.575],"texture":"#paars","tintindex":1},"up":{"uv":[11.625,0,15.975,1],"texture":"#paars","tintindex":1},"down":{"uv":[4.375,0,0.025,1],"texture":"#paars","tintindex":1}}},{"from":[15.9375,10.15,-9.875],"to":[20.2875,11.6,-1.875],"rotation":{"angle":-45,"axis":"z","origin":[15.9375,11.6,-9.875]},"faces":{"north":{"uv":[0,4.4,1,5.85],"texture":"#paars","tintindex":1},"east":{"uv":[16,4.4,16,5.85],"texture":"#paars","tintindex":1},"south":{"uv":[15.9375,4.4,16,5.85],"texture":"#paars","tintindex":1},"west":{"uv":[0,4.4,1,5.85],"texture":"#paars","tintindex":1},"up":{"uv":[15,0,16,1],"texture":"#paars","tintindex":1},"down":{"uv":[0.0625,0,0,1],"texture":"#paars","tintindex":1}}},{"from":[1.475,11.6,-3.325],"to":[8,14.5,-2.6],"rotation":{"angle":22.5,"axis":"x","origin":[1.475,14.5,-3.325]},"faces":{"north":{"uv":[1,0,15.999,6.5],"texture":"#glass"},"south":{"uv":[0,0,14.999,6.5],"texture":"#glass"},"west":{"uv":[15,9,16,15.5],"texture":"#glass"},"up":{"uv":[1,15,15.999,16],"texture":"#glass"},"down":{"uv":[1,0,15.999,6.5],"texture":"#glass"}}},{"from":[8,11.6,-3.325],"to":[14.525,14.5,-2.6],"rotation":{"angle":22.5,"axis":"x","origin":[8,14.5,-3.325]},"faces":{"north":{"uv":[1,9.5,15.999,16],"rotation":180,"texture":"#glass"},"east":{"uv":[0,8,1,14.5],"texture":"#glass"},"south":{"uv":[0,9.5,14.999,16],"rotation":180,"texture":"#glass"},"up":{"uv":[1,15,15.999,16],"texture":"#glass"},"down":{"uv":[1,0,15.999,6.5],"texture":"#glass"}}},{"from":[3.65,8.7,-11.3],"to":[12.35,10.15,-5.5],"faces":{"north":{"uv":[5,9,11,10],"texture":"#chair"},"east":{"uv":[14.5,9,16,10],"texture":"#chair"},"south":{"uv":[5,9,11,10],"texture":"#chair"},"west":{"uv":[0,9,1.5,10],"texture":"#chair"},"up":{"uv":[5,0,11,1.5],"texture":"#chair"},"down":{"uv":[11,1.5,5,0],"texture":"#chair"}}},{"from":[3.65,10.15,-5.5],"to":[13.8,10.875,-4.775],"faces":{"north":{"uv":[2.2,5.125,12.35,5.85],"texture":"#chair"},"east":{"uv":[16,5.125,16,5.85],"texture":"#chair"},"south":{"uv":[3.65,5.125,13.8,5.85],"texture":"#chair"},"west":{"uv":[0,5.125,0,5.85],"texture":"#chair"},"up":{"uv":[3.65,0,13.8,0],"texture":"#chair"},"down":{"uv":[12.35,0,2.2,1],"texture":"#chair"}}},{"from":[5.825,10.15,-9.85],"to":[10.175,12.325,-5.5],"faces":{"north":{"uv":[1,0,14.999,7],"texture":"#uitlaat zijkant"},"east":{"uv":[0,0,16,16],"texture":"#uitlaat zijkant"},"south":{"uv":[0,0,16,16],"texture":"#uitlaat zijkant"},"west":{"uv":[0,0,16,16],"texture":"#uitlaat zijkant"},"up":{"uv":[1,0,14.999,14.999],"texture":"#uitlaat zijkant"},"down":{"uv":[0,0,16,16],"texture":"#uitlaat zijkant"}}},{"from":[9.76349,7.72821,-9.8065],"to":[10.73846,11.35319,-5.5435],"rotation":{"angle":22.5,"axis":"z","origin":[8.01771,10.51452,-7.675]},"faces":{"north":{"uv":[0,0,2.999,11.998],"texture":"#uitlaat zijkant"},"east":{"uv":[1,1,15.999,12.999],"texture":"#uitlaat zijkant"},"south":{"uv":[13,0,16,12],"texture":"#uitlaat zijkant"},"west":{"uv":[0,0,16,16],"texture":"#uitlaat zijkant"},"up":{"uv":[0,0,16,16],"texture":"#uitlaat zijkant"},"down":{"uv":[0,0,16,16],"texture":"#uitlaat zijkant"}}},{"from":[5.26154,7.72821,-9.8065],"to":[6.23651,11.35319,-5.5435],"rotation":{"angle":-22.5,"axis":"z","origin":[7.98229,10.51452,-7.675]},"faces":{"north":{"uv":[2.999,0,0,11.998],"texture":"#uitlaat zijkant"},"east":{"uv":[16,0,0,16],"texture":"#uitlaat zijkant"},"south":{"uv":[16,0,13,12],"texture":"#uitlaat zijkant"},"west":{"uv":[15.999,1,1,12.999],"texture":"#uitlaat zijkant"},"up":{"uv":[16,0,0,16],"texture":"#uitlaat zijkant"},"down":{"uv":[16,0,0,16],"texture":"#uitlaat zijkant"}}},{"from":[6.55,10.15,-10.575],"to":[9.45,11.6,-9.85],"faces":{"north":{"uv":[3,4,12.999,8.999],"texture":"#minecart"},"east":{"uv":[1,4,3,8.999],"texture":"#minecart"},"south":{"uv":[3,4,12.999,8.999],"texture":"#minecart"},"west":{"uv":[13,4,14.999,8.999],"texture":"#minecart"},"up":{"uv":[3,2,12.999,3.998],"rotation":180,"texture":"#minecart"},"down":{"uv":[3,4,12.999,8.999],"texture":"#minecart"}}},{"from":[6.55,12.325,-9.125],"to":[9.45,13.775,-6.225],"faces":{"north":{"uv":[0,8,16,16],"texture":"#uitlaat zijkant"},"east":{"uv":[0,8,16,16],"texture":"#uitlaat zijkant"},"south":{"uv":[0,8,16,16],"texture":"#uitlaat zijkant"},"west":{"uv":[0,8,16,16],"texture":"#uitlaat zijkant"},"up":{"uv":[0,8,16,16],"texture":"#uitlaat zijkant"},"down":{"uv":[0,8,16,16],"texture":"#uitlaat zijkant"}}},{"from":[5.825,13.775,-9.85],"to":[7.275,15.225,-8.4],"faces":{"north":{"uv":[4,4,12,12],"texture":"#motor"},"east":{"uv":[0,15,3,16],"texture":"#motor"},"south":{"uv":[4,4,12,12],"texture":"#motor"},"west":{"uv":[0,15,3,16],"texture":"#motor"},"up":{"uv":[1,1,4,4],"texture":"#motor"},"down":{"uv":[1,1,4,4],"texture":"#motor"}}},{"from":[6.55,15.225,-8.4],"to":[9.45,15.95,-6.225],"faces":{"north":{"uv":[0,0,16,5],"texture":"#chair"},"east":{"uv":[4,8,12,11],"texture":"#chair"},"south":{"uv":[3,5,12.999,7.999],"texture":"#chair"},"west":{"uv":[3,5,11,7.999],"texture":"#chair"},"up":{"uv":[3,8,13,15.999],"texture":"#chair"},"down":{"uv":[0,0,16,16],"texture":"#chair"}}},{"from":[5.825,13.05,-10.575],"to":[10.175,13.775,-8.4],"faces":{"north":{"uv":[0,12,16,16],"texture":"#chair"},"east":{"uv":[0,12,1,16],"texture":"#chair"},"south":{"uv":[0,12,16,16],"texture":"#chair"},"west":{"uv":[0,12,1,16],"texture":"#chair"},"up":{"uv":[0,16,16,0],"texture":"#chair"},"down":{"uv":[0,16,16,0],"texture":"#chair"}}},{"from":[5.1,13.775,-10.575],"to":[5.825,15.225,-8.4],"faces":{"north":{"uv":[7,6,10,11],"texture":"#chair"},"east":{"uv":[0,0,16,16],"texture":"#chair"},"south":{"uv":[7,8,10,12.999],"texture":"#chair"},"west":{"uv":[6,0,11,8],"rotation":90,"texture":"#chair"},"up":{"uv":[0,0,2.5,8],"texture":"#chair"},"down":{"uv":[0,0,1,5.5],"texture":"#chair"}}},{"from":[10.175,13.775,-10.575],"to":[10.9,15.225,-8.4],"faces":{"north":{"uv":[3,5,6,9.999],"texture":"#chair"},"east":{"uv":[4,3,8.999,11],"rotation":90,"texture":"#chair"},"south":{"uv":[0,0,4,16],"texture":"#chair"},"west":{"uv":[0,0,15.5,16],"texture":"#chair"},"up":{"uv":[5,3,7.999,11],"texture":"#chair"},"down":{"uv":[15,0,16,5.5],"texture":"#chair"}}},{"from":[5.825,15.225,-10.575],"to":[10.175,15.95,-8.4],"faces":{"north":{"uv":[0,0,16,3],"texture":"#chair"},"east":{"uv":[3,3,6,11],"rotation":90,"texture":"#chair"},"south":{"uv":[0,8,16,11],"texture":"#chair"},"west":{"uv":[2,4,5,12],"rotation":90,"texture":"#chair"},"up":{"uv":[0,0,16,8],"texture":"#chair"},"down":{"uv":[0,0,16,16],"texture":"#chair"}}},{"from":[0.025,2.9,-12.75],"to":[15.975,3.625,21.325],"faces":{"north":{"uv":[0.025,12.375,15.975,13.1],"texture":"#geel"},"east":{"uv":[0,12.375,16,13.1],"texture":"#geel"},"south":{"uv":[0.025,12.375,15.975,13.1],"texture":"#geel"},"west":{"uv":[0,12.375,16,13.1],"texture":"#geel"},"up":{"uv":[0.025,0,15.975,16],"texture":"#geel"},"down":{"uv":[15.975,16,0.025,0],"texture":"#geel"}}},{"from":[-1.0625,6.05,-12.8406],"to":[2.5625,7.5,22.6844],"rotation":{"angle":-45,"axis":"z","origin":[-1.0625,7.5,-12.8406]},"faces":{"north":{"uv":[13.4375,8.5,16,9.95],"texture":"#geel"},"east":{"uv":[0,8.5,16,9.95],"texture":"#geel"},"south":{"uv":[0,8.5,2.5625,9.95],"texture":"#geel"},"west":{"uv":[0,8.5,16,9.95],"texture":"#geel"},"up":{"uv":[0,0,2.5625,16],"texture":"#geel"},"down":{"uv":[16,16,13.4375,0],"texture":"#geel"}}},{"from":[14.4344,3.55,-12.8406],"to":[18.0594,5,22.6844],"rotation":{"angle":45,"axis":"z","origin":[14.4344,5,-12.8406]},"faces":{"north":{"uv":[0,11,1.56563,12.45],"texture":"#geel"},"east":{"uv":[0,11,16,12.45],"texture":"#geel"},"south":{"uv":[14.4344,11,16,12.45],"texture":"#geel"},"west":{"uv":[0,11,16,12.45],"texture":"#geel"},"up":{"uv":[14.4344,0,16,16],"texture":"#geel"},"down":{"uv":[1.56563,16,0,0],"texture":"#geel"}}},{"from":[16.7906,3.44375,-9.85],"to":[18.2406,7.79375,21.325],"rotation":{"angle":-22.5,"axis":"z","origin":[16.7906,7.79375,-9.85]},"faces":{"north":{"uv":[0,8.20625,1,12.5563],"texture":"#geel"},"east":{"uv":[0,8.20625,16,12.5563],"texture":"#geel"},"south":{"uv":[15,8.20625,16,12.5563],"texture":"#geel"},"west":{"uv":[0,8.20625,16,12.5563],"texture":"#geel"},"up":{"uv":[16,0,16,16],"texture":"#geel"},"down":{"uv":[0,16,1,0],"texture":"#geel"}}},{"from":[-2.2406,3.44375,-9.85],"to":[-0.7906,7.79375,21.325],"rotation":{"angle":22.5,"axis":"z","origin":[-0.7906,7.79375,-9.85]},"faces":{"north":{"uv":[1,8.20625,0,12.5563],"texture":"#geel"},"east":{"uv":[16,8.20625,0,12.5563],"texture":"#geel"},"south":{"uv":[16,8.20625,15,12.5563],"texture":"#geel"},"west":{"uv":[16,8.20625,0,12.5563],"texture":"#geel"},"up":{"uv":[16,0,16,16],"texture":"#geel"},"down":{"uv":[1,16,0,0],"texture":"#geel"}}},{"from":[-2.05937,6.79688,-9.4875],"to":[-0.60937,8.97188,23.1375],"faces":{"north":{"uv":[16,7.02812,16,9.20313],"texture":"#paars","tintindex":1},"east":{"uv":[0,7.02812,16,9.20313],"texture":"#paars","tintindex":1},"south":{"uv":[0,7.02812,1,9.20313],"texture":"#paars","tintindex":1},"west":{"uv":[0,7.02812,16,9.20313],"texture":"#paars","tintindex":1},"up":{"uv":[0,0,1,16],"texture":"#paars","tintindex":1},"down":{"uv":[15,16,16,0],"texture":"#paars","tintindex":1}}},{"from":[16.6875,6.825,-9.5],"to":[18.1375,9,23.125],"faces":{"north":{"uv":[0,7,0,9.175],"texture":"#paars","tintindex":1},"east":{"uv":[0,7,16,9.175],"texture":"#paars","tintindex":1},"south":{"uv":[15,7,16,9.175],"texture":"#paars","tintindex":1},"west":{"uv":[0,7,16,9.175],"texture":"#paars","tintindex":1},"up":{"uv":[15,0,16,16],"texture":"#paars","tintindex":1},"down":{"uv":[0,16,1,0],"texture":"#paars","tintindex":1}}},{"from":[17.5001,6.5,1],"to":[20.0001,9,11.5],"faces":{"north":{"uv":[0,7,1,9.5],"texture":"#geel"},"east":{"uv":[4.5,7,15,9.5],"texture":"#geel"},"south":{"uv":[15,7,16,9.5],"texture":"#geel"},"west":{"uv":[1,7,11.5,9.5],"texture":"#geel"},"up":{"uv":[16,1,16,11.5],"texture":"#geel"},"down":{"uv":[0,11.5,0,1],"texture":"#geel"}}},{"from":[-4,6.5,1],"to":[-1.5,9,11.5],"faces":{"north":{"uv":[16,7,16,9.5],"texture":"#geel"},"east":{"uv":[4.5,7,15,9.5],"texture":"#geel"},"south":{"uv":[0,7,0,9.5],"texture":"#geel"},"west":{"uv":[1,7,11.5,9.5],"texture":"#geel"},"up":{"uv":[0,1,0,11.5],"texture":"#geel"},"down":{"uv":[16,11.5,16,1],"texture":"#geel"}}},{"from":[-3.50006,7.55,-1.875],"to":[0.84994,9,14.125],"rotation":{"angle":45,"axis":"z","origin":[-3.50006,9,-1.875]},"faces":{"north":{"uv":[15.1501,7,16,8.45],"texture":"#paars","tintindex":1},"east":{"uv":[1.875,7,16,8.45],"texture":"#paars","tintindex":1},"south":{"uv":[0,7,0.84994,8.45],"texture":"#paars","tintindex":1},"west":{"uv":[0,7,14.125,8.45],"texture":"#paars","tintindex":1},"up":{"uv":[0,0,0.84994,14.125],"texture":"#paars","tintindex":1},"down":{"uv":[16,14.125,15.1501,0],"texture":"#paars","tintindex":1}}},{"from":[16.5,3.55,1],"to":[20.125,5,11.5],"rotation":{"angle":45,"axis":"z","origin":[16.5,5,1]},"faces":{"north":{"uv":[0,11,0,12.45],"texture":"#geel"},"east":{"uv":[4.5,11,15,12.45],"texture":"#geel"},"south":{"uv":[15,11,16,12.45],"texture":"#geel"},"west":{"uv":[1,11,11.5,12.45],"texture":"#geel"},"up":{"uv":[16,1,16,11.5],"texture":"#geel"},"down":{"uv":[0,11.5,4,1],"texture":"#geel"}}},{"from":[-4.125,3.55,1],"to":[-0.5,5,11.5],"rotation":{"angle":-45,"axis":"z","origin":[-0.5,5,1]},"faces":{"north":{"uv":[0,11,0,12.45],"texture":"#geel"},"east":{"uv":[11.5,11,1,12.45],"texture":"#geel"},"south":{"uv":[16,11,15,12.45],"texture":"#geel"},"west":{"uv":[15,11,4.5,12.45],"texture":"#geel"},"up":{"uv":[16,1,16,11.5],"texture":"#geel"},"down":{"uv":[4,11.5,0,1],"texture":"#geel"}}},{"from":[17.5001,10.0501,1],"to":[21.1251,11.5001,11.5],"rotation":{"angle":-45,"axis":"z","origin":[17.5001,11.5001,1]},"faces":{"north":{"uv":[0,4.49994,1,5.94994],"texture":"#geel"},"east":{"uv":[4.5,4.49994,15,5.94994],"texture":"#geel"},"south":{"uv":[15,4.49994,16,5.94994],"texture":"#geel"},"west":{"uv":[1,4.49994,11.5,5.94994],"texture":"#geel"},"up":{"uv":[12,1,16,11.5],"texture":"#geel"},"down":{"uv":[0,11.5,0,1],"texture":"#geel"}}},{"from":[-5.1251,10.0501,1],"to":[-1.5001,11.5001,11.5],"rotation":{"angle":45,"axis":"z","origin":[-1.5001,11.5001,1]},"faces":{"north":{"uv":[1,4.49994,0,5.94994],"texture":"#geel"},"east":{"uv":[11.5,4.49994,1,5.94994],"texture":"#geel"},"south":{"uv":[16,4.49994,15,5.94994],"texture":"#geel"},"west":{"uv":[15,4.49994,4.5,5.94994],"texture":"#geel"},"up":{"uv":[10,2,6,12.5],"texture":"#geel"},"down":{"uv":[0,11.5,0,1],"texture":"#geel"}}},{"from":[0.025,2.175,-5.5],"to":[15.975,2.9,-2.6],"faces":{"north":{"uv":[0.025,13.1,15.975,13.825],"texture":"#chair"},"east":{"uv":[16,13.1,16,13.825],"texture":"#chair"},"south":{"uv":[0.025,13.1,15.975,13.825],"texture":"#chair"},"west":{"uv":[0,13.1,0,13.825],"texture":"#chair"},"up":{"uv":[0.025,0,15.975,0],"texture":"#chair"},"down":{"uv":[15.975,0,0.025,2],"texture":"#chair"}}},{"from":[-2.875,7.25,14.075],"to":[1.475,8.7,22.05],"rotation":{"angle":45,"axis":"z","origin":[-2.875,8.7,14.075]},"faces":{"north":{"uv":[14.525,7.3,16,8.75],"texture":"#paars","tintindex":1},"east":{"uv":[0,7.3,1.925,8.75],"texture":"#paars","tintindex":1},"south":{"uv":[0,7.3,1.475,8.75],"texture":"#paars","tintindex":1},"west":{"uv":[14.075,7.3,16,8.75],"texture":"#paars","tintindex":1},"up":{"uv":[0,14.075,1.475,16],"texture":"#paars","tintindex":1},"down":{"uv":[16,16,14.525,14.075],"texture":"#paars","tintindex":1}}},{"from":[15.975,10.15,13.35],"to":[20.325,11.6,22.05],"rotation":{"angle":-45,"axis":"z","origin":[15.975,11.6,13.35]},"faces":{"north":{"uv":[0,4.4,0.025,5.85],"texture":"#paars","tintindex":1},"east":{"uv":[0,4.4,2.65,5.85],"texture":"#paars","tintindex":1},"south":{"uv":[15.975,4.4,16,5.85],"texture":"#paars","tintindex":1},"west":{"uv":[13.35,4.4,16,5.85],"texture":"#paars","tintindex":1},"up":{"uv":[15.975,13.35,16,16],"texture":"#paars","tintindex":1},"down":{"uv":[0.025,16,0,13.35],"texture":"#paars","tintindex":1}}},{"from":[16.2469,10.7844,-2.32813],"to":[20.5969,12.2344,13.6719],"rotation":{"angle":-45,"axis":"z","origin":[16.2469,12.2344,-2.32813]},"faces":{"north":{"uv":[0,3.76563,1,5.21563],"texture":"#paars","tintindex":1},"east":{"uv":[2.32813,3.76563,16,5.21563],"texture":"#paars","tintindex":1},"south":{"uv":[15,3.76563,16,5.21563],"texture":"#paars","tintindex":1},"west":{"uv":[0,3.76563,13.6719,5.21563],"texture":"#paars","tintindex":1},"up":{"uv":[11,0,16,13.6719],"texture":"#paars","tintindex":1},"down":{"uv":[0,13.6719,1,0],"texture":"#paars","tintindex":1}}},{"from":[15.25,6.07188,10.3594],"to":[18.15,10.4219,19.0594],"rotation":{"angle":-22.5,"axis":"x","origin":[15.25,10.4219,10.3594]},"faces":{"north":{"uv":[0,5.57813,0.75,9.92812],"texture":"#paars","tintindex":1},"east":{"uv":[1,5,10.641,9.349],"texture":"#paars","tintindex":1},"south":{"uv":[15.25,5.57813,16,9.92812],"texture":"#paars","tintindex":1},"west":{"uv":[10.3594,5.57813,16,9.92812],"texture":"#paars","tintindex":1},"up":{"uv":[15.25,10.3594,16,16],"texture":"#paars","tintindex":1},"down":{"uv":[0.75,16,0,10.3594],"texture":"#paars","tintindex":1}}},{"from":[-2.15,6.07188,10.3594],"to":[0.75,10.4219,19.0594],"rotation":{"angle":-22.5,"axis":"x","origin":[-2.15,10.4219,10.3594]},"faces":{"north":{"uv":[15.25,5.57813,16,9.92812],"texture":"#paars","tintindex":1},"east":{"uv":[0,5.57813,5.64063,9.92812],"texture":"#paars","tintindex":1},"south":{"uv":[0,5.57813,0.75,9.92812],"texture":"#paars","tintindex":1},"west":{"uv":[10.3594,5.57813,16,9.92812],"texture":"#paars","tintindex":1},"up":{"uv":[0,10.3594,0.75,16],"texture":"#paars","tintindex":1},"down":{"uv":[16,16,15.25,10.3594],"texture":"#paars","tintindex":1}}},{"from":[13.8,5.8,14.8],"to":[15.25,15.225,16.975],"rotation":{"angle":22.5,"axis":"x","origin":[13.8,15.225,14.8]},"faces":{"north":{"uv":[12,5.5,13,12],"texture":"#white"},"east":{"uv":[12,5.5,13.5,12],"texture":"#white"},"south":{"uv":[12,5.5,13,12],"texture":"#white"},"west":{"uv":[12,5.5,13.5,12],"texture":"#white"},"up":{"uv":[12,12,13,13.5],"texture":"#white"},"down":{"uv":[12,12,13,13.5],"texture":"#white"}}},{"from":[0.75,5.8,14.8],"to":[2.2,15.225,16.975],"rotation":{"angle":22.5,"axis":"x","origin":[0.75,15.225,14.8]},"faces":{"north":{"uv":[3,5.5,4,12],"texture":"#white"},"east":{"uv":[12,5.5,13.5,12],"texture":"#white"},"south":{"uv":[3,5.5,4,12],"texture":"#white"},"west":{"uv":[12,5.5,13.5,12],"texture":"#white"},"up":{"uv":[3,12,4,13.5],"texture":"#white"},"down":{"uv":[3,12,4,13.5],"texture":"#white"}}},{"from":[15.2645,9.425,18.425],"to":[18.1355,13.775,24.225],"rotation":{"angle":0,"axis":"y","origin":[16.7,11.6,21.325]},"faces":{"north":{"uv":[0,2.225,6,6.575],"texture":"#paars","tintindex":1},"east":{"uv":[0,2,6,6.35],"texture":"#paars","tintindex":1},"south":{"uv":[7,5,10,9.349],"texture":"#paars","tintindex":1},"west":{"uv":[0,2,6,6.35],"texture":"#paars","tintindex":1},"up":{"uv":[0,2,6,5],"rotation":90,"texture":"#paars","tintindex":1},"down":{"uv":[0,2.225,6,6.575],"texture":"#paars","tintindex":1}}},{"from":[-2.1355,9.425,18.425],"to":[0.7355,13.775,24.225],"rotation":{"angle":0,"axis":"y","origin":[-0.7,11.6,21.325]},"faces":{"north":{"uv":[6,2.225,0,6.575],"texture":"#paars","tintindex":1},"east":{"uv":[6,2,0,6.35],"texture":"#paars","tintindex":1},"south":{"uv":[10,5,7,9.349],"texture":"#paars","tintindex":1},"west":{"uv":[6,2,0,6.35],"texture":"#paars","tintindex":1},"up":{"uv":[0,5,6,2],"rotation":90,"texture":"#paars","tintindex":1},"down":{"uv":[6,2.225,0,6.575],"texture":"#paars","tintindex":1}}},{"from":[-1.425,10.15,24.225],"to":[0.025,13.05,24.95],"faces":{"north":{"uv":[11,10.5,12,13.5],"texture":"#furnace_front"},"east":{"uv":[11,10.5,13,13.5],"texture":"#furnace_front"},"south":{"uv":[11,10.5,12,13.5],"texture":"#furnace_front"},"west":{"uv":[3,10.5,5,13.5],"texture":"#furnace_front"},"up":{"uv":[3,4,5,5],"texture":"#furnace_front"},"down":{"uv":[3,4,5,5],"texture":"#furnace_front"}}},{"from":[15.975,10.15,24.225],"to":[17.425,13.05,24.95],"faces":{"north":{"uv":[11,10.5,12,13.5],"texture":"#furnace_front"},"east":{"uv":[11,10.5,13,13.5],"texture":"#furnace_front"},"south":{"uv":[11,10.5,12,13.5],"texture":"#furnace_front"},"west":{"uv":[3,10.5,5,13.5],"texture":"#furnace_front"},"up":{"uv":[1,1,3,2],"texture":"#furnace_front"},"down":{"uv":[1,1,3,2],"texture":"#furnace_front"}}},{"from":[0.025,8.7,15.525],"to":[15.975,9.425,23.5],"faces":{"north":{"uv":[0.025,6.575,15.975,7.3],"texture":"#paars","tintindex":1},"east":{"uv":[0,6.575,0.475,7.3],"texture":"#paars","tintindex":1},"south":{"uv":[0.025,6.575,15.975,7.3],"texture":"#paars","tintindex":1},"west":{"uv":[15.525,6.575,16,7.3],"texture":"#paars","tintindex":1},"up":{"uv":[0.025,15.525,15.975,16],"texture":"#paars","tintindex":1},"down":{"uv":[15.975,16,0.025,15.525],"texture":"#paars","tintindex":1}}},{"from":[0.025,2.62812,20.4187],"to":[15.975,4.07813,23.3187],"rotation":{"angle":-45,"axis":"x","origin":[0.025,4.07813,20.4187]},"faces":{"north":{"uv":[0.025,11.9219,15.975,13.3719],"texture":"#geel"},"east":{"uv":[0,11.9219,1,13.3719],"texture":"#geel"},"south":{"uv":[0.025,11.9219,15.975,13.3719],"texture":"#geel"},"west":{"uv":[15,11.9219,16,13.3719],"texture":"#geel"},"up":{"uv":[0.025,16,15.975,16],"texture":"#geel"},"down":{"uv":[15.975,12,0.025,15],"texture":"#geel"}}},{"from":[0.025,10.0594,20.1469],"to":[15.975,11.5094,23.7719],"rotation":{"angle":22.5,"axis":"x","origin":[0.025,11.5094,20.1469]},"faces":{"north":{"uv":[0.025,4.49062,15.975,5.94062],"texture":"#paars","tintindex":1},"east":{"uv":[0,4.49062,0,5.94062],"texture":"#paars","tintindex":1},"south":{"uv":[0.025,4.49062,15.975,5.94062],"texture":"#paars","tintindex":1},"west":{"uv":[16,4.49062,16,5.94062],"texture":"#paars","tintindex":1},"up":{"uv":[0.025,12,15.975,15],"texture":"#paars","tintindex":1},"down":{"uv":[15.975,16,0.025,16],"texture":"#paars","tintindex":1}}},{"from":[-0.7,10.875,14.8],"to":[16.7,11.6,20.6],"faces":{"north":{"uv":[0,4.4,16,5.125],"texture":"#paars","tintindex":1},"east":{"uv":[0,4.4,1.2,5.125],"texture":"#paars","tintindex":1},"south":{"uv":[0,4.4,16,5.125],"texture":"#paars","tintindex":1},"west":{"uv":[14.8,4.4,16,5.125],"texture":"#paars","tintindex":1},"up":{"uv":[0,14.8,16,16],"texture":"#paars","tintindex":1},"down":{"uv":[16,16,0,14.8],"texture":"#paars","tintindex":1}}},{"from":[-1.425,6.525,22.05],"to":[0.025,9.425,23.5],"faces":{"north":{"uv":[15.975,6.575,16,9.475],"texture":"#paars","tintindex":1},"east":{"uv":[0,6.575,0,9.475],"texture":"#paars","tintindex":1},"south":{"uv":[0,6.575,0.025,9.475],"texture":"#paars","tintindex":1},"west":{"uv":[15,6.575,16,9.475],"texture":"#paars","tintindex":1},"up":{"uv":[0,16,0.025,16],"texture":"#paars","tintindex":1},"down":{"uv":[16,15,15.975,16],"texture":"#paars","tintindex":1}}},{"from":[15.975,6.525,22.05],"to":[17.425,9.425,23.5],"faces":{"north":{"uv":[0,6.575,0.025,9.475],"texture":"#paars","tintindex":1},"east":{"uv":[0,6.575,1,9.475],"texture":"#paars","tintindex":1},"south":{"uv":[15.975,6.575,16,9.475],"texture":"#paars","tintindex":1},"west":{"uv":[16,6.575,16,9.475],"texture":"#paars","tintindex":1},"up":{"uv":[15.975,16,16,16],"texture":"#paars","tintindex":1},"down":{"uv":[0.025,15,0,16],"texture":"#paars","tintindex":1}}},{"from":[15.7031,3.625,-0.15313],"to":[17.1531,5.075,5.64688],"rotation":{"angle":45,"axis":"y","origin":[15.7031,3.625,-0.15313]},"faces":{"north":{"uv":[5,5,11,11],"texture":"#uitlaat top "},"east":{"uv":[2,10,14,13.5],"texture":"#uitlaat zijkant"},"south":{"uv":[5,5,11,11],"texture":"#uitlaat top "},"west":{"uv":[2,10,14,13.5],"texture":"#uitlaat zijkant"},"up":{"uv":[2,10,14,13.5],"rotation":90,"texture":"#uitlaat zijkant"},"down":{"uv":[2,10,14,13.5],"rotation":90,"texture":"#uitlaat zijkant"}}},{"from":[-1.1531,3.625,-0.15313],"to":[0.2969,5.075,5.64688],"rotation":{"angle":-45,"axis":"y","origin":[0.2969,3.625,-0.15313]},"faces":{"north":{"uv":[11,5,5,11],"texture":"#uitlaat top "},"east":{"uv":[14,10,2,13.5],"texture":"#uitlaat zijkant"},"south":{"uv":[11,5,5,11],"texture":"#uitlaat top "},"west":{"uv":[14,10,2,13.5],"texture":"#uitlaat zijkant"},"up":{"uv":[2,13.5,14,10],"rotation":90,"texture":"#uitlaat zijkant"},"down":{"uv":[2,13.5,14,10],"rotation":90,"texture":"#uitlaat zijkant"}}},{"from":[15.7031,3.625,2.74688],"to":[17.1531,5.075,8.54688],"rotation":{"angle":45,"axis":"y","origin":[15.7031,3.625,2.74688]},"faces":{"north":{"uv":[5,5,11,11],"texture":"#uitlaat top "},"east":{"uv":[2,10,14,13.5],"texture":"#uitlaat zijkant"},"south":{"uv":[5,5,11,11],"texture":"#uitlaat top "},"west":{"uv":[2,10,14,13.5],"texture":"#uitlaat zijkant"},"up":{"uv":[2,10,14,13.5],"rotation":90,"texture":"#uitlaat zijkant"},"down":{"uv":[2,10,14,13.5],"rotation":90,"texture":"#uitlaat zijkant"}}},{"from":[-1.1531,3.625,2.74688],"to":[0.2969,5.075,8.54688],"rotation":{"angle":-45,"axis":"y","origin":[0.2969,3.625,2.74688]},"faces":{"north":{"uv":[11,5,5,11],"texture":"#uitlaat top "},"east":{"uv":[14,10,2,13.5],"texture":"#uitlaat zijkant"},"south":{"uv":[11,5,5,11],"texture":"#uitlaat top "},"west":{"uv":[14,10,2,13.5],"texture":"#uitlaat zijkant"},"up":{"uv":[2,13.5,14,10],"rotation":90,"texture":"#uitlaat zijkant"},"down":{"uv":[2,13.5,14,10],"rotation":90,"texture":"#uitlaat zijkant"}}},{"from":[15.7031,3.625,5.64687],"to":[17.1531,5.075,11.4469],"rotation":{"angle":45,"axis":"y","origin":[15.7031,3.625,5.64687]},"faces":{"north":{"uv":[5,5,11,11],"texture":"#uitlaat top "},"east":{"uv":[2,10,14,13.5],"texture":"#uitlaat zijkant"},"south":{"uv":[5,5,11,11],"texture":"#uitlaat top "},"west":{"uv":[2,10,14,13.5],"texture":"#uitlaat zijkant"},"up":{"uv":[2,10,14,13.5],"rotation":90,"texture":"#uitlaat zijkant"},"down":{"uv":[2,10,14,13.5],"rotation":90,"texture":"#uitlaat zijkant"}}},{"from":[-1.1531,3.625,5.64687],"to":[0.2969,5.075,11.4469],"rotation":{"angle":-45,"axis":"y","origin":[0.2969,3.625,5.64687]},"faces":{"north":{"uv":[11,5,5,11],"texture":"#uitlaat top "},"east":{"uv":[14,10,2,13.5],"texture":"#uitlaat zijkant"},"south":{"uv":[11,5,5,11],"texture":"#uitlaat top "},"west":{"uv":[14,10,2,13.5],"texture":"#uitlaat zijkant"},"up":{"uv":[2,13.5,14,10],"rotation":90,"texture":"#uitlaat zijkant"},"down":{"uv":[2,13.5,14,10],"rotation":90,"texture":"#uitlaat zijkant"}}},{"from":[7.275,13.775,-9.85],"to":[8.725,15.225,-8.4],"faces":{"north":{"uv":[4,4,12,12],"texture":"#motor"},"east":{"uv":[0,15,3,16],"texture":"#motor"},"south":{"uv":[4,4,12,12],"texture":"#motor"},"west":{"uv":[0,15,3,16],"texture":"#motor"},"up":{"uv":[1,1,4,4],"texture":"#motor"},"down":{"uv":[1,1,4,4],"texture":"#motor"}}},{"from":[8.725,13.775,-9.85],"to":[10.175,15.225,-8.4],"faces":{"north":{"uv":[4,4,12,12],"texture":"#motor"},"east":{"uv":[0,15,3,16],"texture":"#motor"},"south":{"uv":[4,4,12,12],"texture":"#motor"},"west":{"uv":[0,15,3,16],"texture":"#motor"},"up":{"uv":[1,1,4,4],"texture":"#motor"},"down":{"uv":[1,1,4,4],"texture":"#motor"}}},{"from":[5.825,13.775,-8.4],"to":[10.175,15.225,-5.5],"faces":{"north":{"uv":[0,5,16,15.999],"texture":"#chair"},"east":{"uv":[5,5,9.999,15.998],"rotation":90,"texture":"#chair"},"south":{"uv":[0,5,16,9.998],"texture":"#chair"},"west":{"uv":[0,5,5,15.998],"rotation":270,"texture":"#chair"},"up":{"uv":[0,5,16,15.999],"texture":"#chair"},"down":{"uv":[0,5,16,15.999],"texture":"#chair"}}},{"from":[15.69666,6.50325,-11.06076],"to":[17.14666,8.72175,-8.88576],"rotation":{"angle":22.5,"axis":"y","origin":[7.99011,7.6125,-13.55778]},"faces":{"north":{"uv":[2,10,5,14],"texture":"#uitlaat zijkant"},"east":{"uv":[2,10,6,14],"texture":"#uitlaat zijkant"},"south":{"uv":[2,10,5,14],"texture":"#uitlaat zijkant"},"west":{"uv":[2,10,6,14],"texture":"#uitlaat zijkant"},"up":{"uv":[2,10,5,14],"texture":"#uitlaat zijkant"},"down":{"uv":[2,10,5,14],"texture":"#uitlaat zijkant"}}},{"from":[-1.14666,6.50325,-11.06076],"to":[0.30334,8.72175,-8.88576],"rotation":{"angle":-22.5,"axis":"y","origin":[8.00989,7.6125,-13.55778]},"faces":{"north":{"uv":[5,10,2,14],"texture":"#uitlaat zijkant"},"east":{"uv":[6,10,2,14],"texture":"#uitlaat zijkant"},"south":{"uv":[5,10,2,14],"texture":"#uitlaat zijkant"},"west":{"uv":[6,10,2,14],"texture":"#uitlaat zijkant"},"up":{"uv":[5,10,2,14],"texture":"#uitlaat zijkant"},"down":{"uv":[5,10,2,14],"texture":"#uitlaat zijkant"}}},{"from":[0.025,5.8,15.525],"to":[15.975,6.525,23.5],"faces":{"north":{"uv":[0.025,9.475,15.975,10.2],"texture":"#paars","tintindex":1},"east":{"uv":[0,9.475,0.475,10.2],"texture":"#paars","tintindex":1},"south":{"uv":[0.025,9.475,15.975,10.2],"texture":"#paars","tintindex":1},"west":{"uv":[15.525,9.475,16,10.2],"texture":"#paars","tintindex":1},"up":{"uv":[0.025,15.525,15.975,16],"texture":"#paars","tintindex":1},"down":{"uv":[15.975,16,0.025,15.525],"texture":"#paars","tintindex":1}}},{"from":[0.025,6.525,15.525],"to":[5.1,8.7,23.5],"faces":{"north":{"uv":[10.9,7.3,15.975,9.475],"texture":"#paars","tintindex":1},"east":{"uv":[0,7.3,0.475,9.475],"texture":"#paars","tintindex":1},"south":{"uv":[0.025,7.3,5.1,9.475],"texture":"#paars","tintindex":1},"west":{"uv":[15.525,7.3,16,9.475],"texture":"#paars","tintindex":1},"up":{"uv":[0.025,15.525,5.1,16],"texture":"#paars","tintindex":1},"down":{"uv":[15.975,16,10.9,15.525],"texture":"#paars","tintindex":1}}},{"from":[10.9,6.525,15.525],"to":[15.975,8.7,23.5],"faces":{"north":{"uv":[0.025,7.3,5.1,9.475],"texture":"#paars","tintindex":1},"east":{"uv":[0,7.3,0.475,9.475],"texture":"#paars","tintindex":1},"south":{"uv":[10.9,7.3,15.975,9.475],"texture":"#paars","tintindex":1},"west":{"uv":[15.525,7.3,16,9.475],"texture":"#paars","tintindex":1},"up":{"uv":[10.9,15.525,15.975,16],"texture":"#paars","tintindex":1},"down":{"uv":[5.1,16,0.025,15.525],"texture":"#paars","tintindex":1}}},{"from":[5.1,6.525,21.325],"to":[10.9,8.7,22.775],"faces":{"north":{"uv":[5.0625,7.25,10.8125,9.375],"texture":"#paars","tintindex":1},"east":{"uv":[0,7.25,0,9.375],"texture":"#paars","tintindex":1},"south":{"uv":[3,10,13,14],"texture":"#furnace_front"},"west":{"uv":[16,7.25,16,9.375],"texture":"#paars","tintindex":1},"up":{"uv":[5.0625,16,10.8125,16],"texture":"#paars","tintindex":1},"down":{"uv":[10.875,16,5.125,16],"texture":"#paars","tintindex":1}}},{"from":[0.025,3.625,-10.575],"to":[15.975,4.35,4.075],"faces":{"north":{"uv":[0,11.625,15.9375,12.3125],"texture":"#geel"},"east":{"uv":[0,11.625,16,12.3125],"texture":"#geel"},"south":{"uv":[0,11.625,15.9375,12.3125],"texture":"#geel"},"west":{"uv":[0,11.625,16,12.3125],"texture":"#geel"},"up":{"uv":[1,0,15,16],"texture":"#dispenser_front"},"down":{"uv":[15.9375,16,0,0],"texture":"#geel"}}},{"from":[0.025,3.625,-12.75],"to":[15.975,5.075,-10.575],"faces":{"north":{"uv":[0.025,10.925,15.975,12.375],"texture":"#geel"},"east":{"uv":[15,10.925,16,12.375],"texture":"#geel"},"south":{"uv":[0.025,10.925,15.975,12.375],"texture":"#geel"},"west":{"uv":[0,10.925,1,12.375],"texture":"#geel"},"up":{"uv":[0.025,0,15.975,2],"texture":"#geel"},"down":{"uv":[15.975,0,0.025,0],"texture":"#geel"}}},{"from":[-0.45,5.8,-14.2],"to":[3.65,9.425,-13.475],"faces":{"north":{"uv":[3,3,14,13],"texture":"#uitlaat top "},"east":{"uv":[16,0,16,1.5],"texture":"#chair"},"south":{"uv":[2,0,5,1.5],"texture":"#chair"},"west":{"uv":[0,0,0,1.5],"texture":"#chair"},"up":{"uv":[2,0,5,0],"texture":"#chair"},"down":{"uv":[14,0,11,0],"texture":"#chair"}}},{"from":[12.35,5.8,-14.2],"to":[16.45,9.425,-13.475],"faces":{"north":{"uv":[2,3,13,13.5],"texture":"#uitlaat top "},"east":{"uv":[16,0,16,1.5],"texture":"#chair"},"south":{"uv":[11,0,14,1.5],"texture":"#chair"},"west":{"uv":[0,0,0,1.5],"texture":"#chair"},"up":{"uv":[11,0,14,0],"texture":"#chair"},"down":{"uv":[5,0,2,0],"texture":"#chair"}}},{"from":[7,2.5625,-0.6875],"to":[9,14.5625,1.3125],"rotation":{"angle":45,"axis":"x","origin":[7,14.5625,-0.6875]},"faces":{"north":{"uv":[0,0,3,16],"texture":"#stuur midden zijkant"},"east":{"uv":[1,0,4,16],"texture":"#stuur midden zijkant"},"south":{"uv":[0,0,3,16],"texture":"#stuur midden zijkant"},"west":{"uv":[7,0,10,16],"texture":"#stuur midden zijkant"},"up":{"uv":[5,5,10.999,10.999],"texture":"#uitlaat top "},"down":{"uv":[0,0,3,16],"texture":"#stuur midden zijkant"}}},{"from":[5.99718,13.36539,-1.20437],"to":[7.01218,14.38039,-0.18937],"rotation":{"angle":45,"axis":"x","origin":[8,13.87289,-0.69687]},"faces":{"north":{"uv":[4,3,5,4],"texture":"#white"},"east":{"uv":[4,3,5,4],"texture":"#white"},"south":{"uv":[4,3,5,4],"texture":"#white"},"west":{"uv":[4,3,5,4],"texture":"#white"},"up":{"uv":[4,3,5,4],"texture":"#white"},"down":{"uv":[4,3,5,4],"texture":"#white"}}},{"from":[4.95498,12.93049,-2.29197],"to":[5.96998,13.94549,1.76808],"rotation":{"angle":45,"axis":"x","origin":[5.46248,13.43799,-0.26195]},"faces":{"north":{"uv":[12,4,13,3],"rotation":270,"texture":"#chair"},"east":{"uv":[7.999,10,3,11],"rotation":180,"texture":"#chair"},"south":{"uv":[2,7,3,6],"rotation":90,"texture":"#chair"},"west":{"uv":[13.999,5,9,6],"texture":"#chair"},"up":{"uv":[6,8,10.999,7],"rotation":90,"texture":"#chair"},"down":{"uv":[3,5,7.999,4],"rotation":90,"texture":"#chair"}}},{"from":[5.96998,14.72479,-2.56375],"to":[10.03003,15.73979,-1.54875],"rotation":{"angle":45,"axis":"x","origin":[8,15.23229,-2.05625]},"faces":{"north":{"uv":[4,7,8.999,8],"texture":"#chair"},"east":{"uv":[12,3,13,4],"texture":"#chair"},"south":{"uv":[3,4,7.999,5],"texture":"#chair"},"west":{"uv":[2,6,3,7],"texture":"#chair"},"up":{"uv":[6,3,11,4],"texture":"#chair"},"down":{"uv":[8,11,12.999,12],"texture":"#chair"}}},{"from":[10.03003,12.93049,-2.29197],"to":[11.04503,13.94549,1.76808],"rotation":{"angle":45,"axis":"x","origin":[10.53752,13.43799,-0.26195]},"faces":{"north":{"uv":[12,3,13,4],"rotation":270,"texture":"#chair"},"east":{"uv":[4,7,8.999,8],"texture":"#chair"},"south":{"uv":[2,6,3,7],"rotation":90,"texture":"#chair"},"west":{"uv":[4,4,8.999,5],"rotation":180,"texture":"#chair"},"up":{"uv":[5,9,9.999,10],"rotation":90,"texture":"#chair"},"down":{"uv":[3,4,7.999,5],"rotation":90,"texture":"#chair"}}},{"from":[8.9878,13.36539,-1.20437],"to":[10.00283,14.38039,-0.18937],"rotation":{"angle":45,"axis":"x","origin":[8,13.87289,-0.69687]},"faces":{"north":{"uv":[11,5,12,6],"texture":"#white"},"east":{"uv":[11,5,12,6],"texture":"#white"},"south":{"uv":[11,5,12,6],"texture":"#white"},"west":{"uv":[11,5,12,6],"texture":"#white"},"up":{"uv":[11,5,12,6],"texture":"#white"},"down":{"uv":[11,5,12,6],"texture":"#white"}}},{"from":[5.96998,11.13618,1.02485],"to":[10.03003,12.15118,2.03985],"rotation":{"angle":45,"axis":"x","origin":[8,11.64368,1.53235]},"faces":{"north":{"uv":[4,7,8.999,8],"texture":"#chair"},"east":{"uv":[12,3,13,4],"texture":"#chair"},"south":{"uv":[3,4,7.999,5],"texture":"#chair"},"west":{"uv":[2,6,3,7],"texture":"#chair"},"up":{"uv":[6,3,11,4],"texture":"#chair"},"down":{"uv":[8,11,12.999,12],"texture":"#chair"}}},{"from":[-5.05,6.61563,-9.57813],"to":[-1.425,8.06563,-5.95313],"rotation":{"angle":-22.5,"axis":"x","origin":[-1.425,8.06563,-9.57813]},"faces":{"north":{"uv":[0,7.93437,1,9.38437],"texture":"#paars","tintindex":1},"east":{"uv":[0,7.93437,0,9.38437],"texture":"#paars","tintindex":1},"south":{"uv":[16,7.93437,16,9.38437],"texture":"#paars","tintindex":1},"west":{"uv":[16,7.93437,15,9.38437],"texture":"#paars","tintindex":1},"up":{"uv":[16,0,15,1],"texture":"#paars","tintindex":1},"down":{"uv":[1,0,0,1],"texture":"#paars","tintindex":1}}},{"from":[-5.05,7.975,-6.225],"to":[-1.425,9.425,-1.875],"faces":{"north":{"uv":[0,6.575,0,8.025],"texture":"#paars","tintindex":1},"east":{"uv":[0,6.575,0,8.025],"texture":"#paars","tintindex":1},"south":{"uv":[16,6.575,16,8.025],"texture":"#paars","tintindex":1},"west":{"uv":[16,6.575,15,8.025],"texture":"#paars","tintindex":1},"up":{"uv":[16,0,15,1],"texture":"#paars","tintindex":1},"down":{"uv":[1,0,0,1],"texture":"#paars","tintindex":1}}},{"from":[-5.05,7.975,-1.875],"to":[-1.425,9.425,1.75],"rotation":{"angle":22.5,"axis":"x","origin":[-1.425,9.425,-1.875]},"faces":{"north":{"uv":[0,6.575,0,8.025],"texture":"#paars","tintindex":1},"east":{"uv":[1.75,6.575,0,8.025],"texture":"#paars","tintindex":1},"south":{"uv":[16,6.575,15,8.025],"texture":"#paars","tintindex":1},"west":{"uv":[16,6.575,14.25,8.025],"texture":"#paars","tintindex":1},"up":{"uv":[16,0,15,1.75],"texture":"#paars","tintindex":1},"down":{"uv":[1,1.75,0,0],"texture":"#paars","tintindex":1}}},{"from":[-5.05,6.61563,11.54687],"to":[-1.425,8.06563,15.17187],"rotation":{"angle":-22.5,"axis":"x","origin":[-1.425,8.06563,11.54687]},"faces":{"north":{"uv":[0,7.93437,1,9.38437],"texture":"#paars","tintindex":1},"east":{"uv":[0,7.93437,0,9.38437],"texture":"#paars","tintindex":1},"south":{"uv":[16,7.93437,16,9.38437],"texture":"#paars","tintindex":1},"west":{"uv":[16,7.93437,15,9.38437],"texture":"#paars","tintindex":1},"up":{"uv":[16,0,15,1],"texture":"#paars","tintindex":1},"down":{"uv":[1,0,0,1],"texture":"#paars","tintindex":1}}},{"from":[-5.05,7.975,14.9],"to":[-1.425,9.425,19.25],"rotation":{"angle":0,"axis":"y","origin":[8,8,29.125]},"faces":{"north":{"uv":[0,6.575,0,8.025],"texture":"#paars","tintindex":1},"east":{"uv":[0,6.575,0,8.025],"texture":"#paars","tintindex":1},"south":{"uv":[16,6.575,16,8.025],"texture":"#paars","tintindex":1},"west":{"uv":[16,6.575,15,8.025],"texture":"#paars","tintindex":1},"up":{"uv":[16,0,15,1],"texture":"#paars","tintindex":1},"down":{"uv":[1,0,0,1],"texture":"#paars","tintindex":1}}},{"from":[-5.05,7.975,19.25],"to":[-1.425,9.425,22.875],"rotation":{"angle":22.5,"axis":"x","origin":[-1.425,9.425,19.25]},"faces":{"north":{"uv":[0,6.575,0,8.025],"texture":"#paars","tintindex":1},"east":{"uv":[1.75,6.575,0,8.025],"texture":"#paars","tintindex":1},"south":{"uv":[16,6.575,15,8.025],"texture":"#paars","tintindex":1},"west":{"uv":[16,6.575,14.25,8.025],"texture":"#paars","tintindex":1},"up":{"uv":[16,0,15,1.75],"texture":"#paars","tintindex":1},"down":{"uv":[1,1.75,0,0],"texture":"#paars","tintindex":1}}},{"from":[17.425,6.61563,-9.57813],"to":[21.05,8.06563,-5.95313],"rotation":{"angle":-22.5,"axis":"x","origin":[17.425,8.06563,-9.57813]},"faces":{"north":{"uv":[0,7.93437,1,9.38437],"texture":"#paars","tintindex":1},"east":{"uv":[15,7.93437,16,9.38437],"texture":"#paars","tintindex":1},"south":{"uv":[16,7.93437,16,9.38437],"texture":"#paars","tintindex":1},"west":{"uv":[0,7.93437,0,9.38437],"texture":"#paars","tintindex":1},"up":{"uv":[15,0,16,1],"texture":"#paars","tintindex":1},"down":{"uv":[0,0,1,1],"texture":"#paars","tintindex":1}}},{"from":[17.425,7.975,-6.225],"to":[21.05,9.425,-1.875],"faces":{"north":{"uv":[0,6.575,0,8.025],"texture":"#paars","tintindex":1},"east":{"uv":[15,6.575,16,8.025],"texture":"#paars","tintindex":1},"south":{"uv":[16,6.575,16,8.025],"texture":"#paars","tintindex":1},"west":{"uv":[0,6.575,0,8.025],"texture":"#paars","tintindex":1},"up":{"uv":[15,0,16,1],"texture":"#paars","tintindex":1},"down":{"uv":[0,0,1,1],"texture":"#paars","tintindex":1}}},{"from":[17.425,7.975,-1.875],"to":[21.05,9.425,1.75],"rotation":{"angle":22.5,"axis":"x","origin":[17.425,9.425,-1.875]},"faces":{"north":{"uv":[0,6.575,0,8.025],"texture":"#paars","tintindex":1},"east":{"uv":[14.25,6.575,16,8.025],"texture":"#paars","tintindex":1},"south":{"uv":[15,6.575,16,8.025],"texture":"#paars","tintindex":1},"west":{"uv":[0,6.575,1.75,8.025],"texture":"#paars","tintindex":1},"up":{"uv":[15,0,16,1.75],"texture":"#paars","tintindex":1},"down":{"uv":[0,1.75,1,0],"texture":"#paars","tintindex":1}}},{"from":[17.425,6.61563,11.54687],"to":[21.05,8.06563,15.17187],"rotation":{"angle":-22.5,"axis":"x","origin":[17.425,8.06563,11.54687]},"faces":{"north":{"uv":[0,7.93437,1,9.38437],"texture":"#paars","tintindex":1},"east":{"uv":[15,7.93437,16,9.38437],"texture":"#paars","tintindex":1},"south":{"uv":[16,7.93437,16,9.38437],"texture":"#paars","tintindex":1},"west":{"uv":[0,7.93437,0,9.38437],"texture":"#paars","tintindex":1},"up":{"uv":[15,0,16,1],"texture":"#paars","tintindex":1},"down":{"uv":[0,0,1,1],"texture":"#paars","tintindex":1}}},{"from":[17.425,7.975,14.9],"to":[21.05,9.425,19.25],"rotation":{"angle":0,"axis":"y","origin":[8,8,29.125]},"faces":{"north":{"uv":[0,6.575,0,8.025],"texture":"#paars","tintindex":1},"east":{"uv":[15,6.575,16,8.025],"texture":"#paars","tintindex":1},"south":{"uv":[16,6.575,16,8.025],"texture":"#paars","tintindex":1},"west":{"uv":[0,6.575,0,8.025],"texture":"#paars","tintindex":1},"up":{"uv":[15,0,16,1],"texture":"#paars","tintindex":1},"down":{"uv":[0,0,1,1],"texture":"#paars","tintindex":1}}},{"from":[17.425,7.975,19.25],"to":[21.05,9.425,22.875],"rotation":{"angle":22.5,"axis":"x","origin":[17.425,9.425,19.25]},"faces":{"north":{"uv":[0,6.575,0,8.025],"texture":"#paars","tintindex":1},"east":{"uv":[14.25,6.575,16,8.025],"texture":"#paars","tintindex":1},"south":{"uv":[15,6.575,16,8.025],"texture":"#paars","tintindex":1},"west":{"uv":[0,6.575,1.75,8.025],"texture":"#paars","tintindex":1},"up":{"uv":[15,0,16,1.75],"texture":"#paars","tintindex":1},"down":{"uv":[0,1.75,1,0],"texture":"#paars","tintindex":1}}},{"from":[-5.775,1.45,13.35],"to":[-2.875,5.8,15.525],"rotation":{"angle":0,"axis":"y","origin":[7.275,8,29.025]},"faces":{"north":{"uv":[7,3,4,7],"texture":"#chair"},"east":{"uv":[10,6,12,10],"texture":"#chair"},"south":{"uv":[5,11,2,14.999],"texture":"#chair"},"west":{"uv":[12,6,10,10],"texture":"#chair"},"up":{"uv":[2,9.999,4,7],"rotation":90,"texture":"#chair"},"down":{"uv":[10,9,12,6],"rotation":90,"texture":"#chair"}}},{"from":[-5.775,5.8,14.075],"to":[-2.875,6.525,14.8],"rotation":{"angle":0,"axis":"y","origin":[7.275,8,29.025]},"faces":{"north":{"uv":[5,4,2,5],"texture":"#chair"},"east":{"uv":[1,0,0,1],"texture":"#chair"},"south":{"uv":[1,0,0,1],"texture":"#chair"},"west":{"uv":[11.5,6,10.5,7],"texture":"#chair"},"up":{"uv":[7.999,6,5,7],"texture":"#chair"},"down":{"uv":[1,0,0,1],"texture":"#chair"}}},{"from":[-5.775,5.075,14.8],"to":[-2.875,7.25,19.15],"rotation":{"angle":0,"axis":"y","origin":[7.275,8,29.025]},"faces":{"north":{"uv":[11,8,8,10],"texture":"#chair"},"east":{"uv":[11,5,7,7],"texture":"#chair"},"south":{"uv":[11,5,7,7],"texture":"#chair"},"west":{"uv":[11,5,7,7],"texture":"#chair"},"up":{"uv":[3,9,7,6],"rotation":90,"texture":"#chair"},"down":{"uv":[11,5,7,7],"texture":"#chair"}}},{"from":[-5.775,5.8,19.15],"to":[-2.875,6.525,19.875],"rotation":{"angle":0,"axis":"y","origin":[7.275,8,29.025]},"faces":{"north":{"uv":[1,0,0,1],"texture":"#chair"},"east":{"uv":[1,0,0,1],"texture":"#chair"},"south":{"uv":[1,0,0,1],"texture":"#chair"},"west":{"uv":[7.5,5.5,6.5,6.5],"texture":"#chair"},"up":{"uv":[1,0,0,1],"texture":"#chair"},"down":{"uv":[1,0,0,1],"texture":"#chair"}}},{"from":[-5.775,1.45,18.425],"to":[-2.875,5.8,20.6],"rotation":{"angle":0,"axis":"y","origin":[7.275,8,29.025]},"faces":{"north":{"uv":[12.999,2,10,6],"texture":"#chair"},"east":{"uv":[6,6,8,10],"texture":"#chair"},"south":{"uv":[5,5,2,8.999],"texture":"#chair"},"west":{"uv":[8,6,6,10],"texture":"#chair"},"up":{"uv":[9,7,11,4],"rotation":90,"texture":"#chair"},"down":{"uv":[3,7.999,4.998,5],"rotation":90,"texture":"#chair"}}},{"from":[-5.775,0.725,19.15],"to":[-2.875,1.45,19.875],"rotation":{"angle":0,"axis":"y","origin":[7.275,8,29.025]},"faces":{"north":{"uv":[1,0,0,1],"texture":"#chair"},"east":{"uv":[6.5,9.5,7.5,10.5],"texture":"#chair"},"south":{"uv":[13.999,5,11,6],"texture":"#chair"},"west":{"uv":[7.5,9.5,6.5,10.5],"texture":"#chair"},"up":{"uv":[1,0,0,1],"texture":"#chair"},"down":{"uv":[7,6,4,7],"texture":"#chair"}}},{"from":[-5.775,0,14.8],"to":[-2.875,2.175,19.15],"rotation":{"angle":0,"axis":"y","origin":[7.275,8,29.025]},"faces":{"north":{"uv":[11,9,7,11],"texture":"#chair"},"east":{"uv":[7,9,11,11],"texture":"#chair"},"south":{"uv":[7,7,4,9],"texture":"#chair"},"west":{"uv":[11,9,7,11],"texture":"#chair"},"up":{"uv":[11,9,7,11],"texture":"#chair"},"down":{"uv":[7,11,10,9],"rotation":90,"texture":"#chair"}}},{"from":[-5.775,0.725,14.075],"to":[-2.875,1.45,14.8],"rotation":{"angle":0,"axis":"y","origin":[7.275,8,29.025]},"faces":{"north":{"uv":[13.999,11,11,12],"texture":"#chair"},"east":{"uv":[12,9.5,11,10.5],"texture":"#chair"},"south":{"uv":[1,0,0,1],"texture":"#chair"},"west":{"uv":[12,9.5,11,10.5],"texture":"#chair"},"up":{"uv":[1,0,0,1],"texture":"#chair"},"down":{"uv":[6,6,3,7],"texture":"#chair"}}},{"from":[-5.05,2.175,15.525],"to":[-2.875,5.075,18.425],"rotation":{"angle":0,"axis":"y","origin":[7.275,8,29.025]},"faces":{"north":{"uv":[16.5,12.5,15,14.5],"texture":"#chair"},"east":{"uv":[11,5,5,11],"texture":"#uitlaat top "},"south":{"uv":[16.5,12.5,15,14.5],"texture":"#chair"},"west":{"uv":[11,5,5,11],"texture":"#uitlaat top "},"up":{"uv":[16.5,0,15,2],"texture":"#chair"},"down":{"uv":[16.5,-2,15,0],"texture":"#chair"}}},{"from":[18.875,1.45,13.35],"to":[21.775,5.8,15.525],"rotation":{"angle":0,"axis":"y","origin":[8.725,8,29.025]},"faces":{"north":{"uv":[4,3,7,7],"texture":"#chair"},"east":{"uv":[10,6,12,10],"texture":"#chair"},"south":{"uv":[2,11,5,14.999],"texture":"#chair"},"west":{"uv":[12,6,10,10],"texture":"#chair"},"up":{"uv":[2,7,4,9.999],"rotation":90,"texture":"#chair"},"down":{"uv":[10,6,12,9],"rotation":90,"texture":"#chair"}}},{"from":[18.875,5.8,14.075],"to":[21.775,6.525,14.8],"rotation":{"angle":0,"axis":"y","origin":[8.725,8,29.025]},"faces":{"north":{"uv":[2,4,5,5],"texture":"#chair"},"east":{"uv":[10.5,6,11.5,7],"texture":"#chair"},"south":{"uv":[0,0,1,1],"texture":"#chair"},"west":{"uv":[0,0,1,1],"texture":"#chair"},"up":{"uv":[5,6,7.999,7],"texture":"#chair"},"down":{"uv":[0,0,1,1],"texture":"#chair"}}},{"from":[18.875,5.075,14.8],"to":[21.775,7.25,19.15],"rotation":{"angle":0,"axis":"y","origin":[8.725,8,29.025]},"faces":{"north":{"uv":[8,8,11,10],"texture":"#chair"},"east":{"uv":[7,5,11,7],"texture":"#chair"},"south":{"uv":[7,5,11,7],"texture":"#chair"},"west":{"uv":[7,5,11,7],"texture":"#chair"},"up":{"uv":[3,6,7,9],"rotation":90,"texture":"#chair"},"down":{"uv":[7,5,11,7],"texture":"#chair"}}},{"from":[18.875,5.8,19.15],"to":[21.775,6.525,19.875],"rotation":{"angle":0,"axis":"y","origin":[8.725,8,29.025]},"faces":{"north":{"uv":[0,0,1,1],"texture":"#chair"},"east":{"uv":[6.5,5.5,7.5,6.5],"texture":"#chair"},"south":{"uv":[0,0,1,1],"texture":"#chair"},"west":{"uv":[0,0,1,1],"texture":"#chair"},"up":{"uv":[0,0,1,1],"texture":"#chair"},"down":{"uv":[0,0,1,1],"texture":"#chair"}}},{"from":[18.875,1.45,18.425],"to":[21.775,5.8,20.6],"rotation":{"angle":0,"axis":"y","origin":[8.725,8,29.025]},"faces":{"north":{"uv":[10,2,12.999,6],"texture":"#chair"},"east":{"uv":[6,6,8,10],"texture":"#chair"},"south":{"uv":[2,5,5,8.999],"texture":"#chair"},"west":{"uv":[8,6,6,10],"texture":"#chair"},"up":{"uv":[9,4,11,7],"rotation":90,"texture":"#chair"},"down":{"uv":[3,5,4.998,7.999],"rotation":90,"texture":"#chair"}}},{"from":[18.875,0.725,19.15],"to":[21.775,1.45,19.875],"rotation":{"angle":0,"axis":"y","origin":[8.725,8,29.025]},"faces":{"north":{"uv":[0,0,1,1],"texture":"#chair"},"east":{"uv":[6.5,9.5,7.5,10.5],"texture":"#chair"},"south":{"uv":[11,5,13.999,6],"texture":"#chair"},"west":{"uv":[7.5,9.5,6.5,10.5],"texture":"#chair"},"up":{"uv":[0,0,1,1],"texture":"#chair"},"down":{"uv":[4,6,7,7],"texture":"#chair"}}},{"from":[18.875,0,14.8],"to":[21.775,2.175,19.15],"rotation":{"angle":0,"axis":"y","origin":[8.725,8,29.025]},"faces":{"north":{"uv":[7,9,11,11],"texture":"#chair"},"east":{"uv":[7,9,11,11],"texture":"#chair"},"south":{"uv":[4,7,7,9],"texture":"#chair"},"west":{"uv":[11,9,7,11],"texture":"#chair"},"up":{"uv":[7,9,11,11],"texture":"#chair"},"down":{"uv":[7,9,10,11],"rotation":90,"texture":"#chair"}}},{"from":[18.875,0.725,14.075],"to":[21.775,1.45,14.8],"rotation":{"angle":0,"axis":"y","origin":[8.725,8,29.025]},"faces":{"north":{"uv":[11,11,13.999,12],"texture":"#chair"},"east":{"uv":[11,9.5,12,10.5],"texture":"#chair"},"south":{"uv":[0,0,1,1],"texture":"#chair"},"west":{"uv":[11,9.5,12,10.5],"texture":"#chair"},"up":{"uv":[0,0,1,1],"texture":"#chair"},"down":{"uv":[3,6,6,7],"texture":"#chair"}}},{"from":[18.875,2.175,15.525],"to":[21.05,5.075,18.425],"rotation":{"angle":0,"axis":"y","origin":[8.725,8,29.025]},"faces":{"north":{"uv":[15,12.5,16.5,14.5],"texture":"#chair"},"east":{"uv":[5,5,11,11],"texture":"#uitlaat top "},"south":{"uv":[15,12.5,16.5,14.5],"texture":"#chair"},"west":{"uv":[5,5,11,11],"texture":"#uitlaat top "},"up":{"uv":[15,0,16.5,2],"texture":"#chair"},"down":{"uv":[15,-2,16.5,0],"texture":"#chair"}}},{"from":[-5.05,1.45,-7.675],"to":[-2.15,5.8,-5.5],"faces":{"north":{"uv":[7,3,4,7],"texture":"#chair"},"east":{"uv":[10,6,12,10],"texture":"#chair"},"south":{"uv":[5,11,2,14.999],"texture":"#chair"},"west":{"uv":[12,6,10,10],"texture":"#chair"},"up":{"uv":[2,9.999,4,7],"rotation":90,"texture":"#chair"},"down":{"uv":[10,9,12,6],"rotation":90,"texture":"#chair"}}},{"from":[-5.05,5.8,-6.95],"to":[-2.15,6.525,-6.225],"faces":{"north":{"uv":[5,4,2,5],"texture":"#chair"},"east":{"uv":[1,0,0,1],"texture":"#chair"},"south":{"uv":[1,0,0,1],"texture":"#chair"},"west":{"uv":[11.5,6,10.5,7],"texture":"#chair"},"up":{"uv":[7.999,6,5,7],"texture":"#chair"},"down":{"uv":[1,0,0,1],"texture":"#chair"}}},{"from":[-5.05,5.075,-6.225],"to":[-2.15,7.25,-1.875],"faces":{"north":{"uv":[11,8,8,10],"texture":"#chair"},"east":{"uv":[11,5,7,7],"texture":"#chair"},"south":{"uv":[11,5,7,7],"texture":"#chair"},"west":{"uv":[11,5,7,7],"texture":"#chair"},"up":{"uv":[3,9,7,6],"rotation":90,"texture":"#chair"},"down":{"uv":[11,5,7,7],"texture":"#chair"}}},{"from":[-5.05,5.8,-1.875],"to":[-2.15,6.525,-1.15],"faces":{"north":{"uv":[1,0,0,1],"texture":"#chair"},"east":{"uv":[1,0,0,1],"texture":"#chair"},"south":{"uv":[1,0,0,1],"texture":"#chair"},"west":{"uv":[7.5,5.5,6.5,6.5],"texture":"#chair"},"up":{"uv":[1,0,0,1],"texture":"#chair"},"down":{"uv":[1,0,0,1],"texture":"#chair"}}},{"from":[-5.05,1.45,-2.6],"to":[-2.15,5.8,-0.425],"faces":{"north":{"uv":[12.999,2,10,6],"texture":"#chair"},"east":{"uv":[6,6,8,10],"texture":"#chair"},"south":{"uv":[5,5,2,8.999],"texture":"#chair"},"west":{"uv":[8,6,6,10],"texture":"#chair"},"up":{"uv":[9,7,11,4],"rotation":90,"texture":"#chair"},"down":{"uv":[3,7.999,4.998,5],"rotation":90,"texture":"#chair"}}},{"from":[-5.05,0.725,-1.875],"to":[-2.15,1.45,-1.15],"faces":{"north":{"uv":[1,0,0,1],"texture":"#chair"},"east":{"uv":[6.5,9.5,7.5,10.5],"texture":"#chair"},"south":{"uv":[13.999,5,11,6],"texture":"#chair"},"west":{"uv":[7.5,9.5,6.5,10.5],"texture":"#chair"},"up":{"uv":[1,0,0,1],"texture":"#chair"},"down":{"uv":[7,6,4,7],"texture":"#chair"}}},{"from":[-5.05,0,-6.225],"to":[-2.15,2.175,-1.875],"faces":{"north":{"uv":[11,9,7,11],"texture":"#chair"},"east":{"uv":[7,9,11,11],"texture":"#chair"},"south":{"uv":[7,7,4,9],"texture":"#chair"},"west":{"uv":[11,9,7,11],"texture":"#chair"},"up":{"uv":[11,9,7,11],"texture":"#chair"},"down":{"uv":[7,11,10,9],"rotation":90,"texture":"#chair"}}},{"from":[-5.05,0.725,-6.95],"to":[-2.15,1.45,-6.225],"faces":{"north":{"uv":[13.999,11,11,12],"texture":"#chair"},"east":{"uv":[12,9.5,11,10.5],"texture":"#chair"},"south":{"uv":[1,0,0,1],"texture":"#chair"},"west":{"uv":[12,9.5,11,10.5],"texture":"#chair"},"up":{"uv":[1,0,0,1],"texture":"#chair"},"down":{"uv":[6,6,3,7],"texture":"#chair"}}},{"from":[-2.15,2.175,-5.5],"to":[0.025,5.075,-2.6],"faces":{"north":{"uv":[0.025,10.925,0,13.825],"texture":"#chair"},"east":{"uv":[0,10.925,0,13.825],"texture":"#chair"},"south":{"uv":[16,10.925,15.975,13.825],"texture":"#chair"},"west":{"uv":[16,10.925,16,13.825],"texture":"#chair"},"up":{"uv":[16,0,15.975,0],"texture":"#chair"},"down":{"uv":[0,0,0.025,1],"texture":"#chair"}}},{"from":[-4.325,2.175,-5.5],"to":[-2.15,5.075,-2.6],"faces":{"north":{"uv":[16.5,12.5,15,14.5],"texture":"#chair"},"east":{"uv":[11,5,5,11],"texture":"#uitlaat top "},"south":{"uv":[16.5,12.5,15,14.5],"texture":"#chair"},"west":{"uv":[11,5,5,11],"texture":"#uitlaat top "},"up":{"uv":[16.5,0,15,2],"texture":"#chair"},"down":{"uv":[16.5,-2,15,0],"texture":"#chair"}}},{"from":[18.15,1.45,-7.675],"to":[21.05,5.8,-5.5],"faces":{"north":{"uv":[4,3,7,7],"texture":"#chair"},"east":{"uv":[10,6,12,10],"texture":"#chair"},"south":{"uv":[2,11,5,14.999],"texture":"#chair"},"west":{"uv":[12,6,10,10],"texture":"#chair"},"up":{"uv":[2,7,4,9.999],"rotation":90,"texture":"#chair"},"down":{"uv":[10,6,12,9],"rotation":90,"texture":"#chair"}}},{"from":[18.15,5.8,-6.95],"to":[21.05,6.525,-6.225],"faces":{"north":{"uv":[2,4,5,5],"texture":"#chair"},"east":{"uv":[10.5,6,11.5,7],"texture":"#chair"},"south":{"uv":[0,0,1,1],"texture":"#chair"},"west":{"uv":[0,0,1,1],"texture":"#chair"},"up":{"uv":[5,6,7.999,7],"texture":"#chair"},"down":{"uv":[0,0,1,1],"texture":"#chair"}}},{"from":[18.15,5.075,-6.225],"to":[21.05,7.25,-1.875],"faces":{"north":{"uv":[8,8,11,10],"texture":"#chair"},"east":{"uv":[7,5,11,7],"texture":"#chair"},"south":{"uv":[7,5,11,7],"texture":"#chair"},"west":{"uv":[7,5,11,7],"texture":"#chair"},"up":{"uv":[3,6,7,9],"rotation":90,"texture":"#chair"},"down":{"uv":[7,5,11,7],"texture":"#chair"}}},{"from":[18.15,5.8,-1.875],"to":[21.05,6.525,-1.15],"faces":{"north":{"uv":[0,0,1,1],"texture":"#chair"},"east":{"uv":[6.5,5.5,7.5,6.5],"texture":"#chair"},"south":{"uv":[0,0,1,1],"texture":"#chair"},"west":{"uv":[0,0,1,1],"texture":"#chair"},"up":{"uv":[0,0,1,1],"texture":"#chair"},"down":{"uv":[0,0,1,1],"texture":"#chair"}}},{"from":[18.15,1.45,-2.6],"to":[21.05,5.8,-0.425],"faces":{"north":{"uv":[10,2,12.999,6],"texture":"#chair"},"east":{"uv":[6,6,8,10],"texture":"#chair"},"south":{"uv":[2,5,5,8.999],"texture":"#chair"},"west":{"uv":[8,6,6,10],"texture":"#chair"},"up":{"uv":[9,4,11,7],"rotation":90,"texture":"#chair"},"down":{"uv":[3,5,4.998,7.999],"rotation":90,"texture":"#chair"}}},{"from":[18.15,0.725,-1.875],"to":[21.05,1.45,-1.15],"faces":{"north":{"uv":[0,0,1,1],"texture":"#chair"},"east":{"uv":[6.5,9.5,7.5,10.5],"texture":"#chair"},"south":{"uv":[11,5,13.999,6],"texture":"#chair"},"west":{"uv":[7.5,9.5,6.5,10.5],"texture":"#chair"},"up":{"uv":[0,0,1,1],"texture":"#chair"},"down":{"uv":[4,6,7,7],"texture":"#chair"}}},{"from":[18.15,0,-6.225],"to":[21.05,2.175,-1.875],"faces":{"north":{"uv":[7,9,11,11],"texture":"#chair"},"east":{"uv":[7,9,11,11],"texture":"#chair"},"south":{"uv":[4,7,7,9],"texture":"#chair"},"west":{"uv":[11,9,7,11],"texture":"#chair"},"up":{"uv":[7,9,11,11],"texture":"#chair"},"down":{"uv":[7,9,10,11],"rotation":90,"texture":"#chair"}}},{"from":[18.15,0.725,-6.95],"to":[21.05,1.45,-6.225],"faces":{"north":{"uv":[11,11,13.999,12],"texture":"#chair"},"east":{"uv":[11,9.5,12,10.5],"texture":"#chair"},"south":{"uv":[0,0,1,1],"texture":"#chair"},"west":{"uv":[11,9.5,12,10.5],"texture":"#chair"},"up":{"uv":[0,0,1,1],"texture":"#chair"},"down":{"uv":[3,6,6,7],"texture":"#chair"}}},{"from":[15.975,2.175,-5.5],"to":[18.15,5.075,-2.6],"faces":{"north":{"uv":[0,10.925,0.025,13.825],"texture":"#chair"},"east":{"uv":[16,10.925,16,13.825],"texture":"#chair"},"south":{"uv":[15.975,10.925,16,13.825],"texture":"#chair"},"west":{"uv":[0,10.925,0,13.825],"texture":"#chair"},"up":{"uv":[15.975,0,16,0],"texture":"#chair"},"down":{"uv":[0.025,0,0,1],"texture":"#chair"}}},{"from":[18.15,2.175,-5.5],"to":[20.325,5.075,-2.6],"faces":{"north":{"uv":[15,12.5,16.5,14.5],"texture":"#chair"},"east":{"uv":[5,5,11,11],"texture":"#uitlaat top "},"south":{"uv":[15,12.5,16.5,14.5],"texture":"#chair"},"west":{"uv":[5,5,11,11],"texture":"#uitlaat top "},"up":{"uv":[15,0,16.5,2],"texture":"#chair"},"down":{"uv":[15,-2,16.5,0],"texture":"#chair"}}}],"display":{"gui":{"rotation":[10,150,0],"translation":[0.5,0,0],"scale":[0.4,0.4,0.4]},"head":{"scale":[1.5,1.5,1.5]}},"groups":[0,1,2,3,4,5,6,7,8,9,10,11,12,13,14,15,16,17,18,19,20,21,22,23,24,25,26,27,28,29,30,31,32,33,34,35,36,37,38,39,40,41,42,43,44,45,46,47,48,49,50,51,52,53,54,55,56,57,58,59,60,61,62,63,64,65,66,67,68,69,70,71,72,73,74,75,76,77,78,79,80,81,82,83,84,85,86,87,88,89,90,91,92,{"name":"group","origin":[8,11.64368,1.53235],"children":[93,94,95,96,97,98,99]},{"name":"group","origin":[17.425,9.425,19.25],"children":[100,101,102,103,104,105,106,107,108,109,110,111]},{"name":"wheels","origin":[8,8,8],"children":[{"name":"wheel","origin":[8,8,8],"children":[112,113,114,115,116,117,118,119,120]},{"name":"wheel","origin":[8,8,8],"children":[121,122,123,124,125,126,127,128,129]},{"name":"wheel","origin":[8,8,8],"children":[130,131,132,133,134,135,136,137,138,139]},{"name":"wheel","origin":[8,8,8],"children":[140,141,142,143,144,145,146,147,148,149]}]}],"credit":"Model by Craftventure"}