{"textures":{"texture":"block/fenrirzwart","oranje":"block/brown_terracotta"},"elements":[{"name":"cube","from":[-8.25,24,3],"to":[-1.75,32,13],"faces":{"north":{"uv":[7.2,14.2,8.6,15.5],"texture":"#texture"},"east":{"uv":[7.3,14.2,8.7,15.5],"texture":"#texture"},"south":{"uv":[7.4,14.2,8.8,15.5],"texture":"#texture"},"west":{"uv":[7.3,14.2,8.7,15.5],"texture":"#texture"},"up":{"uv":[7.4,7.3,8.8,8.7],"texture":"#texture"},"down":{"uv":[8.6,8.7,7.2,7.3],"texture":"#texture"}},"type":"cube"},{"name":"cube","from":[-7.25,-8.5,4],"to":[-3,24,12],"faces":{"north":{"uv":[7.2,14.2,8.6,15.5],"texture":"#oranje"},"east":{"uv":[7.3,14.2,8.7,15.5],"texture":"#oranje"},"south":{"uv":[7.4,14.2,8.8,15.5],"texture":"#oranje"},"west":{"uv":[7.3,14.2,8.7,15.5],"texture":"#oranje"},"up":{"uv":[7.4,7.3,8.8,8.7],"texture":"#oranje"},"down":{"uv":[8.6,8.7,7.2,7.3],"texture":"#oranje"}},"type":"cube"}],"display":{"head":{"rotation":[0,0,0],"translation":[24,24,0],"scale":[4,4,4]},"gui":{"scale":[0.3,0.3,0.3],"translation":[3,-0.5,0],"rotation":[28,40,0]}},"credit":"Model by Craftventure"}