{"textures":{"0":"block/red_terracotta","1":"block/smooth_stone","2":"block/gray_concrete","3":"block/coal_block","4":"block/brown_concrete","6":"block/yellow_terracotta","7":"block/gon_bao","particle":"block/red_terracotta"},"elements":[{"name":"cube","from":[-1.5,0,2],"to":[17.5,1,18],"faces":{"north":{"uv":[1,1,15,2],"texture":"#1"},"east":{"uv":[1,1,15,2],"texture":"#1"},"south":{"uv":[1,1,15,2],"texture":"#1"},"west":{"uv":[1,1,15,2],"texture":"#1"},"up":{"uv":[1,1,14,12],"texture":"#1","rotation":180},"down":{"uv":[1,1,14,12],"texture":"#1","rotation":180}}},{"name":"cube","from":[-1.5,1,9.075],"to":[-0.5,11,17],"faces":{"north":{"uv":[1,0,0,1],"texture":"#0"},"east":{"uv":[1,0,0,1],"texture":"#0"},"south":{"uv":[1,0,0,1],"texture":"#0"},"west":{"uv":[1,0,0,1],"texture":"#0"},"up":{"uv":[1,0,0,1],"texture":"#0","rotation":180},"down":{"uv":[1,0,0,1],"texture":"#0","rotation":180}}},{"name":"cube","from":[-1.5,1,17],"to":[17.5,11,18],"faces":{"north":{"uv":[0,0,1,1],"texture":"#0"},"east":{"uv":[0,0,1,1],"texture":"#0"},"south":{"uv":[0,0,1,1],"texture":"#0"},"west":{"uv":[0,0,1,1],"texture":"#0"},"up":{"uv":[0,0,1,1],"texture":"#0","rotation":180},"down":{"uv":[0,0,1,1],"texture":"#0","rotation":180}}},{"name":"cube","from":[-1.5,1,2],"to":[-0.5,6,9.075],"faces":{"north":{"uv":[1,0,0,1],"texture":"#0"},"east":{"uv":[1,0,0,1],"texture":"#0"},"south":{"uv":[1,0,0,1],"texture":"#0"},"west":{"uv":[1,0,0,1],"texture":"#0"},"up":{"uv":[1,0,0,1],"texture":"#0","rotation":180},"down":{"uv":[1,0,0,1],"texture":"#0","rotation":180}}},{"name":"cube","from":[-1.5,4.70711,2.53553],"to":[-0.5,8.70711,7.53553],"rotation":{"angle":-45,"axis":"x","origin":[-1,6.70711,5.53553]},"faces":{"north":{"uv":[1,0,0,1],"texture":"#0"},"east":{"uv":[1,0,0,1],"texture":"#0"},"south":{"uv":[1,0,0,1],"texture":"#0"},"west":{"uv":[1,0,0,1],"texture":"#0"},"up":{"uv":[1,0,0,1],"texture":"#0","rotation":180},"down":{"uv":[1,0,0,1],"texture":"#0","rotation":180}}},{"name":"cube","from":[-1.5,6.18583,6.07254],"to":[-0.5,10.83583,9.89754],"rotation":{"angle":-22.5,"axis":"x","origin":[-1,8.83583,9.07254]},"faces":{"north":{"uv":[1,0,0,1],"texture":"#0"},"east":{"uv":[1,0,0,1],"texture":"#0"},"south":{"uv":[1,0,0,1],"texture":"#0"},"west":{"uv":[1,0,0,1],"texture":"#0"},"up":{"uv":[1,0,0,1],"texture":"#0","rotation":180},"down":{"uv":[1,0,0,1],"texture":"#0","rotation":180}}},{"name":"cube","from":[16.5,1,9.075],"to":[17.5,11,17],"faces":{"north":{"uv":[0,0,1,1],"texture":"#0"},"east":{"uv":[0,0,1,1],"texture":"#0"},"south":{"uv":[0,0,1,1],"texture":"#0"},"west":{"uv":[0,0,1,1],"texture":"#0"},"up":{"uv":[0,0,1,1],"texture":"#0","rotation":180},"down":{"uv":[0,0,1,1],"texture":"#0","rotation":180}}},{"name":"cube","from":[16.5,6.18583,6.07254],"to":[17.5,10.83583,9.89754],"rotation":{"angle":-22.5,"axis":"x","origin":[17,8.83583,9.07254]},"faces":{"north":{"uv":[0,0,1,1],"texture":"#0"},"east":{"uv":[0,0,1,1],"texture":"#0"},"south":{"uv":[0,0,1,1],"texture":"#0"},"west":{"uv":[0,0,1,1],"texture":"#0"},"up":{"uv":[0,0,1,1],"texture":"#0","rotation":180},"down":{"uv":[0,0,1,1],"texture":"#0","rotation":180}}},{"name":"cube","from":[16.5,4.70711,2.53553],"to":[17.5,8.70711,7.53553],"rotation":{"angle":-45,"axis":"x","origin":[17,6.70711,5.53553]},"faces":{"north":{"uv":[0,0,1,1],"texture":"#0"},"east":{"uv":[0,0,1,1],"texture":"#0"},"south":{"uv":[0,0,1,1],"texture":"#0"},"west":{"uv":[0,0,1,1],"texture":"#0"},"up":{"uv":[0,0,1,1],"texture":"#0","rotation":180},"down":{"uv":[0,0,1,1],"texture":"#0","rotation":180}}},{"name":"cube","from":[16.5,1,2],"to":[17.5,6,9.075],"faces":{"north":{"uv":[0,0,1,1],"texture":"#0"},"east":{"uv":[0,0,1,1],"texture":"#0"},"south":{"uv":[0,0,1,1],"texture":"#0"},"west":{"uv":[0,0,1,1],"texture":"#0"},"up":{"uv":[0,0,1,1],"texture":"#0","rotation":180},"down":{"uv":[0,0,1,1],"texture":"#0","rotation":180}}},{"name":"octagon","from":[2.39631,-5.08333,-0.15114],"to":[3.61047,-2.29426,0.97109],"rotation":{"angle":45,"axis":"x","origin":[2.94135,-3.68879,3.21555]},"faces":{"north":{"uv":[0,0,1,1],"texture":"#2"},"east":{"uv":[0,0,1,1],"texture":"#2"},"south":{"uv":[0,0,1,1],"texture":"#2"},"west":{"uv":[0,0,1,1],"texture":"#2"},"up":{"uv":[0,0,1,1],"texture":"#2"},"down":{"uv":[0,0,1,1],"texture":"#2"}}},{"name":"octagon","from":[2.39631,-5.08333,-0.15114],"to":[3.61047,-2.29426,0.97109],"faces":{"north":{"uv":[0,0,1,1],"texture":"#2"},"east":{"uv":[0,0,1,1],"texture":"#2"},"south":{"uv":[0,0,1,1],"texture":"#2"},"west":{"uv":[0,0,1,1],"texture":"#2"},"up":{"uv":[0,0,1,1],"texture":"#2"},"down":{"uv":[0,0,1,1],"texture":"#2"}}},{"name":"octagon","from":[2.39631,-5.08333,5.46002],"to":[3.61047,-2.29426,6.58225],"rotation":{"angle":45,"axis":"x","origin":[2.94135,-3.68879,3.21555]},"faces":{"north":{"uv":[0,0,1,1],"texture":"#2"},"east":{"uv":[0,0,1,1],"texture":"#2"},"south":{"uv":[0,0,1,1],"texture":"#2"},"west":{"uv":[0,0,1,1],"texture":"#2"},"up":{"uv":[0,0,1,1],"texture":"#2"},"down":{"uv":[0,0,1,1],"texture":"#2"}}},{"name":"octagon","from":[2.39631,-5.08333,5.46002],"to":[3.61047,-2.29426,6.58225],"faces":{"north":{"uv":[0,0,1,1],"texture":"#2"},"east":{"uv":[0,0,1,1],"texture":"#2"},"south":{"uv":[0,0,1,1],"texture":"#2"},"west":{"uv":[0,0,1,1],"texture":"#2"},"up":{"uv":[0,0,1,1],"texture":"#2"},"down":{"uv":[0,0,1,1],"texture":"#2"}}},{"name":"octagon","from":[2.39631,-7.05549,1.82102],"to":[3.61047,-5.93326,4.61008],"rotation":{"angle":45,"axis":"x","origin":[2.94135,-3.68879,3.21555]},"faces":{"north":{"uv":[0,0,1,1],"texture":"#2"},"east":{"uv":[0,0,1,1],"texture":"#2"},"south":{"uv":[0,0,1,1],"texture":"#2"},"west":{"uv":[0,0,1,1],"texture":"#2"},"up":{"uv":[0,0,1,1],"texture":"#2"},"down":{"uv":[0,0,1,1],"texture":"#2"}}},{"name":"octagon","from":[2.39631,-7.05549,1.82102],"to":[3.61047,-5.93326,4.61008],"faces":{"north":{"uv":[0,0,1,1],"texture":"#2"},"east":{"uv":[0,0,1,1],"texture":"#2"},"south":{"uv":[0,0,1,1],"texture":"#2"},"west":{"uv":[0,0,1,1],"texture":"#2"},"up":{"uv":[0,0,1,1],"texture":"#2"},"down":{"uv":[0,0,1,1],"texture":"#2"}}},{"name":"octagon","from":[2.39631,-1.44433,1.82102],"to":[3.61047,-0.3221,4.61008],"rotation":{"angle":45,"axis":"x","origin":[2.94135,-3.68879,3.21555]},"faces":{"north":{"uv":[0,0,1,1],"texture":"#2"},"east":{"uv":[0,0,1,1],"texture":"#2"},"south":{"uv":[0,0,1,1],"texture":"#2"},"west":{"uv":[0,0,1,1],"texture":"#2"},"up":{"uv":[0,0,1,1],"texture":"#2"},"down":{"uv":[0,0,1,1],"texture":"#2"}}},{"name":"octagon","from":[2.39631,-1.44433,1.82102],"to":[3.61047,-0.3221,4.61008],"faces":{"north":{"uv":[0,0,1,1],"texture":"#2"},"east":{"uv":[0,0,1,1],"texture":"#2"},"south":{"uv":[0,0,1,1],"texture":"#2"},"west":{"uv":[0,0,1,1],"texture":"#2"},"up":{"uv":[0,0,1,1],"texture":"#2"},"down":{"uv":[0,0,1,1],"texture":"#2"}}},{"name":"octagon","from":[3.44008,-5.18552,-0.35221],"to":[3.7551,-2.22912,0.83735],"rotation":{"angle":45,"axis":"x","origin":[3.04583,-3.70732,3.21649]},"faces":{"north":{"uv":[0,0,1,1],"texture":"#2"},"east":{"uv":[0,0,1,1],"texture":"#2"},"south":{"uv":[0,0,1,1],"texture":"#2"},"west":{"uv":[0,0,1,1],"texture":"#2"},"up":{"uv":[0,0,1,1],"texture":"#2"},"down":{"uv":[0,0,1,1],"texture":"#2"}}},{"name":"octagon","from":[3.44008,-5.18552,-0.35221],"to":[3.7551,-2.22912,0.83735],"faces":{"north":{"uv":[0,0,1,1],"texture":"#2"},"east":{"uv":[0,0,1,1],"texture":"#2"},"south":{"uv":[0,0,1,1],"texture":"#2"},"west":{"uv":[0,0,1,1],"texture":"#2"},"up":{"uv":[0,0,1,1],"texture":"#2"},"down":{"uv":[0,0,1,1],"texture":"#2"}}},{"name":"octagon","from":[3.44008,-5.18552,5.59562],"to":[3.7551,-2.22912,6.78518],"rotation":{"angle":45,"axis":"x","origin":[3.04583,-3.70732,3.21649]},"faces":{"north":{"uv":[0,0,1,1],"texture":"#2"},"east":{"uv":[0,0,1,1],"texture":"#2"},"south":{"uv":[0,0,1,1],"texture":"#2"},"west":{"uv":[0,0,1,1],"texture":"#2"},"up":{"uv":[0,0,1,1],"texture":"#2"},"down":{"uv":[0,0,1,1],"texture":"#2"}}},{"name":"octagon","from":[3.44008,-5.18552,5.59562],"to":[3.7551,-2.22912,6.78518],"faces":{"north":{"uv":[0,0,1,1],"texture":"#2"},"east":{"uv":[0,0,1,1],"texture":"#2"},"south":{"uv":[0,0,1,1],"texture":"#2"},"west":{"uv":[0,0,1,1],"texture":"#2"},"up":{"uv":[0,0,1,1],"texture":"#2"},"down":{"uv":[0,0,1,1],"texture":"#2"}}},{"name":"octagon","from":[3.44008,-7.27602,1.73828],"to":[3.7551,-6.08645,4.69469],"rotation":{"angle":45,"axis":"x","origin":[3.04583,-3.70732,3.21649]},"faces":{"north":{"uv":[0,0,1,1],"texture":"#2"},"east":{"uv":[0,0,1,1],"texture":"#2"},"south":{"uv":[0,0,1,1],"texture":"#2"},"west":{"uv":[0,0,1,1],"texture":"#2"},"up":{"uv":[0,0,1,1],"texture":"#2"},"down":{"uv":[0,0,1,1],"texture":"#2"}}},{"name":"octagon","from":[3.44008,-7.27602,1.73828],"to":[3.7551,-6.08645,4.69469],"faces":{"north":{"uv":[0,0,1,1],"texture":"#2"},"east":{"uv":[0,0,1,1],"texture":"#2"},"south":{"uv":[0,0,1,1],"texture":"#2"},"west":{"uv":[0,0,1,1],"texture":"#2"},"up":{"uv":[0,0,1,1],"texture":"#2"},"down":{"uv":[0,0,1,1],"texture":"#2"}}},{"name":"octagon","from":[3.44008,-1.3282,1.73828],"to":[3.7551,-0.13863,4.69469],"rotation":{"angle":45,"axis":"x","origin":[3.04583,-3.70733,3.21649]},"faces":{"north":{"uv":[0,0,1,1],"texture":"#2"},"east":{"uv":[0,0,1,1],"texture":"#2"},"south":{"uv":[0,0,1,1],"texture":"#2"},"west":{"uv":[0,0,1,1],"texture":"#2"},"up":{"uv":[0,0,1,1],"texture":"#2"},"down":{"uv":[0,0,1,1],"texture":"#2"}}},{"name":"octagon","from":[3.44008,-1.32819,1.73828],"to":[3.7551,-0.13862,4.69469],"faces":{"north":{"uv":[0,0,1,1],"texture":"#2"},"east":{"uv":[0,0,1,1],"texture":"#2"},"south":{"uv":[0,0,1,1],"texture":"#2"},"west":{"uv":[0,0,1,1],"texture":"#2"},"up":{"uv":[0,0,1,1],"texture":"#2"},"down":{"uv":[0,0,1,1],"texture":"#2"}}},{"name":"octagon","from":[2.56631,-5.95333,0.85002],"to":[3.24047,-1.37426,5.50225],"faces":{"north":{"uv":[0,0,1,1],"texture":"#2"},"east":{"uv":[0,0,1,1],"texture":"#2"},"south":{"uv":[0,0,1,1],"texture":"#2"},"west":{"uv":[0,0,1,1],"texture":"#2"},"up":{"uv":[0,0,1,1],"texture":"#2"},"down":{"uv":[0,0,1,1],"texture":"#2"}}},{"name":"octagon","from":[2.39631,-5.08333,9.64886],"to":[3.61047,-2.29426,10.77109],"rotation":{"angle":45,"axis":"x","origin":[2.94135,-3.68879,13.01555]},"faces":{"north":{"uv":[0,0,1,1],"texture":"#2"},"east":{"uv":[0,0,1,1],"texture":"#2"},"south":{"uv":[0,0,1,1],"texture":"#2"},"west":{"uv":[0,0,1,1],"texture":"#2"},"up":{"uv":[0,0,1,1],"texture":"#2"},"down":{"uv":[0,0,1,1],"texture":"#2"}}},{"name":"octagon","from":[2.39631,-5.08333,9.64886],"to":[3.61047,-2.29426,10.77109],"faces":{"north":{"uv":[0,0,1,1],"texture":"#2"},"east":{"uv":[0,0,1,1],"texture":"#2"},"south":{"uv":[0,0,1,1],"texture":"#2"},"west":{"uv":[0,0,1,1],"texture":"#2"},"up":{"uv":[0,0,1,1],"texture":"#2"},"down":{"uv":[0,0,1,1],"texture":"#2"}}},{"name":"octagon","from":[2.39631,-5.08333,15.26002],"to":[3.61047,-2.29426,16.38225],"rotation":{"angle":45,"axis":"x","origin":[2.94135,-3.68879,13.01555]},"faces":{"north":{"uv":[0,0,1,1],"texture":"#2"},"east":{"uv":[0,0,1,1],"texture":"#2"},"south":{"uv":[0,0,1,1],"texture":"#2"},"west":{"uv":[0,0,1,1],"texture":"#2"},"up":{"uv":[0,0,1,1],"texture":"#2"},"down":{"uv":[0,0,1,1],"texture":"#2"}}},{"name":"octagon","from":[2.39631,-5.08333,15.26002],"to":[3.61047,-2.29426,16.38225],"faces":{"north":{"uv":[0,0,1,1],"texture":"#2"},"east":{"uv":[0,0,1,1],"texture":"#2"},"south":{"uv":[0,0,1,1],"texture":"#2"},"west":{"uv":[0,0,1,1],"texture":"#2"},"up":{"uv":[0,0,1,1],"texture":"#2"},"down":{"uv":[0,0,1,1],"texture":"#2"}}},{"name":"octagon","from":[2.39631,-7.05549,11.62102],"to":[3.61047,-5.93326,14.41008],"rotation":{"angle":45,"axis":"x","origin":[2.94135,-3.68879,13.01555]},"faces":{"north":{"uv":[0,0,1,1],"texture":"#2"},"east":{"uv":[0,0,1,1],"texture":"#2"},"south":{"uv":[0,0,1,1],"texture":"#2"},"west":{"uv":[0,0,1,1],"texture":"#2"},"up":{"uv":[0,0,1,1],"texture":"#2"},"down":{"uv":[0,0,1,1],"texture":"#2"}}},{"name":"octagon","from":[2.39631,-7.05549,11.62102],"to":[3.61047,-5.93326,14.41008],"faces":{"north":{"uv":[0,0,1,1],"texture":"#2"},"east":{"uv":[0,0,1,1],"texture":"#2"},"south":{"uv":[0,0,1,1],"texture":"#2"},"west":{"uv":[0,0,1,1],"texture":"#2"},"up":{"uv":[0,0,1,1],"texture":"#2"},"down":{"uv":[0,0,1,1],"texture":"#2"}}},{"name":"octagon","from":[2.39631,-1.44433,11.62102],"to":[3.61047,-0.3221,14.41008],"rotation":{"angle":45,"axis":"x","origin":[2.94135,-3.68879,13.01555]},"faces":{"north":{"uv":[0,0,1,1],"texture":"#2"},"east":{"uv":[0,0,1,1],"texture":"#2"},"south":{"uv":[0,0,1,1],"texture":"#2"},"west":{"uv":[0,0,1,1],"texture":"#2"},"up":{"uv":[0,0,1,1],"texture":"#2"},"down":{"uv":[0,0,1,1],"texture":"#2"}}},{"name":"octagon","from":[2.39631,-1.44433,11.62102],"to":[3.61047,-0.3221,14.41008],"faces":{"north":{"uv":[0,0,1,1],"texture":"#2"},"east":{"uv":[0,0,1,1],"texture":"#2"},"south":{"uv":[0,0,1,1],"texture":"#2"},"west":{"uv":[0,0,1,1],"texture":"#2"},"up":{"uv":[0,0,1,1],"texture":"#2"},"down":{"uv":[0,0,1,1],"texture":"#2"}}},{"name":"octagon","from":[3.44008,-5.18552,9.44779],"to":[3.7551,-2.22912,10.63735],"rotation":{"angle":45,"axis":"x","origin":[3.04583,-3.70732,13.01649]},"faces":{"north":{"uv":[0,0,1,1],"texture":"#2"},"east":{"uv":[0,0,1,1],"texture":"#2"},"south":{"uv":[0,0,1,1],"texture":"#2"},"west":{"uv":[0,0,1,1],"texture":"#2"},"up":{"uv":[0,0,1,1],"texture":"#2"},"down":{"uv":[0,0,1,1],"texture":"#2"}}},{"name":"octagon","from":[3.44008,-5.18552,9.44779],"to":[3.7551,-2.22912,10.63735],"faces":{"north":{"uv":[0,0,1,1],"texture":"#2"},"east":{"uv":[0,0,1,1],"texture":"#2"},"south":{"uv":[0,0,1,1],"texture":"#2"},"west":{"uv":[0,0,1,1],"texture":"#2"},"up":{"uv":[0,0,1,1],"texture":"#2"},"down":{"uv":[0,0,1,1],"texture":"#2"}}},{"name":"octagon","from":[3.44008,-5.18552,15.39562],"to":[3.7551,-2.22912,16.58518],"rotation":{"angle":45,"axis":"x","origin":[3.04583,-3.70732,13.01649]},"faces":{"north":{"uv":[0,0,1,1],"texture":"#2"},"east":{"uv":[0,0,1,1],"texture":"#2"},"south":{"uv":[0,0,1,1],"texture":"#2"},"west":{"uv":[0,0,1,1],"texture":"#2"},"up":{"uv":[0,0,1,1],"texture":"#2"},"down":{"uv":[0,0,1,1],"texture":"#2"}}},{"name":"octagon","from":[3.44008,-5.18552,15.39562],"to":[3.7551,-2.22912,16.58518],"faces":{"north":{"uv":[0,0,1,1],"texture":"#2"},"east":{"uv":[0,0,1,1],"texture":"#2"},"south":{"uv":[0,0,1,1],"texture":"#2"},"west":{"uv":[0,0,1,1],"texture":"#2"},"up":{"uv":[0,0,1,1],"texture":"#2"},"down":{"uv":[0,0,1,1],"texture":"#2"}}},{"name":"octagon","from":[3.44008,-7.27602,11.53828],"to":[3.7551,-6.08645,14.49469],"rotation":{"angle":45,"axis":"x","origin":[3.04583,-3.70732,13.01649]},"faces":{"north":{"uv":[0,0,1,1],"texture":"#2"},"east":{"uv":[0,0,1,1],"texture":"#2"},"south":{"uv":[0,0,1,1],"texture":"#2"},"west":{"uv":[0,0,1,1],"texture":"#2"},"up":{"uv":[0,0,1,1],"texture":"#2"},"down":{"uv":[0,0,1,1],"texture":"#2"}}},{"name":"octagon","from":[3.44008,-7.27602,11.53828],"to":[3.7551,-6.08645,14.49469],"faces":{"north":{"uv":[0,0,1,1],"texture":"#2"},"east":{"uv":[0,0,1,1],"texture":"#2"},"south":{"uv":[0,0,1,1],"texture":"#2"},"west":{"uv":[0,0,1,1],"texture":"#2"},"up":{"uv":[0,0,1,1],"texture":"#2"},"down":{"uv":[0,0,1,1],"texture":"#2"}}},{"name":"octagon","from":[3.44008,-1.3282,11.53827],"to":[3.7551,-0.13863,14.49468],"rotation":{"angle":45,"axis":"x","origin":[3.04583,-3.70733,13.01648]},"faces":{"north":{"uv":[0,0,1,1],"texture":"#2"},"east":{"uv":[0,0,1,1],"texture":"#2"},"south":{"uv":[0,0,1,1],"texture":"#2"},"west":{"uv":[0,0,1,1],"texture":"#2"},"up":{"uv":[0,0,1,1],"texture":"#2"},"down":{"uv":[0,0,1,1],"texture":"#2"}}},{"name":"octagon","from":[3.44008,-1.32819,11.53828],"to":[3.7551,-0.13862,14.49469],"faces":{"north":{"uv":[0,0,1,1],"texture":"#2"},"east":{"uv":[0,0,1,1],"texture":"#2"},"south":{"uv":[0,0,1,1],"texture":"#2"},"west":{"uv":[0,0,1,1],"texture":"#2"},"up":{"uv":[0,0,1,1],"texture":"#2"},"down":{"uv":[0,0,1,1],"texture":"#2"}}},{"name":"octagon","from":[2.56631,-5.95333,10.65002],"to":[3.24047,-1.37426,15.30225],"faces":{"north":{"uv":[0,0,1,1],"texture":"#2"},"east":{"uv":[0,0,1,1],"texture":"#2"},"south":{"uv":[0,0,1,1],"texture":"#2"},"west":{"uv":[0,0,1,1],"texture":"#2"},"up":{"uv":[0,0,1,1],"texture":"#2"},"down":{"uv":[0,0,1,1],"texture":"#2"}}},{"name":"octagon","from":[12.38953,-5.08333,-0.15114],"to":[13.60369,-2.29426,0.97109],"rotation":{"angle":45,"axis":"x","origin":[13.05865,-3.68879,3.21555]},"faces":{"north":{"uv":[1,0,0,1],"texture":"#2"},"east":{"uv":[1,0,0,1],"texture":"#2"},"south":{"uv":[1,0,0,1],"texture":"#2"},"west":{"uv":[1,0,0,1],"texture":"#2"},"up":{"uv":[1,0,0,1],"texture":"#2"},"down":{"uv":[1,0,0,1],"texture":"#2"}}},{"name":"octagon","from":[12.38953,-5.08333,-0.15114],"to":[13.60369,-2.29426,0.97109],"faces":{"north":{"uv":[1,0,0,1],"texture":"#2"},"east":{"uv":[1,0,0,1],"texture":"#2"},"south":{"uv":[1,0,0,1],"texture":"#2"},"west":{"uv":[1,0,0,1],"texture":"#2"},"up":{"uv":[1,0,0,1],"texture":"#2"},"down":{"uv":[1,0,0,1],"texture":"#2"}}},{"name":"octagon","from":[12.38953,-5.08333,5.46002],"to":[13.60369,-2.29426,6.58225],"rotation":{"angle":45,"axis":"x","origin":[13.05865,-3.68879,3.21555]},"faces":{"north":{"uv":[1,0,0,1],"texture":"#2"},"east":{"uv":[1,0,0,1],"texture":"#2"},"south":{"uv":[1,0,0,1],"texture":"#2"},"west":{"uv":[1,0,0,1],"texture":"#2"},"up":{"uv":[1,0,0,1],"texture":"#2"},"down":{"uv":[1,0,0,1],"texture":"#2"}}},{"name":"octagon","from":[12.38953,-5.08333,5.46002],"to":[13.60369,-2.29426,6.58225],"faces":{"north":{"uv":[1,0,0,1],"texture":"#2"},"east":{"uv":[1,0,0,1],"texture":"#2"},"south":{"uv":[1,0,0,1],"texture":"#2"},"west":{"uv":[1,0,0,1],"texture":"#2"},"up":{"uv":[1,0,0,1],"texture":"#2"},"down":{"uv":[1,0,0,1],"texture":"#2"}}},{"name":"octagon","from":[12.38953,-7.05549,1.82102],"to":[13.60369,-5.93326,4.61008],"rotation":{"angle":45,"axis":"x","origin":[13.05865,-3.68879,3.21555]},"faces":{"north":{"uv":[1,0,0,1],"texture":"#2"},"east":{"uv":[1,0,0,1],"texture":"#2"},"south":{"uv":[1,0,0,1],"texture":"#2"},"west":{"uv":[1,0,0,1],"texture":"#2"},"up":{"uv":[1,0,0,1],"texture":"#2"},"down":{"uv":[1,0,0,1],"texture":"#2"}}},{"name":"octagon","from":[12.38953,-7.05549,1.82102],"to":[13.60369,-5.93326,4.61008],"faces":{"north":{"uv":[1,0,0,1],"texture":"#2"},"east":{"uv":[1,0,0,1],"texture":"#2"},"south":{"uv":[1,0,0,1],"texture":"#2"},"west":{"uv":[1,0,0,1],"texture":"#2"},"up":{"uv":[1,0,0,1],"texture":"#2"},"down":{"uv":[1,0,0,1],"texture":"#2"}}},{"name":"octagon","from":[12.38953,-1.44433,1.82102],"to":[13.60369,-0.3221,4.61008],"rotation":{"angle":45,"axis":"x","origin":[13.05865,-3.68879,3.21555]},"faces":{"north":{"uv":[1,0,0,1],"texture":"#2"},"east":{"uv":[1,0,0,1],"texture":"#2"},"south":{"uv":[1,0,0,1],"texture":"#2"},"west":{"uv":[1,0,0,1],"texture":"#2"},"up":{"uv":[1,0,0,1],"texture":"#2"},"down":{"uv":[1,0,0,1],"texture":"#2"}}},{"name":"octagon","from":[12.38953,-1.44433,1.82102],"to":[13.60369,-0.3221,4.61008],"faces":{"north":{"uv":[1,0,0,1],"texture":"#2"},"east":{"uv":[1,0,0,1],"texture":"#2"},"south":{"uv":[1,0,0,1],"texture":"#2"},"west":{"uv":[1,0,0,1],"texture":"#2"},"up":{"uv":[1,0,0,1],"texture":"#2"},"down":{"uv":[1,0,0,1],"texture":"#2"}}},{"name":"octagon","from":[12.2449,-5.18552,-0.35221],"to":[12.55992,-2.22912,0.83735],"rotation":{"angle":45,"axis":"x","origin":[12.95417,-3.70732,3.21649]},"faces":{"north":{"uv":[1,0,0,1],"texture":"#2"},"east":{"uv":[1,0,0,1],"texture":"#2"},"south":{"uv":[1,0,0,1],"texture":"#2"},"west":{"uv":[1,0,0,1],"texture":"#2"},"up":{"uv":[1,0,0,1],"texture":"#2"},"down":{"uv":[1,0,0,1],"texture":"#2"}}},{"name":"octagon","from":[12.2449,-5.18552,-0.35221],"to":[12.55992,-2.22912,0.83735],"faces":{"north":{"uv":[1,0,0,1],"texture":"#2"},"east":{"uv":[1,0,0,1],"texture":"#2"},"south":{"uv":[1,0,0,1],"texture":"#2"},"west":{"uv":[1,0,0,1],"texture":"#2"},"up":{"uv":[1,0,0,1],"texture":"#2"},"down":{"uv":[1,0,0,1],"texture":"#2"}}},{"name":"octagon","from":[12.2449,-5.18552,5.59562],"to":[12.55992,-2.22912,6.78518],"rotation":{"angle":45,"axis":"x","origin":[12.95417,-3.70732,3.21649]},"faces":{"north":{"uv":[1,0,0,1],"texture":"#2"},"east":{"uv":[1,0,0,1],"texture":"#2"},"south":{"uv":[1,0,0,1],"texture":"#2"},"west":{"uv":[1,0,0,1],"texture":"#2"},"up":{"uv":[1,0,0,1],"texture":"#2"},"down":{"uv":[1,0,0,1],"texture":"#2"}}},{"name":"octagon","from":[12.2449,-5.18552,5.59562],"to":[12.55992,-2.22912,6.78518],"faces":{"north":{"uv":[1,0,0,1],"texture":"#2"},"east":{"uv":[1,0,0,1],"texture":"#2"},"south":{"uv":[1,0,0,1],"texture":"#2"},"west":{"uv":[1,0,0,1],"texture":"#2"},"up":{"uv":[1,0,0,1],"texture":"#2"},"down":{"uv":[1,0,0,1],"texture":"#2"}}},{"name":"octagon","from":[12.2449,-7.27602,1.73828],"to":[12.55992,-6.08645,4.69469],"rotation":{"angle":45,"axis":"x","origin":[12.95417,-3.70732,3.21649]},"faces":{"north":{"uv":[1,0,0,1],"texture":"#2"},"east":{"uv":[1,0,0,1],"texture":"#2"},"south":{"uv":[1,0,0,1],"texture":"#2"},"west":{"uv":[1,0,0,1],"texture":"#2"},"up":{"uv":[1,0,0,1],"texture":"#2"},"down":{"uv":[1,0,0,1],"texture":"#2"}}},{"name":"octagon","from":[12.2449,-7.27602,1.73828],"to":[12.55992,-6.08645,4.69469],"faces":{"north":{"uv":[1,0,0,1],"texture":"#2"},"east":{"uv":[1,0,0,1],"texture":"#2"},"south":{"uv":[1,0,0,1],"texture":"#2"},"west":{"uv":[1,0,0,1],"texture":"#2"},"up":{"uv":[1,0,0,1],"texture":"#2"},"down":{"uv":[1,0,0,1],"texture":"#2"}}},{"name":"octagon","from":[12.2449,-1.32819,1.73828],"to":[12.55992,-0.13862,4.69469],"rotation":{"angle":45,"axis":"x","origin":[12.95417,-3.70732,3.21649]},"faces":{"north":{"uv":[1,0,0,1],"texture":"#2"},"east":{"uv":[1,0,0,1],"texture":"#2"},"south":{"uv":[1,0,0,1],"texture":"#2"},"west":{"uv":[1,0,0,1],"texture":"#2"},"up":{"uv":[1,0,0,1],"texture":"#2"},"down":{"uv":[1,0,0,1],"texture":"#2"}}},{"name":"octagon","from":[12.2449,-1.32819,1.73828],"to":[12.55992,-0.13862,4.69469],"faces":{"north":{"uv":[1,0,0,1],"texture":"#2"},"east":{"uv":[1,0,0,1],"texture":"#2"},"south":{"uv":[1,0,0,1],"texture":"#2"},"west":{"uv":[1,0,0,1],"texture":"#2"},"up":{"uv":[1,0,0,1],"texture":"#2"},"down":{"uv":[1,0,0,1],"texture":"#2"}}},{"name":"octagon","from":[12.38953,-5.08333,9.64886],"to":[13.60369,-2.29426,10.77109],"rotation":{"angle":45,"axis":"x","origin":[13.05865,-3.68879,13.01555]},"faces":{"north":{"uv":[1,0,0,1],"texture":"#2"},"east":{"uv":[1,0,0,1],"texture":"#2"},"south":{"uv":[1,0,0,1],"texture":"#2"},"west":{"uv":[1,0,0,1],"texture":"#2"},"up":{"uv":[1,0,0,1],"texture":"#2"},"down":{"uv":[1,0,0,1],"texture":"#2"}}},{"name":"octagon","from":[12.38953,-5.08333,9.64886],"to":[13.60369,-2.29426,10.77109],"faces":{"north":{"uv":[1,0,0,1],"texture":"#2"},"east":{"uv":[1,0,0,1],"texture":"#2"},"south":{"uv":[1,0,0,1],"texture":"#2"},"west":{"uv":[1,0,0,1],"texture":"#2"},"up":{"uv":[1,0,0,1],"texture":"#2"},"down":{"uv":[1,0,0,1],"texture":"#2"}}},{"name":"octagon","from":[12.38953,-5.08333,15.26002],"to":[13.60369,-2.29426,16.38225],"rotation":{"angle":45,"axis":"x","origin":[13.05865,-3.68879,13.01555]},"faces":{"north":{"uv":[1,0,0,1],"texture":"#2"},"east":{"uv":[1,0,0,1],"texture":"#2"},"south":{"uv":[1,0,0,1],"texture":"#2"},"west":{"uv":[1,0,0,1],"texture":"#2"},"up":{"uv":[1,0,0,1],"texture":"#2"},"down":{"uv":[1,0,0,1],"texture":"#2"}}},{"name":"octagon","from":[12.38953,-5.08333,15.26002],"to":[13.60369,-2.29426,16.38225],"faces":{"north":{"uv":[1,0,0,1],"texture":"#2"},"east":{"uv":[1,0,0,1],"texture":"#2"},"south":{"uv":[1,0,0,1],"texture":"#2"},"west":{"uv":[1,0,0,1],"texture":"#2"},"up":{"uv":[1,0,0,1],"texture":"#2"},"down":{"uv":[1,0,0,1],"texture":"#2"}}},{"name":"octagon","from":[12.38953,-7.05549,11.62102],"to":[13.60369,-5.93326,14.41008],"rotation":{"angle":45,"axis":"x","origin":[13.05865,-3.68879,13.01555]},"faces":{"north":{"uv":[1,0,0,1],"texture":"#2"},"east":{"uv":[1,0,0,1],"texture":"#2"},"south":{"uv":[1,0,0,1],"texture":"#2"},"west":{"uv":[1,0,0,1],"texture":"#2"},"up":{"uv":[1,0,0,1],"texture":"#2"},"down":{"uv":[1,0,0,1],"texture":"#2"}}},{"name":"octagon","from":[12.38953,-7.05549,11.62102],"to":[13.60369,-5.93326,14.41008],"faces":{"north":{"uv":[1,0,0,1],"texture":"#2"},"east":{"uv":[1,0,0,1],"texture":"#2"},"south":{"uv":[1,0,0,1],"texture":"#2"},"west":{"uv":[1,0,0,1],"texture":"#2"},"up":{"uv":[1,0,0,1],"texture":"#2"},"down":{"uv":[1,0,0,1],"texture":"#2"}}},{"name":"octagon","from":[12.38953,-1.44433,11.62102],"to":[13.60369,-0.3221,14.41008],"rotation":{"angle":45,"axis":"x","origin":[13.05865,-3.68879,13.01555]},"faces":{"north":{"uv":[1,0,0,1],"texture":"#2"},"east":{"uv":[1,0,0,1],"texture":"#2"},"south":{"uv":[1,0,0,1],"texture":"#2"},"west":{"uv":[1,0,0,1],"texture":"#2"},"up":{"uv":[1,0,0,1],"texture":"#2"},"down":{"uv":[1,0,0,1],"texture":"#2"}}},{"name":"octagon","from":[12.38953,-1.44433,11.62102],"to":[13.60369,-0.3221,14.41008],"faces":{"north":{"uv":[1,0,0,1],"texture":"#2"},"east":{"uv":[1,0,0,1],"texture":"#2"},"south":{"uv":[1,0,0,1],"texture":"#2"},"west":{"uv":[1,0,0,1],"texture":"#2"},"up":{"uv":[1,0,0,1],"texture":"#2"},"down":{"uv":[1,0,0,1],"texture":"#2"}}},{"name":"octagon","from":[12.2449,-5.18552,9.44779],"to":[12.55992,-2.22912,10.63735],"rotation":{"angle":45,"axis":"x","origin":[12.95417,-3.70732,13.01649]},"faces":{"north":{"uv":[1,0,0,1],"texture":"#2"},"east":{"uv":[1,0,0,1],"texture":"#2"},"south":{"uv":[1,0,0,1],"texture":"#2"},"west":{"uv":[1,0,0,1],"texture":"#2"},"up":{"uv":[1,0,0,1],"texture":"#2"},"down":{"uv":[1,0,0,1],"texture":"#2"}}},{"name":"octagon","from":[12.2449,-5.18552,9.44779],"to":[12.55992,-2.22912,10.63735],"faces":{"north":{"uv":[1,0,0,1],"texture":"#2"},"east":{"uv":[1,0,0,1],"texture":"#2"},"south":{"uv":[1,0,0,1],"texture":"#2"},"west":{"uv":[1,0,0,1],"texture":"#2"},"up":{"uv":[1,0,0,1],"texture":"#2"},"down":{"uv":[1,0,0,1],"texture":"#2"}}},{"name":"octagon","from":[12.2449,-5.18552,15.39562],"to":[12.55992,-2.22912,16.58518],"rotation":{"angle":45,"axis":"x","origin":[12.95417,-3.70732,13.01649]},"faces":{"north":{"uv":[1,0,0,1],"texture":"#2"},"east":{"uv":[1,0,0,1],"texture":"#2"},"south":{"uv":[1,0,0,1],"texture":"#2"},"west":{"uv":[1,0,0,1],"texture":"#2"},"up":{"uv":[1,0,0,1],"texture":"#2"},"down":{"uv":[1,0,0,1],"texture":"#2"}}},{"name":"octagon","from":[12.2449,-5.18552,15.39562],"to":[12.55992,-2.22912,16.58518],"faces":{"north":{"uv":[1,0,0,1],"texture":"#2"},"east":{"uv":[1,0,0,1],"texture":"#2"},"south":{"uv":[1,0,0,1],"texture":"#2"},"west":{"uv":[1,0,0,1],"texture":"#2"},"up":{"uv":[1,0,0,1],"texture":"#2"},"down":{"uv":[1,0,0,1],"texture":"#2"}}},{"name":"octagon","from":[12.2449,-7.27602,11.53828],"to":[12.55992,-6.08645,14.49469],"rotation":{"angle":45,"axis":"x","origin":[12.95417,-3.70732,13.01649]},"faces":{"north":{"uv":[1,0,0,1],"texture":"#2"},"east":{"uv":[1,0,0,1],"texture":"#2"},"south":{"uv":[1,0,0,1],"texture":"#2"},"west":{"uv":[1,0,0,1],"texture":"#2"},"up":{"uv":[1,0,0,1],"texture":"#2"},"down":{"uv":[1,0,0,1],"texture":"#2"}}},{"name":"octagon","from":[12.2449,-7.27602,11.53828],"to":[12.55992,-6.08645,14.49469],"faces":{"north":{"uv":[1,0,0,1],"texture":"#2"},"east":{"uv":[1,0,0,1],"texture":"#2"},"south":{"uv":[1,0,0,1],"texture":"#2"},"west":{"uv":[1,0,0,1],"texture":"#2"},"up":{"uv":[1,0,0,1],"texture":"#2"},"down":{"uv":[1,0,0,1],"texture":"#2"}}},{"name":"octagon","from":[12.2449,-1.32819,11.53828],"to":[12.55992,-0.13862,14.49469],"rotation":{"angle":45,"axis":"x","origin":[12.95417,-3.70732,13.01649]},"faces":{"north":{"uv":[1,0,0,1],"texture":"#2"},"east":{"uv":[1,0,0,1],"texture":"#2"},"south":{"uv":[1,0,0,1],"texture":"#2"},"west":{"uv":[1,0,0,1],"texture":"#2"},"up":{"uv":[1,0,0,1],"texture":"#2"},"down":{"uv":[1,0,0,1],"texture":"#2"}}},{"name":"octagon","from":[12.2449,-1.32819,11.53828],"to":[12.55992,-0.13862,14.49469],"faces":{"north":{"uv":[1,0,0,1],"texture":"#2"},"east":{"uv":[1,0,0,1],"texture":"#2"},"south":{"uv":[1,0,0,1],"texture":"#2"},"west":{"uv":[1,0,0,1],"texture":"#2"},"up":{"uv":[1,0,0,1],"texture":"#2"},"down":{"uv":[1,0,0,1],"texture":"#2"}}},{"name":"cube","from":[4,-5.2,-1.5],"to":[12,0,17],"faces":{"north":{"uv":[2,2,13,7],"texture":"#1"},"east":{"uv":[1,2,15,8],"texture":"#1"},"south":{"uv":[0,0,8,4.7],"texture":"#1"},"west":{"uv":[1,2,14,7],"texture":"#1"},"up":{"uv":[1,1,14,12],"texture":"#1"},"down":{"uv":[1,1,8,12],"texture":"#1"}}},{"name":"cube","from":[4,0,-1.5],"to":[12,1,2],"faces":{"north":{"uv":[1,2,9,3.2],"texture":"#1"},"east":{"uv":[4,4,8.5,5.2],"texture":"#1"},"south":{"uv":[0,0,8,1.2],"texture":"#1"},"west":{"uv":[4,3,8.5,4.2],"texture":"#1"},"up":{"uv":[3,3,11,7.5],"texture":"#1"},"down":{"uv":[0,0,8,4.5],"texture":"#1"}}},{"name":"octagon","from":[12.75953,-5.95333,10.65002],"to":[13.43369,-1.37426,15.30225],"faces":{"north":{"uv":[1,0,0,1],"texture":"#2"},"east":{"uv":[1,0,0,1],"texture":"#2"},"south":{"uv":[1,0,0,1],"texture":"#2"},"west":{"uv":[1,0,0,1],"texture":"#2"},"up":{"uv":[1,0,0,1],"texture":"#2"},"down":{"uv":[1,0,0,1],"texture":"#2"}}},{"name":"octagon","from":[12.75953,-5.95333,0.85002],"to":[13.43369,-1.37426,5.50225],"faces":{"north":{"uv":[1,0,0,1],"texture":"#2"},"east":{"uv":[1,0,0,1],"texture":"#2"},"south":{"uv":[1,0,0,1],"texture":"#2"},"west":{"uv":[1,0,0,1],"texture":"#2"},"up":{"uv":[1,0,0,1],"texture":"#2"},"down":{"uv":[1,0,0,1],"texture":"#2"}}},{"name":"cube","from":[8.5,1,9],"to":[16.5,9,17],"faces":{"north":{"uv":[0,0,8,8],"texture":"#3"},"east":{"uv":[0,0,8,8],"texture":"#3"},"south":{"uv":[0,0,8,8],"texture":"#3"},"west":{"uv":[0,0,8,8],"texture":"#3"},"up":{"uv":[0,0,8,8],"texture":"#3","rotation":180},"down":{"uv":[0,0,8,8],"texture":"#3","rotation":180}}},{"name":"cube","from":[-0.5,1,9],"to":[7.5,9,17],"faces":{"north":{"uv":[0,0,8,8],"texture":"#3"},"east":{"uv":[0,0,8,8],"texture":"#3"},"south":{"uv":[0,0,8,8],"texture":"#3"},"west":{"uv":[0,0,8,8],"texture":"#3"},"up":{"uv":[0,0,8,8],"texture":"#3","rotation":180},"down":{"uv":[0,0,8,8],"texture":"#3","rotation":180}}},{"name":"cube","from":[10.5,9,11],"to":[15.5,14,16],"faces":{"north":{"uv":[0,0,5,5],"texture":"#3"},"east":{"uv":[0,0,5,5],"texture":"#3"},"south":{"uv":[0,0,5,5],"texture":"#3"},"west":{"uv":[0,0,5,5],"texture":"#3"},"up":{"uv":[0,0,5,5],"texture":"#3","rotation":180},"down":{"uv":[0,0,5,5],"texture":"#3","rotation":180}}},{"name":"cube","from":[-0.5,1,4],"to":[4.5,6,9],"faces":{"north":{"uv":[0,0,5,5],"texture":"#3"},"east":{"uv":[0,0,5,5],"texture":"#3"},"south":{"uv":[0,0,5,5],"texture":"#3"},"west":{"uv":[0,0,5,5],"texture":"#3"},"up":{"uv":[0,0,5,5],"texture":"#3","rotation":180},"down":{"uv":[0,0,5,5],"texture":"#3","rotation":180}}},{"name":"cube","from":[4.5,1,4],"to":[10.5,3,17],"faces":{"north":{"uv":[0,0,6,2],"texture":"#3"},"east":{"uv":[0,0,13,2],"texture":"#3"},"south":{"uv":[0,0,6,2],"texture":"#3"},"west":{"uv":[0,0,13,2],"texture":"#3"},"up":{"uv":[0,0,6,13],"texture":"#3","rotation":180},"down":{"uv":[0,0,6,13],"texture":"#3","rotation":180}}},{"name":"cube","from":[10.5,1,5.8],"to":[16.5,3,9],"faces":{"north":{"uv":[0,0,6,2],"texture":"#3"},"east":{"uv":[0,0,3.2,2],"texture":"#3"},"south":{"uv":[0,0,6,2],"texture":"#3"},"west":{"uv":[0,0,3.2,2],"texture":"#3"},"up":{"uv":[0,0,6,3.2],"texture":"#3","rotation":180},"down":{"uv":[0,0,6,3.2],"texture":"#3","rotation":180}}},{"name":"cube","from":[4.8,2.025,4.8],"to":[5.4,5.775,8],"rotation":{"angle":-22.5,"axis":"z","origin":[5.1,3.9,6.4]},"faces":{"north":{"uv":[0,0,6,2],"texture":"#2","rotation":90},"east":{"uv":[0,0,6,3.2],"texture":"#2","rotation":90},"south":{"uv":[0,0,6,2],"texture":"#2","rotation":270},"west":{"uv":[0,0,6,3.2],"texture":"#2","rotation":90},"up":{"uv":[0,0,3.2,2],"texture":"#2","rotation":270},"down":{"uv":[0,0,3.2,2],"texture":"#2","rotation":270}}},{"name":"cube","from":[4.8,5.775,6.05],"to":[5.4,13.275,6.75],"rotation":{"angle":-22.5,"axis":"z","origin":[5.1,3.9,6.4]},"faces":{"north":{"uv":[0,0,0.6,7.5],"texture":"#4","rotation":180},"east":{"uv":[0,0,0.7,7.5],"texture":"#4","rotation":90},"south":{"uv":[0,0,0.6,7.5],"texture":"#4","rotation":270},"west":{"uv":[0,0,0.7,7.5],"texture":"#4","rotation":90},"up":{"uv":[0,0,0.6,0.7],"texture":"#4","rotation":270},"down":{"uv":[0,0,0.6,0.7],"texture":"#4","rotation":270}}},{"name":"cube","from":[4.7,13.275,5.45],"to":[5.5,14.075,7.35],"rotation":{"angle":-22.5,"axis":"z","origin":[5.1,3.9,6.4]},"faces":{"north":{"uv":[0,0,0.8,0.8],"texture":"#4","rotation":90},"east":{"uv":[0,0,1.9,0.8],"texture":"#4","rotation":90},"south":{"uv":[0,0,0.8,0.8],"texture":"#4","rotation":270},"west":{"uv":[0,0,1.9,0.8],"texture":"#4","rotation":90},"up":{"uv":[0,0,0.8,1.9],"texture":"#4","rotation":270},"down":{"uv":[0,0,0.8,1.9],"texture":"#4","rotation":270}}},{"name":"cube","from":[16.82,9.21941,8.99827],"to":[17.66,10.21941,17.15527],"faces":{"north":{"uv":[0,0,1,1],"texture":"#6"},"east":{"uv":[0,0,1,1],"texture":"#6"},"south":{"uv":[0,0,1,1],"texture":"#6"},"west":{"uv":[0,0,1,1],"texture":"#6"},"up":{"uv":[0,0,1,1],"texture":"#6","rotation":180},"down":{"uv":[0,0,1,1],"texture":"#6","rotation":180}}},{"name":"cube","from":[16.82,9.01313,6.13422],"to":[17.66,10.01313,9.34722],"rotation":{"angle":-22.5,"axis":"x","origin":[17.24,9.23913,8.65422]},"faces":{"north":{"uv":[0,0,1,1],"texture":"#6"},"east":{"uv":[0,0,1,1],"texture":"#6"},"south":{"uv":[0,0,1,1],"texture":"#6"},"west":{"uv":[0,0,1,1],"texture":"#6"},"up":{"uv":[0,0,1,1],"texture":"#6","rotation":180},"down":{"uv":[0,0,1,1],"texture":"#6","rotation":180}}},{"name":"cube","from":[16.82,7.33497,3.60884],"to":[17.66,8.33497,7.80884],"rotation":{"angle":-45,"axis":"x","origin":[17.24,6.51497,6.12884]},"faces":{"north":{"uv":[0,0,1,1],"texture":"#6"},"east":{"uv":[0,0,1,1],"texture":"#6"},"south":{"uv":[0,0,1,1],"texture":"#6"},"west":{"uv":[0,0,1,1],"texture":"#6"},"up":{"uv":[0,0,1,1],"texture":"#6","rotation":180},"down":{"uv":[0,0,1,1],"texture":"#6","rotation":180}}},{"name":"cube","from":[16.82,1.82,3.06],"to":[17.66,6.02,4.06],"faces":{"north":{"uv":[0,0,1,1],"texture":"#6"},"east":{"uv":[0,0,1,1],"texture":"#6"},"south":{"uv":[0,0,1,1],"texture":"#6"},"west":{"uv":[0,0,1,1],"texture":"#6"},"up":{"uv":[0,0,1,1],"texture":"#6","rotation":180},"down":{"uv":[0,0,1,1],"texture":"#6","rotation":180}}},{"name":"cube","from":[16.82,1.82,4.06],"to":[17.66,2.81941,17.15527],"faces":{"north":{"uv":[0,0,1,1],"texture":"#6"},"east":{"uv":[0,0,1,1],"texture":"#6"},"south":{"uv":[0,0,1,1],"texture":"#6"},"west":{"uv":[0,0,1,1],"texture":"#6"},"up":{"uv":[0,0,1,1],"texture":"#6","rotation":180},"down":{"uv":[0,0,1,1],"texture":"#6","rotation":180}}},{"name":"cube","from":[16.82,2.81941,16.15527],"to":[17.66,9.21941,17.15527],"faces":{"north":{"uv":[0,0,1,1],"texture":"#6"},"east":{"uv":[0,0,1,1],"texture":"#6"},"south":{"uv":[0,0,1,1],"texture":"#6"},"west":{"uv":[0,0,1,1],"texture":"#6"},"up":{"uv":[0,0,1,1],"texture":"#6","rotation":180},"down":{"uv":[0,0,1,1],"texture":"#6","rotation":180}}},{"name":"cube","from":[17.4216,7.9952,10.0576],"to":[17.78,8.3536,10.9088],"rotation":{"angle":45,"axis":"x","origin":[17.6008,6.09493,10.4832]},"faces":{"north":{"uv":[0,0,0.8,0.8],"texture":"#4","rotation":90},"east":{"uv":[0,0,1.9,0.8],"texture":"#4","rotation":90},"south":{"uv":[0,0,0.8,0.8],"texture":"#4","rotation":270},"west":{"uv":[0,0,1.9,0.8],"texture":"#4","rotation":90},"up":{"uv":[0,0,0.8,1.9],"texture":"#4","rotation":270},"down":{"uv":[0,0,0.8,1.9],"texture":"#4","rotation":270}}},{"name":"cube","from":[17.4664,4.6352,10.3264],"to":[17.7352,7.9952,10.64],"rotation":{"angle":45,"axis":"x","origin":[17.6008,6.09493,10.4832]},"faces":{"north":{"uv":[0,0,0.6,7.5],"texture":"#4","rotation":180},"east":{"uv":[0,0,0.7,7.5],"texture":"#4","rotation":90},"south":{"uv":[0,0,0.6,7.5],"texture":"#4","rotation":270},"west":{"uv":[0,0,0.7,7.5],"texture":"#4","rotation":90},"up":{"uv":[0,0,0.6,0.7],"texture":"#4","rotation":270},"down":{"uv":[0,0,0.6,0.7],"texture":"#4","rotation":270}}},{"name":"cube","from":[17.4664,2.9552,9.7664],"to":[17.7352,4.6352,11.2],"rotation":{"angle":45,"axis":"x","origin":[17.6008,6.09493,10.4832]},"faces":{"north":{"uv":[0,0,6,2],"texture":"#2","rotation":90},"east":{"uv":[0,0,6,3.2],"texture":"#2","rotation":90},"south":{"uv":[0,0,6,2],"texture":"#2","rotation":270},"west":{"uv":[0,0,6,3.2],"texture":"#2","rotation":90},"up":{"uv":[0,0,3.2,2],"texture":"#2","rotation":270},"down":{"uv":[0,0,3.2,2],"texture":"#2","rotation":270}}},{"name":"cube","from":[17.4216,7.9952,10.0576],"to":[17.78,8.3536,10.9088],"rotation":{"angle":-45,"axis":"x","origin":[17.6008,6.09493,10.4832]},"faces":{"north":{"uv":[0,0,0.8,0.8],"texture":"#4","rotation":270},"east":{"uv":[0,0,1.9,0.8],"texture":"#4","rotation":90},"south":{"uv":[0,0,0.8,0.8],"texture":"#4","rotation":90},"west":{"uv":[0,0,1.9,0.8],"texture":"#4","rotation":90},"up":{"uv":[0,0,0.8,1.9],"texture":"#4","rotation":90},"down":{"uv":[0,0,0.8,1.9],"texture":"#4","rotation":90}}},{"name":"cube","from":[17.4664,4.6352,10.3264],"to":[17.7352,7.9952,10.64],"rotation":{"angle":-45,"axis":"x","origin":[17.6008,6.09493,10.4832]},"faces":{"north":{"uv":[0,0,0.6,7.5],"texture":"#4","rotation":270},"east":{"uv":[0,0,0.7,7.5],"texture":"#4","rotation":90},"south":{"uv":[0,0,0.6,7.5],"texture":"#4","rotation":180},"west":{"uv":[0,0,0.7,7.5],"texture":"#4","rotation":90},"up":{"uv":[0,0,0.6,0.7],"texture":"#4","rotation":90},"down":{"uv":[0,0,0.6,0.7],"texture":"#4","rotation":90}}},{"name":"cube","from":[17.4664,2.9552,9.7664],"to":[17.7352,4.6352,11.2],"rotation":{"angle":-45,"axis":"x","origin":[17.6008,6.09493,10.4832]},"faces":{"north":{"uv":[0,0,6,2],"texture":"#2","rotation":270},"east":{"uv":[0,0,6,3.2],"texture":"#2","rotation":90},"south":{"uv":[0,0,6,2],"texture":"#2","rotation":90},"west":{"uv":[0,0,6,3.2],"texture":"#2","rotation":90},"up":{"uv":[0,0,3.2,2],"texture":"#2","rotation":90},"down":{"uv":[0,0,3.2,2],"texture":"#2","rotation":90}}},{"name":"cube","from":[-1.78,7.9952,10.0576],"to":[-1.4216,8.3536,10.9088],"rotation":{"angle":-45,"axis":"x","origin":[-1.6008,6.09493,10.4832]},"faces":{"north":{"uv":[0.8,0,0,0.8],"texture":"#4","rotation":270},"east":{"uv":[1.9,0,0,0.8],"texture":"#4","rotation":90},"south":{"uv":[0.8,0,0,0.8],"texture":"#4","rotation":90},"west":{"uv":[1.9,0,0,0.8],"texture":"#4","rotation":90},"up":{"uv":[0.8,0,0,1.9],"texture":"#4","rotation":90},"down":{"uv":[0.8,0,0,1.9],"texture":"#4","rotation":90}}},{"name":"cube","from":[-1.7352,4.6352,10.3264],"to":[-1.4664,7.9952,10.64],"rotation":{"angle":-45,"axis":"x","origin":[-1.6008,6.09493,10.4832]},"faces":{"north":{"uv":[0.6,0,0,7.5],"texture":"#4","rotation":270},"east":{"uv":[0.7,0,0,7.5],"texture":"#4","rotation":90},"south":{"uv":[0.6,0,0,7.5],"texture":"#4","rotation":180},"west":{"uv":[0.7,0,0,7.5],"texture":"#4","rotation":90},"up":{"uv":[0.6,0,0,0.7],"texture":"#4","rotation":90},"down":{"uv":[0.6,0,0,0.7],"texture":"#4","rotation":90}}},{"name":"cube","from":[-1.7352,2.9552,9.7664],"to":[-1.4664,4.6352,11.2],"rotation":{"angle":-45,"axis":"x","origin":[-1.6008,6.09493,10.4832]},"faces":{"north":{"uv":[6,0,0,2],"texture":"#2","rotation":270},"east":{"uv":[6,0,0,3.2],"texture":"#2","rotation":90},"south":{"uv":[6,0,0,2],"texture":"#2","rotation":90},"west":{"uv":[6,0,0,3.2],"texture":"#2","rotation":90},"up":{"uv":[3.2,0,0,2],"texture":"#2","rotation":90},"down":{"uv":[3.2,0,0,2],"texture":"#2","rotation":90}}},{"name":"cube","from":[-1.78,7.9952,10.0576],"to":[-1.4216,8.3536,10.9088],"rotation":{"angle":45,"axis":"x","origin":[-1.6008,6.09493,10.4832]},"faces":{"north":{"uv":[0.8,0,0,0.8],"texture":"#4","rotation":90},"east":{"uv":[1.9,0,0,0.8],"texture":"#4","rotation":90},"south":{"uv":[0.8,0,0,0.8],"texture":"#4","rotation":270},"west":{"uv":[1.9,0,0,0.8],"texture":"#4","rotation":90},"up":{"uv":[0.8,0,0,1.9],"texture":"#4","rotation":270},"down":{"uv":[0.8,0,0,1.9],"texture":"#4","rotation":270}}},{"name":"cube","from":[-1.7352,4.6352,10.3264],"to":[-1.4664,7.9952,10.64],"rotation":{"angle":45,"axis":"x","origin":[-1.6008,6.09493,10.4832]},"faces":{"north":{"uv":[0.6,0,0,7.5],"texture":"#4","rotation":180},"east":{"uv":[0.7,0,0,7.5],"texture":"#4","rotation":90},"south":{"uv":[0.6,0,0,7.5],"texture":"#4","rotation":270},"west":{"uv":[0.7,0,0,7.5],"texture":"#4","rotation":90},"up":{"uv":[0.6,0,0,0.7],"texture":"#4","rotation":270},"down":{"uv":[0.6,0,0,0.7],"texture":"#4","rotation":270}}},{"name":"cube","from":[-1.7352,2.9552,9.7664],"to":[-1.4664,4.6352,11.2],"rotation":{"angle":45,"axis":"x","origin":[-1.6008,6.09493,10.4832]},"faces":{"north":{"uv":[6,0,0,2],"texture":"#2","rotation":90},"east":{"uv":[6,0,0,3.2],"texture":"#2","rotation":90},"south":{"uv":[6,0,0,2],"texture":"#2","rotation":270},"west":{"uv":[6,0,0,3.2],"texture":"#2","rotation":90},"up":{"uv":[3.2,0,0,2],"texture":"#2","rotation":270},"down":{"uv":[3.2,0,0,2],"texture":"#2","rotation":270}}},{"name":"cube","from":[-1.66,9.21941,8.99827],"to":[-0.82,10.21941,17.15527],"faces":{"north":{"uv":[1,0,0,1],"texture":"#6"},"east":{"uv":[1,0,0,1],"texture":"#6"},"south":{"uv":[1,0,0,1],"texture":"#6"},"west":{"uv":[1,0,0,1],"texture":"#6"},"up":{"uv":[1,0,0,1],"texture":"#6","rotation":180},"down":{"uv":[1,0,0,1],"texture":"#6","rotation":180}}},{"name":"cube","from":[-1.66,2.81941,16.15527],"to":[-0.82,9.21941,17.15527],"faces":{"north":{"uv":[1,0,0,1],"texture":"#6"},"east":{"uv":[1,0,0,1],"texture":"#6"},"south":{"uv":[1,0,0,1],"texture":"#6"},"west":{"uv":[1,0,0,1],"texture":"#6"},"up":{"uv":[1,0,0,1],"texture":"#6","rotation":180},"down":{"uv":[1,0,0,1],"texture":"#6","rotation":180}}},{"name":"cube","from":[-1.66,1.82,4.06],"to":[-0.82,2.81941,17.15527],"faces":{"north":{"uv":[1,0,0,1],"texture":"#6"},"east":{"uv":[1,0,0,1],"texture":"#6"},"south":{"uv":[1,0,0,1],"texture":"#6"},"west":{"uv":[1,0,0,1],"texture":"#6"},"up":{"uv":[1,0,0,1],"texture":"#6","rotation":180},"down":{"uv":[1,0,0,1],"texture":"#6","rotation":180}}},{"name":"cube","from":[-1.66,1.82,3.06],"to":[-0.82,6.02,4.06],"faces":{"north":{"uv":[1,0,0,1],"texture":"#6"},"east":{"uv":[1,0,0,1],"texture":"#6"},"south":{"uv":[1,0,0,1],"texture":"#6"},"west":{"uv":[1,0,0,1],"texture":"#6"},"up":{"uv":[1,0,0,1],"texture":"#6","rotation":180},"down":{"uv":[1,0,0,1],"texture":"#6","rotation":180}}},{"name":"cube","from":[-1.66,7.33497,3.60884],"to":[-0.82,8.33497,7.80884],"rotation":{"angle":-45,"axis":"x","origin":[-1.24,6.51497,6.12884]},"faces":{"north":{"uv":[1,0,0,1],"texture":"#6"},"east":{"uv":[1,0,0,1],"texture":"#6"},"south":{"uv":[1,0,0,1],"texture":"#6"},"west":{"uv":[1,0,0,1],"texture":"#6"},"up":{"uv":[1,0,0,1],"texture":"#6","rotation":180},"down":{"uv":[1,0,0,1],"texture":"#6","rotation":180}}},{"name":"cube","from":[-1.66,9.01313,6.13422],"to":[-0.82,10.01313,9.34722],"rotation":{"angle":-22.5,"axis":"x","origin":[-1.24,9.23913,8.65422]},"faces":{"north":{"uv":[1,0,0,1],"texture":"#6"},"east":{"uv":[1,0,0,1],"texture":"#6"},"south":{"uv":[1,0,0,1],"texture":"#6"},"west":{"uv":[1,0,0,1],"texture":"#6"},"up":{"uv":[1,0,0,1],"texture":"#6","rotation":180},"down":{"uv":[1,0,0,1],"texture":"#6","rotation":180}}},{"name":"Cube","from":[14.04,2.98,4.688],"to":[15,3.94,7.568],"rotation":{"angle":-22.5,"axis":"y","origin":[12.6,6.82,6.56]},"faces":{"north":{"uv":[5,12,6,13],"texture":"#7"},"east":{"uv":[6,12,7,16],"texture":"#7","rotation":270},"south":{"uv":[6,12,7,16],"texture":"#7"},"west":{"uv":[6,12,7,16],"texture":"#7","rotation":90},"up":{"uv":[5,11,6,16],"texture":"#7","rotation":180},"down":{"uv":[5,12,6,16],"texture":"#7"}}},{"name":"Cube","from":[12.36,2.98,5.6],"to":[13.32,3.94,8.48],"rotation":{"angle":22.5,"axis":"y","origin":[12.6,2.02,6.56]},"faces":{"north":{"uv":[5,12.7,6,13],"texture":"#7"},"east":{"uv":[5,12,6,16],"texture":"#7","rotation":270},"south":{"uv":[4,13,5,16],"texture":"#7","rotation":180},"west":{"uv":[5,12,6,16],"texture":"#7","rotation":90},"up":{"uv":[5,12,6,16],"texture":"#7","rotation":180},"down":{"uv":[5,12,6,16],"texture":"#7"}}},{"name":"Cube","from":[12.696,2.98,7.52],"to":[14.856,5.86,8.48],"faces":{"north":{"uv":[5,5,7,9],"texture":"#7"},"east":{"uv":[8,7,10,8],"texture":"#7"},"south":{"uv":[8,5,10,8],"texture":"#7"},"west":{"uv":[8,7,10,8],"texture":"#7"},"up":{"uv":[0,0,4.5,2],"texture":"#7","rotation":180},"down":{"uv":[5,14,6.5,15],"texture":"#7","rotation":180}}},{"name":"Cube","from":[12.504,3.46,7.523],"to":[13.464,5.86,8.483],"rotation":{"angle":-22.5,"axis":"z","origin":[12.6,6.82,6.563]},"faces":{"north":{"uv":[9,12,10,16],"texture":"#7"},"east":{"uv":[9,12,10,16],"texture":"#7"},"south":{"uv":[9,12,10,16],"texture":"#7"},"west":{"uv":[9,12,10,16],"texture":"#7"},"up":{"uv":[9,13,11,15],"texture":"#7","rotation":180},"down":{"uv":[12,4,13,5],"texture":"#7","rotation":180}}},{"name":"Cube","from":[12.696,5.86,7.04],"to":[14.856,7.78,8.96],"faces":{"north":{"uv":[2,2,4,4],"texture":"#7"},"east":{"uv":[0,2,2,4],"texture":"#7"},"south":{"uv":[6,2,8,4],"texture":"#7"},"west":{"uv":[6,2,4,4],"texture":"#7"},"up":{"uv":[2,0,4,2],"texture":"#7","rotation":180},"down":{"uv":[4,0,6,1],"texture":"#7","rotation":180}}},{"name":"Cube","from":[12.624,5.812,6.944],"to":[14.88,7.828,9.056],"faces":{"north":{"uv":[9.7,2,12.3,4],"texture":"#7"},"east":{"uv":[9,2,10.8,4],"texture":"#7"},"south":{"uv":[14,2,16,4],"texture":"#7"},"west":{"uv":[12,2,13,4],"texture":"#7"},"up":{"uv":[10,0,11.5,2],"texture":"#7","rotation":180},"down":{"uv":[12,0,15.5,2],"texture":"#7","rotation":180}}},{"name":"Cube","from":[13.896,2.548,7.523],"to":[14.856,4.948,8.483],"rotation":{"angle":22.5,"axis":"z","origin":[12.6,6.82,6.563]},"faces":{"north":{"uv":[9,12,10,16],"texture":"#7"},"east":{"uv":[9,12,10,16],"texture":"#7"},"south":{"uv":[9,12,10,16],"texture":"#7"},"west":{"uv":[9,12,10,16],"texture":"#7"},"up":{"uv":[9,13,11,15],"texture":"#7","rotation":180},"down":{"uv":[12,4,13,5],"texture":"#7","rotation":180}}}],"display":{"head":{"scale":[2.5,2.5,2.5],"translation":[0,2,0]},"gui":{"scale":[0.5,0.5,0.5],"translation":[-0.5,2,0],"rotation":[13,152,0]}},"groups":[0,1,2,3,4,5,6,7,8,9,{"name":"Wielen","isOpen":true,"export":true,"visibility":true,"children":[10,11,12,13,14,15,16,17,18,19,20,21,22,23,24,25,26,27,28,29,30,31,32,33,34,35,36,37,38,39,40,41,42,43,44,45,46,47,48,49,50,51,52,53,54,55,56,57,58,59,60,61,62,63,64,65,66,67,68,69,70,71,72,73,74,75,76,77,78,79]},80,81,82,83,84,85,86,87,88,89,90,91,92,93,94,95,96,97,98,99,100,101,102,103,104,105,106,107,108,109,110,111,112,113,114,115,116,117,118,119],"credit":"Model by Craftventure"}