{"textures":{"0":"block/black_concrete","1":"block/cauldron_inner","2":"block/gray_concrete","3":"block/white_concrete","4":"block/smooth_stone","5":"block/anvil","6":"block/red_concrete","particle":"block/black_concrete"},"elements":[{"from":[4,0,12.75],"to":[12,0.75,23],"faces":{"north":{"uv":[0,0,1,1],"texture":"#0"},"east":{"uv":[0,0,1,1],"texture":"#0"},"south":{"uv":[0,0,1,1],"texture":"#0"},"west":{"uv":[0,0,1,1],"texture":"#0"},"up":{"uv":[0,0,1,1],"texture":"#0"},"down":{"uv":[0,0,1,1],"texture":"#0"}}},{"from":[4,2.4525,19.32957],"to":[12,3.2025,21.32957],"rotation":{"angle":-22.5,"axis":"x","origin":[17,10.4525,27.32957]},"faces":{"north":{"uv":[0,0,1,1],"texture":"#0"},"east":{"uv":[0,0,1,1],"texture":"#0"},"south":{"uv":[0,0,1,1],"texture":"#0"},"west":{"uv":[0,0,1,1],"texture":"#0"},"up":{"uv":[0,0,1,1],"texture":"#0"},"down":{"uv":[0,0,1,1],"texture":"#0"}}},{"from":[4,3.21787,27.76819],"to":[12,4.46787,28.51819],"rotation":{"angle":22.5,"axis":"x","origin":[17,11.21787,20.51819]},"faces":{"north":{"uv":[0,0,1,1],"rotation":180,"texture":"#0"},"east":{"uv":[0,0,1,1],"rotation":90,"texture":"#0"},"south":{"uv":[0,0,1,1],"texture":"#0"},"west":{"uv":[0,0,1,1],"rotation":270,"texture":"#0"},"up":{"uv":[0,0,1,1],"texture":"#0"},"down":{"uv":[0,0,1,1],"rotation":180,"texture":"#0"}}},{"from":[4,-1.75021,22.12361],"to":[12,-0.75021,22.87361],"rotation":{"angle":-22.5,"axis":"x","origin":[17,6.24979,14.87361]},"faces":{"north":{"uv":[0,0,1,1],"rotation":180,"texture":"#0"},"east":{"uv":[0,0,1,1],"rotation":90,"texture":"#0"},"south":{"uv":[0,0,1,1],"texture":"#0"},"west":{"uv":[0,0,1,1],"rotation":270,"texture":"#0"},"up":{"uv":[0,0,1,1],"texture":"#0"},"down":{"uv":[0,0,1,1],"rotation":180,"texture":"#0"}}},{"from":[4,6.64841,16.10704],"to":[12,7.39841,21.60704],"rotation":{"angle":22.5,"axis":"x","origin":[17,-0.60159,13.60704]},"faces":{"north":{"uv":[0,0,1,1],"rotation":180,"texture":"#0"},"east":{"uv":[0,0,1,1],"rotation":180,"texture":"#0"},"south":{"uv":[0,0,1,1],"rotation":180,"texture":"#0"},"west":{"uv":[0,0,1,1],"rotation":180,"texture":"#0"},"up":{"uv":[0,0,1,1],"texture":"#0"},"down":{"uv":[0,0,1,1],"texture":"#0"}}},{"from":[4,-5.1559,20.87972],"to":[12,-3.9059,21.62972],"rotation":{"angle":-45,"axis":"x","origin":[17,2.8441,13.62972]},"faces":{"north":{"uv":[0,0,1,1],"rotation":180,"texture":"#0"},"east":{"uv":[0,0,1,1],"rotation":90,"texture":"#0"},"south":{"uv":[0,0,1,1],"texture":"#0"},"west":{"uv":[0,0,1,1],"rotation":270,"texture":"#0"},"up":{"uv":[0,0,1,1],"texture":"#0"},"down":{"uv":[0,0,1,1],"rotation":180,"texture":"#0"}}},{"from":[4,5.08274,12.75321],"to":[12,5.83274,18.97821],"faces":{"north":{"uv":[0,0,1,1],"texture":"#0"},"east":{"uv":[0,0,1,1],"texture":"#0"},"south":{"uv":[0,0,1,1],"texture":"#0"},"west":{"uv":[0,0,1,1],"texture":"#0"},"up":{"uv":[0,0,1,1],"texture":"#0"},"down":{"uv":[0,0,1,1],"texture":"#0"}}},{"from":[4,3.81767,17.80185],"to":[12,4.56767,19.90463],"rotation":{"angle":-45,"axis":"x","origin":[17,-3.43233,14.80185]},"faces":{"north":{"uv":[0,1,1,0],"texture":"#0"},"east":{"uv":[0,1,1,0],"texture":"#0"},"south":{"uv":[0,1,1,0],"texture":"#0"},"west":{"uv":[0,1,1,0],"texture":"#0"},"up":{"uv":[0,1,1,0],"texture":"#0"},"down":{"uv":[0,1,1,0],"texture":"#0"}}},{"from":[4,1.48689,11.26311],"to":[12,4.34585,12.01632],"faces":{"north":{"uv":[0,1,1,0],"rotation":180,"texture":"#0"},"east":{"uv":[1,0,0,1],"rotation":270,"texture":"#0"},"south":{"uv":[0,1,1,0],"texture":"#0"},"west":{"uv":[1,0,0,1],"rotation":90,"texture":"#0"},"up":{"uv":[0,1,1,0],"texture":"#0"},"down":{"uv":[0,1,1,0],"rotation":180,"texture":"#0"}}},{"from":[4.56,3.93987,9.66145],"to":[11.44,4.83487,11.21405],"rotation":{"angle":45,"axis":"x","origin":[15.74,-2.04513,13.10145]},"faces":{"north":{"uv":[1,1,0,0],"texture":"#1"},"east":{"uv":[1,1,0,0],"texture":"#1"},"south":{"uv":[1,1,0,0],"texture":"#1"},"west":{"uv":[1,1,0,0],"texture":"#1"},"up":{"uv":[0,0,1,1],"texture":"#1"},"down":{"uv":[0,0,1,1],"texture":"#1"}}},{"from":[4.56,1.48599,17.5888],"to":[11.44,2.63099,19.1414],"rotation":{"angle":45,"axis":"x","origin":[15.74,8.36599,15.0088]},"faces":{"north":{"uv":[0,0,1,1],"texture":"#1"},"east":{"uv":[0,0,1,1],"texture":"#1"},"south":{"uv":[0,0,1,1],"texture":"#1"},"west":{"uv":[0,0,1,1],"texture":"#1"},"up":{"uv":[0,0,1,1],"texture":"#1"},"down":{"uv":[0,0,1,1],"texture":"#1"}}},{"from":[4.56,1.67676,11.96824],"to":[11.44,4.14456,13.366],"faces":{"north":{"uv":[0,1,1,0],"rotation":180,"texture":"#1"},"east":{"uv":[1,0,0,1],"rotation":270,"texture":"#1"},"south":{"uv":[0,1,1,0],"texture":"#1"},"west":{"uv":[1,0,0,1],"rotation":90,"texture":"#1"},"up":{"uv":[0,1,1,0],"texture":"#1"},"down":{"uv":[0,1,1,0],"rotation":180,"texture":"#1"}}},{"from":[4.56,3.45017,17.5888],"to":[11.44,4.34517,19.1414],"rotation":{"angle":-45,"axis":"x","origin":[15.74,-2.53483,15.0088]},"faces":{"north":{"uv":[0,1,1,0],"texture":"#1"},"east":{"uv":[0,1,1,0],"texture":"#1"},"south":{"uv":[0,1,1,0],"texture":"#1"},"west":{"uv":[0,1,1,0],"texture":"#1"},"up":{"uv":[0,1,1,0],"texture":"#1"},"down":{"uv":[0,1,1,0],"texture":"#1"}}},{"from":[4.56,1.67676,15.484],"to":[11.44,4.14456,16.63176],"faces":{"north":{"uv":[1,1,0,0],"texture":"#1"},"east":{"uv":[1,1,0,0],"rotation":270,"texture":"#1"},"south":{"uv":[1,1,0,0],"rotation":180,"texture":"#1"},"west":{"uv":[1,1,0,0],"rotation":90,"texture":"#1"},"up":{"uv":[0,0,1,1],"texture":"#1"},"down":{"uv":[0,0,1,1],"rotation":180,"texture":"#1"}}},{"from":[4.56,0.99624,9.66145],"to":[11.44,2.14124,11.21405],"rotation":{"angle":-45,"axis":"x","origin":[15.74,7.87624,13.10145]},"faces":{"north":{"uv":[1,0,0,1],"texture":"#1"},"east":{"uv":[1,0,0,1],"texture":"#1"},"south":{"uv":[1,0,0,1],"texture":"#1"},"west":{"uv":[1,0,0,1],"texture":"#1"},"up":{"uv":[0,1,1,0],"texture":"#1"},"down":{"uv":[0,1,1,0],"texture":"#1"}}},{"from":[4.56,0.5789,13.0661],"to":[11.44,5.25221,15.5339],"faces":{"north":{"uv":[1,1,0,0],"texture":"#1"},"east":{"uv":[1,1,0,0],"rotation":270,"texture":"#1"},"south":{"uv":[1,1,0,0],"rotation":180,"texture":"#1"},"west":{"uv":[1,1,0,0],"rotation":90,"texture":"#1"},"up":{"uv":[0,0,1,1],"texture":"#1"},"down":{"uv":[0,0,1,1],"rotation":180,"texture":"#1"}}},{"from":[4.56,2.41354,21.47104],"to":[11.44,2.80734,22.15418],"rotation":{"angle":45,"axis":"x","origin":[15.74,-0.21986,22.98464]},"faces":{"north":{"uv":[1,1,0,0],"texture":"#1"},"east":{"uv":[1,1,0,0],"texture":"#1"},"south":{"uv":[1,1,0,0],"texture":"#1"},"west":{"uv":[1,1,0,0],"texture":"#1"},"up":{"uv":[0,0,1,1],"texture":"#1"},"down":{"uv":[0,0,1,1],"texture":"#1"}}},{"from":[4.56,1.33383,24.95907],"to":[11.44,1.83763,25.64222],"rotation":{"angle":45,"axis":"x","origin":[15.74,4.36103,23.82387]},"faces":{"north":{"uv":[0,0,1,1],"texture":"#1"},"east":{"uv":[0,0,1,1],"texture":"#1"},"south":{"uv":[0,0,1,1],"texture":"#1"},"west":{"uv":[0,0,1,1],"texture":"#1"},"up":{"uv":[0,0,1,1],"texture":"#1"},"down":{"uv":[0,0,1,1],"texture":"#1"}}},{"from":[4.56,1.41777,22.48603],"to":[11.44,2.5036,23.10104],"faces":{"north":{"uv":[0,1,1,0],"rotation":180,"texture":"#1"},"east":{"uv":[1,0,0,1],"rotation":270,"texture":"#1"},"south":{"uv":[0,1,1,0],"texture":"#1"},"west":{"uv":[1,0,0,1],"rotation":90,"texture":"#1"},"up":{"uv":[0,1,1,0],"texture":"#1"},"down":{"uv":[0,1,1,0],"rotation":180,"texture":"#1"}}},{"from":[4.56,2.19807,24.95907],"to":[11.44,2.59187,25.64222],"rotation":{"angle":-45,"axis":"x","origin":[15.74,-0.43533,23.82387]},"faces":{"north":{"uv":[0,1,1,0],"texture":"#1"},"east":{"uv":[0,1,1,0],"texture":"#1"},"south":{"uv":[0,1,1,0],"texture":"#1"},"west":{"uv":[0,1,1,0],"texture":"#1"},"up":{"uv":[0,1,1,0],"texture":"#1"},"down":{"uv":[0,1,1,0],"texture":"#1"}}},{"from":[4.56,1.41777,24.03296],"to":[11.44,2.5036,24.53797],"faces":{"north":{"uv":[1,1,0,0],"texture":"#1"},"east":{"uv":[1,1,0,0],"rotation":270,"texture":"#1"},"south":{"uv":[1,1,0,0],"rotation":180,"texture":"#1"},"west":{"uv":[1,1,0,0],"rotation":90,"texture":"#1"},"up":{"uv":[0,0,1,1],"texture":"#1"},"down":{"uv":[0,0,1,1],"rotation":180,"texture":"#1"}}},{"from":[4.56,1.11835,21.47104],"to":[11.44,1.62215,22.15418],"rotation":{"angle":-45,"axis":"x","origin":[15.74,4.14555,22.98464]},"faces":{"north":{"uv":[1,0,0,1],"texture":"#1"},"east":{"uv":[1,0,0,1],"texture":"#1"},"south":{"uv":[1,0,0,1],"texture":"#1"},"west":{"uv":[1,0,0,1],"texture":"#1"},"up":{"uv":[0,1,1,0],"texture":"#1"},"down":{"uv":[0,1,1,0],"texture":"#1"}}},{"from":[4.56,0.93472,22.96908],"to":[11.44,2.99097,24.05492],"faces":{"north":{"uv":[1,1,0,0],"texture":"#1"},"east":{"uv":[1,1,0,0],"rotation":270,"texture":"#1"},"south":{"uv":[1,1,0,0],"rotation":180,"texture":"#1"},"west":{"uv":[1,1,0,0],"rotation":90,"texture":"#1"},"up":{"uv":[0,0,1,1],"texture":"#1"},"down":{"uv":[0,0,1,1],"rotation":180,"texture":"#1"}}},{"from":[4.31,2.41777,18.48603],"to":[11.69,3.41777,19.48603],"faces":{"north":{"uv":[0,1,1,0],"rotation":180,"texture":"#2"},"east":{"uv":[1,0,0,1],"rotation":270,"texture":"#2"},"south":{"uv":[0,1,1,0],"texture":"#2"},"west":{"uv":[1,0,0,1],"rotation":90,"texture":"#2"},"up":{"uv":[0,1,1,0],"texture":"#2"},"down":{"uv":[0,1,1,0],"rotation":180,"texture":"#2"}}},{"from":[4.96159,0.41777,15.56444],"to":[5.96159,1.16777,23.19444],"faces":{"north":{"uv":[1,0,0,1],"rotation":270,"texture":"#2"},"east":{"uv":[0,1,1,0],"texture":"#2"},"south":{"uv":[1,0,0,1],"rotation":90,"texture":"#2"},"west":{"uv":[0,1,1,0],"rotation":180,"texture":"#2"},"up":{"uv":[0,1,1,0],"rotation":270,"texture":"#2"},"down":{"uv":[0,1,1,0],"rotation":270,"texture":"#2"}}},{"from":[10.03841,0.41777,15.56444],"to":[11.03841,1.16777,23.19444],"faces":{"north":{"uv":[1,1,0,0],"rotation":270,"texture":"#2"},"east":{"uv":[1,1,0,0],"rotation":180,"texture":"#2"},"south":{"uv":[1,1,0,0],"rotation":90,"texture":"#2"},"west":{"uv":[1,1,0,0],"texture":"#2"},"up":{"uv":[0,0,1,1],"rotation":270,"texture":"#2"},"down":{"uv":[0,0,1,1],"rotation":270,"texture":"#2"}}},{"from":[7.53841,0.83734,11.759],"to":[8.53841,5.24234,12.084],"rotation":{"angle":45,"axis":"x","origin":[5.51,-3.86266,12.91444]},"faces":{"north":{"uv":[0,0,1,1],"rotation":90,"texture":"#2"},"east":{"uv":[1,1,0,0],"rotation":270,"texture":"#2"},"south":{"uv":[0,0,1,1],"rotation":270,"texture":"#2"},"west":{"uv":[1,1,0,0],"rotation":270,"texture":"#2"},"up":{"uv":[1,1,0,0],"rotation":90,"texture":"#2"},"down":{"uv":[1,1,0,0],"rotation":90,"texture":"#2"}}},{"from":[7.53841,-0.33223,18.15556],"to":[8.53841,-0.00723,22.83556],"rotation":{"angle":22.5,"axis":"x","origin":[5.51,-1.16266,27.26056]},"faces":{"north":{"uv":[0,1,1,0],"rotation":270,"texture":"#2"},"east":{"uv":[1,0,0,1],"texture":"#2"},"south":{"uv":[0,1,1,0],"rotation":90,"texture":"#2"},"west":{"uv":[1,0,0,1],"rotation":180,"texture":"#2"},"up":{"uv":[0,1,1,0],"rotation":90,"texture":"#2"},"down":{"uv":[0,1,1,0],"rotation":90,"texture":"#2"}}},{"from":[4.56,3.41777,18.73603],"to":[5.44,5.41777,19.23603],"faces":{"north":{"uv":[0,1,1,0],"rotation":180,"texture":"#2"},"east":{"uv":[1,0,0,1],"rotation":270,"texture":"#2"},"south":{"uv":[0,1,1,0],"texture":"#2"},"west":{"uv":[1,0,0,1],"rotation":90,"texture":"#2"},"up":{"uv":[0,1,1,0],"texture":"#2"},"down":{"uv":[0,1,1,0],"rotation":180,"texture":"#2"}}},{"from":[4.21,2.51777,18.58603],"to":[11.79,3.31777,19.38603],"faces":{"north":{"uv":[0,1,1,0],"rotation":180,"texture":"#0"},"east":{"uv":[1,0,0,1],"rotation":270,"texture":"#0"},"south":{"uv":[0,1,1,0],"texture":"#0"},"west":{"uv":[1,0,0,1],"rotation":90,"texture":"#0"},"up":{"uv":[0,1,1,0],"texture":"#0"},"down":{"uv":[0,1,1,0],"rotation":180,"texture":"#0"}}},{"from":[10.56,3.41777,18.73603],"to":[11.44,5.41777,19.23603],"faces":{"north":{"uv":[1,1,0,0],"rotation":180,"texture":"#2"},"east":{"uv":[1,1,0,0],"rotation":90,"texture":"#2"},"south":{"uv":[1,1,0,0],"texture":"#2"},"west":{"uv":[1,1,0,0],"rotation":270,"texture":"#2"},"up":{"uv":[1,1,0,0],"texture":"#2"},"down":{"uv":[1,1,0,0],"rotation":180,"texture":"#2"}}},{"from":[4,1.26507,17.79864],"to":[12,2.01507,19.90143],"rotation":{"angle":45,"axis":"x","origin":[17,9.26507,14.79864]},"faces":{"north":{"uv":[0,0,1,1],"texture":"#0"},"east":{"uv":[0,0,1,1],"texture":"#0"},"south":{"uv":[0,0,1,1],"texture":"#0"},"west":{"uv":[0,0,1,1],"texture":"#0"},"up":{"uv":[0,0,1,1],"texture":"#0"},"down":{"uv":[0,0,1,1],"texture":"#0"}}},{"from":[1.75,2.4525,-5.32957],"to":[3.75,3.2025,-3.32957],"rotation":{"angle":22.5,"axis":"x","origin":[8.75,10.4525,-11.32957]},"faces":{"north":{"uv":[1,0,0,1],"texture":"#0"},"east":{"uv":[1,0,0,1],"texture":"#0"},"south":{"uv":[1,0,0,1],"texture":"#0"},"west":{"uv":[1,0,0,1],"texture":"#0"},"up":{"uv":[0,1,1,0],"texture":"#0"},"down":{"uv":[0,1,1,0],"texture":"#0"}}},{"from":[1.75,0,-7],"to":[3.75,0.75,2.25],"faces":{"north":{"uv":[1,0,0,1],"texture":"#0"},"east":{"uv":[1,0,0,1],"texture":"#0"},"south":{"uv":[1,0,0,1],"texture":"#0"},"west":{"uv":[1,0,0,1],"texture":"#0"},"up":{"uv":[0,1,1,0],"texture":"#0"},"down":{"uv":[0,1,1,0],"texture":"#0"}}},{"from":[12.25,2.4525,-5.32957],"to":[14.25,3.2025,-3.32957],"rotation":{"angle":22.5,"axis":"x","origin":[7.25,10.4525,-11.32957]},"faces":{"north":{"uv":[0,0,1,1],"texture":"#0"},"east":{"uv":[0,0,1,1],"texture":"#0"},"south":{"uv":[0,0,1,1],"texture":"#0"},"west":{"uv":[0,0,1,1],"texture":"#0"},"up":{"uv":[1,1,0,0],"texture":"#0"},"down":{"uv":[1,1,0,0],"texture":"#0"}}},{"from":[12.25,0,-7],"to":[14.25,0.75,2.25],"faces":{"north":{"uv":[0,0,1,1],"texture":"#0"},"east":{"uv":[0,0,1,1],"texture":"#0"},"south":{"uv":[0,0,1,1],"texture":"#0"},"west":{"uv":[0,0,1,1],"texture":"#0"},"up":{"uv":[1,1,0,0],"texture":"#0"},"down":{"uv":[1,1,0,0],"texture":"#0"}}},{"from":[12.3,4.71565,13.39156],"to":[12.65,5.71565,22.29156],"faces":{"north":{"uv":[0,1,1,0],"texture":"#4"},"east":{"uv":[0,1,1,0],"texture":"#4"},"south":{"uv":[0,1,1,0],"texture":"#4"},"west":{"uv":[2,0,1,1],"texture":"#4"},"up":{"uv":[0,1,1,0],"texture":"#4"},"down":{"uv":[0,1,1,0],"texture":"#4"}}},{"from":[12.3,6.38324,7.27509],"to":[12.65,7.38324,10.27509],"rotation":{"angle":-22.5,"axis":"x","origin":[19.85,14.38324,16.02509]},"faces":{"north":{"uv":[0,0,1,1],"texture":"#4"},"east":{"uv":[0,0,1,1],"texture":"#4"},"south":{"uv":[0,0,1,1],"texture":"#4"},"west":{"uv":[2,0,1,1],"texture":"#4"},"up":{"uv":[0,0,1,1],"texture":"#4"},"down":{"uv":[0,0,1,1],"texture":"#4"}}},{"from":[3.35,4.71565,13.39156],"to":[3.7,5.71565,22.29156],"faces":{"north":{"uv":[1,1,0,0],"texture":"#4"},"east":{"uv":[1,1,0,0],"texture":"#4"},"south":{"uv":[1,1,0,0],"texture":"#4"},"west":{"uv":[2,0,1,1],"texture":"#4"},"up":{"uv":[1,1,0,0],"texture":"#4"},"down":{"uv":[1,1,0,0],"texture":"#4"}}},{"from":[3.65,11.51767,-4.64564],"to":[12.35,12.51767,6.10436],"rotation":{"angle":-22.5,"axis":"x","origin":[-2.85,4.51767,6.10436]},"faces":{"north":{"uv":[1,1,0,0],"texture":"#3","tintindex":1},"east":{"uv":[1,1,0,0],"texture":"#3","tintindex":1},"south":{"uv":[1,1,0,0],"texture":"#3","tintindex":1},"west":{"uv":[1,1,0,0],"texture":"#3","tintindex":1},"up":{"uv":[1,1,0,0],"texture":"#3","tintindex":1},"down":{"uv":[1,1,0,0],"texture":"#3","tintindex":1}}},{"from":[3.65,10.90871,3.04289],"to":[12.35,11.90871,8.54289],"faces":{"north":{"uv":[1,1,0,0],"texture":"#3","tintindex":1},"east":{"uv":[1,1,0,0],"texture":"#3","tintindex":1},"south":{"uv":[1,1,0,0],"texture":"#3","tintindex":1},"west":{"uv":[1,1,0,0],"texture":"#3","tintindex":1},"up":{"uv":[1,1,0,0],"texture":"#3","tintindex":1},"down":{"uv":[1,1,0,0],"texture":"#3","tintindex":1}}},{"from":[4.65,7.83596,9.39596],"to":[11.35,9.83596,11.39596],"rotation":{"angle":22.5,"axis":"x","origin":[-2.85,18.83596,17.14596]},"faces":{"north":{"uv":[1,1,0,0],"rotation":180,"texture":"#3","tintindex":1},"east":{"uv":[0,0,1,1],"rotation":270,"texture":"#3","tintindex":1},"south":{"uv":[1,1,0,0],"texture":"#3","tintindex":1},"west":{"uv":[0,0,1,1],"rotation":90,"texture":"#3","tintindex":1},"up":{"uv":[1,1,0,0],"texture":"#3","tintindex":1},"down":{"uv":[1,1,0,0],"rotation":180,"texture":"#3","tintindex":1}}},{"from":[5.15,10.95905,4.35831],"to":[10.85,11.45905,5.00831],"rotation":{"angle":22.5,"axis":"x","origin":[-2.85,3.95905,14.10831]},"faces":{"north":{"uv":[1,1,0,0],"texture":"#2"},"east":{"uv":[1,1,0,0],"texture":"#2"},"south":{"uv":[1,1,0,0],"texture":"#2"},"west":{"uv":[1,1,0,0],"texture":"#2"},"up":{"uv":[1,1,0,0],"texture":"#2"},"down":{"uv":[1,1,0,0],"texture":"#2"}}},{"from":[3.65,4.73202,1.95475],"to":[12.35,5.73202,4.10475],"rotation":{"angle":45,"axis":"x","origin":[-2.85,-2.26798,12.70475]},"faces":{"north":{"uv":[1,1,0,0],"texture":"#3","tintindex":1},"east":{"uv":[1,1,0,0],"texture":"#3","tintindex":1},"south":{"uv":[1,1,0,0],"texture":"#3","tintindex":1},"west":{"uv":[1,1,0,0],"texture":"#3","tintindex":1},"up":{"uv":[1,1,0,0],"texture":"#3","tintindex":1},"down":{"uv":[1,1,0,0],"texture":"#3","tintindex":1}}},{"from":[3.65,8.76288,11.57338],"to":[12.35,9.76288,19.72338],"faces":{"north":{"uv":[1,1,0,0],"texture":"#3","tintindex":1},"east":{"uv":[1,1,0,0],"texture":"#3","tintindex":1},"south":{"uv":[1,1,0,0],"texture":"#3","tintindex":1},"west":{"uv":[1,1,0,0],"texture":"#3","tintindex":1},"up":{"uv":[1,1,0,0],"texture":"#3","tintindex":1},"down":{"uv":[1,1,0,0],"texture":"#3","tintindex":1}}},{"from":[3.65,7.40382,4.66313],"to":[12.35,8.40382,7.06313],"rotation":{"angle":22.5,"axis":"x","origin":[-2.85,0.40382,15.41313]},"faces":{"north":{"uv":[1,1,0,0],"texture":"#3","tintindex":1},"east":{"uv":[1,1,0,0],"texture":"#3","tintindex":1},"south":{"uv":[1,1,0,0],"texture":"#3","tintindex":1},"west":{"uv":[1,1,0,0],"texture":"#3","tintindex":1},"up":{"uv":[1,1,0,0],"texture":"#3","tintindex":1},"down":{"uv":[1,1,0,0],"texture":"#3","tintindex":1}}},{"from":[3.65,5.57028,20.77365],"to":[12.35,8.47028,21.77365],"rotation":{"angle":22.5,"axis":"x","origin":[-2.85,12.32028,28.77365]},"faces":{"north":{"uv":[1,1,0,0],"rotation":180,"texture":"#3","tintindex":1},"east":{"uv":[0,0,1,1],"rotation":270,"texture":"#3","tintindex":1},"south":{"uv":[1,1,0,0],"texture":"#3","tintindex":1},"west":{"uv":[0,0,1,1],"rotation":90,"texture":"#3","tintindex":1},"up":{"uv":[1,1,0,0],"texture":"#3","tintindex":1},"down":{"uv":[1,1,0,0],"rotation":180,"texture":"#3","tintindex":1}}},{"from":[3.65,10.82482,19.90928],"to":[12.35,11.82482,24.55928],"faces":{"north":{"uv":[1,1,0,0],"texture":"#3","tintindex":1},"east":{"uv":[1,1,0,0],"texture":"#3","tintindex":1},"south":{"uv":[1,1,0,0],"texture":"#3","tintindex":1},"west":{"uv":[1,1,0,0],"texture":"#3","tintindex":1},"up":{"uv":[1,1,0,0],"texture":"#3","tintindex":1},"down":{"uv":[1,1,0,0],"texture":"#3","tintindex":1}}},{"from":[3.15,8.83408,21.55972],"to":[12.85,10.13408,24.05972],"faces":{"north":{"uv":[1,1,0,0],"texture":"#3","tintindex":1},"east":{"uv":[1,1,0,0],"texture":"#3","tintindex":1},"south":{"uv":[1,1,0,0],"texture":"#3","tintindex":1},"west":{"uv":[1,1,0,0],"texture":"#3","tintindex":1},"up":{"uv":[1,1,0,0],"texture":"#3","tintindex":1},"down":{"uv":[1,1,0,0],"texture":"#3","tintindex":1}}},{"from":[3.15,3.33596,22.74596],"to":[12.85,6.63596,24.64596],"rotation":{"angle":22.5,"axis":"x","origin":[-2.85,14.08596,31.64596]},"faces":{"north":{"uv":[1,1,0,0],"rotation":180,"texture":"#3","tintindex":1},"east":{"uv":[0,0,1,1],"rotation":270,"texture":"#3","tintindex":1},"south":{"uv":[1,1,0,0],"texture":"#3","tintindex":1},"west":{"uv":[0,0,1,1],"rotation":90,"texture":"#3","tintindex":1},"up":{"uv":[1,1,0,0],"texture":"#3","tintindex":1},"down":{"uv":[1,1,0,0],"rotation":180,"texture":"#3","tintindex":1}}},{"from":[3.15,6.83304,11.56495],"to":[12.85,7.40804,21.06495],"faces":{"north":{"uv":[1,1,0,0],"texture":"#3","tintindex":1},"east":{"uv":[1,1,0,0],"texture":"#3","tintindex":1},"south":{"uv":[1,1,0,0],"texture":"#3","tintindex":1},"west":{"uv":[1,1,0,0],"texture":"#3","tintindex":1},"up":{"uv":[1,1,0,0],"texture":"#3","tintindex":1},"down":{"uv":[1,1,0,0],"texture":"#3","tintindex":1}}},{"from":[3.7,4.71565,21.89156],"to":[12.3,5.71565,22.29156],"faces":{"north":{"uv":[1,1,0,0],"texture":"#4"},"east":{"uv":[1,1,0,0],"texture":"#4"},"south":{"uv":[1,1,0,0],"texture":"#4"},"west":{"uv":[2,0,1,1],"texture":"#4"},"up":{"uv":[1,1,0,0],"texture":"#4"},"down":{"uv":[1,1,0,0],"texture":"#4"}}},{"from":[3.35,6.38324,4.02509],"to":[12.65,11.28324,7.27509],"rotation":{"angle":-22.5,"axis":"x","origin":[-2.85,14.38324,16.02509]},"faces":{"north":{"uv":[1,0,0,1],"texture":"#4"},"east":{"uv":[1,0,0,1],"texture":"#4"},"south":{"uv":[1,0,0,1],"texture":"#4"},"west":{"uv":[2,0,1,1],"texture":"#4"},"up":{"uv":[1,0,0,1],"texture":"#4"},"down":{"uv":[1,0,0,1],"texture":"#4"}}},{"from":[3.35,2.4,-3],"to":[12.65,7.7,8],"faces":{"north":{"uv":[1,0,0,1],"texture":"#4"},"east":{"uv":[1,0,0,1],"texture":"#4"},"south":{"uv":[1,0,0,1],"texture":"#4"},"west":{"uv":[2,0,1,1],"texture":"#4"},"up":{"uv":[1,0,0,1],"texture":"#4"},"down":{"uv":[1,0,0,1],"texture":"#4"}}},{"from":[3.35,-0.88775,-4.22138],"to":[12.65,2.91225,-0.47138],"rotation":{"angle":22.5,"axis":"x","origin":[-2.85,7.11225,6.52862]},"faces":{"north":{"uv":[1,0,0,1],"texture":"#4"},"east":{"uv":[1,0,0,1],"texture":"#4"},"south":{"uv":[1,0,0,1],"texture":"#4"},"west":{"uv":[2,0,1,1],"texture":"#4"},"up":{"uv":[1,0,0,1],"texture":"#4"},"down":{"uv":[1,0,0,1],"texture":"#4"}}},{"from":[3.35,-3.45783,-4.95795],"to":[12.65,-0.38283,-2.85795],"rotation":{"angle":45,"axis":"x","origin":[-2.85,4.54217,4.14205]},"faces":{"north":{"uv":[1,0,0,1],"texture":"#4"},"east":{"uv":[1,0,0,1],"texture":"#4"},"south":{"uv":[1,0,0,1],"texture":"#4"},"west":{"uv":[2,0,1,1],"texture":"#4"},"up":{"uv":[1,0,0,1],"texture":"#4"},"down":{"uv":[1,0,0,1],"texture":"#4"}}},{"from":[3.65,14.08775,-5.78221],"to":[12.35,15.08775,-3.28221],"rotation":{"angle":-45,"axis":"x","origin":[-2.85,7.08775,3.71779]},"faces":{"north":{"uv":[1,1,0,0],"texture":"#3","tintindex":1},"east":{"uv":[1,1,0,0],"texture":"#3","tintindex":1},"south":{"uv":[1,1,0,0],"texture":"#3","tintindex":1},"west":{"uv":[1,1,0,0],"texture":"#3","tintindex":1},"up":{"uv":[1,1,0,0],"texture":"#3","tintindex":1},"down":{"uv":[1,1,0,0],"texture":"#3","tintindex":1}}},{"from":[3.15,6.06767,-7.22064],"to":[12.85,6.56767,-1.59564],"faces":{"north":{"uv":[1,1,0,0],"texture":"#3","tintindex":1},"east":{"uv":[1,1,0,0],"texture":"#3","tintindex":1},"south":{"uv":[1,1,0,0],"texture":"#3","tintindex":1},"west":{"uv":[1,1,0,0],"texture":"#3","tintindex":1},"up":{"uv":[1,1,0,0],"texture":"#3","tintindex":1},"down":{"uv":[1,1,0,0],"texture":"#3","tintindex":1}}},{"from":[3.15,10.71436,0.26485],"to":[12.85,12.81436,4.26485],"rotation":{"angle":-22.5,"axis":"x","origin":[-2.85,3.71436,11.01485]},"faces":{"north":{"uv":[1,1,0,0],"texture":"#3","tintindex":1},"east":{"uv":[1,1,0,0],"texture":"#3","tintindex":1},"south":{"uv":[1,1,0,0],"texture":"#3","tintindex":1},"west":{"uv":[1,1,0,0],"texture":"#3","tintindex":1},"up":{"uv":[1,1,0,0],"texture":"#3","tintindex":1},"down":{"uv":[1,1,0,0],"texture":"#3","tintindex":1}}},{"from":[3.15,7.56034,1.30854],"to":[12.85,10.36034,9.90854],"faces":{"north":{"uv":[1,1,0,0],"texture":"#3","tintindex":1},"east":{"uv":[1,1,0,0],"texture":"#3","tintindex":1},"south":{"uv":[1,1,0,0],"texture":"#3","tintindex":1},"west":{"uv":[1,1,0,0],"texture":"#3","tintindex":1},"up":{"uv":[1,1,0,0],"texture":"#3","tintindex":1},"down":{"uv":[1,1,0,0],"texture":"#3","tintindex":1}}},{"from":[3.15,4.0174,5.62012],"to":[12.85,5.6174,8.22012],"rotation":{"angle":22.5,"axis":"x","origin":[-2.85,-2.9826,16.97012]},"faces":{"north":{"uv":[1,1,0,0],"texture":"#3","tintindex":1},"east":{"uv":[1,1,0,0],"texture":"#3","tintindex":1},"south":{"uv":[1,1,0,0],"texture":"#3","tintindex":1},"west":{"uv":[1,1,0,0],"texture":"#3","tintindex":1},"up":{"uv":[1,1,0,0],"texture":"#3","tintindex":1},"down":{"uv":[1,1,0,0],"texture":"#3","tintindex":1}}},{"from":[4.884,11.39522,2.65715],"to":[11.1,12.27522,6.49715],"faces":{"north":{"uv":[1,1,0,0],"texture":"#3","tintindex":1},"east":{"uv":[1,1,0,0],"texture":"#3","tintindex":1},"south":{"uv":[1,1,0,0],"texture":"#3","tintindex":1},"west":{"uv":[1,1,0,0],"texture":"#3","tintindex":1},"up":{"uv":[1,1,0,0],"texture":"#3","tintindex":1},"down":{"uv":[1,1,0,0],"texture":"#3","tintindex":1}}},{"from":[4.884,11.6441,-4.80167],"to":[11.1,12.5241,5.40833],"rotation":{"angle":-22.5,"axis":"x","origin":[-1.556,5.4841,4.65833]},"faces":{"north":{"uv":[1,1,0,0],"texture":"#3","tintindex":1},"east":{"uv":[1,1,0,0],"texture":"#3","tintindex":1},"south":{"uv":[1,1,0,0],"texture":"#3","tintindex":1},"west":{"uv":[1,1,0,0],"texture":"#3","tintindex":1},"up":{"uv":[1,1,0,0],"texture":"#3","tintindex":1},"down":{"uv":[1,1,0,0],"texture":"#3","tintindex":1}}},{"from":[4.884,13.90577,-5.80185],"to":[11.1,14.78577,-3.60185],"rotation":{"angle":-45,"axis":"x","origin":[-1.556,7.74577,2.55815]},"faces":{"north":{"uv":[1,1,0,0],"texture":"#3","tintindex":1},"east":{"uv":[1,1,0,0],"texture":"#3","tintindex":1},"south":{"uv":[1,1,0,0],"texture":"#3","tintindex":1},"west":{"uv":[1,1,0,0],"texture":"#3","tintindex":1},"up":{"uv":[1,1,0,0],"texture":"#3","tintindex":1},"down":{"uv":[1,1,0,0],"texture":"#3","tintindex":1}}},{"from":[4.884,2.69664,-5.99323],"to":[11.1,3.54664,-5.11323],"rotation":{"angle":22.5,"axis":"x","origin":[-1.556,11.05664,1.04677]},"faces":{"north":{"uv":[1,1,0,0],"rotation":180,"texture":"#3","tintindex":1},"east":{"uv":[1,1,0,0],"rotation":90,"texture":"#3","tintindex":1},"south":{"uv":[1,1,0,0],"texture":"#3","tintindex":1},"west":{"uv":[1,1,0,0],"rotation":270,"texture":"#3","tintindex":1},"up":{"uv":[1,1,0,0],"texture":"#3","tintindex":1},"down":{"uv":[1,1,0,0],"rotation":180,"texture":"#3","tintindex":1}}},{"from":[3.9,9.06288,11.57338],"to":[12.1,10.06288,19.72338],"faces":{"north":{"uv":[1,1,0,0],"texture":"#1"},"east":{"uv":[1,1,0,0],"texture":"#1"},"south":{"uv":[1,1,0,0],"texture":"#1"},"west":{"uv":[1,1,0,0],"texture":"#1"},"up":{"uv":[1,1,0,0],"texture":"#1"},"down":{"uv":[1,1,0,0],"texture":"#1"}}},{"from":[3.9,5.57028,20.52365],"to":[12.1,8.22028,21.52365],"rotation":{"angle":22.5,"axis":"x","origin":[-2.85,12.32028,28.52365]},"faces":{"north":{"uv":[1,1,0,0],"rotation":180,"texture":"#1"},"east":{"uv":[0,0,1,1],"rotation":270,"texture":"#1"},"south":{"uv":[1,1,0,0],"texture":"#1"},"west":{"uv":[0,0,1,1],"rotation":90,"texture":"#1"},"up":{"uv":[1,1,0,0],"texture":"#1"},"down":{"uv":[1,1,0,0],"rotation":180,"texture":"#1"}}},{"from":[5.25,8.08596,9.74596],"to":[10.75,10.58596,11.29596],"rotation":{"angle":22.5,"axis":"x","origin":[-2.85,18.83596,17.14596]},"faces":{"north":{"uv":[1,1,0,0],"rotation":180,"texture":"#3","tintindex":1},"east":{"uv":[0,0,1,1],"rotation":270,"texture":"#3","tintindex":1},"south":{"uv":[1,1,0,0],"texture":"#3","tintindex":1},"west":{"uv":[0,0,1,1],"rotation":90,"texture":"#3","tintindex":1},"up":{"uv":[1,1,0,0],"texture":"#3","tintindex":1},"down":{"uv":[1,1,0,0],"rotation":180,"texture":"#3","tintindex":1}}},{"from":[5.7,5.73596,12.49596],"to":[10.3,7.18596,13.84596],"rotation":{"angle":45,"axis":"x","origin":[-2.85,16.33596,19.69596]},"faces":{"north":{"uv":[1,1,0,0],"rotation":180,"texture":"#3","tintindex":1},"east":{"uv":[0,0,1,1],"rotation":270,"texture":"#3","tintindex":1},"south":{"uv":[1,1,0,0],"texture":"#3","tintindex":1},"west":{"uv":[0,0,1,1],"rotation":90,"texture":"#3","tintindex":1},"up":{"uv":[1,1,0,0],"texture":"#3","tintindex":1},"down":{"uv":[1,1,0,0],"rotation":180,"texture":"#3","tintindex":1}}},{"from":[10.65,10.85905,4.25831],"to":[12.35,11.55905,5.10831],"rotation":{"angle":22.5,"axis":"x","origin":[2.65,3.95905,14.10831]},"faces":{"north":{"uv":[1,1,0,0],"texture":"#0"},"east":{"uv":[1,1,0,0],"texture":"#0"},"south":{"uv":[1,1,0,0],"texture":"#0"},"west":{"uv":[1,1,0,0],"texture":"#0"},"up":{"uv":[1,1,0,0],"texture":"#0"},"down":{"uv":[1,1,0,0],"texture":"#0"}}},{"from":[3.65,10.85905,4.25831],"to":[5.35,11.55905,5.10831],"rotation":{"angle":22.5,"axis":"x","origin":[13.35,3.95905,14.10831]},"faces":{"north":{"uv":[0,1,1,0],"texture":"#0"},"east":{"uv":[0,1,1,0],"texture":"#0"},"south":{"uv":[0,1,1,0],"texture":"#0"},"west":{"uv":[0,1,1,0],"texture":"#0"},"up":{"uv":[0,1,1,0],"texture":"#0"},"down":{"uv":[0,1,1,0],"texture":"#0"}}},{"from":[3.15,6.45382,4.66313],"to":[12.85,7.65382,7.06313],"rotation":{"angle":22.5,"axis":"x","origin":[-2.85,-0.34618,15.41313]},"faces":{"north":{"uv":[1,1,0,0],"texture":"#3","tintindex":1},"east":{"uv":[1,1,0,0],"texture":"#3","tintindex":1},"south":{"uv":[1,1,0,0],"texture":"#3","tintindex":1},"west":{"uv":[1,1,0,0],"texture":"#3","tintindex":1},"up":{"uv":[1,1,0,0],"texture":"#3","tintindex":1},"down":{"uv":[1,1,0,0],"texture":"#3","tintindex":1}}},{"from":[3.15,10.15871,3.04289],"to":[12.85,11.15871,8.54289],"faces":{"north":{"uv":[1,1,0,0],"texture":"#3","tintindex":1},"east":{"uv":[1,1,0,0],"texture":"#3","tintindex":1},"south":{"uv":[1,1,0,0],"texture":"#3","tintindex":1},"west":{"uv":[1,1,0,0],"texture":"#3","tintindex":1},"up":{"uv":[1,1,0,0],"texture":"#3","tintindex":1},"down":{"uv":[1,1,0,0],"texture":"#3","tintindex":1}}},{"from":[3.15,10.76767,-4.64564],"to":[12.85,11.76767,6.10436],"rotation":{"angle":-22.5,"axis":"x","origin":[-2.85,3.76767,6.10436]},"faces":{"north":{"uv":[1,1,0,0],"texture":"#3","tintindex":1},"east":{"uv":[1,1,0,0],"texture":"#3","tintindex":1},"south":{"uv":[1,1,0,0],"texture":"#3","tintindex":1},"west":{"uv":[1,1,0,0],"texture":"#3","tintindex":1},"up":{"uv":[1,1,0,0],"texture":"#3","tintindex":1},"down":{"uv":[1,1,0,0],"texture":"#3","tintindex":1}}},{"from":[3.15,13.33775,-5.78221],"to":[12.85,14.33775,-3.28221],"rotation":{"angle":-45,"axis":"x","origin":[-2.85,6.33775,3.71779]},"faces":{"north":{"uv":[1,1,0,0],"texture":"#3","tintindex":1},"east":{"uv":[1,1,0,0],"texture":"#3","tintindex":1},"south":{"uv":[1,1,0,0],"texture":"#3","tintindex":1},"west":{"uv":[1,1,0,0],"texture":"#3","tintindex":1},"up":{"uv":[1,1,0,0],"texture":"#3","tintindex":1},"down":{"uv":[1,1,0,0],"texture":"#3","tintindex":1}}},{"from":[3.15,3.48202,1.95475],"to":[12.85,4.98202,4.10475],"rotation":{"angle":45,"axis":"x","origin":[-2.85,-3.01798,12.70475]},"faces":{"north":{"uv":[1,1,0,0],"texture":"#3","tintindex":1},"east":{"uv":[1,1,0,0],"texture":"#3","tintindex":1},"south":{"uv":[1,1,0,0],"texture":"#3","tintindex":1},"west":{"uv":[1,1,0,0],"texture":"#3","tintindex":1},"up":{"uv":[1,1,0,0],"texture":"#3","tintindex":1},"down":{"uv":[1,1,0,0],"texture":"#3","tintindex":1}}},{"from":[3.15,7.21288,11.57338],"to":[12.85,9.01288,19.72338],"faces":{"north":{"uv":[1,1,0,0],"texture":"#3","tintindex":1},"east":{"uv":[1,1,0,0],"texture":"#3","tintindex":1},"south":{"uv":[1,1,0,0],"texture":"#3","tintindex":1},"west":{"uv":[1,1,0,0],"texture":"#3","tintindex":1},"up":{"uv":[1,1,0,0],"texture":"#3","tintindex":1},"down":{"uv":[1,1,0,0],"texture":"#3","tintindex":1}}},{"from":[3.15,4.82028,20.77365],"to":[12.85,7.72028,21.77365],"rotation":{"angle":22.5,"axis":"x","origin":[-2.85,11.57028,28.77365]},"faces":{"north":{"uv":[1,1,0,0],"rotation":180,"texture":"#3","tintindex":1},"east":{"uv":[0,0,1,1],"rotation":270,"texture":"#3","tintindex":1},"south":{"uv":[1,1,0,0],"texture":"#3","tintindex":1},"west":{"uv":[0,0,1,1],"rotation":90,"texture":"#3","tintindex":1},"up":{"uv":[1,1,0,0],"texture":"#3","tintindex":1},"down":{"uv":[1,1,0,0],"rotation":180,"texture":"#3","tintindex":1}}},{"from":[3.15,10.07482,19.90928],"to":[12.85,11.07482,24.55928],"faces":{"north":{"uv":[1,1,0,0],"texture":"#3","tintindex":1},"east":{"uv":[1,1,0,0],"texture":"#3","tintindex":1},"south":{"uv":[1,1,0,0],"texture":"#3","tintindex":1},"west":{"uv":[1,1,0,0],"texture":"#3","tintindex":1},"up":{"uv":[1,1,0,0],"texture":"#3","tintindex":1},"down":{"uv":[1,1,0,0],"texture":"#3","tintindex":1}}},{"from":[3.15,6.56767,-5.42064],"to":[12.85,7.51767,-1.59564],"faces":{"north":{"uv":[1,1,0,0],"texture":"#3","tintindex":1},"east":{"uv":[1,1,0,0],"texture":"#3","tintindex":1},"south":{"uv":[1,1,0,0],"texture":"#3","tintindex":1},"west":{"uv":[1,1,0,0],"texture":"#3","tintindex":1},"up":{"uv":[1,1,0,0],"texture":"#3","tintindex":1},"down":{"uv":[1,1,0,0],"texture":"#3","tintindex":1}}},{"from":[3.15,7.49267,-3.42064],"to":[12.85,8.24267,-1.89564],"faces":{"north":{"uv":[1,1,0,0],"texture":"#3","tintindex":1},"east":{"uv":[1,1,0,0],"texture":"#3","tintindex":1},"south":{"uv":[1,1,0,0],"texture":"#3","tintindex":1},"west":{"uv":[1,1,0,0],"texture":"#3","tintindex":1},"up":{"uv":[1,1,0,0],"texture":"#3","tintindex":1},"down":{"uv":[1,1,0,0],"texture":"#3","tintindex":1}}},{"from":[3.35,5.71565,14.39156],"to":[3.7,6.91565,17.29156],"faces":{"north":{"uv":[1,1,0,0],"texture":"#4"},"east":{"uv":[1,1,0,0],"texture":"#4"},"south":{"uv":[1,1,0,0],"texture":"#4"},"west":{"uv":[2,0,1,1],"texture":"#4"},"up":{"uv":[1,1,0,0],"texture":"#4"},"down":{"uv":[1,1,0,0],"texture":"#4"}}},{"from":[12.3,5.71565,14.39156],"to":[12.65,6.91565,17.29156],"faces":{"north":{"uv":[0,1,1,0],"texture":"#4"},"east":{"uv":[1,0,2,1],"texture":"#4"},"south":{"uv":[0,1,1,0],"texture":"#4"},"west":{"uv":[0,1,1,0],"texture":"#4"},"up":{"uv":[0,1,1,0],"texture":"#4"},"down":{"uv":[0,1,1,0],"texture":"#4"}}},{"from":[6.65,-5.40935,23.74156],"to":[9.35,-2.90935,24.14156],"rotation":{"angle":-45,"axis":"x","origin":[8,-2.125,9.85]},"faces":{"north":{"uv":[1,1,0,0],"texture":"#4"},"east":{"uv":[1,1,0,0],"texture":"#4"},"south":{"uv":[1,1,0,0],"texture":"#4"},"west":{"uv":[2,0,1,1],"texture":"#4"},"up":{"uv":[1,1,0,0],"texture":"#4"},"down":{"uv":[1,1,0,0],"texture":"#4"}}},{"from":[3.35,6.38324,7.27509],"to":[3.7,7.38324,10.27509],"rotation":{"angle":-22.5,"axis":"x","origin":[-3.85,14.38324,16.02509]},"faces":{"north":{"uv":[2,0,1,1],"texture":"#4"},"east":{"uv":[2,0,1,1],"texture":"#4"},"south":{"uv":[2,0,1,1],"texture":"#4"},"west":{"uv":[2,0,1,1],"texture":"#4"},"up":{"uv":[2,0,1,1],"texture":"#4"},"down":{"uv":[2,0,1,1],"texture":"#4"}}},{"from":[3.35,-4.51676,9.92509],"to":[12.65,0.33324,13.17509],"rotation":{"angle":45,"axis":"x","origin":[-2.85,3.48324,21.92509]},"faces":{"north":{"uv":[1,0,0,1],"texture":"#4"},"east":{"uv":[1,0,0,1],"texture":"#4"},"south":{"uv":[1,0,0,1],"texture":"#4"},"west":{"uv":[2,0,1,1],"texture":"#4"},"up":{"uv":[1,0,0,1],"texture":"#4"},"down":{"uv":[1,0,0,1],"texture":"#4"}}},{"from":[3.629,5.81025,3.86358],"to":[12.371,10.41625,6.91858],"rotation":{"angle":-22.5,"axis":"x","origin":[-2.199,13.33025,15.14358]},"faces":{"north":{"uv":[1,0,0,1],"texture":"#2"},"east":{"uv":[1,0,0,1],"texture":"#2"},"south":{"uv":[1,0,0,1],"texture":"#2"},"west":{"uv":[2,0,1,1],"texture":"#2"},"up":{"uv":[1,0,0,1],"texture":"#2"},"down":{"uv":[1,0,0,1],"texture":"#2"}}},{"from":[3.629,2.066,-2.74],"to":[12.371,7.048,7.6],"faces":{"north":{"uv":[1,0,0,1],"texture":"#2"},"east":{"uv":[1,0,0,1],"texture":"#2"},"south":{"uv":[1,0,0,1],"texture":"#2"},"west":{"uv":[2,0,1,1],"texture":"#2"},"up":{"uv":[1,0,0,1],"texture":"#2"},"down":{"uv":[1,0,0,1],"texture":"#2"}}},{"from":[3.629,-1.02448,-3.8881],"to":[12.371,2.54752,-0.3631],"rotation":{"angle":22.5,"axis":"x","origin":[-2.199,6.49552,6.2169]},"faces":{"north":{"uv":[1,0,0,1],"texture":"#2"},"east":{"uv":[1,0,0,1],"texture":"#2"},"south":{"uv":[1,0,0,1],"texture":"#2"},"west":{"uv":[2,0,1,1],"texture":"#2"},"up":{"uv":[1,0,0,1],"texture":"#2"},"down":{"uv":[1,0,0,1],"texture":"#2"}}},{"from":[3.629,-3.44036,-4.58047],"to":[12.371,-0.54986,-2.60647],"rotation":{"angle":45,"axis":"x","origin":[-2.199,4.07964,3.97353]},"faces":{"north":{"uv":[1,0,0,1],"texture":"#2"},"east":{"uv":[1,0,0,1],"texture":"#2"},"south":{"uv":[1,0,0,1],"texture":"#2"},"west":{"uv":[2,0,1,1],"texture":"#2"},"up":{"uv":[1,0,0,1],"texture":"#2"},"down":{"uv":[1,0,0,1],"texture":"#2"}}},{"from":[3.629,-3.62022,12.08866],"to":[12.371,-3.17972,13.81266],"rotation":{"angle":45,"axis":"x","origin":[-2.199,3.89978,20.39266]},"faces":{"north":{"uv":[1,0,0,1],"texture":"#2"},"east":{"uv":[1,0,0,1],"texture":"#2"},"south":{"uv":[1,0,0,1],"texture":"#2"},"west":{"uv":[2,0,1,1],"texture":"#2"},"up":{"uv":[1,0,0,1],"texture":"#2"},"down":{"uv":[1,0,0,1],"texture":"#2"}}},{"from":[5.134,11.39522,4.65715],"to":[10.85,12.77522,6.49715],"faces":{"north":{"uv":[1,1,0,0],"texture":"#3","tintindex":1},"east":{"uv":[1,1,0,0],"texture":"#3","tintindex":1},"south":{"uv":[1,1,0,0],"texture":"#3","tintindex":1},"west":{"uv":[1,1,0,0],"texture":"#3","tintindex":1},"up":{"uv":[1,1,0,0],"texture":"#3","tintindex":1},"down":{"uv":[1,1,0,0],"texture":"#3","tintindex":1}}},{"from":[5.384,11.64522,5.65715],"to":[10.6,13.02522,6.49715],"faces":{"north":{"uv":[1,1,0,0],"texture":"#3","tintindex":1},"east":{"uv":[1,1,0,0],"texture":"#3","tintindex":1},"south":{"uv":[1,1,0,0],"texture":"#3","tintindex":1},"west":{"uv":[1,1,0,0],"texture":"#3","tintindex":1},"up":{"uv":[1,1,0,0],"texture":"#3","tintindex":1},"down":{"uv":[1,1,0,0],"texture":"#3","tintindex":1}}},{"from":[12.509,-0.55795,-3.32304],"to":[12.759,1.77905,-1.72704],"rotation":{"angle":45,"axis":"x","origin":[0.979,5.52205,3.59296]},"faces":{"north":{"uv":[1,0,0,1],"texture":"#2"},"east":{"uv":[1,0,0,1],"texture":"#2"},"south":{"uv":[1,0,0,1],"texture":"#2"},"west":{"uv":[2,0,1,1],"texture":"#2"},"up":{"uv":[1,0,0,1],"texture":"#2"},"down":{"uv":[1,0,0,1],"texture":"#2"}}},{"from":[12.509,1.39531,-2.76325],"to":[12.759,4.28331,0.08675],"rotation":{"angle":22.5,"axis":"x","origin":[0.979,7.47531,5.40675]},"faces":{"north":{"uv":[1,0,0,1],"texture":"#2"},"east":{"uv":[1,0,0,1],"texture":"#2"},"south":{"uv":[1,0,0,1],"texture":"#2"},"west":{"uv":[2,0,1,1],"texture":"#2"},"up":{"uv":[1,0,0,1],"texture":"#2"},"down":{"uv":[1,0,0,1],"texture":"#2"}}},{"from":[12.509,3.894,-1.835],"to":[12.759,7.922,6.525],"faces":{"north":{"uv":[1,0,0,1],"texture":"#2"},"east":{"uv":[1,0,0,1],"texture":"#2"},"south":{"uv":[1,0,0,1],"texture":"#2"},"west":{"uv":[2,0,1,1],"texture":"#2"},"up":{"uv":[1,0,0,1],"texture":"#2"},"down":{"uv":[1,0,0,1],"texture":"#2"}}},{"from":[12.509,6.92126,3.50407],"to":[12.759,10.64526,5.97407],"rotation":{"angle":-22.5,"axis":"x","origin":[0.979,13.00126,12.62407]},"faces":{"north":{"uv":[1,0,0,1],"texture":"#2"},"east":{"uv":[1,0,0,1],"texture":"#2"},"south":{"uv":[1,0,0,1],"texture":"#2"},"west":{"uv":[2,0,1,1],"texture":"#2"},"up":{"uv":[1,0,0,1],"texture":"#2"},"down":{"uv":[1,0,0,1],"texture":"#2"}}},{"from":[12.509,-1.64382,8.26345],"to":[12.759,2.04218,11.15845],"rotation":{"angle":45,"axis":"x","origin":[0.979,4.43618,17.80845]},"faces":{"north":{"uv":[1,0,0,1],"texture":"#2"},"east":{"uv":[1,0,0,1],"texture":"#2"},"south":{"uv":[1,0,0,1],"texture":"#2"},"west":{"uv":[2,0,1,1],"texture":"#2"},"up":{"uv":[1,0,0,1],"texture":"#2"},"down":{"uv":[1,0,0,1],"texture":"#2"}}},{"from":[3.241,-0.55795,-3.32304],"to":[3.491,1.77905,-1.72704],"rotation":{"angle":45,"axis":"x","origin":[15.021,5.52205,3.59296]},"faces":{"north":{"uv":[0,0,1,1],"texture":"#2"},"east":{"uv":[1,0,2,1],"texture":"#2"},"south":{"uv":[0,0,1,1],"texture":"#2"},"west":{"uv":[0,0,1,1],"texture":"#2"},"up":{"uv":[0,0,1,1],"texture":"#2"},"down":{"uv":[0,0,1,1],"texture":"#2"}}},{"from":[3.241,1.39531,-2.76325],"to":[3.491,4.28331,0.08675],"rotation":{"angle":22.5,"axis":"x","origin":[15.021,7.47531,5.40675]},"faces":{"north":{"uv":[0,0,1,1],"texture":"#2"},"east":{"uv":[1,0,2,1],"texture":"#2"},"south":{"uv":[0,0,1,1],"texture":"#2"},"west":{"uv":[0,0,1,1],"texture":"#2"},"up":{"uv":[0,0,1,1],"texture":"#2"},"down":{"uv":[0,0,1,1],"texture":"#2"}}},{"from":[3.241,3.894,-1.835],"to":[3.491,7.922,6.525],"faces":{"north":{"uv":[0,0,1,1],"texture":"#2"},"east":{"uv":[1,0,2,1],"texture":"#2"},"south":{"uv":[0,0,1,1],"texture":"#2"},"west":{"uv":[0,0,1,1],"texture":"#2"},"up":{"uv":[0,0,1,1],"texture":"#2"},"down":{"uv":[0,0,1,1],"texture":"#2"}}},{"from":[3.241,6.92126,3.50407],"to":[3.491,10.64526,5.97407],"rotation":{"angle":-22.5,"axis":"x","origin":[15.021,13.00126,12.62407]},"faces":{"north":{"uv":[0,0,1,1],"texture":"#2"},"east":{"uv":[1,0,2,1],"texture":"#2"},"south":{"uv":[0,0,1,1],"texture":"#2"},"west":{"uv":[0,0,1,1],"texture":"#2"},"up":{"uv":[0,0,1,1],"texture":"#2"},"down":{"uv":[0,0,1,1],"texture":"#2"}}},{"from":[3.241,-1.64382,8.26345],"to":[3.491,2.04218,11.15845],"rotation":{"angle":45,"axis":"x","origin":[15.021,4.43618,17.80845]},"faces":{"north":{"uv":[0,0,1,1],"texture":"#2"},"east":{"uv":[1,0,2,1],"texture":"#2"},"south":{"uv":[0,0,1,1],"texture":"#2"},"west":{"uv":[0,0,1,1],"texture":"#2"},"up":{"uv":[0,0,1,1],"texture":"#2"},"down":{"uv":[0,0,1,1],"texture":"#2"}}},{"from":[3.15,8.83408,24.05972],"to":[5.85,10.08408,24.55972],"faces":{"north":{"uv":[1,1,0,0],"texture":"#6"},"east":{"uv":[1,1,0,0],"texture":"#6"},"south":{"uv":[1,1,0,0],"texture":"#6"},"west":{"uv":[1,1,0,0],"texture":"#6"},"up":{"uv":[1,1,0,0],"texture":"#6"},"down":{"uv":[1,1,0,0],"texture":"#6"}}},{"from":[10.15,8.83408,24.05972],"to":[12.85,10.08408,24.55972],"faces":{"north":{"uv":[0,1,1,0],"texture":"#6"},"east":{"uv":[0,1,1,0],"texture":"#6"},"south":{"uv":[0,1,1,0],"texture":"#6"},"west":{"uv":[0,1,1,0],"texture":"#6"},"up":{"uv":[0,1,1,0],"texture":"#6"},"down":{"uv":[0,1,1,0],"texture":"#6"}}},{"from":[12.35,2.7025,-5.02957],"to":[14.15,3.3525,-3.32957],"rotation":{"angle":22.5,"axis":"x","origin":[7.25,10.7025,-11.32957]},"faces":{"north":{"uv":[0,0,1,1],"texture":"#5"},"east":{"uv":[0,0,1,1],"texture":"#5"},"south":{"uv":[0,0,1,1],"texture":"#5"},"west":{"uv":[0,0,1,1],"texture":"#5"},"up":{"uv":[1,1,0,0],"texture":"#5"},"down":{"uv":[1,1,0,0],"texture":"#5"}}},{"from":[12.35,0.25,-7],"to":[14.15,0.9,2.05],"faces":{"north":{"uv":[0,0,1,1],"texture":"#5"},"east":{"uv":[0,0,1,1],"texture":"#5"},"south":{"uv":[0,0,1,1],"texture":"#5"},"west":{"uv":[0,0,1,1],"texture":"#5"},"up":{"uv":[1,1,0,0],"texture":"#5"},"down":{"uv":[1,1,0,0],"texture":"#5"}}},{"from":[12.6,0.5,-2.75],"to":[13.9,1.4,-0.45],"faces":{"north":{"uv":[0,0,1,1],"texture":"#2"},"east":{"uv":[0,0,1,1],"texture":"#2"},"south":{"uv":[0,0,1,1],"texture":"#2"},"west":{"uv":[0,0,1,1],"texture":"#2"},"up":{"uv":[1,1,0,0],"texture":"#2"},"down":{"uv":[1,1,0,0],"texture":"#2"}}},{"from":[12.85,1.35,-2],"to":[13.65,3.25,-1.2],"faces":{"north":{"uv":[0,0,1,1],"texture":"#2"},"east":{"uv":[0,0,1,1],"texture":"#2"},"south":{"uv":[0,0,1,1],"texture":"#2"},"west":{"uv":[0,0,1,1],"texture":"#2"},"up":{"uv":[1,1,0,0],"texture":"#2"},"down":{"uv":[1,1,0,0],"texture":"#2"}}},{"from":[12.35,2.9,-2.25],"to":[13.9,3.8,-0.95],"faces":{"north":{"uv":[0,0,1,1],"texture":"#2"},"east":{"uv":[0,0,1,1],"texture":"#2"},"south":{"uv":[0,0,1,1],"texture":"#2"},"west":{"uv":[0,0,1,1],"texture":"#2"},"up":{"uv":[1,1,0,0],"texture":"#2"},"down":{"uv":[1,1,0,0],"texture":"#2"}}},{"from":[2.1,2.9,-2.25],"to":[3.65,3.8,-0.95],"faces":{"north":{"uv":[1,0,0,1],"texture":"#2"},"east":{"uv":[1,0,0,1],"texture":"#2"},"south":{"uv":[1,0,0,1],"texture":"#2"},"west":{"uv":[1,0,0,1],"texture":"#2"},"up":{"uv":[0,1,1,0],"texture":"#2"},"down":{"uv":[0,1,1,0],"texture":"#2"}}},{"from":[2.35,1.35,-2],"to":[3.15,3.25,-1.2],"faces":{"north":{"uv":[1,0,0,1],"texture":"#2"},"east":{"uv":[1,0,0,1],"texture":"#2"},"south":{"uv":[1,0,0,1],"texture":"#2"},"west":{"uv":[1,0,0,1],"texture":"#2"},"up":{"uv":[0,1,1,0],"texture":"#2"},"down":{"uv":[0,1,1,0],"texture":"#2"}}},{"from":[2.1,0.5,-2.75],"to":[3.4,1.4,-0.45],"faces":{"north":{"uv":[1,0,0,1],"texture":"#2"},"east":{"uv":[1,0,0,1],"texture":"#2"},"south":{"uv":[1,0,0,1],"texture":"#2"},"west":{"uv":[1,0,0,1],"texture":"#2"},"up":{"uv":[0,1,1,0],"texture":"#2"},"down":{"uv":[0,1,1,0],"texture":"#2"}}},{"from":[1.85,0.25,-7],"to":[3.65,0.9,2.05],"faces":{"north":{"uv":[1,0,0,1],"texture":"#5"},"east":{"uv":[1,0,0,1],"texture":"#5"},"south":{"uv":[1,0,0,1],"texture":"#5"},"west":{"uv":[1,0,0,1],"texture":"#5"},"up":{"uv":[0,1,1,0],"texture":"#5"},"down":{"uv":[0,1,1,0],"texture":"#5"}}},{"from":[1.85,2.7025,-5.02957],"to":[3.65,3.3525,-3.32957],"rotation":{"angle":22.5,"axis":"x","origin":[8.75,10.7025,-11.32957]},"faces":{"north":{"uv":[1,0,0,1],"texture":"#5"},"east":{"uv":[1,0,0,1],"texture":"#5"},"south":{"uv":[1,0,0,1],"texture":"#5"},"west":{"uv":[1,0,0,1],"texture":"#5"},"up":{"uv":[0,1,1,0],"texture":"#5"},"down":{"uv":[0,1,1,0],"texture":"#5"}}}],"display":{"thirdperson_righthand":{"scale":[0.25,0.25,0.25],"rotation":[0,1,1],"translation":[0,1.5,0]},"gui":{"scale":[0.4,0.4,0.4],"rotation":[27,136,0]},"head":{"scale":[1.9,1.9,1.9],"translation":[0,-2,-16]}},"groups":[0,1,2,3,4,5,6,7,8,{"name":"group","children":[9,10,11,12,13,14,15,16,17,18,19,20,21,22,23,24,25,26,27,28,29,30]},31,32,33,34,35,{"name":"Buitenkant","children":[36,37,38,39,40,41,42,43,44,45,46,47,48,49,50,51,52,53,54,55,56,57,58,59,60,61,62,63,64,65,66,67,68,69,70,71,72,73,74,75,76,77,78,79,80,81,82,83,84,85,86,87,88,89,90,91,92,93,94,95,96,97,98,99,100,101,102,103,104]},105,106,107,108,109,110,111,112,113,114],"credit":"Model by Craftventure"}