{"textures":{"texture":"block/quartz_block_side","piston_inner":"block/piston_inner","chair":"block/anvil","pijpzijkant":"block/furnace_side","furnace_front":"block/furnace_front","quartz_block_bottom":"block/quartz_block_bottom","quartz_pillar":"block/quartz_pillar","quartz_pillar_top":"block/quartz_pillar_top","wool_colored_light_blue":"block/white_concrete","comparator_on":"block/comparator_on"},"elements":[{"name":"pijp","from":[14.525,7.975,20.325],"to":[17.425,10.875,26.125],"faces":{"north":{"uv":[2,10,6,14],"texture":"#pijpzijkant"},"east":{"uv":[2,10,14,14],"texture":"#pijpzijkant"},"south":{"uv":[2,10,6,14],"texture":"#pijpzijkant"},"west":{"uv":[2,10,14,14],"texture":"#pijpzijkant"},"up":{"uv":[1.5,10,14,14],"rotation":90,"texture":"#pijpzijkant"},"down":{"uv":[1.5,10,14,14],"rotation":90,"texture":"#pijpzijkant"}}},{"name":"pijptop","from":[15.25,8.7,26.125],"to":[16.7,10.15,27.575],"faces":{"north":{"uv":[5,5,11,11],"texture":"#piston_inner"},"east":{"uv":[2,10,6,14],"texture":"#pijpzijkant"},"south":{"uv":[5,5,11,11],"texture":"#piston_inner"},"west":{"uv":[2,10,6,14],"texture":"#pijpzijkant"},"up":{"uv":[2,10,6,14],"texture":"#pijpzijkant"},"down":{"uv":[2,10,6,14],"texture":"#pijpzijkant"}}},{"name":"pijptop","from":[15.25,14.5,24.675],"to":[16.7,15.95,26.125],"rotation":{"angle":-22.5,"axis":"x","origin":[15.25,15.95,24.675]},"faces":{"north":{"uv":[5,5,11,11],"texture":"#piston_inner"},"east":{"uv":[2,10,6,14],"texture":"#pijpzijkant"},"south":{"uv":[5,5,11,11],"texture":"#piston_inner"},"west":{"uv":[2,10,6,14],"texture":"#pijpzijkant"},"up":{"uv":[2,10,6,14],"texture":"#pijpzijkant"},"down":{"uv":[2,10,6,14],"texture":"#pijpzijkant"}}},{"name":"pijp","from":[14.525,11.6,19.0562],"to":[17.425,14.5,24.8562],"rotation":{"angle":-22.5,"axis":"x","origin":[14.525,14.5,19.0562]},"faces":{"north":{"uv":[2,10,6,14],"texture":"#pijpzijkant"},"east":{"uv":[2,10,14,14],"texture":"#pijpzijkant"},"south":{"uv":[2,10,6,14],"texture":"#pijpzijkant"},"west":{"uv":[2,10,14,14],"texture":"#pijpzijkant"},"up":{"uv":[2,10,14,14],"rotation":90,"texture":"#pijpzijkant"},"down":{"uv":[2,10,14,14],"texture":"#pijpzijkant"}}},{"name":"pijp","from":[15.25,7.79375,15.25],"to":[16.7,9.425,21.3],"rotation":{"angle":-45,"axis":"x","origin":[15.25,9.425,15.25]},"faces":{"east":{"uv":[2,11,14,14],"texture":"#pijpzijkant"},"west":{"uv":[2,11,14,14],"texture":"#pijpzijkant"},"up":{"uv":[2,10,14,12.999],"rotation":90,"texture":"#pijpzijkant"},"down":{"uv":[2,11,14,14],"rotation":90,"texture":"#pijpzijkant"}}},{"name":"PIJP","from":[15.25,7.06875,15.975],"to":[16.7,8.7,20.8],"rotation":{"angle":-22.5,"axis":"x","origin":[15.25,8.7,15.975]},"faces":{"east":{"uv":[2,10,14,14],"texture":"#pijpzijkant"},"west":{"uv":[2,10,14,14],"texture":"#pijpzijkant"},"up":{"uv":[2,10,14,14],"rotation":90,"texture":"#pijpzijkant"},"down":{"uv":[2,10,14,14],"rotation":270,"texture":"#pijpzijkant"}}},{"name":"pijp","from":[-1.425,7.975,20.325],"to":[1.475,10.875,26.125],"faces":{"north":{"uv":[6,10,2,14],"texture":"#pijpzijkant"},"east":{"uv":[14,10,2,14],"texture":"#pijpzijkant"},"south":{"uv":[6,10,2,14],"texture":"#pijpzijkant"},"west":{"uv":[14,10,2,14],"texture":"#pijpzijkant"},"up":{"uv":[1.5,14,14,10],"rotation":90,"texture":"#pijpzijkant"},"down":{"uv":[1.5,14,14,10],"rotation":90,"texture":"#pijpzijkant"}}},{"name":"pijptop","from":[-0.7,8.7,26.125],"to":[0.75,10.15,27.575],"faces":{"north":{"uv":[11,5,5,11],"texture":"#piston_inner"},"east":{"uv":[6,10,2,14],"texture":"#pijpzijkant"},"south":{"uv":[11,5,5,11],"texture":"#piston_inner"},"west":{"uv":[6,10,2,14],"texture":"#pijpzijkant"},"up":{"uv":[6,10,2,14],"texture":"#pijpzijkant"},"down":{"uv":[6,10,2,14],"texture":"#pijpzijkant"}}},{"name":"pijptop","from":[-0.7,14.5,24.675],"to":[0.75,15.95,26.125],"rotation":{"angle":-22.5,"axis":"x","origin":[0.75,15.95,24.675]},"faces":{"north":{"uv":[11,5,5,11],"texture":"#piston_inner"},"east":{"uv":[6,10,2,14],"texture":"#pijpzijkant"},"south":{"uv":[11,5,5,11],"texture":"#piston_inner"},"west":{"uv":[6,10,2,14],"texture":"#pijpzijkant"},"up":{"uv":[6,10,2,14],"texture":"#pijpzijkant"},"down":{"uv":[6,10,2,14],"texture":"#pijpzijkant"}}},{"name":"pijp","from":[-1.425,11.6,19.0562],"to":[1.475,14.5,24.8562],"rotation":{"angle":-22.5,"axis":"x","origin":[1.475,14.5,19.0562]},"faces":{"north":{"uv":[6,10,2,14],"texture":"#pijpzijkant"},"east":{"uv":[14,10,2,14],"texture":"#pijpzijkant"},"south":{"uv":[6,10,2,14],"texture":"#pijpzijkant"},"west":{"uv":[14,10,2,14],"texture":"#pijpzijkant"},"up":{"uv":[2,14,14,10],"rotation":90,"texture":"#pijpzijkant"},"down":{"uv":[14,10,2,14],"texture":"#pijpzijkant"}}},{"name":"pijp","from":[-0.7,7.79375,15.25],"to":[0.75,9.425,21.3],"rotation":{"angle":-45,"axis":"x","origin":[0.75,9.425,15.25]},"faces":{"east":{"uv":[14,11,2,14],"texture":"#pijpzijkant"},"west":{"uv":[14,11,2,14],"texture":"#pijpzijkant"},"up":{"uv":[2,12.999,14,10],"rotation":90,"texture":"#pijpzijkant"},"down":{"uv":[2,14,14,11],"rotation":90,"texture":"#pijpzijkant"}}},{"name":"PIJP","from":[-0.7,7.06875,15.975],"to":[0.75,8.7,20.8],"rotation":{"angle":-22.5,"axis":"x","origin":[0.75,8.7,15.975]},"faces":{"east":{"uv":[14,10,2,14],"texture":"#pijpzijkant"},"west":{"uv":[14,10,2,14],"texture":"#pijpzijkant"},"up":{"uv":[2,14,14,10],"rotation":90,"texture":"#pijpzijkant"},"down":{"uv":[2,14,14,10],"rotation":270,"texture":"#pijpzijkant"}}},{"name":"wheel right front","from":[17.38889,0.01389,19.58911],"to":[21.68889,2.19789,23.95711],"rotation":{"angle":0,"axis":"x","origin":[20.28889,2.10689,21.13611]},"faces":{"north":{"uv":[7.499,5,5,7],"rotation":180,"texture":"#chair"},"east":{"uv":[10,9,6,11],"texture":"#chair"},"south":{"uv":[9,6.5,11,4],"rotation":270,"texture":"#chair"},"west":{"uv":[11,8.999,12.999,5],"rotation":90,"texture":"#chair"},"up":{"uv":[11,5,9,8.999],"texture":"#chair"},"down":{"uv":[9.5,4,7,7.999],"texture":"#chair"}}},{"name":"wheel right back *","from":[17.38889,0.68989,18.86111],"to":[21.68889,1.41789,19.58911],"rotation":{"angle":0,"axis":"y","origin":[20.28889,1.32689,21.13611]},"faces":{"north":{"uv":[3.5,5,1,6],"rotation":180,"texture":"#chair"},"east":{"uv":[6,5,5,6],"rotation":180,"texture":"#chair"},"south":{"uv":[0,0,0,0],"texture":"#chair"},"west":{"uv":[3.5,5,1,6],"rotation":180,"texture":"#chair"},"up":{"uv":[3.5,5,1,6],"rotation":180,"texture":"#chair"},"down":{"uv":[10.5,8,8,9],"texture":"#chair"}}},{"name":"wheel right front","from":[17.38889,1.41789,18.13311],"to":[21.68889,5.78589,20.31711],"rotation":{"angle":0,"axis":"y","origin":[20.28889,1.32689,21.13611]},"faces":{"north":{"uv":[9.5,4,7,7.999],"rotation":180,"texture":"#chair"},"east":{"uv":[7,6,5,10],"texture":"#chair"},"south":{"uv":[11,5,9,8.999],"texture":"#chair"},"west":{"uv":[12.999,5,11,8.999],"texture":"#chair"},"up":{"uv":[7.499,5,5,7],"texture":"#chair"},"down":{"uv":[9,6.5,11,4],"rotation":270,"texture":"#chair"}}},{"name":"wheel right back *","from":[17.38889,5.78589,18.80911],"to":[21.68889,6.51389,19.53711],"rotation":{"angle":0,"axis":"x","origin":[20.28889,5.14889,22.35811]},"faces":{"north":{"uv":[10.5,8,8,9],"rotation":180,"texture":"#chair"},"east":{"uv":[1,5,2,4],"rotation":270,"texture":"#chair"},"south":{"uv":[3.5,5,1,6],"rotation":180,"texture":"#chair"},"west":{"uv":[1,6,3.5,5],"rotation":90,"texture":"#chair"},"up":{"uv":[3.5,5,1,6],"texture":"#chair"},"down":{"uv":[0,0,0,0],"texture":"#chair"}}},{"name":"wheel right front","from":[17.38889,5.05789,19.53711],"to":[21.68889,7.24189,23.90511],"rotation":{"angle":0,"axis":"x","origin":[20.28889,5.14889,22.35811]},"faces":{"north":{"uv":[9,6.5,11,4],"rotation":90,"texture":"#chair"},"east":{"uv":[10,5,6,7],"texture":"#chair"},"south":{"uv":[7.499,5,5,7],"texture":"#chair"},"west":{"uv":[11,8.999,12.999,5],"rotation":270,"texture":"#chair"},"up":{"uv":[9.5,4,7,7.999],"texture":"#chair"},"down":{"uv":[11,5,9,8.999],"texture":"#chair"}}},{"name":"wheel right back *","from":[17.38889,5.83789,23.90511],"to":[21.68889,6.56589,24.63311],"rotation":{"angle":0,"axis":"x","origin":[20.28889,5.92889,22.35811]},"faces":{"north":{"uv":[0,0,0,0],"texture":"#chair"},"east":{"uv":[6,5,5,6],"texture":"#chair"},"south":{"uv":[3.5,5,1,6],"texture":"#chair"},"west":{"uv":[3.5,5,1,6],"texture":"#chair"},"up":{"uv":[10.5,8,8,9],"texture":"#chair"},"down":{"uv":[3.5,5,1,6],"rotation":180,"texture":"#chair"}}},{"name":"wheel right front","from":[17.38889,1.46989,23.17711],"to":[21.68889,5.83789,25.36111],"rotation":{"angle":0,"axis":"x","origin":[20.28889,5.92889,22.35811]},"faces":{"north":{"uv":[11,5,9,8.999],"rotation":180,"texture":"#chair"},"east":{"uv":[11,6,9,10],"texture":"#chair"},"south":{"uv":[9.5,4,7,7.999],"texture":"#chair"},"west":{"uv":[12.999,5,11,8.999],"rotation":180,"texture":"#chair"},"up":{"uv":[9,6.5,11,4],"rotation":270,"texture":"#chair"},"down":{"uv":[7.499,5,5,7],"texture":"#chair"}}},{"name":"wheel right back *","from":[17.38889,0.74189,23.95711],"to":[21.68889,1.46989,24.68511],"rotation":{"angle":0,"axis":"x","origin":[20.28889,2.10689,21.13611]},"faces":{"north":{"uv":[3.5,5,1,6],"texture":"#chair"},"east":{"uv":[1,5,2,4],"rotation":90,"texture":"#chair"},"south":{"uv":[10.5,8,8,9],"texture":"#chair"},"west":{"uv":[1,6,3.5,5],"rotation":270,"texture":"#chair"},"up":{"uv":[0,0,0,0],"texture":"#chair"},"down":{"uv":[3.5,5,1,6],"texture":"#chair"}}},{"name":"wiel rechts voor","from":[17.38889,2.14589,20.31711],"to":[20.98889,5.05789,23.22911],"rotation":{"angle":0,"axis":"y","origin":[9.08889,8.28189,38.51711]},"faces":{"east":{"uv":[11,5,5,11],"texture":"#piston_inner"},"west":{"uv":[16,15,15.5,16],"texture":"#piston_inner"}}},{"name":"wheel right front","from":[-5.68889,0.01389,19.58911],"to":[-1.38889,2.19789,23.95711],"rotation":{"angle":0,"axis":"x","origin":[-3.46833,3.58091,21.76235]},"faces":{"north":{"uv":[5,5,7.499,7],"rotation":180,"texture":"#chair"},"east":{"uv":[11,5,12.999,8.999],"rotation":90,"texture":"#chair"},"south":{"uv":[9,4,11,6.5],"rotation":270,"texture":"#chair"},"west":{"uv":[6,9,10,11],"texture":"#chair"},"up":{"uv":[9,5,11,8.999],"texture":"#chair"},"down":{"uv":[7,4,9.5,7.999],"texture":"#chair"}}},{"name":"wheel right back *","from":[-5.68889,0.68989,18.86111],"to":[-1.38889,1.41789,19.58911],"rotation":{"angle":0,"axis":"y","origin":[-3.46833,3.58091,21.76235]},"faces":{"north":{"uv":[1,5,3.5,6],"rotation":180,"texture":"#chair"},"east":{"uv":[1,5,3.5,6],"rotation":180,"texture":"#chair"},"south":{"uv":[0,0,0,0],"texture":"#chair"},"west":{"uv":[5,5,6,6],"rotation":180,"texture":"#chair"},"up":{"uv":[1,5,3.5,6],"rotation":180,"texture":"#chair"},"down":{"uv":[8,8,10.5,9],"texture":"#chair"}}},{"name":"wheel right front","from":[-5.68889,1.41789,18.13311],"to":[-1.38889,5.78589,20.31711],"rotation":{"angle":0,"axis":"y","origin":[-3.46833,3.58091,21.76235]},"faces":{"north":{"uv":[7,4,9.5,7.999],"rotation":180,"texture":"#chair"},"east":{"uv":[11,5,12.999,8.999],"texture":"#chair"},"south":{"uv":[9,5,11,8.999],"texture":"#chair"},"west":{"uv":[5,6,7,10],"texture":"#chair"},"up":{"uv":[5,5,7.499,7],"texture":"#chair"},"down":{"uv":[9,4,11,6.5],"rotation":270,"texture":"#chair"}}},{"name":"wheel right back *","from":[-5.68889,5.78589,18.80911],"to":[-1.38889,6.51389,19.53711],"rotation":{"angle":0,"axis":"x","origin":[-3.46833,3.58091,21.76235]},"faces":{"north":{"uv":[8,8,10.5,9],"rotation":180,"texture":"#chair"},"east":{"uv":[1,5,3.5,6],"rotation":90,"texture":"#chair"},"south":{"uv":[1,5,3.5,6],"rotation":180,"texture":"#chair"},"west":{"uv":[1,4,2,5],"rotation":270,"texture":"#chair"},"up":{"uv":[1,5,3.5,6],"texture":"#chair"},"down":{"uv":[0,0,0,0],"texture":"#chair"}}},{"name":"wheel right front","from":[-5.68889,5.05789,19.53711],"to":[-1.38889,7.24189,23.90511],"rotation":{"angle":0,"axis":"x","origin":[-3.46833,3.58091,21.76235]},"faces":{"north":{"uv":[9,4,11,6.5],"rotation":90,"texture":"#chair"},"east":{"uv":[11,5,12.999,8.999],"rotation":270,"texture":"#chair"},"south":{"uv":[5,5,7.499,7],"texture":"#chair"},"west":{"uv":[6,5,10,7],"texture":"#chair"},"up":{"uv":[7,4,9.5,7.999],"texture":"#chair"},"down":{"uv":[9,5,11,8.999],"texture":"#chair"}}},{"name":"wheel right back *","from":[-5.68889,5.83789,23.90511],"to":[-1.38889,6.56589,24.63311],"rotation":{"angle":0,"axis":"x","origin":[-3.46833,3.58091,21.76235]},"faces":{"north":{"uv":[0,0,0,0],"texture":"#chair"},"east":{"uv":[1,5,3.5,6],"texture":"#chair"},"south":{"uv":[1,5,3.5,6],"texture":"#chair"},"west":{"uv":[5,5,6,6],"texture":"#chair"},"up":{"uv":[8,8,10.5,9],"texture":"#chair"},"down":{"uv":[1,5,3.5,6],"rotation":180,"texture":"#chair"}}},{"name":"wheel right front","from":[-5.68889,1.46989,23.17711],"to":[-1.38889,5.83789,25.36111],"rotation":{"angle":0,"axis":"x","origin":[-3.46833,3.58091,21.76235]},"faces":{"north":{"uv":[9,5,11,8.999],"rotation":180,"texture":"#chair"},"east":{"uv":[11,5,12.999,8.999],"rotation":180,"texture":"#chair"},"south":{"uv":[7,4,9.5,7.999],"texture":"#chair"},"west":{"uv":[9,6,11,10],"texture":"#chair"},"up":{"uv":[9,4,11,6.5],"rotation":270,"texture":"#chair"},"down":{"uv":[5,5,7.499,7],"texture":"#chair"}}},{"name":"wheel right back *","from":[-5.68889,0.74189,23.95711],"to":[-1.38889,1.46989,24.68511],"rotation":{"angle":0,"axis":"x","origin":[-3.46833,3.58091,21.76235]},"faces":{"north":{"uv":[1,5,3.5,6],"texture":"#chair"},"east":{"uv":[1,5,3.5,6],"rotation":270,"texture":"#chair"},"south":{"uv":[8,8,10.5,9],"texture":"#chair"},"west":{"uv":[1,4,2,5],"rotation":90,"texture":"#chair"},"up":{"uv":[0,0,0,0],"texture":"#chair"},"down":{"uv":[1,5,3.5,6],"texture":"#chair"}}},{"name":"wiel rechts voor","from":[-4.98889,2.14589,20.31711],"to":[-1.38889,5.05789,23.22911],"rotation":{"angle":0,"axis":"y","origin":[-3.46833,3.58091,21.76235]},"faces":{"east":{"uv":[15.5,15,16,16],"texture":"#piston_inner"},"west":{"uv":[5,5,11,11],"texture":"#piston_inner"}}},{"name":"wheel right front","from":[-5.68889,0.00347,-3.42637],"to":[-2.13889,1.53227,-0.01877],"rotation":{"angle":0,"axis":"x","origin":[7.99255,2.54664,-1.74667]},"faces":{"north":{"uv":[5,5,7.499,7],"rotation":180,"texture":"#chair"},"east":{"uv":[11,5,12.999,8.999],"rotation":90,"texture":"#chair"},"south":{"uv":[9,4,11,6.5],"rotation":270,"texture":"#chair"},"west":{"uv":[6,9,10,11],"texture":"#chair"},"up":{"uv":[9,5,11,8.999],"texture":"#chair"},"down":{"uv":[7,4,9.5,7.999],"texture":"#chair"}}},{"name":"wheel right front","from":[-5.68889,0.81127,-4.27057],"to":[-2.13889,4.21887,-2.74177],"rotation":{"angle":0,"axis":"y","origin":[7.99255,2.54664,-1.74667]},"faces":{"north":{"uv":[7,4,9.5,7.999],"rotation":180,"texture":"#chair"},"east":{"uv":[11,5,12.999,8.999],"texture":"#chair"},"south":{"uv":[9,5,11,8.999],"texture":"#chair"},"west":{"uv":[5,6,7,10],"texture":"#chair"},"up":{"uv":[5,5,7.499,7],"texture":"#chair"},"down":{"uv":[9,4,11,6.5],"rotation":270,"texture":"#chair"}}},{"name":"wheel right front","from":[-5.68889,3.53427,-3.46277],"to":[-2.13889,5.06307,-0.05517],"rotation":{"angle":0,"axis":"x","origin":[7.99255,2.54664,-1.74667]},"faces":{"north":{"uv":[9,4,11,6.5],"rotation":90,"texture":"#chair"},"east":{"uv":[11,5,12.999,8.999],"rotation":270,"texture":"#chair"},"south":{"uv":[5,5,7.499,7],"texture":"#chair"},"west":{"uv":[6,5,10,7],"texture":"#chair"},"up":{"uv":[7,4,9.5,7.999],"texture":"#chair"},"down":{"uv":[9,5,11,8.999],"texture":"#chair"}}},{"name":"wheel right front","from":[-5.68889,0.84767,-0.73977],"to":[-2.13889,4.25527,0.78903],"rotation":{"angle":0,"axis":"x","origin":[7.99255,2.54664,-1.74667]},"faces":{"north":{"uv":[9,5,11,8.999],"rotation":180,"texture":"#chair"},"east":{"uv":[11,5,12.999,8.999],"rotation":180,"texture":"#chair"},"south":{"uv":[7,4,9.5,7.999],"texture":"#chair"},"west":{"uv":[9,6,11,10],"texture":"#chair"},"up":{"uv":[9,4,11,6.5],"rotation":270,"texture":"#chair"},"down":{"uv":[5,5,7.499,7],"texture":"#chair"}}},{"name":"wiel rechts voor","from":[-4.98889,1.49587,-2.74177],"to":[-2.13889,3.53427,-0.70337],"rotation":{"angle":0,"axis":"y","origin":[7.99255,2.54664,-1.74667]},"faces":{"east":{"uv":[15.5,15,16,16],"texture":"#piston_inner"},"west":{"uv":[5,5,11,11],"texture":"#piston_inner"}}},{"name":"wheel right front","from":[18.13889,0.00347,-3.42637],"to":[21.68889,1.53227,-0.01877],"rotation":{"angle":0,"axis":"x","origin":[7.99255,2.54664,-1.74667]},"faces":{"north":{"uv":[7.499,5,5,7],"rotation":180,"texture":"#chair"},"east":{"uv":[10,9,6,11],"texture":"#chair"},"south":{"uv":[9,6.5,11,4],"rotation":270,"texture":"#chair"},"west":{"uv":[11,8.999,12.999,5],"rotation":90,"texture":"#chair"},"up":{"uv":[11,5,9,8.999],"texture":"#chair"},"down":{"uv":[9.5,4,7,7.999],"texture":"#chair"}}},{"name":"wheel right front","from":[18.13889,0.81127,-4.27057],"to":[21.68889,4.21887,-2.74177],"rotation":{"angle":0,"axis":"y","origin":[7.99255,2.54664,-1.74667]},"faces":{"north":{"uv":[9.5,4,7,7.999],"rotation":180,"texture":"#chair"},"east":{"uv":[7,6,5,10],"texture":"#chair"},"south":{"uv":[11,5,9,8.999],"texture":"#chair"},"west":{"uv":[12.999,5,11,8.999],"texture":"#chair"},"up":{"uv":[7.499,5,5,7],"texture":"#chair"},"down":{"uv":[9,6.5,11,4],"rotation":270,"texture":"#chair"}}},{"name":"wheel right front","from":[18.13889,3.53427,-3.46277],"to":[21.68889,5.06307,-0.05517],"rotation":{"angle":0,"axis":"x","origin":[7.99255,2.54664,-1.74667]},"faces":{"north":{"uv":[9,6.5,11,4],"rotation":90,"texture":"#chair"},"east":{"uv":[10,5,6,7],"texture":"#chair"},"south":{"uv":[7.499,5,5,7],"texture":"#chair"},"west":{"uv":[11,8.999,12.999,5],"rotation":270,"texture":"#chair"},"up":{"uv":[9.5,4,7,7.999],"texture":"#chair"},"down":{"uv":[11,5,9,8.999],"texture":"#chair"}}},{"name":"wheel right front","from":[18.13889,0.84767,-0.73977],"to":[21.68889,4.25527,0.78903],"rotation":{"angle":0,"axis":"x","origin":[7.99255,2.54664,-1.74667]},"faces":{"north":{"uv":[11,5,9,8.999],"rotation":180,"texture":"#chair"},"east":{"uv":[11,6,9,10],"texture":"#chair"},"south":{"uv":[9.5,4,7,7.999],"texture":"#chair"},"west":{"uv":[12.999,5,11,8.999],"rotation":180,"texture":"#chair"},"up":{"uv":[9,6.5,11,4],"rotation":270,"texture":"#chair"},"down":{"uv":[7.499,5,5,7],"texture":"#chair"}}},{"name":"wiel rechts voor","from":[18.13889,1.49587,-2.74177],"to":[20.98889,3.53427,-0.70337],"rotation":{"angle":0,"axis":"y","origin":[7.99255,2.54664,-1.74667]},"faces":{"east":{"uv":[11,5,5,11],"texture":"#piston_inner"},"west":{"uv":[16,15,15.5,16],"texture":"#piston_inner"}}},{"name":"bumper","from":[1.5,1.5,-10],"to":[14.5,5,-6.5],"faces":{"north":{"uv":[0,0,13,3.5],"texture":"#wool_colored_light_blue","tintindex":1},"east":{"uv":[0,0,3.5,3.5],"texture":"#wool_colored_light_blue","tintindex":1},"south":{"uv":[0,0,13,3.5],"texture":"#wool_colored_light_blue","tintindex":1},"west":{"uv":[0,0,3.5,3.5],"texture":"#wool_colored_light_blue","tintindex":1},"up":{"uv":[0,0,13,3.5],"texture":"#wool_colored_light_blue","tintindex":1},"down":{"uv":[0,0,13,3.5],"texture":"#wool_colored_light_blue","tintindex":1}}},{"name":"bumper*","from":[-0.4408,1.5,-12.17128],"to":[3.0592,4.5,-9.17128],"rotation":{"angle":22.5,"axis":"y","origin":[7.97729,3.02774,-7.90411]},"faces":{"north":{"uv":[0,0,3.5,3],"texture":"#wool_colored_light_blue","tintindex":1},"east":{"uv":[0,0,3,3],"texture":"#wool_colored_light_blue","tintindex":1},"south":{"uv":[0,0,3.5,3],"texture":"#wool_colored_light_blue","tintindex":1},"west":{"uv":[0,0,3,3],"texture":"#wool_colored_light_blue","tintindex":1},"up":{"uv":[0,0,3.5,3],"texture":"#wool_colored_light_blue","tintindex":1},"down":{"uv":[0,0,3.5,3],"texture":"#wool_colored_light_blue","tintindex":1}}},{"name":"bumper*","from":[12.9408,1.5,-12.17128],"to":[16.4408,4.5,-9.17128],"rotation":{"angle":-22.5,"axis":"y","origin":[8.02271,3.02774,-7.90411]},"faces":{"north":{"uv":[3.5,0,0,3],"texture":"#wool_colored_light_blue","tintindex":1},"east":{"uv":[3,0,0,3],"texture":"#wool_colored_light_blue","tintindex":1},"south":{"uv":[3.5,0,0,3],"texture":"#wool_colored_light_blue","tintindex":1},"west":{"uv":[3,0,0,3],"texture":"#wool_colored_light_blue","tintindex":1},"up":{"uv":[3.5,0,0,3],"texture":"#wool_colored_light_blue","tintindex":1},"down":{"uv":[3.5,0,0,3],"texture":"#wool_colored_light_blue","tintindex":1}}},{"name":"bumper*","from":[0.00328,1.5,-14.28377],"to":[3.00328,4,-11.78377],"rotation":{"angle":45,"axis":"y","origin":[7.98982,2.77541,-6.56275]},"faces":{"north":{"uv":[0,0,3,2.5],"texture":"#wool_colored_light_blue","tintindex":1},"east":{"uv":[0,0,2.5,2.5],"texture":"#wool_colored_light_blue","tintindex":1},"south":{"uv":[0,0,3,2.5],"texture":"#wool_colored_light_blue","tintindex":1},"west":{"uv":[0,0,2.5,2.5],"texture":"#wool_colored_light_blue","tintindex":1},"up":{"uv":[0,0,3,2.5],"texture":"#wool_colored_light_blue","tintindex":1},"down":{"uv":[0,0,3,2.5],"texture":"#wool_colored_light_blue","tintindex":1}}},{"name":"bumper*","from":[12.99672,1.5,-14.28377],"to":[15.99672,4,-11.78377],"rotation":{"angle":-45,"axis":"y","origin":[8.01018,2.77541,-6.56275]},"faces":{"north":{"uv":[3,0,0,2.5],"texture":"#wool_colored_light_blue","tintindex":1},"east":{"uv":[2.5,0,0,2.5],"texture":"#wool_colored_light_blue","tintindex":1},"south":{"uv":[3,0,0,2.5],"texture":"#wool_colored_light_blue","tintindex":1},"west":{"uv":[2.5,0,0,2.5],"texture":"#wool_colored_light_blue","tintindex":1},"up":{"uv":[3,0,0,2.5],"texture":"#wool_colored_light_blue","tintindex":1},"down":{"uv":[3,0,0,2.5],"texture":"#wool_colored_light_blue","tintindex":1}}},{"name":"blue","from":[14.525,2.175,-3.6],"to":[18.875,2.9,-2.875],"rotation":{"angle":-22.5,"axis":"y","origin":[14.525,2.175,-3.6]},"faces":{"north":{"uv":[0,0,4.35,0.725],"texture":"#wool_colored_light_blue","tintindex":1},"east":{"uv":[0,0,0.725,0.725],"texture":"#wool_colored_light_blue","tintindex":1},"south":{"uv":[0,0,4.35,0.725],"texture":"#wool_colored_light_blue","tintindex":1},"west":{"uv":[0,0,0.725,0.725],"texture":"#wool_colored_light_blue","tintindex":1},"up":{"uv":[0,0,4.35,0.725],"texture":"#wool_colored_light_blue","tintindex":1},"down":{"uv":[0,0,4.35,0.725],"texture":"#wool_colored_light_blue","tintindex":1}}},{"name":"blue","from":[-2.875,2.175,-3.6],"to":[1.475,2.9,-2.875],"rotation":{"angle":22.5,"axis":"y","origin":[1.475,2.175,-3.6]},"faces":{"north":{"uv":[4.35,0,0,0.725],"texture":"#wool_colored_light_blue","tintindex":1},"east":{"uv":[0.725,0,0,0.725],"texture":"#wool_colored_light_blue","tintindex":1},"south":{"uv":[4.35,0,0,0.725],"texture":"#wool_colored_light_blue","tintindex":1},"west":{"uv":[0.725,0,0,0.725],"texture":"#wool_colored_light_blue","tintindex":1},"up":{"uv":[4.35,0,0,0.725],"texture":"#wool_colored_light_blue","tintindex":1},"down":{"uv":[4.35,0,0,0.725],"texture":"#wool_colored_light_blue","tintindex":1}}},{"name":"blue","from":[14.9781,2.175,-0.60937],"to":[19.3281,2.9,0.11563],"rotation":{"angle":22.5,"axis":"y","origin":[14.9781,2.175,-0.60937]},"faces":{"north":{"uv":[0,0,4.35,0.725],"texture":"#wool_colored_light_blue","tintindex":1},"east":{"uv":[0,0,0.725,0.725],"texture":"#wool_colored_light_blue","tintindex":1},"south":{"uv":[0,0,4.35,0.725],"texture":"#wool_colored_light_blue","tintindex":1},"west":{"uv":[0,0,0.725,0.725],"texture":"#wool_colored_light_blue","tintindex":1},"up":{"uv":[0,0,4.35,0.725],"texture":"#wool_colored_light_blue","tintindex":1},"down":{"uv":[0,0,4.35,0.725],"texture":"#wool_colored_light_blue","tintindex":1}}},{"name":"blue","from":[-3.3281,2.175,-0.60937],"to":[1.0219,2.9,0.11563],"rotation":{"angle":-22.5,"axis":"y","origin":[1.0219,2.175,-0.60937]},"faces":{"north":{"uv":[4.35,0,0,0.725],"texture":"#wool_colored_light_blue","tintindex":1},"east":{"uv":[0.725,0,0,0.725],"texture":"#wool_colored_light_blue","tintindex":1},"south":{"uv":[4.35,0,0,0.725],"texture":"#wool_colored_light_blue","tintindex":1},"west":{"uv":[0.725,0,0,0.725],"texture":"#wool_colored_light_blue","tintindex":1},"up":{"uv":[4.35,0,0,0.725],"texture":"#wool_colored_light_blue","tintindex":1},"down":{"uv":[4.35,0,0,0.725],"texture":"#wool_colored_light_blue","tintindex":1}}},{"name":"stuur","from":[5.97001,10.98305,-2.16854],"to":[10.03001,11.99805,-1.15354],"rotation":{"angle":45,"axis":"x","origin":[7.98146,11.50368,0.87199]},"faces":{"north":{"uv":[6.5,6,10.56,7.015],"texture":"#chair"},"east":{"uv":[14.5,6,15.515,7.015],"texture":"#chair"},"south":{"uv":[7.5,6,11.56,7.015],"texture":"#chair"},"west":{"uv":[1,6,2.015,7.015],"texture":"#chair"},"up":{"uv":[7.5,1,11.56,2.015],"texture":"#chair"},"down":{"uv":[6.5,1,10.56,2.015],"texture":"#chair"}}},{"name":"stuur","from":[10.03001,10.98305,-1.15354],"to":[11.04501,11.99805,2.90646],"rotation":{"angle":45,"axis":"x","origin":[7.98146,11.50368,0.87199]},"faces":{"north":{"uv":[6.5,6,7.515,7.015],"texture":"#chair"},"east":{"uv":[12.5,6,16.56,7.015],"texture":"#chair"},"south":{"uv":[9,6,10.015,7.015],"texture":"#chair"},"west":{"uv":[1.5,6,5.56,7.015],"texture":"#chair"},"up":{"uv":[9,1.5,10.015,5.56],"texture":"#chair"},"down":{"uv":[6.5,1.5,7.515,5.56],"texture":"#chair"}}},{"name":"stuur","from":[5.97013,10.98294,2.90646],"to":[10.03013,11.99797,3.92146],"rotation":{"angle":45,"axis":"x","origin":[7.98146,11.50368,0.87199]},"faces":{"north":{"uv":[7,6,11.06,7.01503],"texture":"#chair"},"east":{"uv":[12,6,13.015,7.01503],"texture":"#chair"},"south":{"uv":[7,6,11.06,7.01503],"texture":"#chair"},"west":{"uv":[3.5,6,4.515,7.01503],"texture":"#chair"},"up":{"uv":[7,3.5,11.06,4.515],"texture":"#chair"},"down":{"uv":[7,3.5,11.06,4.515],"texture":"#chair"}}},{"name":"stuur","from":[4.95485,10.98316,-1.15354],"to":[5.96985,11.99816,2.90646],"rotation":{"angle":45,"axis":"x","origin":[7.98146,11.50368,0.87199]},"faces":{"north":{"uv":[10,6,11.015,7.015],"texture":"#chair"},"east":{"uv":[12.5,6,16.56,7.015],"texture":"#chair"},"south":{"uv":[5.5,6,6.515,7.015],"texture":"#chair"},"west":{"uv":[1.5,6,5.56,7.015],"texture":"#chair"},"up":{"uv":[5.5,1.5,6.515,5.56],"texture":"#chair"},"down":{"uv":[10,1.5,11.015,5.56],"texture":"#chair"}}},{"name":"stuur","from":[6.9125,3.16934,-3.41606],"to":[9.0875,13.31936,-1.24106],"rotation":{"angle":45,"axis":"x","origin":[7.90904,8.25743,-2.34105]},"faces":{"north":{"uv":[0,0,2.175,10.15002],"texture":"#quartz_block_bottom"},"east":{"uv":[0,0,2.17501,10.15002],"texture":"#quartz_block_bottom"},"south":{"uv":[0,0,2.175,10.15002],"texture":"#quartz_block_bottom"},"west":{"uv":[0,0,2.17501,10.15002],"texture":"#quartz_block_bottom"},"up":{"uv":[4,4,12,12],"texture":"#quartz_pillar_top"},"down":{"uv":[0,0,2.175,2.17501],"texture":"#quartz_pillar_top"}}},{"name":"stuur","from":[9.015,11.36248,0.49011],"to":[10.03,12.37748,1.50511],"rotation":{"angle":45,"axis":"x","origin":[7.97991,11.9467,0.43065]},"faces":{"north":{"uv":[0,0,1.015,1.015],"texture":"#quartz_block_bottom"},"east":{"uv":[0,0,1.015,1.015],"texture":"#quartz_block_bottom"},"south":{"uv":[0,0,1.015,1.015],"texture":"#quartz_block_bottom"},"west":{"uv":[0,0,1.015,1.015],"texture":"#quartz_block_bottom"},"up":{"uv":[0,0,1.015,1.015],"texture":"#quartz_block_bottom"},"down":{"uv":[0,0,1.015,1.015],"texture":"#quartz_block_bottom"}}},{"name":"stuur","from":[5.97,11.36248,0.49011],"to":[6.985,12.37748,1.50511],"rotation":{"angle":45,"axis":"x","origin":[7.97991,11.9467,0.43065]},"faces":{"north":{"uv":[0,0,1.015,1.015],"texture":"#quartz_block_bottom"},"east":{"uv":[0,0,1.015,1.015],"texture":"#quartz_block_bottom"},"south":{"uv":[0,0,1.015,1.015],"texture":"#quartz_block_bottom"},"west":{"uv":[0,0,1.015,1.015],"texture":"#quartz_block_bottom"},"up":{"uv":[0,0,1.015,1.015],"texture":"#quartz_block_bottom"},"down":{"uv":[0,0,1.015,1.015],"texture":"#quartz_block_bottom"}}},{"name":"blue","from":[-0.25,2,0],"to":[16.25,3.5,18],"rotation":{"angle":0,"axis":"y","origin":[8.25,8,8]},"faces":{"north":{"uv":[0,0,16,1.5],"texture":"#wool_colored_light_blue","tintindex":1},"east":{"uv":[0,0,16,1.5],"texture":"#wool_colored_light_blue","tintindex":1},"south":{"uv":[0,0,16,1.5],"texture":"#wool_colored_light_blue","tintindex":1},"west":{"uv":[0,0,16,1.5],"texture":"#wool_colored_light_blue","tintindex":1},"up":{"uv":[0,0,16,16],"texture":"#wool_colored_light_blue","tintindex":1},"down":{"uv":[0,0,16,16],"texture":"#wool_colored_light_blue","tintindex":1}}},{"name":"blue","from":[6,0.875,-8.4375],"to":[10,4.875,1.0625],"rotation":{"angle":-45,"axis":"x","origin":[6,4.875,-8.4375]},"faces":{"east":{"uv":[1,0,8,16],"rotation":90,"texture":"#quartz_pillar"},"south":{"uv":[0,0,7,7],"texture":"#texture"},"west":{"uv":[1,0,8,16],"rotation":90,"texture":"#quartz_pillar"},"up":{"uv":[0,0,7,16],"texture":"#quartz_pillar"},"down":{"uv":[0,0,7,16],"texture":"#quartz_pillar"}}},{"name":"blue","from":[-0.3375,2.175,17.425],"to":[16.3375,2.9,19.6],"rotation":{"angle":0,"axis":"y","origin":[8.3625,8,8]},"faces":{"north":{"uv":[0,0,16,0.725],"texture":"#wool_colored_light_blue","tintindex":1},"east":{"uv":[0,0,2.175,0.725],"texture":"#wool_colored_light_blue","tintindex":1},"south":{"uv":[0,0,16,0.725],"texture":"#wool_colored_light_blue","tintindex":1},"west":{"uv":[0,0,2.175,0.725],"texture":"#wool_colored_light_blue","tintindex":1},"up":{"uv":[0,0,16,2.175],"texture":"#wool_colored_light_blue","tintindex":1},"down":{"uv":[0,0,16,2.175],"texture":"#wool_colored_light_blue","tintindex":1}}},{"name":"pijpblok","from":[13.8,7.25,15.975],"to":[18.15,10.875,20.325],"rotation":{"angle":45,"axis":"x","origin":[13.8,10.875,15.975]},"faces":{"north":{"uv":[0,0,4.35,3.625],"texture":"#wool_colored_light_blue","tintindex":1},"east":{"uv":[0,0,4.35,3.625],"texture":"#wool_colored_light_blue","tintindex":1},"south":{"uv":[0,0,4.35,3.625],"texture":"#wool_colored_light_blue","tintindex":1},"west":{"uv":[0,0,4.35,3.625],"texture":"#wool_colored_light_blue","tintindex":1},"up":{"uv":[0,0,4.35,4.35],"texture":"#wool_colored_light_blue","tintindex":1},"down":{"uv":[0,0,4.35,4.35],"texture":"#wool_colored_light_blue","tintindex":1}}},{"name":"pijpblok","from":[-2.15,7.25,15.975],"to":[2.2,10.875,20.325],"rotation":{"angle":45,"axis":"x","origin":[-2.15,10.875,15.975]},"faces":{"north":{"uv":[0,0,4.35,3.625],"texture":"#wool_colored_light_blue","tintindex":1},"east":{"uv":[0,0,4.35,3.625],"texture":"#wool_colored_light_blue","tintindex":1},"south":{"uv":[0,0,4.35,3.625],"texture":"#wool_colored_light_blue","tintindex":1},"west":{"uv":[0,0,4.35,3.625],"texture":"#wool_colored_light_blue","tintindex":1},"up":{"uv":[0,0,4.35,4.35],"texture":"#wool_colored_light_blue","tintindex":1},"down":{"uv":[0,0,4.35,4.35],"texture":"#wool_colored_light_blue","tintindex":1}}},{"name":"blue*","from":[-0.5,2,0],"to":[16,3.5,18],"faces":{"north":{"uv":[0,0,16,1.5],"texture":"#wool_colored_light_blue","tintindex":1},"east":{"uv":[0,0,16,1.5],"texture":"#wool_colored_light_blue","tintindex":1},"south":{"uv":[0,0,16,1.5],"texture":"#wool_colored_light_blue","tintindex":1},"west":{"uv":[0,0,16,1.5],"texture":"#wool_colored_light_blue","tintindex":1},"up":{"uv":[0,0,16,16],"texture":"#wool_colored_light_blue","tintindex":1},"down":{"uv":[0,0,16,16],"texture":"#wool_colored_light_blue","tintindex":1}}},{"name":"blue*","from":[0.75,2,-7],"to":[15.25,3.5,0],"rotation":{"angle":0,"axis":"y","origin":[8.25,8,8]},"faces":{"north":{"uv":[0,0,14.5,1.5],"texture":"#wool_colored_light_blue","tintindex":1},"east":{"uv":[0,0,7,1.5],"texture":"#wool_colored_light_blue","tintindex":1},"south":{"uv":[0,0,14.5,1.5],"texture":"#wool_colored_light_blue","tintindex":1},"west":{"uv":[0,0,7,1.5],"texture":"#wool_colored_light_blue","tintindex":1},"up":{"uv":[0,0,14.5,7],"texture":"#wool_colored_light_blue","tintindex":1},"down":{"uv":[0,0,14.5,7],"texture":"#wool_colored_light_blue","tintindex":1}}},{"name":"zijkant pijp rechts","from":[-1.32634,3.63602,4.82971],"to":[0.78616,5.78927,7.00471],"rotation":{"angle":22.5,"axis":"y","origin":[-1.72122,4.72713,9.31263]},"faces":{"north":{"uv":[10.999,5,5,11],"texture":"#piston_inner"},"west":{"uv":[11.5,10,8.5,13],"texture":"#pijpzijkant"},"up":{"uv":[4.5,10,2,12.5],"texture":"#pijpzijkant"},"down":{"uv":[4.5,10,2,12.5],"texture":"#pijpzijkant"}}},{"name":"zijkant pijp links*","from":[-3,3.625,5],"to":[-1.4375,5.8,12],"faces":{"west":{"uv":[14,10,2,14],"texture":"#pijpzijkant"},"up":{"uv":[2,14,14,11],"rotation":90,"texture":"#pijpzijkant"},"down":{"uv":[2,12.999,14,10],"rotation":90,"texture":"#pijpzijkant"}}},{"name":"zijkantpijp rechts","from":[-3.9311,3.63596,11.30611],"to":[-2.4811,5.78921,14.20611],"rotation":{"angle":22.5,"axis":"y","origin":[-1.72122,4.72713,9.31263]},"faces":{"south":{"uv":[5.999,9,3,13],"texture":"#pijpzijkant"},"west":{"uv":[14,10,8,14],"texture":"#pijpzijkant"},"up":{"uv":[4,14,10,10],"rotation":90,"texture":"#pijpzijkant"},"down":{"uv":[3,13,8.999,9],"rotation":90,"texture":"#pijpzijkant"}}},{"name":"zijkant pijp rechts","from":[15.21384,3.63602,4.82971],"to":[17.32634,5.78927,7.00471],"rotation":{"angle":-22.5,"axis":"y","origin":[17.72122,4.72713,9.31263]},"faces":{"north":{"uv":[5,5,10.999,11],"texture":"#piston_inner"},"east":{"uv":[8.5,10,11.5,13],"texture":"#pijpzijkant"},"up":{"uv":[2,10,4.5,12.5],"texture":"#pijpzijkant"},"down":{"uv":[2,10,4.5,12.5],"texture":"#pijpzijkant"}}},{"name":"zijkant pijp links*","from":[17.4375,3.625,5],"to":[19,5.8,12],"faces":{"east":{"uv":[2,10,14,14],"texture":"#pijpzijkant"},"up":{"uv":[2,11,14,14],"rotation":90,"texture":"#pijpzijkant"},"down":{"uv":[2,10,14,12.999],"rotation":90,"texture":"#pijpzijkant"}}},{"name":"zijkantpijp rechts","from":[18.4811,3.63596,11.30611],"to":[19.9311,5.78921,14.20611],"rotation":{"angle":-22.5,"axis":"y","origin":[17.72122,4.72713,9.31263]},"faces":{"east":{"uv":[8,10,14,14],"texture":"#pijpzijkant"},"south":{"uv":[3,9,5.999,13],"texture":"#pijpzijkant"},"up":{"uv":[4,10,10,14],"rotation":90,"texture":"#pijpzijkant"},"down":{"uv":[3,9,8.999,13],"rotation":90,"texture":"#pijpzijkant"}}},{"name":"stoel","from":[2.18647,7.61021,14.3073],"to":[13.78647,13.41021,15.7573],"rotation":{"angle":22.5,"axis":"x","origin":[2.18647,13.72271,14.3073]},"faces":{"north":{"uv":[0,0,16,8],"texture":"#chair"},"east":{"uv":[3,6,4,10],"texture":"#chair"},"west":{"uv":[12,6,13,10],"texture":"#chair"},"up":{"uv":[4,12,12,13],"texture":"#chair"}}},{"name":"stoel","from":[2.18676,5.37589,10.54985],"to":[13.78676,6.82589,12.72485],"rotation":{"angle":-45,"axis":"x","origin":[2.18676,6.82589,10.54985]},"faces":{"east":{"uv":[0,10.5,4.5,11.5],"texture":"#chair"},"west":{"uv":[11.5,10.5,16,11.5],"texture":"#chair"},"up":{"uv":[0,7,16,11],"rotation":180,"texture":"#chair"}}},{"name":"stoel","from":[2.1875,6.175,2.875],"to":[13.7875,7.25,11.575],"rotation":{"angle":0,"axis":"y","origin":[8,7.5,8]},"faces":{"north":{"uv":[4,11,12,12],"texture":"#chair"},"east":{"uv":[4.5,11,10.5,12],"texture":"#chair"},"west":{"uv":[4.5,11,10.5,12],"texture":"#chair"},"up":{"uv":[0,0,16,13],"texture":"#chair"},"down":{"uv":[0,0,16,16],"texture":"#chair"}}},{"from":[2.2,2.25,13.5],"to":[13.8,9.5,24.375],"rotation":{"angle":0,"axis":"y","origin":[7.95,8,8]},"faces":{"north":{"uv":[2.1875,6.5625,13.75,13.75],"texture":"#quartz_block_bottom"},"east":{"uv":[5.125,6.5,16,13.6875],"texture":"#pijpzijkant"},"south":{"uv":[0,4.5,16,16],"texture":"#comparator_on"},"west":{"uv":[0.5,8.8125,11.375,16],"texture":"#pijpzijkant"},"up":{"uv":[2,5.125,13.5625,16],"texture":"#quartz_block_bottom"},"down":{"uv":[2,5.125,13.5625,16],"texture":"#wool_colored_light_blue","tintindex":1}}},{"from":[2.25575,9.4375,15.4375],"to":[13.84415,13.0625,24.8625],"rotation":{"angle":22.5,"axis":"x","origin":[2.25575,13.0625,15.4375]},"faces":{"north":{"uv":[2,10.5,13.5625,14.125],"texture":"#pijpzijkant"},"east":{"uv":[2,10.5,11.375,14.125],"texture":"#pijpzijkant"},"south":{"uv":[2,10.5,13.5625,14.125],"texture":"#pijpzijkant"},"west":{"uv":[2,10.5,11.375,14.125],"texture":"#pijpzijkant"},"up":{"uv":[2,0.5,13.5625,9.875],"texture":"#furnace_front"},"down":{"uv":[2,6.625,13.5625,16],"texture":"#pijpzijkant"}}},{"from":[15.4375,2.5,1],"to":[17.4375,6.5,18],"faces":{"north":{"uv":[0,0,2,4],"texture":"#quartz_block_bottom"},"east":{"uv":[0,0,16,4],"texture":"#quartz_block_bottom"},"south":{"uv":[0,0,2,4],"texture":"#quartz_block_bottom"},"west":{"uv":[0,0,16,4],"texture":"#quartz_block_bottom"},"up":{"uv":[0,0,2,16],"texture":"#quartz_block_bottom"},"down":{"uv":[0,0,2,16],"texture":"#quartz_block_bottom"}}},{"from":[14,2,-6.5],"to":[16,3.5,-1.5],"rotation":{"angle":-45,"axis":"x","origin":[14,3.5,-6.5]},"faces":{"north":{"uv":[0,0,2,1.5],"texture":"#texture"},"east":{"uv":[0,0,5,1.5],"texture":"#texture"},"south":{"uv":[0,0,2,1.5],"texture":"#texture"},"west":{"uv":[0,0,5,1.5],"texture":"#texture"},"up":{"uv":[0,0,2,5],"texture":"#texture"},"down":{"uv":[0,0,2,5],"texture":"#texture"}}},{"from":[10,2,-8],"to":[14,4,1],"rotation":{"angle":-45,"axis":"x","origin":[14,4,-8]},"faces":{"north":{"uv":[0,0,4,2],"texture":"#texture"},"east":{"uv":[0,0,9,2],"texture":"#texture"},"south":{"uv":[0,0,4,2],"texture":"#texture"},"west":{"uv":[0,0,9,2],"texture":"#texture"},"up":{"uv":[0,0,4,9],"texture":"#texture"},"down":{"uv":[0,0,4,9],"texture":"#texture"}}},{"from":[2,2,-8],"to":[6,4,1],"rotation":{"angle":-45,"axis":"x","origin":[2,4,-8]},"faces":{"north":{"uv":[0,0,4,2],"texture":"#texture"},"east":{"uv":[0,0,9,2],"texture":"#texture"},"south":{"uv":[0,0,4,2],"texture":"#texture"},"west":{"uv":[0,0,9,2],"texture":"#texture"},"up":{"uv":[0,0,4,9],"texture":"#texture"},"down":{"uv":[0,0,4,9],"texture":"#texture"}}},{"from":[0,2,-6.5],"to":[2,3.5,-1.5],"rotation":{"angle":-45,"axis":"x","origin":[0,3.5,-6.5]},"faces":{"north":{"uv":[0,0,2,1.5],"texture":"#texture"},"east":{"uv":[0,0,5,1.5],"texture":"#texture"},"south":{"uv":[0,0,2,1.5],"texture":"#texture"},"west":{"uv":[0,0,5,1.5],"texture":"#texture"},"up":{"uv":[0,0,2,5],"texture":"#texture"},"down":{"uv":[0,0,2,5],"texture":"#texture"}}},{"from":[0.625,2.5,-4.0625],"to":[2.125,6,1.4375],"rotation":{"angle":-22.5,"axis":"y","origin":[0.625,2.5,-4.0625]},"faces":{"north":{"uv":[0,0,1.5,3.5],"texture":"#quartz_block_bottom"},"east":{"uv":[0,0,5.5,3.5],"texture":"#quartz_block_bottom"},"south":{"uv":[0,0,1.5,3.5],"texture":"#quartz_block_bottom"},"west":{"uv":[0,0,5.5,3.5],"texture":"#quartz_block_bottom"},"up":{"uv":[0,0,1.5,5.5],"texture":"#quartz_block_bottom"},"down":{"uv":[0,0,1.5,5.5],"texture":"#quartz_block_bottom"}}},{"from":[13.875,2.5,-4.0625],"to":[15.375,6,1.4375],"rotation":{"angle":22.5,"axis":"y","origin":[15.375,2.5,-4.0625]},"faces":{"north":{"uv":[1.5,0,0,3.5],"texture":"#quartz_block_bottom"},"east":{"uv":[5.5,0,0,3.5],"texture":"#quartz_block_bottom"},"south":{"uv":[1.5,0,0,3.5],"texture":"#quartz_block_bottom"},"west":{"uv":[5.5,0,0,3.5],"texture":"#quartz_block_bottom"},"up":{"uv":[1.5,0,0,5.5],"texture":"#quartz_block_bottom"},"down":{"uv":[1.5,0,0,5.5],"texture":"#quartz_block_bottom"}}},{"from":[-1.4375,2.5,1],"to":[0.5625,6.5,18],"faces":{"north":{"uv":[0,0,2,4],"texture":"#quartz_block_bottom"},"east":{"uv":[0,0,16,4],"texture":"#quartz_block_bottom"},"south":{"uv":[0,0,2,4],"texture":"#quartz_block_bottom"},"west":{"uv":[0,0,16,4],"texture":"#quartz_block_bottom"},"up":{"uv":[0,0,2,16],"texture":"#quartz_block_bottom"},"down":{"uv":[0,0,2,16],"texture":"#quartz_block_bottom"}}},{"from":[13.8,2.9,13.8],"to":[16.7,7.25,22.5],"faces":{"north":{"uv":[0,0,2.9,4.35],"texture":"#quartz_block_bottom"},"east":{"uv":[0,0,8.7,4.35],"texture":"#quartz_block_bottom"},"south":{"uv":[0,0,2.9,4.35],"texture":"#quartz_block_bottom"},"west":{"uv":[0,0,8.7,4.35],"texture":"#quartz_block_bottom"},"up":{"uv":[0,0,2.9,8.7],"texture":"#quartz_block_bottom"},"down":{"uv":[0,0,2.9,8.7],"texture":"#quartz_block_bottom"}}},{"from":[13.8,2.175,20.325],"to":[17.425,5.075,23.225],"faces":{"north":{"uv":[0,0,3.625,2.9],"texture":"#quartz_block_bottom"},"east":{"uv":[0,0,2.9,2.9],"texture":"#quartz_block_bottom"},"south":{"uv":[0,0,3.625,2.9],"texture":"#quartz_block_bottom"},"west":{"uv":[0,0,2.9,2.9],"texture":"#quartz_block_bottom"},"up":{"uv":[0,0,3.625,2.9],"texture":"#quartz_block_bottom"},"down":{"uv":[0,0,3.625,2.9],"texture":"#quartz_block_bottom"}}},{"name":"as achter","from":[-1.425,2.175,20.325],"to":[2.2,5.075,23.225],"faces":{"north":{"uv":[0,0,3.625,2.9],"texture":"#quartz_block_bottom"},"east":{"uv":[0,0,2.9,2.9],"texture":"#quartz_block_bottom"},"south":{"uv":[0,0,3.625,2.9],"texture":"#quartz_block_bottom"},"west":{"uv":[0,0,2.9,2.9],"texture":"#quartz_block_bottom"},"up":{"uv":[0,0,3.625,2.9],"texture":"#quartz_block_bottom"},"down":{"uv":[0,0,3.625,2.9],"texture":"#quartz_block_bottom"}}},{"from":[-0.7,2.9,13.8],"to":[2.2,7.25,22.5],"faces":{"north":{"uv":[0,0,2.9,4.35],"texture":"#quartz_block_bottom"},"east":{"uv":[0,0,8.7,4.35],"texture":"#quartz_block_bottom"},"south":{"uv":[0,0,2.9,4.35],"texture":"#quartz_block_bottom"},"west":{"uv":[0,0,8.7,4.35],"texture":"#quartz_block_bottom"},"up":{"uv":[0,0,2.9,8.7],"texture":"#quartz_block_bottom"},"down":{"uv":[0,0,2.9,8.7],"texture":"#quartz_block_bottom"}}},{"from":[13.075,2.80937,15.0688],"to":[14.525,13.6844,16.5188],"rotation":{"angle":22.5,"axis":"x","origin":[13.075,13.6844,15.0688]},"faces":{"north":{"uv":[0,0,1.45,10.87503],"texture":"#quartz_block_bottom"},"east":{"uv":[0,0,1.45,10.87503],"texture":"#quartz_block_bottom"},"south":{"uv":[0,0,1.45,10.87503],"texture":"#quartz_block_bottom"},"west":{"uv":[0,0,1.45,10.87503],"texture":"#quartz_block_bottom"},"up":{"uv":[0,0,1.45,1.45],"texture":"#quartz_block_bottom"},"down":{"uv":[0,0,1.45,1.45],"texture":"#quartz_block_bottom"}}},{"from":[1.475,2.80937,15.0688],"to":[2.925,13.6844,16.5188],"rotation":{"angle":22.5,"axis":"x","origin":[1.475,13.6844,15.0688]},"faces":{"north":{"uv":[0,0,1.45,10.87503],"texture":"#quartz_block_bottom"},"east":{"uv":[0,0,1.45,10.87503],"texture":"#quartz_block_bottom"},"south":{"uv":[0,0,1.45,10.87503],"texture":"#quartz_block_bottom"},"west":{"uv":[0,0,1.45,10.87503],"texture":"#quartz_block_bottom"},"up":{"uv":[0,0,1.45,1.45],"texture":"#quartz_block_bottom"},"down":{"uv":[0,0,1.45,1.45],"texture":"#quartz_block_bottom"}}},{"from":[0.75,3.25,4.125],"to":[15.25,6.25,14.125],"faces":{"north":{"uv":[0,0,14.5,3],"texture":"#quartz_block_bottom"},"east":{"uv":[0,0,10,3],"texture":"#quartz_block_bottom"},"south":{"uv":[0,0,14.5,3],"texture":"#quartz_block_bottom"},"west":{"uv":[0,0,10,3],"texture":"#quartz_block_bottom"},"up":{"uv":[0,0,14.5,10],"texture":"#quartz_block_bottom"},"down":{"uv":[0,0,14.5,10],"texture":"#quartz_block_bottom"}}}],"display":{"gui":{"rotation":[10,150,0],"translation":[0.8,0,0],"scale":[0.4,0.4,0.4]},"head":{"translation":[0,1,-5],"scale":[1.5,1.5,1.5]}},"groups":[{"name":"pipes right","origin":[15.25,8.7,15.975],"children":[0,1,2,3,4,5]},{"name":"pipes left","origin":[15.25,8.7,15.975],"children":[6,7,8,9,10,11]},{"name":"wheel","origin":[8,8,8],"children":[{"name":"group","origin":[-3.2,2.0625,-8.7125],"children":[12,13,14,15,16,17,18,19,20]},{"name":"group","origin":[-3.2,2.0625,-8.7125],"children":[21,22,23,24,25,26,27,28,29]}]},{"name":"wheel","origin":[8,8,8],"children":[{"name":"group","origin":[-3.2,2.0625,-8.7125],"children":[30,31,32,33,34]},{"name":"group","origin":[-3.2,2.0625,-8.7125],"children":[35,36,37,38,39]}]},{"name":"group","origin":[14.9781,2.175,-0.60937],"children":[40,41,42,43,44,45,46,47,48]},{"name":"group","origin":[8,8,8],"children":[]},{"name":"steeringwheel","origin":[7.98146,11.50368,0.87199],"children":[49,50,51,52]},{"name":"group","origin":[8,8,8],"children":[53,54,55,56,57,58,59,60,61,62]},{"name":"group","origin":[17.72122,4.72713,9.31263],"children":[63,64,65,66,67,68]},{"name":"group","origin":[8,8,8],"children":[69,70,71]},{"name":"group","origin":[2.25575,13.0625,15.4375],"children":[72,73]},{"name":"group","origin":[8,8,8],"children":[74,75,76,77,78,79,80,81,82,83,84,85,86,87,88]}],"credit":"Model by Craftventure"}