{
	"credit": "Steven Paw",
	"texture_size": [32, 32],
	"textures": {
		"0": "nlp/bands/nlp-band-template",
		"particle": "nlp/bands/nlp-band-template"
	},
	"elements": [
		{
			"from": [3, 0, 6],
			"to": [13, 1, 10],
			"rotation": {"angle": 0, "axis": "y", "origin": [8, 6.1, 8]},
			"faces": {
				"north": {"uv": [2, 6, 7, 6.5], "texture": "#0"},
				"east": {"uv": [0, 6, 2, 6.5], "texture": "#0"},
				"south": {"uv": [9, 6, 14, 6.5], "texture": "#0"},
				"west": {"uv": [7, 6, 9, 6.5], "texture": "#0"},
				"up": {"uv": [7, 6, 2, 4], "texture": "#0"},
				"down": {"uv": [12, 4, 7, 6], "texture": "#0"}
			}
		},
		{
			"from": [3, 9, 6],
			"to": [13, 10, 10],
			"rotation": {"angle": 0, "axis": "y", "origin": [8, 6.1, 8]},
			"faces": {
				"north": {"uv": [2, 9, 7, 9.5], "texture": "#0"},
				"east": {"uv": [0, 9, 2, 9.5], "texture": "#0"},
				"south": {"uv": [9, 9, 14, 9.5], "texture": "#0"},
				"west": {"uv": [7, 9, 9, 9.5], "texture": "#0"},
				"up": {"uv": [7, 9, 2, 7], "texture": "#0"},
				"down": {"uv": [12, 7, 7, 9], "texture": "#0"}
			}
		},
		{
			"from": [4, 10, 5],
			"to": [12, 11, 11],
			"rotation": {"angle": 0, "axis": "y", "origin": [8, 6.1, 8]},
			"faces": {
				"north": {"uv": [3, 3, 7, 3.5], "texture": "#0"},
				"east": {"uv": [0, 3, 3, 3.5], "texture": "#0"},
				"south": {"uv": [10, 3, 14, 3.5], "texture": "#0"},
				"west": {"uv": [7, 3, 10, 3.5], "texture": "#0"},
				"up": {"uv": [7, 3, 3, 0], "texture": "#0"},
				"down": {"uv": [11, 0, 7, 3], "texture": "#0"}
			}
		},
		{
			"from": [12, 1, 6],
			"to": [13, 9, 10],
			"rotation": {"angle": 0, "axis": "y", "origin": [8, 6.1, 8]},
			"faces": {
				"north": {"uv": [2, 12, 2.5, 16], "texture": "#0"},
				"east": {"uv": [0, 12, 2, 16], "texture": "#0"},
				"south": {"uv": [4.5, 12, 5, 16], "texture": "#0"},
				"west": {"uv": [2.5, 12, 4.5, 16], "texture": "#0"},
				"up": {"uv": [2.5, 12, 2, 10], "texture": "#0"},
				"down": {"uv": [3, 10, 2.5, 12], "texture": "#0"}
			}
		},
		{
			"from": [3, 1, 6],
			"to": [4, 9, 10],
			"rotation": {"angle": 0, "axis": "y", "origin": [8, 6.1, 8]},
			"faces": {
				"north": {"uv": [7.5, 12, 8, 16], "texture": "#0"},
				"east": {"uv": [5.5, 12, 7.5, 16], "texture": "#0"},
				"south": {"uv": [10, 12, 10.5, 16], "texture": "#0"},
				"west": {"uv": [8, 12, 10, 16], "texture": "#0"},
				"up": {"uv": [8, 12, 7.5, 10], "texture": "#0"},
				"down": {"uv": [8.5, 10, 8, 12], "texture": "#0"}
			}
		}
	],
	"display": {
		"thirdperson_righthand": {
			"translation": [0, -0.5, 3],
			"scale": [0.5, 0.5, 0.5]
		},
		"thirdperson_lefthand": {
			"translation": [0, -0.5, 3],
			"scale": [0.5, 0.5, 0.5]
		},
		"firstperson_righthand": {
			"rotation": [0, 15, 25],
			"translation": [0, 1, 1],
			"scale": [0.6, 0.6, 0.6]
		},
		"firstperson_lefthand": {
			"rotation": [0, 15, 25],
			"translation": [0, 1, 1],
			"scale": [0.6, 0.6, 0.6]
		},
		"ground": {
			"rotation": [-70, 0, 0],
			"translation": [0, -2.5, 0],
			"scale": [0.3, 0.3, 0.3]
		},
		"gui": {
			"rotation": [47, 81, 46],
			"scale": [1.4, 1.4, 1.4]
		},
		"head": {
			"translation": [0, 5, 0.25],
			"scale": [1.6, 1.6, 1.6]
		},
		"fixed": {
			"rotation": [-6, -3, 33],
			"translation": [-1.75, 1.75, -1.75],
			"scale": [0.8, 0.8, 0.8]
		}
	}
}