{"textures":{"0":"block/anvil","1":"block/green_shulker_box","2":"block/green_concrete_powder","3":"block/grill2","4":"block/green_terracotta","particle":"block/anvil"},"elements":[{"from":[2.24,13.52,6.32],"to":[13.76,14.96,17.84],"rotation":{"angle":0,"axis":"y","origin":[8,14.24,12.08]},"faces":{"north":{"uv":[0,0,16,4.999],"texture":"#1"},"east":{"uv":[0,0,16,4.999],"texture":"#1"},"south":{"uv":[0,0,16,4.999],"texture":"#1"},"west":{"uv":[0,0,16,4.999],"texture":"#1"},"up":{"uv":[0,0,16,16],"texture":"#1"},"down":{"uv":[0,0,16,4.999],"texture":"#1"}}},{"name":"octagon","from":[-5.2,12.7616,-10.7513],"to":[-1.36,13.472,8.0013],"rotation":{"angle":0,"axis":"x","origin":[-3.28,9.92,-8.32]},"faces":{"north":{"uv":[0,0,0.7104,3.84],"rotation":90,"texture":"#2"},"east":{"uv":[0,0,16,0.7104],"rotation":180,"texture":"#2"},"south":{"uv":[0,0,0.7104,3.84],"rotation":90,"texture":"#2"},"west":{"uv":[0,0,16,0.7104],"texture":"#2"},"up":{"uv":[0,0,16,3.84],"rotation":90,"texture":"#2"},"down":{"uv":[0,0,16,3.84],"rotation":90,"texture":"#2"}}},{"name":"octagon","from":[17.36,12.7616,7.9987],"to":[21.2,13.472,26.7513],"rotation":{"angle":0,"axis":"x","origin":[19.28,9.92,24.32]},"faces":{"north":{"uv":[0,0,0.7104,3.84],"rotation":90,"texture":"#2"},"east":{"uv":[0,0,16,0.7104],"texture":"#2"},"south":{"uv":[0,0,0.7104,3.84],"rotation":90,"texture":"#2"},"west":{"uv":[0,0,16,0.7104],"rotation":180,"texture":"#2"},"up":{"uv":[0,0,16,3.84],"rotation":90,"texture":"#2"},"down":{"uv":[0,0,16,3.84],"rotation":90,"texture":"#2"}}},{"name":"octagon","from":[-5.19808,6.5287,-12.832],"to":[-1.35808,11.3913,-12.1216],"rotation":{"angle":45,"axis":"x","origin":[-3.52,9.92,-9.28]},"faces":{"north":{"uv":[0,0,4.8626,3.84],"rotation":270,"texture":"#2"},"east":{"uv":[0,0,4.8626,0.7104],"rotation":270,"texture":"#2"},"south":{"uv":[0,0,4.8626,3.84],"rotation":270,"texture":"#2"},"west":{"uv":[0,0,4.8626,0.7104],"rotation":270,"texture":"#2"},"up":{"uv":[0,0,0.7104,3.84],"rotation":270,"texture":"#2"},"down":{"uv":[0,0,0.7104,3.84],"rotation":270,"texture":"#2"}}},{"name":"octagon","from":[-5.19808,6.5287,28.1216],"to":[-1.35808,11.3913,28.832],"rotation":{"angle":-45,"axis":"x","origin":[-3.52,9.92,25.28]},"faces":{"north":{"uv":[0,0,4.8626,3.84],"rotation":270,"texture":"#2"},"east":{"uv":[0,0,4.8626,0.7104],"rotation":270,"texture":"#2"},"south":{"uv":[0,0,4.8626,3.84],"rotation":270,"texture":"#2"},"west":{"uv":[0,0,4.8626,0.7104],"rotation":270,"texture":"#2"},"up":{"uv":[0,0,0.7104,3.84],"rotation":270,"texture":"#2"},"down":{"uv":[0,0,0.7104,3.84],"rotation":270,"texture":"#2"}}},{"name":"octagon","from":[-1.575,12.5116,22.7487],"to":[-1.2,13.222,26.5013],"rotation":{"angle":0,"axis":"x","origin":[0.47,9.67,-8.57]},"faces":{"north":{"uv":[0,0,0.7104,0.375],"rotation":90,"texture":"#2"},"east":{"uv":[0,0,3.7526,0.7104],"rotation":180,"texture":"#2"},"south":{"uv":[0,0,0.7104,0.375],"rotation":90,"texture":"#2"},"west":{"uv":[0,0,3.7526,0.7104],"texture":"#2"},"up":{"uv":[0,0,3.7526,0.375],"rotation":90,"texture":"#2"},"down":{"uv":[0,0,3.7526,0.375],"rotation":90,"texture":"#2"}}},{"name":"octagon","from":[-1.57308,6.2787,27.8716],"to":[-1.19808,11.1413,28.582],"rotation":{"angle":-45,"axis":"x","origin":[0.23,9.67,25.03]},"faces":{"north":{"uv":[0,0,4.8626,0.375],"rotation":270,"texture":"#2"},"east":{"uv":[0,0,4.8626,0.7104],"rotation":270,"texture":"#2"},"south":{"uv":[0,0,4.8626,0.375],"rotation":270,"texture":"#2"},"west":{"uv":[0,0,4.8626,0.7104],"rotation":270,"texture":"#2"},"up":{"uv":[0,0,0.7104,0.375],"rotation":270,"texture":"#2"},"down":{"uv":[0,0,0.7104,0.375],"rotation":270,"texture":"#2"}}},{"name":"octagon","from":[-1.57194,12.24334,23.44696],"to":[-1.19694,12.61834,26.55956],"rotation":{"angle":0,"axis":"x","origin":[-1.29274,11.11743,26.5549]},"faces":{"north":{"uv":[0,0,0.375,0.375],"rotation":90,"texture":"#2"},"east":{"uv":[0,0,3.1126,0.375],"texture":"#2"},"south":{"uv":[0,0,0.375,0.375],"rotation":270,"texture":"#2"},"west":{"uv":[0,0,3.1126,0.375],"rotation":180,"texture":"#2"},"up":{"uv":[0,0,3.1126,0.375],"rotation":270,"texture":"#2"},"down":{"uv":[0,0,3.1126,0.375],"rotation":90,"texture":"#2"}}},{"name":"octagon","from":[-1.57194,11.49334,23.69696],"to":[-1.19694,12.24334,27.30956],"rotation":{"angle":0,"axis":"x","origin":[-1.29274,10.36743,27.0549]},"faces":{"north":{"uv":[0,0,0.75,0.375],"rotation":90,"texture":"#2"},"east":{"uv":[0,0,3.6126,0.75],"texture":"#2"},"south":{"uv":[0,0,0.75,0.375],"rotation":270,"texture":"#2"},"west":{"uv":[0,0,3.6126,0.75],"rotation":180,"texture":"#2"},"up":{"uv":[0,0,3.6126,0.375],"rotation":270,"texture":"#2"},"down":{"uv":[0,0,3.6126,0.375],"rotation":90,"texture":"#2"}}},{"name":"octagon","from":[-1.57194,10.74334,24.44696],"to":[-1.19694,11.49334,28.05956],"rotation":{"angle":0,"axis":"x","origin":[-1.29274,9.61743,27.0549]},"faces":{"north":{"uv":[0,0,0.75,0.375],"rotation":90,"texture":"#2"},"east":{"uv":[0,0,3.6126,0.75],"texture":"#2"},"south":{"uv":[0,0,0.75,0.375],"rotation":270,"texture":"#2"},"west":{"uv":[0,0,3.6126,0.75],"rotation":180,"texture":"#2"},"up":{"uv":[0,0,3.6126,0.375],"rotation":270,"texture":"#2"},"down":{"uv":[0,0,3.6126,0.375],"rotation":90,"texture":"#2"}}},{"name":"octagon","from":[-1.57194,9.99334,25.07196],"to":[-1.19694,10.74334,28.80956],"rotation":{"angle":0,"axis":"x","origin":[-1.29274,9.61743,27.0549]},"faces":{"north":{"uv":[0,0,0.75,0.375],"rotation":90,"texture":"#2"},"east":{"uv":[0,0,3.7376,0.75],"texture":"#2"},"south":{"uv":[0,0,0.75,0.375],"rotation":270,"texture":"#2"},"west":{"uv":[0,0,3.7376,0.75],"rotation":180,"texture":"#2"},"up":{"uv":[0,0,3.7376,0.375],"rotation":270,"texture":"#2"},"down":{"uv":[0,0,3.7376,0.375],"rotation":90,"texture":"#2"}}},{"name":"octagon","from":[-1.57194,9.28294,25.82196],"to":[-1.19694,9.99334,29.43456],"rotation":{"angle":0,"axis":"x","origin":[-1.29274,9.61743,27.0549]},"faces":{"north":{"uv":[0,0,0.7104,0.375],"rotation":90,"texture":"#2"},"east":{"uv":[0,0,3.6126,0.7104],"texture":"#2"},"south":{"uv":[0,0,0.7104,0.375],"rotation":270,"texture":"#2"},"west":{"uv":[0,0,3.6126,0.7104],"rotation":180,"texture":"#2"},"up":{"uv":[0,0,3.6126,0.375],"rotation":270,"texture":"#2"},"down":{"uv":[0,0,3.6126,0.375],"rotation":90,"texture":"#2"}}},{"name":"octagon","from":[-1.575,12.5116,-10.5013],"to":[-1.2,13.222,-6.7487],"rotation":{"angle":0,"axis":"x","origin":[0.47,9.67,24.57]},"faces":{"north":{"uv":[0,0,0.7104,0.375],"rotation":90,"texture":"#2"},"east":{"uv":[0,0,3.7526,0.7104],"rotation":180,"texture":"#2"},"south":{"uv":[0,0,0.7104,0.375],"rotation":90,"texture":"#2"},"west":{"uv":[0,0,3.7526,0.7104],"texture":"#2"},"up":{"uv":[0,0,3.7526,0.375],"rotation":90,"texture":"#2"},"down":{"uv":[0,0,3.7526,0.375],"rotation":90,"texture":"#2"}}},{"name":"octagon","from":[-1.57308,6.2787,-12.582],"to":[-1.19808,11.1413,-11.8716],"rotation":{"angle":45,"axis":"x","origin":[0.23,9.67,-9.03]},"faces":{"north":{"uv":[0,0,4.8626,0.375],"rotation":270,"texture":"#2"},"east":{"uv":[0,0,4.8626,0.7104],"rotation":270,"texture":"#2"},"south":{"uv":[0,0,4.8626,0.375],"rotation":270,"texture":"#2"},"west":{"uv":[0,0,4.8626,0.7104],"rotation":270,"texture":"#2"},"up":{"uv":[0,0,0.7104,0.375],"rotation":270,"texture":"#2"},"down":{"uv":[0,0,0.7104,0.375],"rotation":270,"texture":"#2"}}},{"name":"octagon","from":[-1.57194,12.24334,-10.55956],"to":[-1.19694,12.61834,-7.44696],"rotation":{"angle":0,"axis":"x","origin":[-1.29274,11.11743,-10.5549]},"faces":{"north":{"uv":[0,0,0.375,0.375],"rotation":270,"texture":"#2"},"east":{"uv":[0,0,3.1126,0.375],"texture":"#2"},"south":{"uv":[0,0,0.375,0.375],"rotation":90,"texture":"#2"},"west":{"uv":[0,0,3.1126,0.375],"rotation":180,"texture":"#2"},"up":{"uv":[0,0,3.1126,0.375],"rotation":270,"texture":"#2"},"down":{"uv":[0,0,3.1126,0.375],"rotation":90,"texture":"#2"}}},{"name":"octagon","from":[-1.57194,11.49334,-11.30956],"to":[-1.19694,12.24334,-7.69696],"rotation":{"angle":0,"axis":"x","origin":[-1.29274,10.36743,-11.0549]},"faces":{"north":{"uv":[0,0,0.75,0.375],"rotation":270,"texture":"#2"},"east":{"uv":[0,0,3.6126,0.75],"texture":"#2"},"south":{"uv":[0,0,0.75,0.375],"rotation":90,"texture":"#2"},"west":{"uv":[0,0,3.6126,0.75],"rotation":180,"texture":"#2"},"up":{"uv":[0,0,3.6126,0.375],"rotation":270,"texture":"#2"},"down":{"uv":[0,0,3.6126,0.375],"rotation":90,"texture":"#2"}}},{"name":"octagon","from":[-1.57194,10.74334,-12.05956],"to":[-1.19694,11.49334,-8.44696],"rotation":{"angle":0,"axis":"x","origin":[-1.29274,9.61743,-11.0549]},"faces":{"north":{"uv":[0,0,0.75,0.375],"rotation":270,"texture":"#2"},"east":{"uv":[0,0,3.6126,0.75],"texture":"#2"},"south":{"uv":[0,0,0.75,0.375],"rotation":90,"texture":"#2"},"west":{"uv":[0,0,3.6126,0.75],"rotation":180,"texture":"#2"},"up":{"uv":[0,0,3.6126,0.375],"rotation":270,"texture":"#2"},"down":{"uv":[0,0,3.6126,0.375],"rotation":90,"texture":"#2"}}},{"name":"octagon","from":[-1.57194,9.99334,-12.80956],"to":[-1.19694,10.74334,-9.07196],"rotation":{"angle":0,"axis":"x","origin":[-1.29274,9.61743,-11.0549]},"faces":{"north":{"uv":[0,0,0.75,0.375],"rotation":270,"texture":"#2"},"east":{"uv":[0,0,3.7376,0.75],"texture":"#2"},"south":{"uv":[0,0,0.75,0.375],"rotation":90,"texture":"#2"},"west":{"uv":[0,0,3.7376,0.75],"rotation":180,"texture":"#2"},"up":{"uv":[0,0,3.7376,0.375],"rotation":270,"texture":"#2"},"down":{"uv":[0,0,3.7376,0.375],"rotation":90,"texture":"#2"}}},{"name":"octagon","from":[-1.57194,9.28294,-13.43456],"to":[-1.19694,9.99334,-9.82196],"rotation":{"angle":0,"axis":"x","origin":[-1.29274,9.61743,-11.0549]},"faces":{"north":{"uv":[0,0,0.7104,0.375],"rotation":270,"texture":"#2"},"east":{"uv":[0,0,3.6126,0.7104],"texture":"#2"},"south":{"uv":[0,0,0.7104,0.375],"rotation":90,"texture":"#2"},"west":{"uv":[0,0,3.6126,0.7104],"rotation":180,"texture":"#2"},"up":{"uv":[0,0,3.6126,0.375],"rotation":270,"texture":"#2"},"down":{"uv":[0,0,3.6126,0.375],"rotation":90,"texture":"#2"}}},{"name":"octagon","from":[17.36,12.7616,-10.7513],"to":[21.2,13.472,8.0013],"rotation":{"angle":0,"axis":"x","origin":[19.28,9.92,-8.32]},"faces":{"north":{"uv":[0,0,0.7104,3.84],"rotation":90,"texture":"#2"},"east":{"uv":[0,0,16,0.7104],"texture":"#2"},"south":{"uv":[0,0,0.7104,3.84],"rotation":90,"texture":"#2"},"west":{"uv":[0,0,16,0.7104],"rotation":180,"texture":"#2"},"up":{"uv":[0,0,16,3.84],"rotation":90,"texture":"#2"},"down":{"uv":[0,0,16,3.84],"rotation":90,"texture":"#2"}}},{"name":"octagon","from":[-5.2,12.7616,7.9987],"to":[-1.36,13.472,26.7513],"rotation":{"angle":0,"axis":"x","origin":[-3.28,9.92,24.32]},"faces":{"north":{"uv":[0,0,0.7104,3.84],"rotation":90,"texture":"#2"},"east":{"uv":[0,0,16,0.7104],"rotation":180,"texture":"#2"},"south":{"uv":[0,0,0.7104,3.84],"rotation":90,"texture":"#2"},"west":{"uv":[0,0,16,0.7104],"texture":"#2"},"up":{"uv":[0,0,16,3.84],"rotation":90,"texture":"#2"},"down":{"uv":[0,0,16,3.84],"rotation":90,"texture":"#2"}}},{"name":"octagon","from":[17.35808,6.5287,-12.832],"to":[21.19808,11.3913,-12.1216],"rotation":{"angle":45,"axis":"x","origin":[19.52,9.92,-9.28]},"faces":{"north":{"uv":[0,0,4.8626,3.84],"rotation":270,"texture":"#2"},"east":{"uv":[0,0,4.8626,0.7104],"rotation":270,"texture":"#2"},"south":{"uv":[0,0,4.8626,3.84],"rotation":270,"texture":"#2"},"west":{"uv":[0,0,4.8626,0.7104],"rotation":270,"texture":"#2"},"up":{"uv":[0,0,0.7104,3.84],"rotation":270,"texture":"#2"},"down":{"uv":[0,0,0.7104,3.84],"rotation":270,"texture":"#2"}}},{"name":"octagon","from":[17.35808,6.5287,28.1216],"to":[21.19808,11.3913,28.832],"rotation":{"angle":-45,"axis":"x","origin":[19.52,9.92,25.28]},"faces":{"north":{"uv":[0,0,4.8626,3.84],"rotation":270,"texture":"#2"},"east":{"uv":[0,0,4.8626,0.7104],"rotation":270,"texture":"#2"},"south":{"uv":[0,0,4.8626,3.84],"rotation":270,"texture":"#2"},"west":{"uv":[0,0,4.8626,0.7104],"rotation":270,"texture":"#2"},"up":{"uv":[0,0,0.7104,3.84],"rotation":270,"texture":"#2"},"down":{"uv":[0,0,0.7104,3.84],"rotation":270,"texture":"#2"}}},{"name":"octagon","from":[17.2,12.5116,22.7487],"to":[17.575,13.222,26.5013],"rotation":{"angle":0,"axis":"x","origin":[15.53,9.67,-8.57]},"faces":{"north":{"uv":[0,0,0.7104,0.375],"rotation":90,"texture":"#2"},"east":{"uv":[0,0,3.7526,0.7104],"texture":"#2"},"south":{"uv":[0,0,0.7104,0.375],"rotation":90,"texture":"#2"},"west":{"uv":[0,0,3.7526,0.7104],"rotation":180,"texture":"#2"},"up":{"uv":[0,0,3.7526,0.375],"rotation":90,"texture":"#2"},"down":{"uv":[0,0,3.7526,0.375],"rotation":90,"texture":"#2"}}},{"name":"octagon","from":[17.19808,6.2787,27.8716],"to":[17.57308,11.1413,28.582],"rotation":{"angle":-45,"axis":"x","origin":[15.77,9.67,25.03]},"faces":{"north":{"uv":[0,0,4.8626,0.375],"rotation":270,"texture":"#2"},"east":{"uv":[0,0,4.8626,0.7104],"rotation":270,"texture":"#2"},"south":{"uv":[0,0,4.8626,0.375],"rotation":270,"texture":"#2"},"west":{"uv":[0,0,4.8626,0.7104],"rotation":270,"texture":"#2"},"up":{"uv":[0,0,0.7104,0.375],"rotation":270,"texture":"#2"},"down":{"uv":[0,0,0.7104,0.375],"rotation":270,"texture":"#2"}}},{"name":"octagon","from":[17.19694,12.24334,23.44696],"to":[17.57194,12.61834,26.55956],"rotation":{"angle":0,"axis":"x","origin":[17.29274,11.11743,26.5549]},"faces":{"north":{"uv":[0,0,0.375,0.375],"rotation":90,"texture":"#2"},"east":{"uv":[0,0,3.1126,0.375],"rotation":180,"texture":"#2"},"south":{"uv":[0,0,0.375,0.375],"rotation":270,"texture":"#2"},"west":{"uv":[0,0,3.1126,0.375],"texture":"#2"},"up":{"uv":[0,0,3.1126,0.375],"rotation":270,"texture":"#2"},"down":{"uv":[0,0,3.1126,0.375],"rotation":90,"texture":"#2"}}},{"name":"octagon","from":[17.19694,11.49334,23.69696],"to":[17.57194,12.24334,27.30956],"rotation":{"angle":0,"axis":"x","origin":[17.29274,10.36743,27.0549]},"faces":{"north":{"uv":[0,0,0.75,0.375],"rotation":90,"texture":"#2"},"east":{"uv":[0,0,3.6126,0.75],"rotation":180,"texture":"#2"},"south":{"uv":[0,0,0.75,0.375],"rotation":270,"texture":"#2"},"west":{"uv":[0,0,3.6126,0.75],"texture":"#2"},"up":{"uv":[0,0,3.6126,0.375],"rotation":270,"texture":"#2"},"down":{"uv":[0,0,3.6126,0.375],"rotation":90,"texture":"#2"}}},{"name":"octagon","from":[17.19694,10.74334,24.44696],"to":[17.57194,11.49334,28.05956],"rotation":{"angle":0,"axis":"x","origin":[17.29274,9.61743,27.0549]},"faces":{"north":{"uv":[0,0,0.75,0.375],"rotation":90,"texture":"#2"},"east":{"uv":[0,0,3.6126,0.75],"rotation":180,"texture":"#2"},"south":{"uv":[0,0,0.75,0.375],"rotation":270,"texture":"#2"},"west":{"uv":[0,0,3.6126,0.75],"texture":"#2"},"up":{"uv":[0,0,3.6126,0.375],"rotation":270,"texture":"#2"},"down":{"uv":[0,0,3.6126,0.375],"rotation":90,"texture":"#2"}}},{"name":"octagon","from":[17.19694,9.99334,25.07196],"to":[17.57194,10.74334,28.80956],"rotation":{"angle":0,"axis":"x","origin":[17.29274,9.61743,27.0549]},"faces":{"north":{"uv":[0,0,0.75,0.375],"rotation":90,"texture":"#2"},"east":{"uv":[0,0,3.7376,0.75],"rotation":180,"texture":"#2"},"south":{"uv":[0,0,0.75,0.375],"rotation":270,"texture":"#2"},"west":{"uv":[0,0,3.7376,0.75],"texture":"#2"},"up":{"uv":[0,0,3.7376,0.375],"rotation":270,"texture":"#2"},"down":{"uv":[0,0,3.7376,0.375],"rotation":90,"texture":"#2"}}},{"name":"octagon","from":[17.19694,9.28294,25.82196],"to":[17.57194,9.99334,29.43456],"rotation":{"angle":0,"axis":"x","origin":[17.29274,9.61743,27.0549]},"faces":{"north":{"uv":[0,0,0.7104,0.375],"rotation":90,"texture":"#2"},"east":{"uv":[0,0,3.6126,0.7104],"rotation":180,"texture":"#2"},"south":{"uv":[0,0,0.7104,0.375],"rotation":270,"texture":"#2"},"west":{"uv":[0,0,3.6126,0.7104],"texture":"#2"},"up":{"uv":[0,0,3.6126,0.375],"rotation":270,"texture":"#2"},"down":{"uv":[0,0,3.6126,0.375],"rotation":90,"texture":"#2"}}},{"name":"octagon","from":[17.2,12.5116,-10.5013],"to":[17.575,13.222,-6.7487],"rotation":{"angle":0,"axis":"x","origin":[15.53,9.67,24.57]},"faces":{"north":{"uv":[0,0,0.7104,0.375],"rotation":90,"texture":"#2"},"east":{"uv":[0,0,3.7526,0.7104],"texture":"#2"},"south":{"uv":[0,0,0.7104,0.375],"rotation":90,"texture":"#2"},"west":{"uv":[0,0,3.7526,0.7104],"rotation":180,"texture":"#2"},"up":{"uv":[0,0,3.7526,0.375],"rotation":90,"texture":"#2"},"down":{"uv":[0,0,3.7526,0.375],"rotation":90,"texture":"#2"}}},{"name":"octagon","from":[17.19808,6.2787,-12.582],"to":[17.57308,11.1413,-11.8716],"rotation":{"angle":45,"axis":"x","origin":[15.77,9.67,-9.03]},"faces":{"north":{"uv":[0,0,4.8626,0.375],"rotation":270,"texture":"#2"},"east":{"uv":[0,0,4.8626,0.7104],"rotation":270,"texture":"#2"},"south":{"uv":[0,0,4.8626,0.375],"rotation":270,"texture":"#2"},"west":{"uv":[0,0,4.8626,0.7104],"rotation":270,"texture":"#2"},"up":{"uv":[0,0,0.7104,0.375],"rotation":270,"texture":"#2"},"down":{"uv":[0,0,0.7104,0.375],"rotation":270,"texture":"#2"}}},{"name":"octagon","from":[17.19694,12.24334,-10.55956],"to":[17.57194,12.61834,-7.44696],"rotation":{"angle":0,"axis":"x","origin":[17.29274,11.11743,-10.5549]},"faces":{"north":{"uv":[0,0,0.375,0.375],"rotation":270,"texture":"#2"},"east":{"uv":[0,0,3.1126,0.375],"rotation":180,"texture":"#2"},"south":{"uv":[0,0,0.375,0.375],"rotation":90,"texture":"#2"},"west":{"uv":[0,0,3.1126,0.375],"texture":"#2"},"up":{"uv":[0,0,3.1126,0.375],"rotation":270,"texture":"#2"},"down":{"uv":[0,0,3.1126,0.375],"rotation":90,"texture":"#2"}}},{"name":"octagon","from":[17.19694,11.49334,-11.30956],"to":[17.57194,12.24334,-7.69696],"rotation":{"angle":0,"axis":"x","origin":[17.29274,10.36743,-11.0549]},"faces":{"north":{"uv":[0,0,0.75,0.375],"rotation":270,"texture":"#2"},"east":{"uv":[0,0,3.6126,0.75],"rotation":180,"texture":"#2"},"south":{"uv":[0,0,0.75,0.375],"rotation":90,"texture":"#2"},"west":{"uv":[0,0,3.6126,0.75],"texture":"#2"},"up":{"uv":[0,0,3.6126,0.375],"rotation":270,"texture":"#2"},"down":{"uv":[0,0,3.6126,0.375],"rotation":90,"texture":"#2"}}},{"name":"octagon","from":[17.19694,10.74334,-12.05956],"to":[17.57194,11.49334,-8.44696],"rotation":{"angle":0,"axis":"x","origin":[17.29274,9.61743,-11.0549]},"faces":{"north":{"uv":[0,0,0.75,0.375],"rotation":270,"texture":"#2"},"east":{"uv":[0,0,3.6126,0.75],"rotation":180,"texture":"#2"},"south":{"uv":[0,0,0.75,0.375],"rotation":90,"texture":"#2"},"west":{"uv":[0,0,3.6126,0.75],"texture":"#2"},"up":{"uv":[0,0,3.6126,0.375],"rotation":270,"texture":"#2"},"down":{"uv":[0,0,3.6126,0.375],"rotation":90,"texture":"#2"}}},{"name":"octagon","from":[17.19694,9.99334,-12.80956],"to":[17.57194,10.74334,-9.07196],"rotation":{"angle":0,"axis":"x","origin":[17.29274,9.61743,-11.0549]},"faces":{"north":{"uv":[0,0,0.75,0.375],"rotation":270,"texture":"#2"},"east":{"uv":[0,0,3.7376,0.75],"rotation":180,"texture":"#2"},"south":{"uv":[0,0,0.75,0.375],"rotation":90,"texture":"#2"},"west":{"uv":[0,0,3.7376,0.75],"texture":"#2"},"up":{"uv":[0,0,3.7376,0.375],"rotation":270,"texture":"#2"},"down":{"uv":[0,0,3.7376,0.375],"rotation":90,"texture":"#2"}}},{"name":"octagon","from":[17.19694,9.28294,-13.43456],"to":[17.57194,9.99334,-9.82196],"rotation":{"angle":0,"axis":"x","origin":[17.29274,9.61743,-11.0549]},"faces":{"north":{"uv":[0,0,0.7104,0.375],"rotation":270,"texture":"#2"},"east":{"uv":[0,0,3.6126,0.7104],"rotation":180,"texture":"#2"},"south":{"uv":[0,0,0.7104,0.375],"rotation":90,"texture":"#2"},"west":{"uv":[0,0,3.6126,0.7104],"texture":"#2"},"up":{"uv":[0,0,3.6126,0.375],"rotation":270,"texture":"#2"},"down":{"uv":[0,0,3.6126,0.375],"rotation":90,"texture":"#2"}}},{"name":"octagon","from":[-1.6,5.43315,22.98982],"to":[17.6,11.52685,26.39744],"rotation":{"angle":-45,"axis":"x","origin":[8,7.52,21.35936]},"faces":{"north":{"uv":[0,0,16,6.0937],"texture":"#2"},"east":{"uv":[0,0,3.40762,6.0937],"texture":"#2"},"south":{"uv":[0,0,16,6.0937],"texture":"#2"},"west":{"uv":[0,0,3.40762,6.0937],"texture":"#2"},"up":{"uv":[0,0,16,3.40762],"texture":"#2"},"down":{"uv":[0,0,16,3.40762],"texture":"#2"}}},{"name":"octagon","from":[-1.6,5.43315,-10.39744],"to":[17.6,11.52685,-6.98982],"rotation":{"angle":45,"axis":"x","origin":[8,7.52,-5.35936]},"faces":{"north":{"uv":[0,0,16,6.0937],"texture":"#2"},"east":{"uv":[0,0,3.40762,6.0937],"texture":"#2"},"south":{"uv":[0,0,16,6.0937],"texture":"#2"},"west":{"uv":[0,0,3.40762,6.0937],"texture":"#2"},"up":{"uv":[0,0,16,3.40762],"texture":"#2"},"down":{"uv":[0,0,16,3.40762],"texture":"#2"}}},{"name":"octagon","from":[-1.6,5.09544,7.80773],"to":[17.6,8.50306,22.54143],"rotation":{"angle":0,"axis":"x","origin":[8,1.06498,20.45458]},"faces":{"north":{"uv":[0,0,16,3.40762],"texture":"#2"},"east":{"uv":[0,0,3.40762,14.7337],"rotation":90,"texture":"#2"},"south":{"uv":[0,0,16,3.40762],"rotation":180,"texture":"#2"},"west":{"uv":[0,0,3.40762,14.7337],"rotation":270,"texture":"#2"},"up":{"uv":[0,0,16,14.7337],"rotation":180,"texture":"#2"},"down":{"uv":[0,0,16,14.7337],"texture":"#2"}}},{"name":"octagon","from":[-1.6,5.09544,-6.54143],"to":[17.6,8.50306,7.95227],"rotation":{"angle":0,"axis":"x","origin":[8,1.06498,-4.45458]},"faces":{"north":{"uv":[0,0,16,3.40762],"rotation":180,"texture":"#2"},"east":{"uv":[0,0,3.40762,14.4937],"rotation":90,"texture":"#2"},"south":{"uv":[0,0,16,3.40762],"texture":"#2"},"west":{"uv":[0,0,3.40762,14.4937],"rotation":270,"texture":"#2"},"up":{"uv":[0,0,16,14.4937],"rotation":180,"texture":"#2"},"down":{"uv":[0,0,16,14.4937],"texture":"#2"}}},{"name":"octagon","from":[-1.6,8.10988,-6.09034],"to":[17.6,13.9175,8.16335],"rotation":{"angle":0,"axis":"x","origin":[8,8.87942,-4.00349]},"faces":{"north":{"uv":[0,0,16,5.80762],"rotation":180,"texture":"#2"},"east":{"uv":[0,0,5.80762,14.25369],"rotation":90,"texture":"#2"},"south":{"uv":[0,0,16,5.80762],"texture":"#2"},"west":{"uv":[0,0,5.80762,14.25369],"rotation":270,"texture":"#2"},"up":{"uv":[0,0,16,14.253],"rotation":180,"texture":"#2"},"down":{"uv":[0,0,16,14.25369],"texture":"#2"}}},{"name":"octagon","from":[-1.6,8.10988,8.07665],"to":[17.6,13.9175,22.09034],"rotation":{"angle":0,"axis":"x","origin":[8,8.87942,20.00349]},"faces":{"north":{"uv":[0,0,16,5.80762],"texture":"#2"},"east":{"uv":[0,0,5.80762,14.01369],"rotation":90,"texture":"#2"},"south":{"uv":[0,0,16,5.80762],"rotation":180,"texture":"#2"},"west":{"uv":[0,0,5.80762,14.01369],"rotation":270,"texture":"#2"},"up":{"uv":[0,0,16,14.01369],"rotation":180,"texture":"#2"},"down":{"uv":[0,0,16,14.01369],"texture":"#2"}}},{"name":"octagon","from":[-1.6,6.69267,22.02982],"to":[17.6,9.60685,26.39744],"rotation":{"angle":0,"axis":"x","origin":[8,8.77952,21.35936]},"faces":{"north":{"uv":[0,0,16,2.91418],"texture":"#2"},"east":{"uv":[0,0,4.36762,2.91418],"texture":"#2"},"south":{"uv":[0,0,16,2.91418],"texture":"#2"},"west":{"uv":[0,0,4.36762,2.91418],"texture":"#2"},"up":{"uv":[0,0,16,4.36762],"texture":"#2"},"down":{"uv":[0,0,16,4.36762],"texture":"#2"}}},{"name":"octagon","from":[-1.6,6.69267,-10.39744],"to":[17.6,9.60685,-6.02982],"rotation":{"angle":0,"axis":"x","origin":[8,8.77952,-5.35936]},"faces":{"north":{"uv":[0,0,16,2.91418],"texture":"#2"},"east":{"uv":[0,0,4.36762,2.91418],"texture":"#2"},"south":{"uv":[0,0,16,2.91418],"texture":"#2"},"west":{"uv":[0,0,4.36762,2.91418],"texture":"#2"},"up":{"uv":[0,0,16,4.36762],"texture":"#2"},"down":{"uv":[0,0,16,4.36762],"texture":"#2"}}},{"name":"octagon","from":[-1.6,5.51059,20.45464],"to":[17.6,6.9982,24.62831],"rotation":{"angle":-22.5,"axis":"x","origin":[8,10.54867,22.54147]},"faces":{"north":{"uv":[0,0,16,1.48761],"texture":"#2"},"east":{"uv":[0,0,4.17367,1.48761],"texture":"#2"},"south":{"uv":[0,0,16,1.48761],"texture":"#2"},"west":{"uv":[0,0,4.17367,1.48761],"texture":"#2"},"up":{"uv":[0,0,16,4.17367],"texture":"#2"},"down":{"uv":[0,0,16,4.17367],"texture":"#2"}}},{"name":"octagon","from":[-1.6,5.51059,-8.62831],"to":[17.6,6.9982,-4.45464],"rotation":{"angle":22.5,"axis":"x","origin":[8,10.54867,-6.54147]},"faces":{"north":{"uv":[0,0,16,1.48761],"texture":"#2"},"east":{"uv":[0,0,4.17367,1.48761],"texture":"#2"},"south":{"uv":[0,0,16,1.48761],"texture":"#2"},"west":{"uv":[0,0,4.17367,1.48761],"texture":"#2"},"up":{"uv":[0,0,16,4.17367],"texture":"#2"},"down":{"uv":[0,0,16,4.17367],"texture":"#2"}}},{"name":"octagon","from":[17.83808,6.5287,-11.872],"to":[21.67808,9.4713,-11.1616],"rotation":{"angle":45,"axis":"x","origin":[20,8,-8.32]},"faces":{"north":{"uv":[0,2,2,0],"rotation":270,"texture":"#3"},"east":{"uv":[0,1,2,0],"rotation":270,"texture":"#3"},"south":{"uv":[0,2,2,0],"rotation":270,"texture":"#3"},"west":{"uv":[0,1,2,0],"rotation":270,"texture":"#3"},"up":{"uv":[0,2,2,0],"rotation":270,"texture":"#3"},"down":{"uv":[0,2,2,0],"rotation":270,"texture":"#3"}}},{"name":"octagon","from":[17.84,6.5287,27.1616],"to":[21.68,9.4713,27.872],"rotation":{"angle":0,"axis":"x","origin":[19.76,8,24.32]},"faces":{"north":{"uv":[0,2,2,0],"rotation":90,"texture":"#3"},"east":{"uv":[0,1,2,0],"rotation":90,"texture":"#3"},"south":{"uv":[0,2,2,0],"rotation":90,"texture":"#3"},"west":{"uv":[0,1,2,0],"rotation":90,"texture":"#3"},"up":{"uv":[0,2,2,0],"rotation":90,"texture":"#3"},"down":{"uv":[0,2,2,0],"rotation":90,"texture":"#3"}}},{"name":"octagon","from":[17.84,6.5287,-11.872],"to":[21.68,9.4713,-11.1616],"rotation":{"angle":0,"axis":"x","origin":[19.76,8,-8.32]},"faces":{"north":{"uv":[0,0,2,2],"rotation":270,"texture":"#3"},"east":{"uv":[0,0,2,1],"rotation":270,"texture":"#3"},"south":{"uv":[0,0,2,2],"rotation":270,"texture":"#3"},"west":{"uv":[0,0,2,1],"rotation":270,"texture":"#3"},"up":{"uv":[2,2,0,0],"rotation":90,"texture":"#3"},"down":{"uv":[2,2,0,0],"rotation":90,"texture":"#3"}}},{"name":"octagon","from":[17.83808,4.448,20.1369],"to":[21.67808,5.1584,25.7913],"rotation":{"angle":-45,"axis":"x","origin":[20,8,24.32]},"faces":{"north":{"uv":[0,2,3,0],"rotation":90,"texture":"#3"},"east":{"uv":[3,0,0,1],"rotation":180,"texture":"#3"},"south":{"uv":[0,2,3,0],"rotation":90,"texture":"#3"},"west":{"uv":[3,0,0,1],"texture":"#3"},"up":{"uv":[0,2,3,0],"rotation":270,"texture":"#3"},"down":{"uv":[0,2,3,0],"rotation":90,"texture":"#3"}}},{"name":"octagon","from":[17.83808,4.448,-9.7913],"to":[21.67808,5.1584,-4.1369],"rotation":{"angle":45,"axis":"x","origin":[20,8,-8.32]},"faces":{"north":{"uv":[0,0,3,2],"rotation":90,"texture":"#3"},"east":{"uv":[0,0,3,1],"texture":"#3"},"south":{"uv":[0,0,3,2],"rotation":90,"texture":"#3"},"west":{"uv":[0,0,3,1],"rotation":180,"texture":"#3"},"up":{"uv":[3,2,0,0],"rotation":90,"texture":"#3"},"down":{"uv":[3,2,0,0],"rotation":270,"texture":"#3"}}},{"name":"octagon","from":[17.84,2.528,-7.8713],"to":[21.68,3.2384,23.8713],"rotation":{"angle":0,"axis":"x","origin":[19.76,6.08,-6.4]},"faces":{"north":{"uv":[0,2,16,0],"rotation":90,"texture":"#3"},"east":{"uv":[16,0,0,1],"rotation":180,"texture":"#3"},"south":{"uv":[0,2,16,0],"rotation":90,"texture":"#3"},"west":{"uv":[16,0,0,1],"texture":"#3"},"up":{"uv":[0,2,16,0],"rotation":270,"texture":"#3"},"down":{"uv":[0,2,16,0],"rotation":90,"texture":"#3"}}},{"name":"octagon","from":[17.83808,10.8416,22.8487],"to":[21.67808,11.552,25.7913],"rotation":{"angle":45,"axis":"x","origin":[20,8,24.32]},"faces":{"north":{"uv":[0,2,2,0],"rotation":90,"texture":"#3"},"east":{"uv":[2,0,0,1],"texture":"#3"},"south":{"uv":[0,2,2,0],"rotation":90,"texture":"#3"},"west":{"uv":[8.999,0,7,1],"rotation":180,"texture":"#3"},"up":{"uv":[0,2,2,0],"rotation":90,"texture":"#3"},"down":{"uv":[0,2,2,0],"rotation":90,"texture":"#3"}}},{"name":"octagon","from":[17.84,10.8416,-9.7913],"to":[21.68,11.552,25.7913],"rotation":{"angle":0,"axis":"x","origin":[19.76,8,-8.32]},"faces":{"north":{"uv":[0,0,0,0],"rotation":90,"texture":"#3"},"east":{"uv":[16,0,0,1],"texture":"#3"},"south":{"uv":[0,0,0,0],"rotation":90,"texture":"#3"},"west":{"uv":[16,0,0,1],"rotation":180,"texture":"#3"},"up":{"uv":[0,2,16,0],"rotation":90,"texture":"#3"},"down":{"uv":[0,2,16,0],"rotation":90,"texture":"#3"}}},{"from":[18.32,6.08,21.44],"to":[21.2,9.92,22.4],"rotation":{"angle":0,"axis":"x","origin":[19.76,8,24.32]},"faces":{"north":{"uv":[10,4.999,6,8.999],"rotation":180,"texture":"#0"},"east":{"uv":[8.998,10,12.998,8],"rotation":90,"texture":"#0"},"south":{"uv":[2,0,0,2],"texture":"#0"},"west":{"uv":[2,10,6,8],"rotation":270,"texture":"#0"},"up":{"uv":[14,6,10,7.999],"rotation":180,"texture":"#0"},"down":{"uv":[12,11,8,13],"texture":"#0"}}},{"from":[18.32,6.08,26.24],"to":[21.2,9.92,27.2],"rotation":{"angle":0,"axis":"x","origin":[19.76,8,24.32]},"faces":{"north":{"uv":[2,0,0,2],"rotation":180,"texture":"#0"},"east":{"uv":[0,2,4,0],"rotation":270,"texture":"#0"},"south":{"uv":[14,12,10,16],"texture":"#0"},"west":{"uv":[1,12.999,4.999,11],"rotation":90,"texture":"#0"},"up":{"uv":[12,11,8,13],"texture":"#0"},"down":{"uv":[14,6,10,7.999],"rotation":180,"texture":"#0"}}},{"from":[18.32,9.92,22.4],"to":[21.2,10.88,26.24],"rotation":{"angle":0,"axis":"x","origin":[19.76,8,24.32]},"faces":{"north":{"uv":[12,11,8,13],"rotation":180,"texture":"#0"},"east":{"uv":[6,10,2,11.999],"rotation":180,"texture":"#0"},"south":{"uv":[14,6,10,7.999],"rotation":180,"texture":"#0"},"west":{"uv":[8,8,4,10],"rotation":180,"texture":"#0"},"up":{"uv":[8.999,0,4.999,4],"texture":"#0"},"down":{"uv":[2,0,0,2],"texture":"#0"}}},{"from":[18.32,5.12,22.4],"to":[21.2,6.08,26.24],"rotation":{"angle":0,"axis":"x","origin":[19.76,8,24.32]},"faces":{"north":{"uv":[14,6,10,7.999],"texture":"#0"},"east":{"uv":[16,7,12,8.999],"texture":"#0"},"south":{"uv":[12,11,8,13],"texture":"#0"},"west":{"uv":[16,14,12,15.999],"texture":"#0"},"up":{"uv":[2,0,0,2],"texture":"#0"},"down":{"uv":[16,12,12,16],"texture":"#0"}}},{"from":[18.8,6.08,22.4],"to":[20.72,9.92,26.24],"rotation":{"angle":0,"axis":"y","origin":[19.76,8,24.32]},"faces":{"east":{"uv":[14,2,2,14],"texture":"#1"},"west":{"uv":[14,2,2,14],"texture":"#1"}}},{"from":[20.72,7.29,23.61],"to":[21.2,8.71,25.03],"rotation":{"angle":0,"axis":"x","origin":[19.76,8,24.32]},"faces":{"north":{"uv":[6.999,4.999,4.999,10.999],"texture":"#4"},"east":{"uv":[10.999,4.999,4.999,10.999],"texture":"#4"},"south":{"uv":[6.999,4.999,4.999,10.999],"texture":"#4"},"west":{"uv":[10.999,4.999,4.999,10.999],"texture":"#4"},"up":{"uv":[4.999,6.999,10.999,4.999],"rotation":90,"texture":"#4"},"down":{"uv":[6.999,4.999,4.999,10.999],"texture":"#4"}}},{"from":[18.32,4.16,-4.48],"to":[21.2,9.92,-3.52],"rotation":{"angle":0,"axis":"x","origin":[19.96001,7.04,-0.64]},"faces":{"north":{"uv":[8.999,4,4.999,12],"texture":"#0"},"east":{"uv":[10.998,8,8.998,16],"texture":"#0"},"south":{"uv":[10.998,8,8.998,16],"texture":"#0"},"west":{"uv":[10.998,8,8.998,16],"texture":"#0"},"up":{"uv":[5,8,1,10],"texture":"#0"},"down":{"uv":[12.999,8.999,8.999,10.998],"texture":"#0"}}},{"from":[18.32,3.2,-3.52],"to":[21.2,4.16,2.24],"rotation":{"angle":0,"axis":"x","origin":[19.96001,7.04,-0.64]},"faces":{"north":{"uv":[5,8,1,10],"rotation":180,"texture":"#0"},"east":{"uv":[8.998,16,10.998,8],"rotation":270,"texture":"#0"},"south":{"uv":[12.999,8.999,8.999,10.998],"texture":"#0"},"west":{"uv":[8.998,16,10.998,8],"rotation":90,"texture":"#0"},"up":{"uv":[10.998,8,8.998,16],"texture":"#0"},"down":{"uv":[8.999,4,4.999,12],"rotation":180,"texture":"#0"}}},{"from":[18.32,4.16,2.24],"to":[21.2,9.92,3.2],"rotation":{"angle":0,"axis":"x","origin":[19.96001,7.04,-0.64]},"faces":{"north":{"uv":[8.999,4,4.999,12],"texture":"#0"},"east":{"uv":[10.998,8,8.998,16],"texture":"#0"},"south":{"uv":[10.998,8,8.998,16],"texture":"#0"},"west":{"uv":[10.998,8,8.998,16],"texture":"#0"},"up":{"uv":[5,8,1,10],"texture":"#0"},"down":{"uv":[12.999,8.999,8.999,10.998],"texture":"#0"}}},{"from":[18.32,9.92,-3.52],"to":[21.2,10.88,2.24],"rotation":{"angle":0,"axis":"x","origin":[19.96001,7.04,-0.64]},"faces":{"north":{"uv":[5,8,1,10],"rotation":180,"texture":"#0"},"east":{"uv":[8.998,16,10.998,8],"rotation":270,"texture":"#0"},"south":{"uv":[12.999,8.999,8.999,10.998],"texture":"#0"},"west":{"uv":[8.998,16,10.998,8],"rotation":90,"texture":"#0"},"up":{"uv":[10.998,8,8.998,16],"texture":"#0"},"down":{"uv":[8.999,4,4.999,12],"rotation":180,"texture":"#0"}}},{"from":[18.8,4.16,-3.52],"to":[20.72,9.92,2.24],"rotation":{"angle":0,"axis":"y","origin":[19.96001,7.04,-0.64]},"faces":{"east":{"uv":[14,2,2,14],"texture":"#1"},"west":{"uv":[14,2,2,14],"texture":"#1"}}},{"from":[20.72,6.08,-1.6],"to":[21.2,8,0.32],"rotation":{"angle":0,"axis":"x","origin":[19.96001,7.04,-0.64]},"faces":{"north":{"uv":[6.999,4.999,4.999,10.999],"texture":"#4"},"east":{"uv":[10.999,4.999,4.999,10.999],"texture":"#4"},"south":{"uv":[6.999,4.999,4.999,10.999],"texture":"#4"},"west":{"uv":[10.999,4.999,4.999,10.999],"texture":"#4"},"up":{"uv":[4.999,6.999,10.999,4.999],"rotation":90,"texture":"#4"},"down":{"uv":[6.999,4.999,4.999,10.999],"texture":"#4"}}},{"from":[18.32,4.16,12.8],"to":[21.2,9.92,13.76],"rotation":{"angle":0,"axis":"x","origin":[19.96001,7.04,16.64]},"faces":{"north":{"uv":[8.999,4,4.999,12],"texture":"#0"},"east":{"uv":[10.998,8,8.998,16],"texture":"#0"},"south":{"uv":[10.998,8,8.998,16],"texture":"#0"},"west":{"uv":[10.998,8,8.998,16],"texture":"#0"},"up":{"uv":[5,8,1,10],"texture":"#0"},"down":{"uv":[12.999,8.999,8.999,10.998],"texture":"#0"}}},{"from":[18.32,3.2,13.76],"to":[21.2,4.16,19.52],"rotation":{"angle":0,"axis":"x","origin":[19.96001,7.04,16.64]},"faces":{"north":{"uv":[5,8,1,10],"rotation":180,"texture":"#0"},"east":{"uv":[8.998,16,10.998,8],"rotation":270,"texture":"#0"},"south":{"uv":[12.999,8.999,8.999,10.998],"texture":"#0"},"west":{"uv":[8.998,16,10.998,8],"rotation":90,"texture":"#0"},"up":{"uv":[10.998,8,8.998,16],"texture":"#0"},"down":{"uv":[8.999,4,4.999,12],"rotation":180,"texture":"#0"}}},{"from":[18.32,4.16,19.52],"to":[21.2,9.92,20.48],"rotation":{"angle":0,"axis":"x","origin":[19.96001,7.04,16.64]},"faces":{"north":{"uv":[8.999,4,4.999,12],"texture":"#0"},"east":{"uv":[10.998,8,8.998,16],"texture":"#0"},"south":{"uv":[10.998,8,8.998,16],"texture":"#0"},"west":{"uv":[10.998,8,8.998,16],"texture":"#0"},"up":{"uv":[5,8,1,10],"texture":"#0"},"down":{"uv":[12.999,8.999,8.999,10.998],"texture":"#0"}}},{"from":[18.32,9.92,13.76],"to":[21.2,10.88,19.52],"rotation":{"angle":0,"axis":"x","origin":[19.96001,7.04,16.64]},"faces":{"north":{"uv":[5,8,1,10],"rotation":180,"texture":"#0"},"east":{"uv":[8.998,16,10.998,8],"rotation":270,"texture":"#0"},"south":{"uv":[12.999,8.999,8.999,10.998],"texture":"#0"},"west":{"uv":[8.998,16,10.998,8],"rotation":90,"texture":"#0"},"up":{"uv":[10.998,8,8.998,16],"texture":"#0"},"down":{"uv":[8.999,4,4.999,12],"rotation":180,"texture":"#0"}}},{"from":[18.8,4.16,13.76],"to":[20.72,9.92,19.52],"rotation":{"angle":0,"axis":"y","origin":[19.96001,7.04,16.64]},"faces":{"east":{"uv":[14,2,2,14],"texture":"#1"},"west":{"uv":[14,2,2,14],"texture":"#1"}}},{"from":[20.72,6.08,15.68],"to":[21.2,8,17.6],"rotation":{"angle":0,"axis":"x","origin":[19.96001,7.04,16.64]},"faces":{"north":{"uv":[6.999,4.999,4.999,10.999],"texture":"#4"},"east":{"uv":[10.999,4.999,4.999,10.999],"texture":"#4"},"south":{"uv":[6.999,4.999,4.999,10.999],"texture":"#4"},"west":{"uv":[10.999,4.999,4.999,10.999],"texture":"#4"},"up":{"uv":[4.999,6.999,10.999,4.999],"rotation":90,"texture":"#4"},"down":{"uv":[6.999,4.999,4.999,10.999],"texture":"#4"}}},{"from":[18.32,4.16,4.16],"to":[21.2,9.92,5.12],"rotation":{"angle":0,"axis":"x","origin":[19.96001,7.04,8]},"faces":{"north":{"uv":[8.999,4,4.999,12],"texture":"#0"},"east":{"uv":[10.998,8,8.998,16],"texture":"#0"},"south":{"uv":[10.998,8,8.998,16],"texture":"#0"},"west":{"uv":[10.998,8,8.998,16],"texture":"#0"},"up":{"uv":[5,8,1,10],"texture":"#0"},"down":{"uv":[12.999,8.999,8.999,10.998],"texture":"#0"}}},{"from":[18.32,3.2,5.12],"to":[21.2,4.16,10.88],"rotation":{"angle":0,"axis":"x","origin":[19.96001,7.04,8]},"faces":{"north":{"uv":[5,8,1,10],"rotation":180,"texture":"#0"},"east":{"uv":[8.998,16,10.998,8],"rotation":270,"texture":"#0"},"south":{"uv":[12.999,8.999,8.999,10.998],"texture":"#0"},"west":{"uv":[8.998,16,10.998,8],"rotation":90,"texture":"#0"},"up":{"uv":[10.998,8,8.998,16],"texture":"#0"},"down":{"uv":[8.999,4,4.999,12],"rotation":180,"texture":"#0"}}},{"from":[18.32,4.16,10.88],"to":[21.2,9.92,11.84],"rotation":{"angle":0,"axis":"x","origin":[19.96001,7.04,8]},"faces":{"north":{"uv":[8.999,4,4.999,12],"texture":"#0"},"east":{"uv":[10.998,8,8.998,16],"texture":"#0"},"south":{"uv":[10.998,8,8.998,16],"texture":"#0"},"west":{"uv":[10.998,8,8.998,16],"texture":"#0"},"up":{"uv":[5,8,1,10],"texture":"#0"},"down":{"uv":[12.999,8.999,8.999,10.998],"texture":"#0"}}},{"from":[18.32,9.92,5.12],"to":[21.2,10.88,10.88],"rotation":{"angle":0,"axis":"x","origin":[19.96001,7.04,8]},"faces":{"north":{"uv":[5,8,1,10],"rotation":180,"texture":"#0"},"east":{"uv":[8.998,16,10.998,8],"rotation":270,"texture":"#0"},"south":{"uv":[12.999,8.999,8.999,10.998],"texture":"#0"},"west":{"uv":[8.998,16,10.998,8],"rotation":90,"texture":"#0"},"up":{"uv":[10.998,8,8.998,16],"texture":"#0"},"down":{"uv":[8.999,4,4.999,12],"rotation":180,"texture":"#0"}}},{"from":[18.8,4.16,5.12],"to":[20.72,9.92,10.88],"rotation":{"angle":0,"axis":"y","origin":[19.96001,7.04,8]},"faces":{"east":{"uv":[14,2,2,14],"texture":"#1"},"west":{"uv":[14,2,2,14],"texture":"#1"}}},{"from":[20.72,6.08,7.04],"to":[21.2,8,8.96],"rotation":{"angle":0,"axis":"x","origin":[19.96001,7.04,8]},"faces":{"north":{"uv":[6.999,4.999,4.999,10.999],"texture":"#4"},"east":{"uv":[10.999,4.999,4.999,10.999],"texture":"#4"},"south":{"uv":[6.999,4.999,4.999,10.999],"texture":"#4"},"west":{"uv":[10.999,4.999,4.999,10.999],"texture":"#4"},"up":{"uv":[4.999,6.999,10.999,4.999],"rotation":90,"texture":"#4"},"down":{"uv":[6.999,4.999,4.999,10.999],"texture":"#4"}}},{"from":[18.32,6.08,-11.2],"to":[21.2,9.92,-10.24],"rotation":{"angle":0,"axis":"x","origin":[19.76,8,-8.32]},"faces":{"north":{"uv":[10,4.999,6,8.999],"rotation":180,"texture":"#0"},"east":{"uv":[8.998,10,12.998,8],"rotation":90,"texture":"#0"},"south":{"uv":[2,0,0,2],"texture":"#0"},"west":{"uv":[2,10,6,8],"rotation":270,"texture":"#0"},"up":{"uv":[14,6,10,7.999],"rotation":180,"texture":"#0"},"down":{"uv":[12,11,8,13],"texture":"#0"}}},{"from":[18.32,6.08,-6.4],"to":[21.2,9.92,-5.44],"rotation":{"angle":0,"axis":"x","origin":[19.76,8,-8.32]},"faces":{"north":{"uv":[2,0,0,2],"rotation":180,"texture":"#0"},"east":{"uv":[0,2,4,0],"rotation":270,"texture":"#0"},"south":{"uv":[14,12,10,16],"texture":"#0"},"west":{"uv":[1,12.999,4.999,11],"rotation":90,"texture":"#0"},"up":{"uv":[12,11,8,13],"texture":"#0"},"down":{"uv":[14,6,10,7.999],"rotation":180,"texture":"#0"}}},{"from":[18.32,9.92,-10.24],"to":[21.2,10.88,-6.4],"rotation":{"angle":0,"axis":"x","origin":[19.76,8,-8.32]},"faces":{"north":{"uv":[12,11,8,13],"rotation":180,"texture":"#0"},"east":{"uv":[6,10,2,11.999],"rotation":180,"texture":"#0"},"south":{"uv":[14,6,10,7.999],"rotation":180,"texture":"#0"},"west":{"uv":[8,8,4,10],"rotation":180,"texture":"#0"},"up":{"uv":[8.999,0,4.999,4],"texture":"#0"},"down":{"uv":[2,0,0,2],"texture":"#0"}}},{"from":[18.32,5.12,-10.24],"to":[21.2,6.08,-6.4],"rotation":{"angle":0,"axis":"x","origin":[19.76,8,-8.32]},"faces":{"north":{"uv":[14,6,10,7.999],"texture":"#0"},"east":{"uv":[16,7,12,8.999],"texture":"#0"},"south":{"uv":[12,11,8,13],"texture":"#0"},"west":{"uv":[16,14,12,15.999],"texture":"#0"},"up":{"uv":[2,0,0,2],"texture":"#0"},"down":{"uv":[16,12,12,16],"texture":"#0"}}},{"from":[18.8,6.08,-10.24],"to":[20.72,9.92,-6.4],"rotation":{"angle":0,"axis":"y","origin":[19.76,8,-8.32]},"faces":{"east":{"uv":[14,2,2,14],"texture":"#1"},"west":{"uv":[14,2,2,14],"texture":"#1"}}},{"from":[20.72,7.29,-9.03],"to":[21.2,8.71,-7.61],"rotation":{"angle":0,"axis":"x","origin":[19.76,8,-8.32]},"faces":{"north":{"uv":[6.999,4.999,4.999,10.999],"texture":"#4"},"east":{"uv":[10.999,4.999,4.999,10.999],"texture":"#4"},"south":{"uv":[6.999,4.999,4.999,10.999],"texture":"#4"},"west":{"uv":[10.999,4.999,4.999,10.999],"texture":"#4"},"up":{"uv":[4.999,6.999,10.999,4.999],"rotation":90,"texture":"#4"},"down":{"uv":[6.999,4.999,4.999,10.999],"texture":"#4"}}},{"name":"octagon","from":[-5.67808,6.5287,-11.872],"to":[-1.83808,9.4713,-11.1616],"rotation":{"angle":45,"axis":"x","origin":[-4,8,-8.32]},"faces":{"north":{"uv":[0,0,2,2],"rotation":270,"texture":"#3"},"east":{"uv":[0,0,2,1],"rotation":270,"texture":"#3"},"south":{"uv":[0,0,2,2],"rotation":270,"texture":"#3"},"west":{"uv":[0,0,2,1],"rotation":270,"texture":"#3"},"up":{"uv":[0,0,2,2],"rotation":270,"texture":"#3"},"down":{"uv":[0,0,2,2],"rotation":270,"texture":"#3"}}},{"name":"octagon","from":[-5.68,6.5287,27.1616],"to":[-1.84,9.4713,27.872],"rotation":{"angle":0,"axis":"x","origin":[-3.76,8,24.32]},"faces":{"north":{"uv":[0,0,2,2],"rotation":90,"texture":"#3"},"east":{"uv":[0,0,2,1],"rotation":90,"texture":"#3"},"south":{"uv":[0,0,2,2],"rotation":90,"texture":"#3"},"west":{"uv":[0,0,2,1],"rotation":90,"texture":"#3"},"up":{"uv":[0,0,2,2],"rotation":90,"texture":"#3"},"down":{"uv":[0,0,2,2],"rotation":90,"texture":"#3"}}},{"name":"octagon","from":[-5.68,6.5287,-11.872],"to":[-1.84,9.4713,-11.1616],"rotation":{"angle":0,"axis":"x","origin":[-3.76,8,-8.32]},"faces":{"north":{"uv":[0,2,2,0],"rotation":270,"texture":"#3"},"east":{"uv":[0,1,2,0],"rotation":270,"texture":"#3"},"south":{"uv":[0,2,2,0],"rotation":270,"texture":"#3"},"west":{"uv":[0,1,2,0],"rotation":270,"texture":"#3"},"up":{"uv":[2,0,0,2],"rotation":90,"texture":"#3"},"down":{"uv":[2,0,0,2],"rotation":90,"texture":"#3"}}},{"name":"octagon","from":[-5.67808,4.448,20.1369],"to":[-1.83808,5.1584,25.7913],"rotation":{"angle":-45,"axis":"x","origin":[-4,8,24.32]},"faces":{"north":{"uv":[0,0,3,2],"rotation":90,"texture":"#3"},"east":{"uv":[0,0,3,1],"texture":"#3"},"south":{"uv":[0,0,3,2],"rotation":90,"texture":"#3"},"west":{"uv":[0,0,3,1],"rotation":180,"texture":"#3"},"up":{"uv":[0,0,3,2],"rotation":270,"texture":"#3"},"down":{"uv":[0,0,3,2],"rotation":90,"texture":"#3"}}},{"name":"octagon","from":[-5.67808,4.448,-9.7913],"to":[-1.83808,5.1584,-4.1369],"rotation":{"angle":45,"axis":"x","origin":[-4,8,-8.32]},"faces":{"north":{"uv":[0,2,3,0],"rotation":90,"texture":"#3"},"east":{"uv":[3,0,0,1],"rotation":180,"texture":"#3"},"south":{"uv":[0,2,3,0],"rotation":90,"texture":"#3"},"west":{"uv":[3,0,0,1],"texture":"#3"},"up":{"uv":[3,0,0,2],"rotation":90,"texture":"#3"},"down":{"uv":[3,0,0,2],"rotation":270,"texture":"#3"}}},{"name":"octagon","from":[-5.68,2.528,-7.8713],"to":[-1.84,3.2384,23.8713],"rotation":{"angle":0,"axis":"x","origin":[-3.76,6.08,-6.4]},"faces":{"north":{"uv":[0,0,16,2],"rotation":90,"texture":"#3"},"east":{"uv":[0,0,16,1],"texture":"#3"},"south":{"uv":[0,0,16,2],"rotation":90,"texture":"#3"},"west":{"uv":[0,0,16,1],"rotation":180,"texture":"#3"},"up":{"uv":[0,0,16,2],"rotation":270,"texture":"#3"},"down":{"uv":[0,0,16,2],"rotation":90,"texture":"#3"}}},{"name":"octagon","from":[-5.67808,10.8416,22.8487],"to":[-1.83808,11.552,25.7913],"rotation":{"angle":45,"axis":"x","origin":[-4,8,24.32]},"faces":{"north":{"uv":[0,0,2,2],"rotation":90,"texture":"#3"},"east":{"uv":[7,0,8.999,1],"rotation":180,"texture":"#3"},"south":{"uv":[0,0,2,2],"rotation":90,"texture":"#3"},"west":{"uv":[0,0,2,1],"texture":"#3"},"up":{"uv":[0,0,2,2],"rotation":90,"texture":"#3"},"down":{"uv":[0,0,2,2],"rotation":90,"texture":"#3"}}},{"name":"octagon","from":[-5.68,10.8416,-9.7913],"to":[-1.84,11.552,25.7913],"rotation":{"angle":0,"axis":"x","origin":[-3.76,8,-8.32]},"faces":{"north":{"uv":[0,0,0,0],"rotation":90,"texture":"#3"},"east":{"uv":[0,0,16,1],"rotation":180,"texture":"#3"},"south":{"uv":[0,0,0,0],"rotation":90,"texture":"#3"},"west":{"uv":[0,0,16,1],"texture":"#3"},"up":{"uv":[0,0,16,2],"rotation":90,"texture":"#3"},"down":{"uv":[0,0,16,2],"rotation":90,"texture":"#3"}}},{"from":[-5.2,6.08,21.44],"to":[-2.32,9.92,22.4],"rotation":{"angle":0,"axis":"x","origin":[-3.76,8,24.32]},"faces":{"north":{"uv":[6,4.999,10,8.999],"rotation":180,"texture":"#0"},"east":{"uv":[2,8,6,10],"rotation":270,"texture":"#0"},"south":{"uv":[0,0,2,2],"texture":"#0"},"west":{"uv":[8.998,8,12.998,10],"rotation":90,"texture":"#0"},"up":{"uv":[10,6,14,7.999],"rotation":180,"texture":"#0"},"down":{"uv":[8,11,12,13],"texture":"#0"}}},{"from":[-5.2,6.08,26.24],"to":[-2.32,9.92,27.2],"rotation":{"angle":0,"axis":"x","origin":[-3.76,8,24.32]},"faces":{"north":{"uv":[0,0,2,2],"rotation":180,"texture":"#0"},"east":{"uv":[1,11,4.999,12.999],"rotation":90,"texture":"#0"},"south":{"uv":[10,12,14,16],"texture":"#0"},"west":{"uv":[0,0,4,2],"rotation":270,"texture":"#0"},"up":{"uv":[8,11,12,13],"texture":"#0"},"down":{"uv":[10,6,14,7.999],"rotation":180,"texture":"#0"}}},{"from":[-5.2,9.92,22.4],"to":[-2.32,10.88,26.24],"rotation":{"angle":0,"axis":"x","origin":[-3.76,8,24.32]},"faces":{"north":{"uv":[8,11,12,13],"rotation":180,"texture":"#0"},"east":{"uv":[4,8,8,10],"rotation":180,"texture":"#0"},"south":{"uv":[10,6,14,7.999],"rotation":180,"texture":"#0"},"west":{"uv":[2,10,6,11.999],"rotation":180,"texture":"#0"},"up":{"uv":[4.999,0,8.999,4],"texture":"#0"},"down":{"uv":[0,0,2,2],"texture":"#0"}}},{"from":[-5.2,5.12,22.4],"to":[-2.32,6.08,26.24],"rotation":{"angle":0,"axis":"x","origin":[-3.76,8,24.32]},"faces":{"north":{"uv":[10,6,14,7.999],"texture":"#0"},"east":{"uv":[12,14,16,15.999],"texture":"#0"},"south":{"uv":[8,11,12,13],"texture":"#0"},"west":{"uv":[12,7,16,8.999],"texture":"#0"},"up":{"uv":[0,0,2,2],"texture":"#0"},"down":{"uv":[12,12,16,16],"texture":"#0"}}},{"from":[-4.72,6.08,22.4],"to":[-2.8,9.92,26.24],"rotation":{"angle":0,"axis":"y","origin":[-3.76,8,24.32]},"faces":{"east":{"uv":[2,2,14,14],"texture":"#1"},"west":{"uv":[2,2,14,14],"texture":"#1"}}},{"from":[-5.2,7.29,23.61],"to":[-4.72,8.71,25.03],"rotation":{"angle":0,"axis":"x","origin":[-3.76,8,24.32]},"faces":{"north":{"uv":[4.999,4.999,6.999,10.999],"texture":"#4"},"east":{"uv":[4.999,4.999,10.999,10.999],"texture":"#4"},"south":{"uv":[4.999,4.999,6.999,10.999],"texture":"#4"},"west":{"uv":[4.999,4.999,10.999,10.999],"texture":"#4"},"up":{"uv":[4.999,4.999,10.999,6.999],"rotation":90,"texture":"#4"},"down":{"uv":[4.999,4.999,6.999,10.999],"texture":"#4"}}},{"from":[-5.2,4.16,-4.48],"to":[-2.32,9.92,-3.52],"rotation":{"angle":0,"axis":"x","origin":[-3.96001,7.04,-0.64]},"faces":{"north":{"uv":[4.999,4,8.999,12],"texture":"#0"},"east":{"uv":[8.998,8,10.998,16],"texture":"#0"},"south":{"uv":[8.998,8,10.998,16],"texture":"#0"},"west":{"uv":[8.998,8,10.998,16],"texture":"#0"},"up":{"uv":[1,8,5,10],"texture":"#0"},"down":{"uv":[8.999,8.999,12.999,10.998],"texture":"#0"}}},{"from":[-5.2,3.2,-3.52],"to":[-2.32,4.16,2.24],"rotation":{"angle":0,"axis":"x","origin":[-3.96001,7.04,-0.64]},"faces":{"north":{"uv":[1,8,5,10],"rotation":180,"texture":"#0"},"east":{"uv":[8.998,8,10.998,16],"rotation":90,"texture":"#0"},"south":{"uv":[8.999,8.999,12.999,10.998],"texture":"#0"},"west":{"uv":[8.998,8,10.998,16],"rotation":270,"texture":"#0"},"up":{"uv":[8.998,8,10.998,16],"texture":"#0"},"down":{"uv":[4.999,4,8.999,12],"rotation":180,"texture":"#0"}}},{"from":[-5.2,4.16,2.24],"to":[-2.32,9.92,3.2],"rotation":{"angle":0,"axis":"x","origin":[-3.96001,7.04,-0.64]},"faces":{"north":{"uv":[4.999,4,8.999,12],"texture":"#0"},"east":{"uv":[8.998,8,10.998,16],"texture":"#0"},"south":{"uv":[8.998,8,10.998,16],"texture":"#0"},"west":{"uv":[8.998,8,10.998,16],"texture":"#0"},"up":{"uv":[1,8,5,10],"texture":"#0"},"down":{"uv":[8.999,8.999,12.999,10.998],"texture":"#0"}}},{"from":[-5.2,9.92,-3.52],"to":[-2.32,10.88,2.24],"rotation":{"angle":0,"axis":"x","origin":[-3.96001,7.04,-0.64]},"faces":{"north":{"uv":[1,8,5,10],"rotation":180,"texture":"#0"},"east":{"uv":[8.998,8,10.998,16],"rotation":90,"texture":"#0"},"south":{"uv":[8.999,8.999,12.999,10.998],"texture":"#0"},"west":{"uv":[8.998,8,10.998,16],"rotation":270,"texture":"#0"},"up":{"uv":[8.998,8,10.998,16],"texture":"#0"},"down":{"uv":[4.999,4,8.999,12],"rotation":180,"texture":"#0"}}},{"from":[-4.72,4.16,-3.52],"to":[-2.8,9.92,2.24],"rotation":{"angle":0,"axis":"y","origin":[-3.96001,7.04,-0.64]},"faces":{"east":{"uv":[2,2,14,14],"texture":"#1"},"west":{"uv":[2,2,14,14],"texture":"#1"}}},{"from":[-5.2,6.08,-1.6],"to":[-4.72,8,0.32],"rotation":{"angle":0,"axis":"x","origin":[-3.96001,7.04,-0.64]},"faces":{"north":{"uv":[4.999,4.999,6.999,10.999],"texture":"#4"},"east":{"uv":[4.999,4.999,10.999,10.999],"texture":"#4"},"south":{"uv":[4.999,4.999,6.999,10.999],"texture":"#4"},"west":{"uv":[4.999,4.999,10.999,10.999],"texture":"#4"},"up":{"uv":[4.999,4.999,10.999,6.999],"rotation":90,"texture":"#4"},"down":{"uv":[4.999,4.999,6.999,10.999],"texture":"#4"}}},{"from":[-5.2,4.16,12.8],"to":[-2.32,9.92,13.76],"rotation":{"angle":0,"axis":"x","origin":[-3.96001,7.04,16.64]},"faces":{"north":{"uv":[4.999,4,8.999,12],"texture":"#0"},"east":{"uv":[8.998,8,10.998,16],"texture":"#0"},"south":{"uv":[8.998,8,10.998,16],"texture":"#0"},"west":{"uv":[8.998,8,10.998,16],"texture":"#0"},"up":{"uv":[1,8,5,10],"texture":"#0"},"down":{"uv":[8.999,8.999,12.999,10.998],"texture":"#0"}}},{"from":[-5.2,3.2,13.76],"to":[-2.32,4.16,19.52],"rotation":{"angle":0,"axis":"x","origin":[-3.96001,7.04,16.64]},"faces":{"north":{"uv":[1,8,5,10],"rotation":180,"texture":"#0"},"east":{"uv":[8.998,8,10.998,16],"rotation":90,"texture":"#0"},"south":{"uv":[8.999,8.999,12.999,10.998],"texture":"#0"},"west":{"uv":[8.998,8,10.998,16],"rotation":270,"texture":"#0"},"up":{"uv":[8.998,8,10.998,16],"texture":"#0"},"down":{"uv":[4.999,4,8.999,12],"rotation":180,"texture":"#0"}}},{"from":[-5.2,4.16,19.52],"to":[-2.32,9.92,20.48],"rotation":{"angle":0,"axis":"x","origin":[-3.96001,7.04,16.64]},"faces":{"north":{"uv":[4.999,4,8.999,12],"texture":"#0"},"east":{"uv":[8.998,8,10.998,16],"texture":"#0"},"south":{"uv":[8.998,8,10.998,16],"texture":"#0"},"west":{"uv":[8.998,8,10.998,16],"texture":"#0"},"up":{"uv":[1,8,5,10],"texture":"#0"},"down":{"uv":[8.999,8.999,12.999,10.998],"texture":"#0"}}},{"from":[-5.2,9.92,13.76],"to":[-2.32,10.88,19.52],"rotation":{"angle":0,"axis":"x","origin":[-3.96001,7.04,16.64]},"faces":{"north":{"uv":[1,8,5,10],"rotation":180,"texture":"#0"},"east":{"uv":[8.998,8,10.998,16],"rotation":90,"texture":"#0"},"south":{"uv":[8.999,8.999,12.999,10.998],"texture":"#0"},"west":{"uv":[8.998,8,10.998,16],"rotation":270,"texture":"#0"},"up":{"uv":[8.998,8,10.998,16],"texture":"#0"},"down":{"uv":[4.999,4,8.999,12],"rotation":180,"texture":"#0"}}},{"from":[-4.72,4.16,13.76],"to":[-2.8,9.92,19.52],"rotation":{"angle":0,"axis":"y","origin":[-3.96001,7.04,16.64]},"faces":{"east":{"uv":[2,2,14,14],"texture":"#1"},"west":{"uv":[2,2,14,14],"texture":"#1"}}},{"from":[-5.2,6.08,15.68],"to":[-4.72,8,17.6],"rotation":{"angle":0,"axis":"x","origin":[-3.96001,7.04,16.64]},"faces":{"north":{"uv":[4.999,4.999,6.999,10.999],"texture":"#4"},"east":{"uv":[4.999,4.999,10.999,10.999],"texture":"#4"},"south":{"uv":[4.999,4.999,6.999,10.999],"texture":"#4"},"west":{"uv":[4.999,4.999,10.999,10.999],"texture":"#4"},"up":{"uv":[4.999,4.999,10.999,6.999],"rotation":90,"texture":"#4"},"down":{"uv":[4.999,4.999,6.999,10.999],"texture":"#4"}}},{"from":[-5.2,4.16,4.16],"to":[-2.32,9.92,5.12],"rotation":{"angle":0,"axis":"x","origin":[-3.96001,7.04,8]},"faces":{"north":{"uv":[4.999,4,8.999,12],"texture":"#0"},"east":{"uv":[8.998,8,10.998,16],"texture":"#0"},"south":{"uv":[8.998,8,10.998,16],"texture":"#0"},"west":{"uv":[8.998,8,10.998,16],"texture":"#0"},"up":{"uv":[1,8,5,10],"texture":"#0"},"down":{"uv":[8.999,8.999,12.999,10.998],"texture":"#0"}}},{"from":[-5.2,3.2,5.12],"to":[-2.32,4.16,10.88],"rotation":{"angle":0,"axis":"x","origin":[-3.96001,7.04,8]},"faces":{"north":{"uv":[1,8,5,10],"rotation":180,"texture":"#0"},"east":{"uv":[8.998,8,10.998,16],"rotation":90,"texture":"#0"},"south":{"uv":[8.999,8.999,12.999,10.998],"texture":"#0"},"west":{"uv":[8.998,8,10.998,16],"rotation":270,"texture":"#0"},"up":{"uv":[8.998,8,10.998,16],"texture":"#0"},"down":{"uv":[4.999,4,8.999,12],"rotation":180,"texture":"#0"}}},{"from":[-5.2,4.16,10.88],"to":[-2.32,9.92,11.84],"rotation":{"angle":0,"axis":"x","origin":[-3.96001,7.04,8]},"faces":{"north":{"uv":[4.999,4,8.999,12],"texture":"#0"},"east":{"uv":[8.998,8,10.998,16],"texture":"#0"},"south":{"uv":[8.998,8,10.998,16],"texture":"#0"},"west":{"uv":[8.998,8,10.998,16],"texture":"#0"},"up":{"uv":[1,8,5,10],"texture":"#0"},"down":{"uv":[8.999,8.999,12.999,10.998],"texture":"#0"}}},{"from":[-5.2,9.92,5.12],"to":[-2.32,10.88,10.88],"rotation":{"angle":0,"axis":"x","origin":[-3.96001,7.04,8]},"faces":{"north":{"uv":[1,8,5,10],"rotation":180,"texture":"#0"},"east":{"uv":[8.998,8,10.998,16],"rotation":90,"texture":"#0"},"south":{"uv":[8.999,8.999,12.999,10.998],"texture":"#0"},"west":{"uv":[8.998,8,10.998,16],"rotation":270,"texture":"#0"},"up":{"uv":[8.998,8,10.998,16],"texture":"#0"},"down":{"uv":[4.999,4,8.999,12],"rotation":180,"texture":"#0"}}},{"from":[-4.72,4.16,5.12],"to":[-2.8,9.92,10.88],"rotation":{"angle":0,"axis":"y","origin":[-3.96001,7.04,8]},"faces":{"east":{"uv":[2,2,14,14],"texture":"#1"},"west":{"uv":[2,2,14,14],"texture":"#1"}}},{"from":[-5.2,6.08,7.04],"to":[-4.72,8,8.96],"rotation":{"angle":0,"axis":"x","origin":[-3.96001,7.04,8]},"faces":{"north":{"uv":[4.999,4.999,6.999,10.999],"texture":"#4"},"east":{"uv":[4.999,4.999,10.999,10.999],"texture":"#4"},"south":{"uv":[4.999,4.999,6.999,10.999],"texture":"#4"},"west":{"uv":[4.999,4.999,10.999,10.999],"texture":"#4"},"up":{"uv":[4.999,4.999,10.999,6.999],"rotation":90,"texture":"#4"},"down":{"uv":[4.999,4.999,6.999,10.999],"texture":"#4"}}},{"from":[-5.2,6.08,-11.2],"to":[-2.32,9.92,-10.24],"rotation":{"angle":0,"axis":"x","origin":[-3.76,8,-8.32]},"faces":{"north":{"uv":[6,4.999,10,8.999],"rotation":180,"texture":"#0"},"east":{"uv":[2,8,6,10],"rotation":270,"texture":"#0"},"south":{"uv":[0,0,2,2],"texture":"#0"},"west":{"uv":[8.998,8,12.998,10],"rotation":90,"texture":"#0"},"up":{"uv":[10,6,14,7.999],"rotation":180,"texture":"#0"},"down":{"uv":[8,11,12,13],"texture":"#0"}}},{"from":[-5.2,6.08,-6.4],"to":[-2.32,9.92,-5.44],"rotation":{"angle":0,"axis":"x","origin":[-3.76,8,-8.32]},"faces":{"north":{"uv":[0,0,2,2],"rotation":180,"texture":"#0"},"east":{"uv":[1,11,4.999,12.999],"rotation":90,"texture":"#0"},"south":{"uv":[10,12,14,16],"texture":"#0"},"west":{"uv":[0,0,4,2],"rotation":270,"texture":"#0"},"up":{"uv":[8,11,12,13],"texture":"#0"},"down":{"uv":[10,6,14,7.999],"rotation":180,"texture":"#0"}}},{"from":[-5.2,9.92,-10.24],"to":[-2.32,10.88,-6.4],"rotation":{"angle":0,"axis":"x","origin":[-3.76,8,-8.32]},"faces":{"north":{"uv":[8,11,12,13],"rotation":180,"texture":"#0"},"east":{"uv":[4,8,8,10],"rotation":180,"texture":"#0"},"south":{"uv":[10,6,14,7.999],"rotation":180,"texture":"#0"},"west":{"uv":[2,10,6,11.999],"rotation":180,"texture":"#0"},"up":{"uv":[4.999,0,8.999,4],"texture":"#0"},"down":{"uv":[0,0,2,2],"texture":"#0"}}},{"from":[-5.2,5.12,-10.24],"to":[-2.32,6.08,-6.4],"rotation":{"angle":0,"axis":"x","origin":[-3.76,8,-8.32]},"faces":{"north":{"uv":[10,6,14,7.999],"texture":"#0"},"east":{"uv":[12,14,16,15.999],"texture":"#0"},"south":{"uv":[8,11,12,13],"texture":"#0"},"west":{"uv":[12,7,16,8.999],"texture":"#0"},"up":{"uv":[0,0,2,2],"texture":"#0"},"down":{"uv":[12,12,16,16],"texture":"#0"}}},{"from":[-4.72,6.08,-10.24],"to":[-2.8,9.92,-6.4],"rotation":{"angle":0,"axis":"y","origin":[-3.76,8,-8.32]},"faces":{"east":{"uv":[2,2,14,14],"texture":"#1"},"west":{"uv":[2,2,14,14],"texture":"#1"}}},{"from":[-5.2,7.29,-9.03],"to":[-4.72,8.71,-7.61],"rotation":{"angle":0,"axis":"x","origin":[-3.76,8,-8.32]},"faces":{"north":{"uv":[4.999,4.999,6.999,10.999],"texture":"#4"},"east":{"uv":[4.999,4.999,10.999,10.999],"texture":"#4"},"south":{"uv":[4.999,4.999,6.999,10.999],"texture":"#4"},"west":{"uv":[4.999,4.999,10.999,10.999],"texture":"#4"},"up":{"uv":[4.999,4.999,10.999,6.999],"rotation":90,"texture":"#4"},"down":{"uv":[4.999,4.999,6.999,10.999],"texture":"#4"}}}],"display":{"thirdperson_righthand":{"scale":[0.3,0.3,0.3]},"thirdperson_lefthand":{"scale":[0.3,0.3,0.3]},"gui":{"rotation":[21,-40,0],"translation":[0,-1,-0.57],"scale":[0.3,0.3,0.3]},"head":{"rotation":[0,180,0],"translation":[0,-28.25,8],"scale":[2,2,2]}},"groups":[{"name":"group","origin":[8,8,8],"children":[0,{"name":"group","origin":[8,8,8],"children":[{"name":"group","origin":[14.125,8,-0.5],"children":[1,2,3,4,{"name":"group","origin":[-1.29274,9.61743,27.0549],"children":[5,6,7,8,9,10,11]},{"name":"group","origin":[-1.29274,9.61743,27.0549],"children":[12,13,14,15,16,17,18]}]},{"name":"group","origin":[14.125,8,-0.5],"children":[19,20,21,22,{"name":"group","origin":[-1.29274,9.61743,27.0549],"children":[23,24,25,26,27,28,29]},{"name":"group","origin":[-1.29274,9.61743,27.0549],"children":[30,31,32,33,34,35,36]}]}]},{"name":"octagon","origin":[8,8,8],"children":[37,38,39,40,41,42,43,44,45,46]},{"name":"group","origin":[8,8,8],"children":[{"name":"group","origin":[8,8,8],"children":[{"name":"octagon","origin":[8,8,8],"children":[47,48,49,50,51,52,53,54]},{"name":"group","origin":[8,8,8],"children":[{"name":"group","origin":[8,8,8],"children":[55,56,57,58,59,60]},{"name":"group","origin":[8,8,8],"children":[61,62,63,64,65,66]},{"name":"group","origin":[8,8,8],"children":[67,68,69,70,71,72]},{"name":"group","origin":[8,8,8],"children":[73,74,75,76,77,78]},{"name":"group","origin":[8,8,8],"children":[79,80,81,82,83,84]}]}]},{"name":"group","origin":[8,8,8],"children":[{"name":"octagon","origin":[8,8,8],"children":[85,86,87,88,89,90,91,92]},{"name":"group","origin":[8,8,8],"children":[{"name":"group","origin":[8,8,8],"children":[93,94,95,96,97,98]},{"name":"group","origin":[8,8,8],"children":[99,100,101,102,103,104]},{"name":"group","origin":[8,8,8],"children":[105,106,107,108,109,110]},{"name":"group","origin":[8,8,8],"children":[111,112,113,114,115,116]},{"name":"group","origin":[8,8,8],"children":[117,118,119,120,121,122]}]}]}]}]}],"credit":"Model by Craftventure"}